Train_No,Journey_Duration_Min,Journey_Duration_Hrs,Total_Distance_km,Num_Stops,Source_Station,Source_Code,Destination_Station,Destination_Code,Departure_Time_Source,Arrival_Time_Dest,Avg_Speed_kmh
107,105.0,1.75,78,4,SAWANTWADI R,SWV,MADGOAN JN.,MAO,10:25,12:10,44.57
108,115.0,1.92,83,4,MADGOAN JN.,MAO,SAWANTWADI R,SWV,20:30,22:25,43.23
128,1325.0,22.08,978,22,MADGOAN JN.,MAO,CHHATRAPATI,KOP,19:40,17:45,44.29
401,750.0,12.5,1618,12,AURANGABAD,AWB,VARANASI JN.,BSB,21:30,10:00,129.44
421,540.0,9.0,1276,5,LUCKNOW JN.,LKO,SHRI MATA VA,SVDK,23:00,08:00,141.78
502,1380.0,23.0,1206,9,RAJENDRANAGA,RJPB,AMBALA CANTT,UMB,10:30,09:30,52.43
557,690.0,11.5,1301,2,URKURA,URK,PANJIPARA,PJP,23:30,11:00,113.13
1011,840.0,14.0,841,18,CST-MUMBAI,CSMT,NAGPUR JN.(C,NGP,00:20,14:20,60.07
1037,560.0,9.33,513,10,LOKMANYA TIL,LTT,SAWANTWADI R,SWV,01:10,10:30,54.98
1038,615.0,10.25,503,10,SAWANTWADI R,SWV,LOKMANYA TIL,LTT,14:05,00:20,49.07
1045,590.0,9.83,563,11,LOKMANYA TIL,LTT,KARMALI,KRMI,01:10,11:00,57.27
1122,720.0,12.0,569,14,KARMALI,KRMI,CST-MUMBAI,CSMT,22:30,10:30,47.42
1301,1060.0,17.67,976,17,PUNE JN.,PUNE,MANGALORE JN,MAJN,18:50,12:30,55.23
1302,1285.0,21.42,973,17,MANGALORE JN,MAJN,PUNE JN.,PUNE,15:45,13:10,45.42
1442,900.0,15.0,1581,13,DELHI-SAFDAR,DSJ,KHADKI,KK,11:15,02:15,105.4
1655,1170.0,19.5,1050,13,PUNE JN.,PUNE,JABALPUR,JBP,10:45,06:15,53.85
1656,1115.0,18.58,1050,13,JABALPUR,JBP,PUNE JN.,PUNE,19:30,14:05,56.51
1705,1285.0,21.42,1261,14,BANDRA TERMI,BDTS,JABALPUR,JBP,00:15,21:40,58.87
1706,1255.0,20.92,1262,14,JABALPUR,JBP,BANDRA TERMI,BDTS,14:20,11:15,60.33
2025,500.0,8.33,579,7,CST-MUMBAI,CSMT,KARMALI,KRMI,05:00,13:20,69.51
2026,510.0,8.5,569,7,KARMALI,KRMI,CST-MUMBAI,CSMT,14:30,23:00,66.94
2191,1190.0,19.83,1123,16,JABALPUR,JBP,SANTRAGACHI,SRC,20:10,16:00,56.63
2192,1150.0,19.17,1123,16,SANTRAGACHI,SRC,JABALPUR,JBP,20:40,15:50,58.58
2195,580.0,9.67,551,10,REWA,REWA,BHOPAL,BPL,13:20,23:00,56.98
2196,600.0,10.0,549,10,BHOPAL,BPL,REWA,REWA,23:45,09:45,54.9
2651,85.0,1.42,62,3,PALANI,PLNI,POLLACHI,POY,07:45,09:10,43.66
2652,85.0,1.42,62,3,POLLACHI,POY,PALANI,PLNI,16:45,18:10,43.66
2731,840.0,14.0,1854,29,HYDERABAD DE,HYB,JAIPUR JN.,JP,16:25,06:25,132.43
2732,685.0,11.42,1853,29,JAIPUR JN.,JP,HYDERABAD DE,HYB,14:35,02:00,162.26
2833,1095.0,18.25,2332,29,RAJKOT,RJT,SANTRAGACHI,SRC,22:20,16:35,127.78
2834,1000.0,16.67,2351,29,SANTRAGACHI,SRC,RAJKOT,RJT,21:05,13:45,141.03
2845,455.0,7.58,1770,17,PUNE JN.,PUNE,HATIA,HTE,10:45,18:20,233.51
3101,715.0,11.92,523,9,KOLKATA,KOAA,PURI,PURI,23:55,11:50,43.88
3102,700.0,11.67,522,9,PURI,PURI,KOLKATA,KOAA,22:45,10:25,44.73
3301,85.0,1.42,58,13,ASANSOL MAIN,ASN,DHANBAD JN.,DHN,10:10,11:35,40.85
3302,85.0,1.42,58,13,DHANBAD JN.,DHN,ASANSOL MAIN,ASN,11:45,13:10,40.85
3305,20.0,0.33,3,2,DHANBAD JN.,DHN,KUSUNDA,KDS,11:30,11:50,9.09
3306,20.0,0.33,3,2,KUSUNDA,KDS,DHANBAD JN.,DHN,12:05,12:25,9.09
3307,35.0,0.58,4,4,SONARDIH,SZE,PHULWARTANR,PLJE,14:40,15:15,6.9
3308,30.0,0.5,4,4,PHULWARTANR,PLJE,SONARDIH,SZE,13:15,13:45,8.0
3501,1180.0,19.67,1193,5,JASIDIH JN.,JSME,ANAND VIHAR,ANVT,18:30,14:10,60.65
3502,1300.0,21.67,1193,5,ANAND VIHAR,ANVT,JASIDIH JN.,JSME,19:50,17:30,55.05
4401,880.0,14.67,710,13,ANAND VIHAR,ANVT,SHRI MATA VA,SVDK,22:20,13:00,48.4
4402,855.0,14.25,710,13,SHRI MATA VA,SVDK,ANAND VIHAR,ANVT,23:50,14:05,49.82
4409,860.0,14.33,653,7,DELHI JN.,DLI,SHRI MATA VA,SVDK,21:10,11:30,45.57
4410,825.0,13.75,653,7,SHRI MATA VA,SVDK,DELHI JN.,DLI,13:30,03:15,47.49
4735,880.0,14.67,691,17,BIKANER JN.,BKN,HARIDWAR JN,HW,19:45,10:25,47.1
4736,815.0,13.58,691,17,HARIDWAR JN,HW,BIKANER JN.,BKN,19:50,09:25,50.88
4767,100.0,1.67,67,10,HANUMANGARH,HMH,SHRI GANGANA,SGNR,14:25,16:05,40.12
4768,110.0,1.83,67,10,SHRI GANGANA,SGNR,HANUMANGARH,HMH,11:10,13:00,36.61
4769,105.0,1.75,67,10,HANUMANGARH,HMH,SHRI GANGANA,SGNR,17:45,19:30,38.29
4770,95.0,1.58,67,10,SHRI GANGANA,SGNR,HANUMANGARH,HMH,15:30,17:05,42.41
4771,370.0,6.17,232,24,SADULPUR JN,SDLP,SHRI GANGANA,SGNR,02:35,08:45,37.6
4772,375.0,6.25,232,24,SHRI GANGANA,SGNR,SADULPUR JN,SDLP,18:45,01:00,37.12
4773,185.0,3.08,125,16,SHRI GANGANA,SGNR,SURATGARH JN,SOG,19:35,22:40,40.58
4774,155.0,2.58,125,10,SURATGARH JN,SOG,SHRI GANGANA,SGNR,01:20,03:55,48.45
4801,60.0,1.0,21,3,PARVATSAR CI,PBC,MAKRANA JN.,MKN,06:30,07:30,21.0
4802,60.0,1.0,21,3,MAKRANA JN.,MKN,PARVATSAR CI,PBC,19:20,20:20,21.0
4831,1275.0,21.25,882,22,JODHPUR JN.,JU,HARIDWAR JN,HW,13:30,10:45,41.51
4832,1140.0,19.0,881,22,HARIDWAR JN,HW,JODHPUR JN.,JU,16:45,11:45,46.37
4851,280.0,4.67,197,21,MERTA ROAD J,MTD,RATANAGARH J,RTGH,06:50,11:30,42.18
4852,305.0,5.08,197,21,RATANAGARH J,RTGH,MERTA ROAD J,MTD,16:55,22:00,38.78
4853,75.0,1.25,42,6,RATANAGARH J,RTGH,CHURU,CUR,11:55,13:10,33.6
4854,60.0,1.0,42,6,CHURU,CUR,RATANAGARH J,RTGH,15:45,16:45,42.0
4921,105.0,1.75,81,13,SAHARANPUR J,SRE,AMBALA CANTT,UMB,04:45,06:30,46.29
4922,115.0,1.92,81,13,AMBALA CANTT,UMB,SAHARANPUR J,SRE,20:45,22:40,42.19
4991,150.0,2.5,99,14,PATHANKOT JN,PTK,JAMMU TAWI,JAT,14:40,17:10,39.6
4992,140.0,2.33,99,14,JAMMU TAWI,JAT,PATHANKOT JN,PTK,09:50,12:10,42.49
5061,185.0,3.08,112,5,GORAKHPUR JN,GKP,BARHNI,BNY,06:45,09:50,36.36
5062,165.0,2.75,112,5,BARHNI,BNY,GORAKHPUR JN,GKP,17:20,20:05,40.73
5065,765.0,12.75,503,15,CHHAPRA JN.,CPR,LUCKNOW JN.,LJN,19:30,08:15,39.45
5066,720.0,12.0,505,15,LUCKNOW JN.,LJN,CHHAPRA JN.,CPR,20:25,08:25,42.08
5105,110.0,1.83,64,4,GORAKHPUR JN,GKP,BASTI,BST,11:45,13:35,34.97
5106,90.0,1.5,64,4,BASTI,BST,GORAKHPUR JN,GKP,14:10,15:40,42.67
5305,210.0,3.5,136,11,KANPUR ANWAR,CPA,FARRUKHABAD,FBD,14:55,18:25,38.86
5306,175.0,2.92,136,11,FARRUKHABAD,FBD,KANPUR ANWAR,CPA,11:35,14:30,46.58
5309,110.0,1.83,81,6,BAREILLY CIT,BC,LALKUA JN.,LKU,20:55,22:45,44.26
5310,115.0,1.92,81,6,LALKUA JN.,LKU,BAREILLY CIT,BC,17:30,19:25,42.19
5521,225.0,3.75,81,12,JAMALPUR JN.,JMP,SAHARSA JN.,SHC,20:40,00:25,21.6
5522,170.0,2.83,81,12,SAHARSA JN.,SHC,JAMALPUR JN.,JMP,05:10,08:00,28.62
5613,125.0,2.08,85,11,JHALAWAR CIT,JLWC,KOTA,KOTA,06:00,08:05,40.87
5614,135.0,2.25,85,9,KOTA,KOTA,JHALAWAR CIT,JLWC,19:10,21:25,37.78
5619,250.0,4.17,153,20,NORTH LAKHIM,NLP,MURKEONG SEL,MZS,13:20,17:30,36.69
5620,245.0,4.08,153,20,MURKEONG SEL,MZS,NORTH LAKHIM,NLP,08:45,12:50,37.5
5631,745.0,12.42,380,10,GUWAHATI,GHY,SILCHAR,SCL,17:30,05:55,30.6
5632,745.0,12.42,379,10,SILCHAR,SCL,GUWAHATI,GHY,19:20,07:45,30.52
5715,130.0,2.17,87,2,NEW JALPAIGU,NJP,KISHANGANJ,KNE,03:00,05:10,40.09
5716,150.0,2.5,87,2,KISHANGANJ,KNE,NEW JALPAIGU,NJP,04:00,06:30,34.8
5719,240.0,4.0,204,11,KATIHAR JN.,KIR,SILIGURI JN.,SGUJ,23:15,03:15,51.0
5720,300.0,5.0,205,11,SILIGURI JN.,SGUJ,KATIHAR JN.,KIR,18:00,23:00,41.0
5863,185.0,3.08,89,15,RANGIYA JN.,RNY,RANGAPARA NO,RPAN,18:20,21:25,28.9
5864,165.0,2.75,88,15,RANGAPARA NO,RPAN,RANGIYA JN.,RNY,05:00,07:45,32.0
5865,725.0,12.08,426,53,RANGIYA JN.,RNY,MURKEONG SEL,MZS,08:15,20:20,35.26
5866,705.0,11.75,425,53,MURKEONG SEL,MZS,RANGIYA JN.,RNY,06:00,17:45,36.17
6001,760.0,12.67,649,14,CHENNAI EGMO,MS,TIRUNELVELI,TEN,21:50,10:30,51.22
6002,750.0,12.5,649,15,TIRUNELVELI,TEN,CHENNAI EGMO,MS,15:00,03:30,51.92
6006,905.0,15.08,699,14,ERNAKULAM. J,ERS,CHENNAI CENT,MAS,19:25,10:30,46.35
6010,555.0,9.25,1843,27,PONDICHERRY,PDY,SANTRAGACHI,SRC,19:15,04:30,199.24
6041,1000.0,16.67,849,19,CHENNAI CENT,MAS,QUILON,QLN,18:20,11:00,50.93
6042,975.0,16.25,851,20,QUILON,QLN,CHENNAI CENT,MAS,16:15,08:30,52.37
6043,960.0,16.0,849,18,CHENNAI CENT,MAS,QUILON,QLN,22:30,14:30,53.06
6044,965.0,16.08,852,19,QUILON,QLN,CHENNAI CENT,MAS,15:15,07:20,52.99
6046,1080.0,18.0,852,19,QUILON,QLN,CHENNAI CENT,MAS,14:45,08:45,47.33
6047,970.0,16.17,849,19,CHENNAI CENT,MAS,QUILON,QLN,18:20,10:30,52.5
6048,1020.0,17.0,852,20,QUILON,QLN,CHENNAI CENT,MAS,13:30,06:30,50.12
6049,905.0,15.08,855,19,CHENNAI EGMO,MS,QUILON,QLN,14:45,05:50,56.7
6050,990.0,16.5,857,20,QUILON,QLN,CHENNAI EGMO,MS,13:00,05:30,51.94
6053,635.0,10.58,626,14,KOCHUVELI,KCVL,MANGALORE JN,MAJN,18:35,05:10,59.17
6054,800.0,13.33,627,14,MANGALORE JN,MAJN,KOCHUVELI,KCVL,15:40,05:00,47.04
6065,805.0,13.42,500,13,CHENGALPATTU,CGL,MADURAI JN,MDU,17:20,06:45,37.26
6066,635.0,10.58,501,13,MADURAI JN,MDU,CHENGALPATTU,CGL,15:55,02:30,47.35
6067,595.0,9.92,522,9,CHENGALPATTU,CGL,COIMBATORE,CBE,19:45,05:40,52.62
6068,715.0,11.92,522,9,COIMBATORE,CBE,CHENGALPATTU,CGL,17:30,05:25,43.79
6081,70.0,1.17,45,4,COIMBATORE,CBE,POLLACHI,POY,13:35,14:45,38.46
6082,70.0,1.17,45,4,POLLACHI,POY,COIMBATORE,CBE,15:05,16:15,38.46
6512,140.0,2.33,77,14,MARIKUPPAM,MKM,BANASWADI,BAND,08:00,10:20,33.05
6513,35.0,0.58,17,6,BANGARPET JN,BWT,MARIKUPPAM,MKM,07:10,07:45,29.31
6541,1055.0,17.58,881,14,YESVANTPUR J,YPR,PANDHARPUR,PVR,18:00,11:35,50.11
6542,1005.0,16.75,878,14,PANDHARPUR,PVR,YESVANTPUR J,YPR,13:35,06:20,52.42
6547,705.0,11.75,632,14,YESVANTPUR J,YPR,ERNAKULAM. J,ERS,22:45,10:30,53.79
6548,825.0,13.75,634,13,ERNAKULAM. J,ERS,YESVANTPUR J,YPR,14:45,04:30,46.11
6579,1200.0,20.0,1089,21,YESVANTPUR J,YPR,VISAKHAPATNA,VSKP,18:35,14:35,54.45
6580,1160.0,19.33,1086,21,VISAKHAPATNA,VSKP,YESVANTPUR J,YPR,13:45,09:05,56.18
6581,796.0,13.27,607,85,YESVANTPUR J,YPR,BELGAUM,BGM,20:15,09:31,45.74
6582,796.0,13.27,604,85,BELGAUM,BGM,YESVANTPUR J,YPR,19:10,08:26,45.52
6591,90.0,1.5,62,9,YESVANTPUR J,YPR,HOSUR,HSRA,06:30,08:00,41.33
6592,95.0,1.58,61,9,HOSUR,HSRA,YESVANTPUR J,YPR,08:15,09:50,38.61
6593,25.0,0.42,10,4,WHITE FIELD,WFD,BAIYYAPPANAH,BYPL,18:15,18:40,23.81
6594,25.0,0.42,10,4,BAIYYAPPANAH,BYPL,WHITE FIELD,WFD,08:25,08:50,23.81
6595,50.0,0.83,33,7,YESVANTPUR J,YPR,DEVANHALLI,DHL,10:35,11:25,39.76
6596,70.0,1.17,33,7,DEVANHALLI,DHL,YESVANTPUR J,YPR,13:15,14:25,28.21
6647,130.0,2.17,89,8,KORBA,KRBA,BILASPUR JN.,BSP,05:30,07:40,41.01
6648,150.0,2.5,89,8,BILASPUR JN.,BSP,KORBA,KRBA,16:00,18:30,35.6
6769,160.0,2.67,116,11,PALGHAT TOWN,PGTN,PALANI,PLNI,04:50,07:30,43.45
6770,185.0,3.08,116,11,PALANI,PLNI,PALGHAT TOWN,PGTN,19:25,22:30,37.66
6851,20.0,0.33,10,3,KARAIKAL,KIK,NAGORE,NCR,06:00,06:20,30.3
6852,25.0,0.42,10,3,NAGORE,NCR,KARAIKAL,KIK,21:05,21:30,23.81
6853,23.0,0.38,10,3,KARAIKAL,KIK,NAGORE,NCR,14:45,15:08,26.32
6854,25.0,0.42,10,3,NAGORE,NCR,KARAIKAL,KIK,14:10,14:35,23.81
6919,416.0,6.93,247,36,HUBLI JN.,UBL,BIJAPUR JN,BJP,06:25,13:21,35.64
6920,411.0,6.85,248,36,BIJAPUR JN,BJP,HUBLI JN.,UBL,13:30,20:21,36.2
7005,1200.0,20.0,2276,34,HYDERABAD DE,HYB,RAXAUL JN.,RXL,21:30,17:30,113.8
7006,1305.0,21.75,2297,34,RAXAUL JN.,RXL,HYDERABAD DE,HYB,01:30,23:15,105.61
7007,945.0,15.75,2023,27,SECUNDERABAD,SC,DARBHANGA JN,DBG,22:00,13:45,128.44
7008,1030.0,17.17,2033,28,DARBHANGA JN,DBG,SECUNDERABAD,SC,05:00,22:10,118.4
7016,785.0,13.08,670,18,KACHEGUDA,KCG,VISAKHAPATNA,VSKP,18:45,07:50,51.22
7044,905.0,15.08,735,11,TIRUPATI,TPTY,VISAKHAPATNA,VSKP,16:45,07:50,48.74
7061,270.0,4.5,217,8,KAKINADA POR,COA,VIJAYWADA JN,BZA,09:00,13:30,48.22
7062,750.0,12.5,437,14,VELANKANNI,VLNK,TIRUPATI,TPTY,15:00,03:30,34.96
7075,610.0,10.17,554,17,SECUNDERABAD,SC,KAKINADA TOW,CCT,19:20,05:30,54.47
7076,710.0,11.83,553,17,KAKINADA TOW,CCT,SECUNDERABAD,SC,18:10,06:00,46.75
7109,435.0,7.25,1589,40,HYDERABAD DE,HYB,QUILON,QLN,15:55,23:10,219.17
7110,495.0,8.25,1593,40,QUILON,QLN,HYDERABAD DE,HYB,02:15,10:30,193.09
7113,430.0,7.17,1543,37,KARIM NAGAR,KRMR,QUILON,QLN,16:00,23:10,215.2
7133,460.0,7.67,1508,39,HYDERABAD DE,HYB,QUILON,QLN,15:30,23:10,196.61
7134,495.0,8.25,1511,39,QUILON,QLN,HYDERABAD DE,HYB,02:15,10:30,183.15
7141,415.0,6.92,1560,39,HYDERABAD DE,HYB,QUILON,QLN,16:15,23:10,225.43
7146,810.0,13.5,763,16,TIRUPATI,TPTY,KACHEGUDA,KCG,17:00,06:30,56.52
7211,400.0,6.67,1433,36,KAKINADA TOW,CCT,QUILON,QLN,23:50,06:30,214.84
7217,400.0,6.67,1360,37,NARASAPUR,NS,QUILON,QLN,23:50,06:30,203.9
7418,360.0,6.0,1331,33,NAGARSOL,NSL,TIRUPATI,TPTY,22:00,04:00,221.83
7425,675.0,11.25,537,15,KACHEGUDA,KCG,KAKINADA POR,COA,18:45,06:00,47.73
7426,680.0,11.33,537,15,KAKINADA POR,COA,KACHEGUDA,KCG,17:50,05:10,47.4
7429,750.0,12.5,742,11,SECUNDERABAD,SC,TIRUPATI,TPTY,18:30,07:00,59.36
7430,825.0,13.75,744,11,TIRUPATI,TPTY,SECUNDERABAD,SC,14:15,04:00,54.11
7431,660.0,11.0,597,13,KAKINADA TOW,CCT,TIRUPATI,TPTY,20:10,07:10,54.27
7432,660.0,11.0,597,14,TIRUPATI,TPTY,KAKINADA TOW,CCT,17:00,04:00,54.27
7435,720.0,12.0,555,14,KAKINADA TOW,CCT,SECUNDERABAD,SC,18:00,06:00,46.25
7436,725.0,12.08,554,15,SECUNDERABAD,SC,KAKINADA TOW,CCT,19:15,07:20,45.86
7438,405.0,6.75,1533,28,KACHEGUDA,KCG,TATANAGAR JN,TATA,13:00,19:45,227.11
7439,370.0,6.17,1533,28,TATANAGAR JN,TATA,KACHEGUDA,KCG,22:50,05:00,248.46
7487,735.0,12.25,735,11,TIRUPATI,TPTY,VISAKHAPATNA,VSKP,22:30,10:45,60.0
7505,1005.0,16.75,1973,49,AURANGABAD,AWB,QUILON,QLN,11:00,03:45,117.79
7509,860.0,14.33,1886,47,ADILABAD,ADB,QUILON,QLN,13:25,03:45,131.61
7517,555.0,9.25,350,9,BIDAR,BIDR,PANDHARPUR,PVR,22:30,07:45,37.84
7525,555.0,9.25,322,33,SILIGURI JN.,SGUJ,NEW BONGAIGA,NBQ,12:00,21:15,34.81
7526,600.0,10.0,322,33,NEW BONGAIGA,NBQ,SILIGURI JN.,SGUJ,05:00,15:00,32.2
7603,720.0,12.0,624,14,KACHEGUDA,KCG,KRISHNA RAJA,KJM,18:00,06:00,52.0
7604,930.0,15.5,624,14,KRISHNA RAJA,KJM,KACHEGUDA,KCG,15:25,06:55,40.26
7607,1155.0,19.25,1014,19,NANDED,NED,TIRUPATI,TPTY,18:45,14:00,52.68
7608,1185.0,19.75,1016,19,TIRUPATI,TPTY,NANDED,NED,15:45,11:30,51.44
7613,660.0,11.0,1636,38,NIZAMABAD,NZB,QUILON,QLN,12:10,23:10,148.73
7614,660.0,11.0,1641,39,QUILON,QLN,NIZAMABAD,NZB,02:15,13:15,149.18
7644,695.0,11.58,597,11,KAKINADA TOW,CCT,TIRUPATI,TPTY,20:10,07:45,51.55
7645,555.0,9.25,587,10,RENIGUNTA JN,RU,KAKINADA TOW,CCT,23:00,08:15,63.46
7757,315.0,5.25,314,6,SECUNDERABAD,SC,VIJAYWADA JN,BZA,05:30,10:45,59.81
7758,320.0,5.33,314,6,VIJAYWADA JN,BZA,SECUNDERABAD,SC,17:30,22:50,58.91
7941,660.0,11.0,587,12,KAKINADA TOW,CCT,RENIGUNTA JN,RU,19:00,06:00,53.36
7942,630.0,10.5,597,13,TIRUPATI,TPTY,KAKINADA TOW,CCT,19:00,05:30,56.86
8001,35.0,0.58,39,2,KHARAGPUR,KGP,JHARGRAM,JGM,10:10,10:45,67.24
8002,45.0,0.75,39,2,JHARGRAM,JGM,KHARAGPUR,KGP,18:25,19:10,52.0
8014,40.0,0.67,12,4,MIDNAPORE,MDN,KHARAGPUR,KGP,08:25,09:05,17.91
8017,50.0,0.83,39,6,KHARAGPUR,KGP,JHARGRAM,JGM,05:10,06:00,46.99
8018,55.0,0.92,39,6,JHARGRAM,JGM,KHARAGPUR,KGP,21:40,22:35,42.39
8035,175.0,2.92,120,19,KHARAGPUR,KGP,BALASORE,BLS,12:15,15:10,41.1
8036,180.0,3.0,120,19,BALASORE,BLS,KHARAGPUR,KGP,15:20,18:20,40.0
8051,29.0,0.48,39,3,KHARAGPUR,KGP,JHARGRAM,JGM,06:05,06:34,81.25
8052,45.0,0.75,39,5,JHARGRAM,JGM,KHARAGPUR,KGP,18:35,19:20,52.0
8061,615.0,10.25,1847,24,SHALIMAR,SHM,JAIPUR JN.,JP,20:20,06:35,180.2
8062,635.0,10.58,1838,24,JAIPUR JN.,JP,SHALIMAR,SHM,12:45,23:20,173.72
8063,180.0,3.0,115,17,KHARAGPUR,KGP,BANKURA,BQA,19:00,22:00,38.33
8064,490.0,8.17,2039,16,YESVANTPUR J,YPR,HOWRAH JN.,HWH,01:00,09:10,249.57
8065,160.0,2.67,115,17,KHARAGPUR,KGP,BANKURA,BQA,15:10,17:50,43.07
8082,30.0,0.5,30,6,BANKURA,BQA,BISHNUPUR,VSU,22:20,22:50,60.0
8087,28.0,0.47,30,6,BISHNUPUR,VSU,BANKURA,BQA,06:55,07:23,63.83
8101,80.0,1.33,40,5,CHAIBASA,CBSA,CHAKARADHARP,CKP,21:15,22:35,30.08
8102,55.0,0.92,40,5,CHAKARADHARP,CKP,CHAIBASA,CBSA,20:00,20:55,43.48
8301,430.0,7.17,1567,15,SAMBALPUR JN,SBP,BANASWADI,BAND,09:30,16:40,218.55
8403,560.0,9.33,495,9,PURI,PURI,SANTRAGACHI,SRC,21:25,06:45,53.05
8404,530.0,8.83,497,9,SANTRAGACHI,SRC,PURI,PURI,19:10,04:00,56.29
8501,780.0,13.0,700,13,VISAKHAPATNA,VSKP,SECUNDERABAD,SC,23:00,12:00,53.85
8502,740.0,12.33,698,13,SECUNDERABAD,SC,VISAKHAPATNA,VSKP,16:30,04:50,56.61
8511,720.0,12.0,471,12,KIRANDUL,KRDL,VISAKHAPATNA,VSKP,15:00,03:00,39.25
8512,705.0,11.75,471,12,VISAKHAPATNA,VSKP,KIRANDUL,KRDL,22:15,10:00,40.09
8568,405.0,6.75,1578,29,QUILON,QLN,VISAKHAPATNA,VSKP,05:45,12:30,233.78
8573,870.0,14.5,760,15,VISAKHAPATNA,VSKP,TIRUPATI,TPTY,22:55,13:25,52.41
8574,920.0,15.33,759,15,TIRUPATI,TPTY,VISAKHAPATNA,VSKP,15:30,06:50,49.51
8581,20.0,0.33,11,2,BALHARSHAH,BPQ,CHANDAFORT,CAF,23:30,23:50,33.33
8582,15.0,0.25,11,2,CHANDAFORT,CAF,BALHARSHAH,BPQ,04:45,05:00,44.0
8617,1430.0,23.83,1365,15,RANCHI,RNC,ANAND VIHAR,ANVT,14:05,13:55,57.28
8618,1420.0,23.67,1356,15,ANAND VIHAR,ANVT,RANCHI,RNC,22:50,22:30,57.29
8627,560.0,9.33,484,13,HOWRAH JN.,HWH,RANCHI,RNC,12:50,22:10,51.88
8628,570.0,9.5,481,14,RANCHI,RNC,HOWRAH JN.,HWH,05:45,15:15,50.63
8872,165.0,2.75,133,17,DURG,DURG,GONDIA JN.,G,21:30,00:15,48.36
9003,835.0,13.92,1355,5,BANDRA TERMI,BDTS,HAZRAT NIZAM,NZM,16:05,06:00,97.34
9004,835.0,13.92,1358,5,HAZRAT NIZAM,NZM,BANDRA TERMI,BDTS,16:15,06:10,97.56
9005,955.0,15.92,1373,4,MUMBAI CENTR,BCT,NEW DELHI,NDLS,16:00,07:55,86.24
9006,965.0,16.08,1376,4,NEW DELHI,NDLS,MUMBAI CENTR,BCT,14:50,06:55,85.57
9011,1330.0,22.17,1209,20,BANDRA TERMI,BDTS,BIKANER JN.,BKN,11:15,09:25,54.53
9012,1315.0,21.92,1211,20,BIKANER JN.,BKN,BANDRA TERMI,BDTS,14:50,12:45,55.25
9433,805.0,13.42,780,14,BANDRA TERMI,BDTS,GANDHIDHAM J,GIMB,00:25,13:50,58.12
9434,820.0,13.67,780,14,GANDHIDHAM J,GIMB,BANDRA TERMI,BDTS,16:35,06:15,57.06
9621,1335.0,22.25,1281,12,AJMER JN.,AII,BANDRA TERMI,BDTS,06:30,04:45,57.57
9622,1270.0,21.17,1281,12,BANDRA TERMI,BDTS,AJMER JN.,AII,06:15,03:25,60.51
9721,435.0,7.25,429,12,JAIPUR JN.,JP,UDAIPUR CITY,UDZ,06:15,13:30,59.17
9722,420.0,7.0,429,12,UDAIPUR CITY,UDZ,JAIPUR JN.,JP,15:05,22:05,61.29
9761,165.0,2.75,125,13,SHRI GANGANA,SGNR,SURATGARH JN,SOG,04:20,07:05,45.45
9809,430.0,7.17,447,11,KOTA,KOTA,HAZRAT NIZAM,NZM,21:10,04:20,62.34
9810,480.0,8.0,450,11,HAZRAT NIZAM,NZM,KOTA,KOTA,05:15,13:15,56.25
10103,695.0,11.58,590,20,CST-MUMBAI,CSMT,MADGOAN JN.,MAO,07:10,18:45,50.95
10104,745.0,12.42,594,20,MADGOAN JN.,MAO,CST-MUMBAI,CSMT,09:15,21:40,47.83
10111,700.0,11.67,590,20,CST-MUMBAI,CSMT,MADGOAN JN.,MAO,23:05,10:45,50.56
10112,710.0,11.83,594,20,MADGOAN JN.,MAO,CST-MUMBAI,CSMT,18:00,05:50,50.21
10215,805.0,13.42,726,13,MADGOAN JN.,MAO,ERNAKULAM. J,ERS,21:30,10:55,54.1
10216,805.0,13.42,727,13,ERNAKULAM. J,ERS,MADGOAN JN.,MAO,13:50,03:15,54.17
11001,435.0,7.25,348,12,SAI NAGAR SH,SNSI,PANDHARPUR,PVR,05:00,12:15,48.0
11002,445.0,7.42,348,12,PANDHARPUR,PVR,SAI NAGAR SH,SNSI,13:00,20:25,46.9
11003,635.0,10.58,502,21,DADAR,DR,SAWANTWADI R,SWV,00:05,10:40,47.45
11004,715.0,11.92,504,21,SAWANTWADI R,SWV,DADAR,DR,18:50,06:45,42.28
11005,585.0,9.75,1636,39,DADAR,DR,PONDICHERRY,PDY,21:30,07:15,167.79
11006,530.0,8.83,1639,38,PONDICHERRY,PDY,DADAR,DR,20:50,05:40,185.62
11007,245.0,4.08,191,12,CST-MUMBAI,CSMT,PUNE JN.,PUNE,07:00,11:05,46.81
11008,242.0,4.03,191,11,PUNE JN.,PUNE,CST-MUMBAI,CSMT,15:15,19:17,47.39
11009,250.0,4.17,191,12,CST-MUMBAI,CSMT,PUNE JN.,PUNE,14:30,18:40,45.8
11010,230.0,3.83,191,11,PUNE JN.,PUNE,CST-MUMBAI,CSMT,06:05,09:55,49.87
11011,1000.0,16.67,723,16,LOKMANYA TIL,LTT,NANDED,NED,12:05,04:45,43.37
11012,1035.0,17.25,723,16,NANDED,NED,LOKMANYA TIL,LTT,06:30,23:45,41.91
11013,520.0,8.67,1515,34,LOKMANYA TIL,LTT,COIMBATORE,CBE,22:35,07:15,174.74
11015,500.0,8.33,1678,47,LOKMANYA TIL,LTT,GORAKHPUR JN,GKP,22:45,07:05,201.44
11016,560.0,9.33,1677,46,GORAKHPUR JN,GKP,LOKMANYA TIL,LTT,19:00,04:20,179.74
11018,585.0,9.75,1634,30,KARAIKAL,KIK,LOKMANYA TIL,LTT,14:00,23:45,167.59
11019,785.0,13.08,1941,39,CST-MUMBAI,CSMT,BHUBANESWAR,BBS,15:10,04:15,148.39
11020,750.0,12.5,1941,40,BHUBANESWAR,BBS,CST-MUMBAI,CSMT,15:25,03:55,155.28
11021,855.0,14.25,1843,40,DADAR,DR,TIRUNELVELI,TEN,21:30,11:45,129.33
11022,880.0,14.67,1845,39,TIRUNELVELI,TEN,DADAR,DR,15:00,05:40,125.77
11023,735.0,12.25,517,28,CST-MUMBAI,CSMT,CHHATRAPATI,KOP,17:50,06:05,42.2
11024,780.0,13.0,517,31,CHHATRAPATI,KOP,CST-MUMBAI,CSMT,22:50,11:50,39.77
11025,700.0,11.67,545,19,BHUSAVAL JN.,BSL,PUNE JN.,PUNE,00:25,12:05,46.7
11026,605.0,10.08,545,19,PUNE JN.,PUNE,BHUSAVAL JN.,BSL,11:45,21:50,54.07
11029,705.0,11.75,517,35,CST-MUMBAI,CSMT,CHHATRAPATI,KOP,08:40,20:25,44.0
11030,730.0,12.17,517,34,CHHATRAPATI,KOP,CST-MUMBAI,CSMT,07:55,20:05,42.48
11031,130.0,2.17,108,5,SOLAPUR,SUR,BIJAPUR JN,BJP,10:10,12:20,49.77
11032,170.0,2.83,108,5,BIJAPUR JN,BJP,SOLAPUR,SUR,14:50,17:40,38.16
11033,870.0,14.5,1955,30,PUNE JN.,PUNE,DARBHANGA JN,DBG,16:15,06:45,134.83
11034,920.0,15.33,1953,30,DARBHANGA JN,DBG,PUNE JN.,PUNE,16:45,08:05,127.4
11036,1405.0,23.42,1213,26,MYSORE JN.,MYS,DADAR,DR,06:15,05:40,51.79
11037,530.0,8.83,1777,17,PUNE JN.,PUNE,GORAKHPUR JN,GKP,16:15,01:05,201.25
11038,755.0,12.58,1777,17,GORAKHPUR JN,GKP,PUNE JN.,PUNE,15:30,04:05,141.26
11043,595.0,9.92,1696,27,LOKMANYA TIL,LTT,MADURAI JN,MDU,00:15,10:10,170.97
11044,705.0,11.75,1700,26,MADURAI JN,MDU,LOKMANYA TIL,LTT,18:00,05:45,144.68
11045,735.0,12.25,2894,39,CHHATRAPATI,KOP,DHANBAD JN.,DHN,23:45,12:00,236.24
11046,825.0,13.75,2892,39,DHANBAD JN.,DHN,CHHATRAPATI,KOP,13:50,03:35,210.33
11047,375.0,6.25,278,12,MIRAJ JN.,MRJ,HUBLI JN.,UBL,00:10,06:25,44.48
11048,345.0,5.75,279,12,HUBLI JN.,UBL,MIRAJ JN.,MRJ,23:30,05:15,48.52
11049,1200.0,20.0,949,18,AHMEDABAD,ADI,CHHATRAPATI,KOP,19:25,15:25,47.45
11050,1135.0,18.92,949,18,CHHATRAPATI,KOP,AHMEDABAD,ADI,12:50,07:45,50.16
11051,405.0,6.75,314,9,SOLAPUR,SUR,CHHATRAPATI,KOP,23:35,06:20,46.52
11052,455.0,7.58,314,9,CHHATRAPATI,KOP,SOLAPUR,SUR,23:55,07:30,41.42
11053,570.0,9.5,1552,17,LOKMANYA TIL,LTT,AZAMGARH,AMH,16:40,02:10,163.37
11054,415.0,6.92,1551,17,AZAMGARH,AMH,LOKMANYA TIL,LTT,05:20,12:15,224.13
11055,565.0,9.42,1732,23,LOKMANYA TIL,LTT,GORAKHPUR JN,GKP,10:55,20:20,183.86
11056,595.0,9.92,1732,23,GORAKHPUR JN,GKP,LOKMANYA TIL,LTT,06:20,16:15,174.6
11057,1020.0,17.0,2026,90,CST-MUMBAI,CSMT,AMRITSAR JN.,ASR,23:30,16:30,119.18
11058,1175.0,19.58,2029,91,AMRITSAR JN.,ASR,CST-MUMBAI,CSMT,08:30,04:05,103.63
11059,610.0,10.17,1772,24,LOKMANYA TIL,LTT,CHHAPRA JN.,CPR,10:55,21:05,174.24
11060,660.0,11.0,1770,24,CHHAPRA JN.,CPR,LOKMANYA TIL,LTT,05:15,16:15,160.91
11061,775.0,12.92,1885,41,LOKMANYA TIL,LTT,DARBHANGA JN,DBG,12:15,01:10,145.9
11062,875.0,14.58,1883,39,DARBHANGA JN,DBG,LOKMANYA TIL,LTT,13:05,03:40,129.15
11063,380.0,6.33,352,14,CHENNAI EGMO,MS,SALEM JN.,SA,23:00,05:20,55.61
11064,385.0,6.42,352,14,SALEM JN.,SA,CHENNAI EGMO,MS,21:20,03:45,54.83
11071,405.0,6.75,1645,43,LOKMANYA TIL,LTT,VARANASI JN.,BSB,12:40,19:25,243.7
11072,420.0,7.0,1647,41,VARANASI JN.,BSB,LOKMANYA TIL,LTT,15:50,22:50,235.29
11073,1415.0,23.58,1265,18,LOKMANYA TIL,LTT,CHENNAI CENT,MAS,13:20,12:55,53.65
11075,805.0,13.42,651,13,LOKMANYA TIL,LTT,BIDAR,BIDR,12:05,01:30,48.51
11076,935.0,15.58,651,13,BIDAR,BIDR,LOKMANYA TIL,LTT,08:20,23:55,41.78
11077,1005.0,16.75,2155,67,PUNE JN.,PUNE,JAMMU TAWI,JAT,17:20,10:05,128.66
11078,1045.0,17.42,2157,65,JAMMU TAWI,JAT,PUNE JN.,PUNE,21:45,15:10,123.82
11079,580.0,9.67,1745,25,LOKMANYA TIL,LTT,GORAKHPUR JN,GKP,15:50,01:30,180.46
11080,630.0,10.5,1745,24,GORAKHPUR JN,GKP,LOKMANYA TIL,LTT,05:30,16:00,166.19
11081,615.0,10.25,1731,20,LOKMANYA TIL,LTT,GORAKHPUR JN,GKP,15:50,02:05,168.88
11082,595.0,9.92,1731,19,GORAKHPUR JN,GKP,LOKMANYA TIL,LTT,13:05,23:00,174.5
11084,330.0,5.5,1153,28,KAZIPET JN.,KZJ,LOKMANYA TIL,LTT,17:45,23:15,209.64
11085,717.0,11.95,574,11,LOKMANYA TIL,LTT,MADGOAN JN.,MAO,05:33,17:30,48.03
11086,670.0,11.17,578,11,MADGOAN JN.,MAO,LOKMANYA TIL,LTT,06:00,17:10,51.75
11087,1215.0,20.25,1053,26,VERAVAL,VRL,PUNE JN.,PUNE,08:25,04:40,52.0
11088,1255.0,20.92,1053,25,PUNE JN.,PUNE,VERAVAL,VRL,19:50,16:45,50.33
11089,1390.0,23.17,1074,26,BHAGAT-KI-KO,BGKT,PUNE JN.,PUNE,05:30,04:40,46.35
11090,1280.0,21.33,1072,26,PUNE JN.,PUNE,BHAGAT-KI-KO,BGKT,19:50,17:10,50.26
11091,1185.0,19.75,981,24,NEW BHUJ,BHUJ,PUNE JN.,PUNE,08:55,04:40,49.67
11092,1170.0,19.5,981,24,PUNE JN.,PUNE,NEW BHUJ,BHUJ,19:50,15:20,50.31
11095,745.0,12.42,623,17,AHMEDABAD,ADI,PUNE JN.,PUNE,16:15,04:40,50.16
11096,715.0,11.92,622,16,PUNE JN.,PUNE,AHMEDABAD,ADI,19:50,07:45,52.18
11097,520.0,8.67,1278,33,PUNE JN.,PUNE,ERNAKULAM. J,ERS,23:30,08:10,147.4
11098,335.0,5.58,1279,32,ERNAKULAM. J,ERS,PUNE JN.,PUNE,23:30,05:05,229.21
11103,1435.0,23.92,1321,21,JHANSI JN,JHS,BANDRA TERMI,BDTS,16:50,16:45,55.23
11107,850.0,14.17,629,31,GWALIOR JN,GWL,VARANASI JN.,BSB,20:40,10:50,44.39
11108,920.0,15.33,629,37,VARANASI JN.,BSB,GWALIOR JN,GWL,17:45,09:05,41.03
11109,355.0,5.92,291,11,JHANSI JN,JHS,LUCKNOW JN.,LJN,06:10,12:05,49.16
11110,355.0,5.92,291,11,LUCKNOW JN.,LJN,JHANSI JN,JHS,16:40,22:35,49.16
11111,1195.0,19.92,939,12,GWALIOR JN,GWL,"BALRAMPUR,",BLP,13:05,09:00,47.14
11112,1095.0,18.25,941,12,"BALRAMPUR,",BLP,GWALIOR JN,GWL,11:55,06:10,51.56
11125,702.0,11.7,561,11,INDORE BG,INDB,GWALIOR JN,GWL,20:05,07:47,47.95
11126,745.0,12.42,561,11,GWALIOR JN,GWL,INDORE BG,INDB,19:30,07:55,45.17
11201,1295.0,21.58,1015,26,LOKMANYA TIL,LTT,AJNI,AJNI,16:40,14:15,47.03
11202,1290.0,21.5,1015,26,AJNI,AJNI,LOKMANYA TIL,LTT,16:15,13:45,47.21
11205,995.0,16.58,699,20,LOKMANYA TIL,LTT,NIZAMABAD,NZB,16:40,09:15,42.16
11206,870.0,14.5,699,20,NIZAMABAD,NZB,LOKMANYA TIL,LTT,23:15,13:45,48.21
11265,540.0,9.0,432,14,JABALPUR,JBP,AMBIKAPUR,ABKP,14:00,23:00,48.0
11266,520.0,8.67,434,14,AMBIKAPUR,ABKP,JABALPUR,JBP,06:15,14:55,50.06
11272,1075.0,17.92,737,47,BHOPAL,BPL,ITARSI,ET,18:15,12:10,41.13
11302,1410.0,23.5,1154,34,KRANTIVIRA S,SBC,CST-MUMBAI,CSMT,20:45,20:15,49.11
11303,1410.0,23.5,989,38,HYDERABAD DE,HYB,CHHATRAPATI,KOP,23:10,22:40,42.09
11304,1390.0,23.17,987,38,CHHATRAPATI,KOP,HYDERABAD DE,HYB,07:35,06:45,42.6
11307,275.0,4.58,221,7,GULBARGA,GR,HYDERABAD DE,HYB,10:15,14:50,48.25
11308,300.0,5.0,223,7,HYDERABAD DE,HYB,GULBARGA,GR,16:00,21:00,44.6
11309,365.0,6.08,267,14,SOLAPUR,SUR,MIRAJ JN.,MRJ,06:00,12:05,43.91
11310,330.0,5.5,267,14,MIRAJ JN.,MRJ,SOLAPUR,SUR,15:25,20:55,48.55
11401,1420.0,23.67,1053,34,CST-MUMBAI,CSMT,NAGPUR JN.(C,NGP,16:35,16:15,44.49
11402,1415.0,23.58,1052,34,NAGPUR JN.(C,NGP,CST-MUMBAI,CSMT,06:00,05:35,44.61
11403,1380.0,23.0,1026,22,NAGPUR JN.(C,NGP,CHHATRAPATI,KOP,15:00,14:00,44.61
11404,1425.0,23.75,1026,22,CHHATRAPATI,KOP,NAGPUR JN.(C,NGP,12:50,12:35,43.2
11405,1020.0,17.0,811,18,PUNE JN.,PUNE,AMRAVATI,AMI,22:00,15:00,47.71
11406,1125.0,18.75,812,18,AMRAVATI,AMI,PUNE JN.,PUNE,18:30,13:15,43.31
11423,485.0,8.08,357,14,SOLAPUR,SUR,HUBLI JN.,UBL,06:25,14:30,44.18
11424,495.0,8.25,356,14,HUBLI JN.,UBL,SOLAPUR,SUR,15:00,23:15,43.15
11449,530.0,8.83,1561,34,JABALPUR,JBP,SHRI MATA VA,SVDK,06:30,15:20,176.78
11450,570.0,9.5,1564,31,SHRI MATA VA,SVDK,JABALPUR,JBP,21:55,07:25,164.63
11463,340.0,5.67,1416,50,SOMNATH,SMNH,JABALPUR,JBP,09:30,15:10,249.74
11464,345.0,5.75,1417,50,JABALPUR,JBP,SOMNATH,SMNH,12:00,17:45,246.43
11465,510.0,8.5,1572,49,SOMNATH,SMNH,JABALPUR,JBP,09:30,18:00,184.94
11466,465.0,7.75,1575,50,JABALPUR,JBP,SOMNATH,SMNH,10:00,17:45,203.23
11651,415.0,6.92,344,14,JABALPUR,JBP,SINGRAULI,SGRL,15:30,22:25,49.71
11652,420.0,7.0,345,14,SINGRAULI,SGRL,JABALPUR,JBP,04:55,11:55,49.29
11701,890.0,14.83,751,16,JABALPUR,JBP,INDORE BG,INDB,05:40,20:30,50.64
11702,925.0,15.42,751,16,INDORE BG,INDB,JABALPUR,JBP,04:10,19:35,48.7
11703,1015.0,16.92,823,20,REWA,REWA,MHOW,DADN,23:10,16:05,48.64
11704,965.0,16.08,821,20,MHOW,DADN,REWA,REWA,20:10,12:15,51.06
11801,305.0,5.08,215,6,JHANSI JN,JHS,ETAWAH,ETW,17:25,22:30,42.32
11802,295.0,4.92,215,6,ETAWAH,ETW,JHANSI JN,JHS,05:10,10:05,43.7
11901,430.0,7.17,292,13,MATHURA JN.,MTJ,KURUKSHETRA,KKDE,05:30,12:40,40.73
11902,400.0,6.67,294,13,KURUKSHETRA,KKDE,MATHURA JN.,MTJ,14:55,21:35,44.08
12001,510.0,8.5,688,10,HABIBGANJ,HBJ,NEW DELHI,NDLS,15:00,23:30,80.94
12002,505.0,8.42,690,10,NEW DELHI,NDLS,HABIBGANJ,HBJ,06:00,14:25,81.95
12003,400.0,6.67,504,7,LUCKNOW JN.,LJN,NEW DELHI,NDLS,15:35,22:15,75.56
12004,390.0,6.5,504,7,NEW DELHI,NDLS,LUCKNOW JN.,LJN,06:10,12:40,77.54
12005,245.0,4.08,268,5,NEW DELHI,NDLS,KALKA,KLK,17:15,21:20,65.69
12006,245.0,4.08,268,5,KALKA,KLK,NEW DELHI,NDLS,06:15,10:20,65.69
12007,420.0,7.0,498,4,CHENNAI CENT,MAS,MYSORE JN.,MYS,06:00,13:00,71.14
12008,430.0,7.17,499,4,MYSORE JN.,MYS,CHENNAI CENT,MAS,14:15,21:25,69.6
12009,380.0,6.33,490,9,MUMBAI CENTR,BCT,AHMEDABAD,ADI,06:25,12:45,77.41
12010,400.0,6.67,490,9,AHMEDABAD,ADI,MUMBAI CENTR,BCT,14:40,21:20,73.46
12011,245.0,4.08,268,6,NEW DELHI,NDLS,KALKA,KLK,07:40,11:45,65.69
12012,250.0,4.17,268,6,KALKA,KLK,NEW DELHI,NDLS,17:45,21:55,64.27
12013,360.0,6.0,447,8,NEW DELHI,NDLS,AMRITSAR JN.,ASR,16:30,22:30,74.5
12014,360.0,6.0,447,8,AMRITSAR JN.,ASR,NEW DELHI,NDLS,05:00,11:00,74.5
12015,400.0,6.67,442,10,NEW DELHI,NDLS,AJMER JN.,AII,06:05,12:45,66.27
12016,415.0,6.92,442,10,AJMER JN.,AII,NEW DELHI,NDLS,15:45,22:40,63.87
12017,355.0,5.92,314,8,NEW DELHI,NDLS,DEHRA DUN,DDN,06:45,12:40,53.04
12018,345.0,5.75,314,8,DEHRA DUN,DDN,NEW DELHI,NDLS,17:00,22:45,54.61
12019,430.0,7.17,436,10,HOWRAH JN.,HWH,RANCHI,RNC,06:05,13:15,60.81
12020,465.0,7.75,434,10,RANCHI,RNC,HOWRAH JN.,HWH,13:45,21:30,56.0
12021,405.0,6.75,402,10,HOWRAH JN.,HWH,BARBIL,BBN,06:20,13:05,59.56
12022,425.0,7.08,401,11,BARBIL,BBN,HOWRAH JN.,HWH,13:45,20:50,56.64
12023,520.0,8.67,530,14,HOWRAH JN.,HWH,PATNA JN.,PNBE,14:05,22:45,61.13
12024,470.0,7.83,531,14,PATNA JN.,PNBE,HOWRAH JN.,HWH,05:35,13:25,67.82
12025,510.0,8.5,598,8,PUNE JN.,PUNE,SECUNDERABAD,SC,05:50,14:20,70.35
12026,505.0,8.42,598,8,SECUNDERABAD,SC,PUNE JN.,PUNE,14:45,23:10,71.02
12027,300.0,5.0,360,4,CHENNAI CENT,MAS,KRANTIVIRA S,SBC,17:30,22:30,72.0
12028,300.0,5.0,361,4,KRANTIVIRA S,SBC,CHENNAI CENT,MAS,06:00,11:00,72.2
12029,385.0,6.42,447,8,NEW DELHI,NDLS,AMRITSAR JN.,ASR,07:20,13:45,69.63
12030,375.0,6.25,447,8,AMRITSAR JN.,ASR,NEW DELHI,NDLS,16:50,23:05,71.52
12031,385.0,6.42,447,8,NEW DELHI,NDLS,AMRITSAR JN.,ASR,07:20,13:45,69.63
12032,375.0,6.25,447,8,AMRITSAR JN.,ASR,NEW DELHI,NDLS,16:50,23:05,71.52
12033,320.0,5.33,430,5,KANPUR CENTR,CNB,NEW DELHI,NDLS,06:00,11:20,80.68
12034,295.0,4.92,430,4,NEW DELHI,NDLS,KANPUR CENTR,CNB,15:50,20:45,87.4
12035,210.0,3.5,240,4,JAIPUR JN.,JP,AGRA  FORT,AF,07:05,10:35,68.57
12036,220.0,3.67,240,4,AGRA  FORT,AF,JAIPUR JN.,JP,17:40,21:20,65.4
12037,325.0,5.42,328,7,NEW DELHI,NDLS,LUDHIANA JN.,LDH,07:00,12:25,60.52
12038,330.0,5.5,328,7,LUDHIANA JN.,LDH,NEW DELHI,NDLS,16:40,22:10,59.64
12039,330.0,5.5,283,8,KATHGODAM,KGM,NEW DELHI,NDLS,15:35,21:05,51.45
12040,340.0,5.67,283,8,NEW DELHI,NDLS,KATHGODAM,KGM,06:00,11:40,49.91
12041,495.0,8.25,560,7,HOWRAH JN.,HWH,NEW JALPAIGU,NJP,14:15,22:30,67.88
12042,485.0,8.08,560,7,NEW JALPAIGU,NJP,HOWRAH JN.,HWH,05:30,13:35,69.31
12043,425.0,7.08,397,8,NEW DELHI,NDLS,MOGA,MOGA,07:00,14:05,56.07
12044,430.0,7.17,397,8,MOGA,MOGA,NEW DELHI,NDLS,15:00,22:10,55.37
12045,210.0,3.5,243,4,NEW DELHI,NDLS,CHANDIGARH,CDG,19:15,22:45,69.43
12046,205.0,3.42,243,4,CHANDIGARH,CDG,NEW DELHI,NDLS,12:00,15:25,71.05
12047,390.0,6.5,385,10,NEW DELHI,NDLS,FIROZPUR CAN,FZR,16:20,22:50,59.23
12048,440.0,7.33,385,10,FIROZPUR CAN,FZR,NEW DELHI,NDLS,04:00,11:20,52.52
12049,100.0,1.67,181,2,AGRA CANTT,AGC,HAZRAT NIZAM,NZM,17:50,19:30,108.38
12050,100.0,1.67,183,2,HAZRAT NIZAM,NZM,AGRA CANTT,AGC,08:10,09:50,109.58
12051,520.0,8.67,581,9,DADAR,DR,MADGOAN JN.,MAO,05:25,14:05,67.01
12052,515.0,8.58,585,9,MADGOAN JN.,MAO,DADAR,DR,14:30,23:05,68.18
12053,440.0,7.33,406,11,HARIDWAR JN,HW,AMRITSAR JN.,ASR,14:45,22:05,55.39
12054,440.0,7.33,406,11,AMRITSAR JN.,ASR,HARIDWAR JN,HW,06:50,14:10,55.39
12055,350.0,5.83,304,9,NEW DELHI,NDLS,DEHRA DUN,DDN,15:20,21:10,52.14
12056,370.0,6.17,304,10,DEHRA DUN,DDN,NEW DELHI,NDLS,05:05,11:15,49.27
12057,455.0,7.58,386,14,NEW DELHI,NDLS,UNA HIMACHAL,UHL,14:35,22:10,50.92
12058,420.0,7.0,386,14,UNA HIMACHAL,UHL,NEW DELHI,NDLS,05:00,12:00,55.14
12059,395.0,6.58,447,10,KOTA,KOTA,HAZRAT NIZAM,NZM,05:55,12:30,67.93
12060,405.0,6.75,450,10,HAZRAT NIZAM,NZM,KOTA,KOTA,13:15,20:00,66.67
12061,315.0,5.25,330,10,HABIBGANJ,HBJ,JABALPUR,JBP,17:40,22:55,62.86
12062,330.0,5.5,330,10,JABALPUR,JBP,HABIBGANJ,HBJ,05:30,11:00,60.0
12065,410.0,6.83,389,10,AJMER JN.,AII,HAZRAT NIZAM,NZM,05:45,12:35,56.95
12066,415.0,6.92,389,10,HAZRAT NIZAM,NZM,AJMER JN.,AII,15:30,22:25,56.21
12067,410.0,6.83,376,11,GUWAHATI,GHY,JORHAT TOWN,JTTN,06:30,13:20,55.05
12068,410.0,6.83,375,11,JORHAT TOWN,JTTN,GUWAHATI,GHY,14:30,21:20,54.9
12069,420.0,7.0,419,15,RAIGARH,RIG,GONDIA JN.,G,06:25,13:25,59.86
12070,420.0,7.0,411,15,GONDIA JN.,G,RAIGARH,RIG,15:00,22:00,58.71
12071,450.0,7.5,422,7,DADAR,DR,JALNA,J,14:00,21:30,56.27
12072,465.0,7.75,422,7,JALNA,J,DADAR,DR,04:45,12:30,54.45
12073,415.0,6.92,442,9,HOWRAH JN.,HWH,BHUBANESWAR,BBS,13:25,20:20,63.87
12074,400.0,6.67,441,9,BHUBANESWAR,BBS,HOWRAH JN.,HWH,06:00,12:40,66.12
12075,445.0,7.42,399,12,CALICUT,CLT,TRIVANDRUM C,TVC,13:40,21:05,53.77
12076,420.0,7.0,398,12,TRIVANDRUM C,TVC,CALICUT,CLT,06:00,13:00,56.86
12077,430.0,7.17,453,10,CHENNAI CENT,MAS,VIJAYWADA JN,BZA,07:35,14:45,63.18
12078,435.0,7.25,453,10,VIJAYWADA JN,BZA,CHENNAI CENT,MAS,15:20,22:35,62.48
12079,445.0,7.42,470,11,KRANTIVIRA S,SBC,HUBLI JN.,UBL,06:00,13:25,63.34
12080,445.0,7.42,468,11,HUBLI JN.,UBL,KRANTIVIRA S,SBC,14:00,21:25,63.07
12081,550.0,9.17,500,15,KANNUR,CAN,TRIVANDRUM C,TVC,04:50,14:00,54.53
12082,550.0,9.17,499,15,TRIVANDRUM C,TVC,KANNUR,CAN,14:40,23:50,54.42
12083,385.0,6.42,361,10,MAYILADUTURA,MV,COIMBATORE,CBE,14:50,21:15,56.23
12084,390.0,6.5,361,10,COIMBATORE,CBE,MAYILADUTURA,MV,07:10,13:40,55.54
12085,545.0,9.08,506,10,GUWAHATI,GHY,DIBRUGARH,DBRG,12:10,21:15,55.73
12086,535.0,8.92,505,10,DIBRUGARH,DBRG,GUWAHATI,GHY,05:00,13:55,56.61
12087,360.0,6.0,332,8,NAHARLAGUN,NHLN,GUWAHATI,GHY,05:00,11:00,55.33
12088,380.0,6.33,332,8,GUWAHATI,GHY,NAHARLAGUN,NHLN,15:20,21:40,52.45
12105,970.0,16.17,971,26,CST-MUMBAI,CSMT,GONDIA JN.,G,19:05,11:15,60.05
12106,970.0,16.17,972,27,GONDIA JN.,G,CST-MUMBAI,CSMT,14:50,07:00,60.11
12107,1365.0,22.75,1408,11,LOKMANYA TIL,LTT,LUCKNOW JN.,LJN,16:25,15:10,61.89
12109,275.0,4.58,260,10,CST-MUMBAI,CSMT,MANMAD JN.,MMR,18:15,22:50,56.77
12110,283.0,4.72,260,10,MANMAD JN.,MMR,CST-MUMBAI,CSMT,06:02,10:45,55.08
12111,730.0,12.17,676,14,CST-MUMBAI,CSMT,AMRAVATI,AMI,19:55,08:05,55.55
12112,680.0,11.33,676,14,AMRAVATI,AMI,CST-MUMBAI,CSMT,19:05,06:25,59.66
12113,945.0,15.75,895,9,PUNE JN.,PUNE,NAGPUR JN.(C,NGP,17:40,09:25,56.83
12114,910.0,15.17,895,9,NAGPUR JN.(C,NGP,PUNE JN.,PUNE,18:35,09:45,59.0
12115,485.0,8.08,456,14,CST-MUMBAI,CSMT,SOLAPUR,SUR,22:45,06:50,56.44
12116,485.0,8.08,457,15,SOLAPUR,SUR,CST-MUMBAI,CSMT,22:45,06:50,56.56
12117,265.0,4.42,244,10,LOKMANYA TIL,LTT,MANMAD JN.,MMR,15:00,19:25,55.2
12118,265.0,4.42,244,10,MANMAD JN.,MMR,LOKMANYA TIL,LTT,08:35,13:00,55.2
12119,165.0,2.75,180,5,AMRAVATI,AMI,AJNI,AJNI,05:30,08:15,65.45
12120,190.0,3.17,180,5,AJNI,AJNI,AMRAVATI,AMI,18:30,21:40,56.78
12121,835.0,13.92,883,7,JABALPUR,JBP,HAZRAT NIZAM,NZM,19:10,09:05,63.43
12122,860.0,14.33,886,7,HAZRAT NIZAM,NZM,JABALPUR,JBP,17:25,07:45,61.83
12123,195.0,3.25,191,5,CST-MUMBAI,CSMT,PUNE JN.,PUNE,17:10,20:25,58.77
12124,190.0,3.17,191,4,PUNE JN.,PUNE,CST-MUMBAI,CSMT,07:15,10:25,60.25
12125,205.0,3.42,190,8,CST-MUMBAI,CSMT,PUNE JN.,PUNE,16:25,19:50,55.56
12126,205.0,3.42,190,7,PUNE JN.,PUNE,CST-MUMBAI,CSMT,07:50,11:15,55.56
12127,197.0,3.28,191,6,CST-MUMBAI,CSMT,PUNE JN.,PUNE,06:40,09:57,58.23
12128,190.0,3.17,191,5,PUNE JN.,PUNE,CST-MUMBAI,CSMT,17:55,21:05,60.25
12129,585.0,9.75,2026,30,PUNE JN.,PUNE,HOWRAH JN.,HWH,18:25,04:10,207.79
12130,540.0,9.0,2033,30,HOWRAH JN.,HWH,PUNE JN.,PUNE,21:50,06:50,225.89
12131,360.0,6.0,330,8,DADAR,DR,SAI NAGAR SH,SNSI,21:45,03:45,55.0
12132,365.0,6.08,330,8,SAI NAGAR SH,SNSI,DADAR,DR,22:25,04:30,54.28
12133,878.0,14.63,903,14,CST-MUMBAI,CSMT,MANGALORE JN,MAJN,22:02,12:40,61.72
12134,870.0,14.5,909,14,MANGALORE JN,MAJN,CST-MUMBAI,CSMT,13:55,04:25,62.69
12135,945.0,15.75,895,18,PUNE JN.,PUNE,NAGPUR JN.(C,NGP,17:40,09:25,56.83
12136,910.0,15.17,895,18,NAGPUR JN.(C,NGP,PUNE JN.,PUNE,18:35,09:45,59.0
12137,615.0,10.25,1910,56,CST-MUMBAI,CSMT,FIROZPUR CAN,FZR,19:35,05:50,186.34
12138,595.0,9.92,1913,54,FIROZPUR CAN,FZR,CST-MUMBAI,CSMT,21:40,07:35,192.84
12139,910.0,15.17,841,33,CST-MUMBAI,CSMT,NAGPUR JN.(C,NGP,15:00,06:10,55.44
12140,900.0,15.0,841,33,NAGPUR JN.(C,NGP,CST-MUMBAI,CSMT,21:00,12:00,56.07
12145,655.0,10.92,1888,27,LOKMANYA TIL,LTT,PURI,PURI,20:35,07:30,172.89
12146,605.0,10.08,1895,27,PURI,PURI,LOKMANYA TIL,LTT,21:25,07:30,188.0
12147,485.0,8.08,1897,22,CHHATRAPATI,KOP,HAZRAT NIZAM,NZM,09:05,17:10,234.78
12148,630.0,10.5,1900,22,HAZRAT NIZAM,NZM,CHHATRAPATI,KOP,05:50,16:20,180.95
12151,710.0,11.83,2089,24,LOKMANYA TIL,LTT,HOWRAH JN.,HWH,20:35,08:25,176.58
12152,615.0,10.25,2095,23,HOWRAH JN.,HWH,LOKMANYA TIL,LTT,21:15,07:30,204.39
12153,775.0,12.92,820,10,LOKMANYA TIL,LTT,HABIBGANJ,HBJ,16:25,05:20,63.47
12154,790.0,13.17,820,10,HABIBGANJ,HBJ,LOKMANYA TIL,LTT,18:20,07:30,62.26
12155,655.0,10.92,681,10,HABIBGANJ,HBJ,HAZRAT NIZAM,NZM,21:05,08:00,62.36
12156,610.0,10.17,683,10,HAZRAT NIZAM,NZM,HABIBGANJ,HBJ,20:55,07:05,67.16
12157,240.0,4.0,265,4,PUNE JN.,PUNE,SOLAPUR,SUR,18:00,22:00,66.25
12158,240.0,4.0,265,4,SOLAPUR,SUR,PUNE JN.,PUNE,06:30,10:30,66.25
12159,790.0,13.17,725,20,AMRAVATI,AMI,JABALPUR,JBP,17:45,06:55,55.05
12160,780.0,13.0,725,20,JABALPUR,JBP,AMRAVATI,AMI,20:50,09:50,55.77
12161,1235.0,20.58,1320,21,LOKMANYA TIL,LTT,AGRA CANTT,AGC,16:25,13:00,64.14
12162,1405.0,23.42,1320,21,AGRA CANTT,AGC,LOKMANYA TIL,LTT,23:35,23:00,56.36
12163,1395.0,23.25,1278,24,DADAR,DR,CHENNAI EGMO,MS,20:30,19:45,54.97
12164,1390.0,23.17,1281,22,CHENNAI EGMO,MS,DADAR,DR,06:50,06:00,55.29
12169,240.0,4.0,265,5,PUNE JN.,PUNE,SOLAPUR,SUR,09:30,13:30,66.25
12170,245.0,4.08,265,5,SOLAPUR,SUR,PUNE JN.,PUNE,14:00,18:05,64.95
12175,1410.0,23.5,1291,31,HOWRAH JN.,HWH,GWALIOR JN,GWL,17:45,17:15,54.94
12176,1410.0,23.5,1292,31,GWALIOR JN,GWL,HOWRAH JN.,HWH,07:15,06:45,54.98
12179,360.0,6.0,323,14,LUCKNOW JN.,LJN,AGRA CANTT,AGC,15:55,21:55,53.83
12180,355.0,5.92,323,14,AGRA CANTT,AGC,LUCKNOW JN.,LJN,05:50,11:45,54.56
12181,1075.0,17.92,1024,22,JABALPUR,JBP,AJMER JN.,AII,20:25,14:20,57.14
12182,1035.0,17.25,1024,22,AJMER JN.,AII,JABALPUR,JBP,15:30,08:45,59.36
12183,820.0,13.67,754,11,BHOPAL,BPL,PARTAPGARH J,PBH,19:20,09:00,55.16
12184,820.0,13.67,754,11,PARTAPGARH J,PBH,BHOPAL,BPL,19:10,08:50,55.16
12185,600.0,10.0,555,15,HABIBGANJ,HBJ,REWA,REWA,22:00,08:00,55.5
12186,600.0,10.0,557,15,REWA,REWA,HABIBGANJ,HBJ,20:05,06:05,55.7
12187,1005.0,16.75,996,15,JABALPUR,JBP,CST-MUMBAI,CSMT,19:30,12:15,59.46
12188,990.0,16.5,996,15,CST-MUMBAI,CSMT,JABALPUR,JBP,13:30,06:00,60.36
12189,1050.0,17.5,937,29,JABALPUR,JBP,HAZRAT NIZAM,NZM,18:10,11:40,53.54
12190,1050.0,17.5,938,28,HAZRAT NIZAM,NZM,JABALPUR,JBP,16:05,09:35,53.6
12191,1030.0,17.17,1021,24,NEW DELHI,NDLS,JABALPUR,JBP,14:05,07:15,59.46
12192,1100.0,18.33,1019,24,JABALPUR,JBP,NEW DELHI,NDLS,17:30,11:50,55.59
12195,405.0,6.75,375,14,AGRA  FORT,AF,AJMER JN.,AII,05:05,11:50,55.56
12196,400.0,6.67,375,14,AJMER JN.,AII,AGRA  FORT,AF,15:00,21:40,56.22
12197,525.0,8.75,484,11,BHOPAL,BPL,GWALIOR JN,GWL,15:30,00:15,55.31
12198,520.0,8.67,484,11,GWALIOR JN,GWL,BHOPAL,BPL,06:20,15:00,55.82
12205,350.0,5.83,304,7,NEW DELHI,NDLS,DEHRA DUN,DDN,23:50,05:40,52.14
12206,345.0,5.75,304,7,DEHRA DUN,DDN,NEW DELHI,NDLS,23:35,05:20,52.87
12207,915.0,15.25,768,16,KATHGODAM,KGM,JAMMU TAWI,JAT,18:30,09:45,50.36
12208,925.0,15.42,768,16,JAMMU TAWI,JAT,KATHGODAM,KGM,23:15,14:40,49.81
12209,515.0,8.58,415,12,KANPUR CENTR,CNB,KATHGODAM,KGM,06:15,14:50,48.37
12210,565.0,9.42,415,12,KATHGODAM,KGM,KANPUR CENTR,CNB,19:10,04:35,44.06
12211,1280.0,21.33,1057,14,MUZAFFARPUR,MFP,ANAND VIHAR,ANVT,15:15,12:35,49.55
12212,1270.0,21.17,1059,14,ANAND VIHAR,ANVT,MUZAFFARPUR,MFP,20:55,18:05,50.02
12215,1370.0,22.83,1431,18,DELHI-SARAI,DEE,BANDRA TERMI,BDTS,09:20,08:10,62.68
12216,1410.0,23.5,1429,18,BANDRA TERMI,BDTS,DELHI-SARAI,DEE,12:45,12:15,60.81
12219,720.0,12.0,774,4,LOKMANYA TIL,LTT,SECUNDERABAD,SC,23:05,11:05,64.5
12220,720.0,12.0,774,4,SECUNDERABAD,SC,LOKMANYA TIL,LTT,23:05,11:05,64.5
12223,1260.0,21.0,1301,6,LOKMANYA TIL,LTT,ERNAKULAM. J,ERS,20:50,17:50,61.95
12224,1245.0,20.75,1306,6,ERNAKULAM. J,ERS,LOKMANYA TIL,LTT,21:30,18:15,62.94
12225,880.0,14.67,795,15,AZAMGARH,AMH,DELHI JN.,DLI,16:25,07:05,54.19
12226,855.0,14.25,796,15,DELHI JN.,DLI,AZAMGARH,AMH,19:15,09:30,55.86
12227,710.0,11.83,831,5,MUMBAI CENTR,BCT,INDORE BG,INDB,23:15,11:05,70.25
12228,760.0,12.67,831,5,INDORE BG,INDB,MUMBAI CENTR,BCT,23:00,11:40,65.59
12229,535.0,8.92,492,9,LUCKNOW JN.,LKO,NEW DELHI,NDLS,22:15,07:10,55.16
12230,520.0,8.67,492,9,NEW DELHI,NDLS,LUCKNOW JN.,LKO,22:05,06:45,56.75
12231,700.0,11.67,644,16,LUCKNOW JN.,LKO,CHANDIGARH,CDG,22:30,10:10,55.18
12232,700.0,11.67,644,16,CHANDIGARH,CDG,LUCKNOW JN.,LKO,21:10,08:50,55.18
12235,1180.0,19.67,2446,26,DIBRUGARH,DBRG,NEW DELHI,NDLS,18:15,13:55,124.35
12236,1250.0,20.83,2448,26,NEW DELHI,NDLS,DIBRUGARH,DBRG,09:25,06:15,117.52
12237,1355.0,22.58,1253,13,VARANASI JN.,BSB,JAMMU TAWI,JAT,12:50,11:25,55.49
12238,1360.0,22.67,1253,13,JAMMU TAWI,JAT,VARANASI JN.,BSB,14:00,12:40,55.27
12239,920.0,15.33,1157,5,MUMBAI CENTR,BCT,JAIPUR JN.,JP,23:15,14:35,75.47
12240,990.0,16.5,1158,5,JAIPUR JN.,JP,MUMBAI CENTR,BCT,19:10,11:40,70.18
12241,255.0,4.25,247,6,CHANDIGARH,CDG,AMRITSAR JN.,ASR,17:10,21:25,58.12
12242,240.0,4.0,247,6,AMRITSAR JN.,ASR,CHANDIGARH,CDG,05:15,09:15,61.75
12243,420.0,7.0,491,6,CHENNAI CENT,MAS,COIMBATORE,CBE,07:15,14:15,70.14
12244,410.0,6.83,493,6,COIMBATORE,CBE,CHENNAI CENT,MAS,15:25,22:15,72.18
12247,1025.0,17.08,1355,7,BANDRA TERMI,BDTS,HAZRAT NIZAM,NZM,16:35,09:40,79.33
12248,1065.0,17.75,1358,7,HAZRAT NIZAM,NZM,BANDRA TERMI,BDTS,15:35,09:20,76.51
12249,1000.0,16.67,1425,7,HOWRAH JN.,HWH,ANAND VIHAR,ANVT,18:40,11:20,85.48
12250,1010.0,16.83,1426,7,ANAND VIHAR,ANVT,HOWRAH JN.,HWH,19:50,12:40,84.73
12253,1140.0,19.0,2478,29,YESVANTPUR J,YPR,BHAGALPUR,BGP,13:30,08:30,130.42
12254,1175.0,19.58,2477,29,BHAGALPUR,BGP,YESVANTPUR J,YPR,13:30,09:05,126.51
12257,960.0,16.0,798,19,YESVANTPUR J,YPR,KOCHUVELI,KCVL,21:00,13:00,49.88
12258,990.0,16.5,797,19,KOCHUVELI,KCVL,YESVANTPUR J,YPR,17:00,09:30,48.3
12259,1020.0,17.0,1448,5,SEALDAH,SDAH,NEW DELHI,NDLS,18:30,11:30,85.18
12260,1015.0,16.92,1449,5,NEW DELHI,NDLS,SEALDAH,SDAH,19:40,12:35,85.64
12263,1185.0,19.75,1498,7,PUNE JN.,PUNE,HAZRAT NIZAM,NZM,11:10,06:55,75.85
12264,1215.0,20.25,1501,7,HAZRAT NIZAM,NZM,PUNE JN.,PUNE,10:55,07:10,74.12
12265,550.0,9.17,577,3,DELHI-SARAI,DEE,JAMMU TAWI,JAT,22:15,07:25,62.92
12266,540.0,9.0,577,3,JAMMU TAWI,JAT,DELHI-SARAI,DEE,19:20,04:20,64.11
12267,390.0,6.5,490,2,MUMBAI CENTR,BCT,AHMEDABAD,ADI,23:25,05:55,75.38
12268,380.0,6.33,490,2,AHMEDABAD,ADI,MUMBAI CENTR,BCT,23:40,06:00,77.41
12273,1310.0,21.83,1516,6,HOWRAH JN.,HWH,NEW DELHI,NDLS,08:35,06:25,69.45
12274,1305.0,21.75,1517,6,NEW DELHI,NDLS,HOWRAH JN.,HWH,12:55,10:40,69.75
12275,465.0,7.75,629,2,ALLAHABAD JN,ALD,NEW DELHI,NDLS,22:40,06:25,81.16
12276,455.0,7.58,629,2,NEW DELHI,NDLS,ALLAHABAD JN,ALD,22:15,05:50,82.98
12277,450.0,7.5,504,8,HOWRAH JN.,HWH,PURI,PURI,14:25,21:55,67.2
12278,475.0,7.92,503,8,PURI,PURI,HOWRAH JN.,HWH,05:45,13:40,63.51
12279,405.0,6.75,385,11,JHANSI JN,JHS,HAZRAT NIZAM,NZM,15:20,22:05,57.04
12280,430.0,7.17,388,11,HAZRAT NIZAM,NZM,JHANSI JN,JHS,07:00,14:10,54.11
12281,1345.0,22.42,1714,6,BHUBANESWAR,BBS,NEW DELHI,NDLS,08:00,06:25,76.45
12282,1310.0,21.83,1717,6,NEW DELHI,NDLS,BHUBANESWAR,BBS,12:55,10:45,78.65
12283,1210.0,20.17,2636,11,ERNAKULAM. J,ERS,HAZRAT NIZAM,NZM,23:30,19:40,130.69
12284,1085.0,18.08,2634,11,HAZRAT NIZAM,NZM,ERNAKULAM. J,ERS,21:35,15:40,145.69
12285,1285.0,21.42,1651,6,SECUNDERABAD,SC,HAZRAT NIZAM,NZM,13:10,10:35,77.08
12286,1335.0,22.25,1652,6,HAZRAT NIZAM,NZM,SECUNDERABAD,SC,15:45,14:00,74.25
12289,665.0,11.08,841,4,CST-MUMBAI,CSMT,NAGPUR JN.(C,NGP,20:15,07:20,75.9
12290,685.0,11.42,841,4,NAGPUR JN.(C,NGP,CST-MUMBAI,CSMT,20:40,08:05,73.64
12291,390.0,6.5,364,7,YESVANTPUR J,YPR,CHENNAI CENT,MAS,22:45,05:15,56.0
12292,390.0,6.5,363,7,CHENNAI CENT,MAS,YESVANTPUR J,YPR,23:30,06:00,55.85
12293,1150.0,19.17,1353,5,LOKMANYA TIL,LTT,ALLAHABAD JN,ALD,17:25,12:35,70.58
12294,1165.0,19.42,1352,5,ALLAHABAD JN,ALD,LOKMANYA TIL,LTT,19:30,14:55,69.62
12297,520.0,8.67,623,4,AHMEDABAD,ADI,PUNE JN.,PUNE,22:30,07:10,71.86
12298,525.0,8.75,622,4,PUNE JN.,PUNE,AHMEDABAD,ADI,21:35,06:20,71.09
12301,1025.0,17.08,1438,8,HOWRAH JN.,HWH,NEW DELHI,NDLS,16:55,10:00,84.19
12302,1015.0,16.92,1439,8,NEW DELHI,NDLS,HOWRAH JN.,HWH,16:55,09:50,85.05
12303,1320.0,22.0,1516,25,HOWRAH JN.,HWH,NEW DELHI,NDLS,08:05,06:05,68.91
12304,1400.0,23.33,1517,25,NEW DELHI,NDLS,HOWRAH JN.,HWH,17:35,16:55,65.02
12305,1195.0,19.92,1516,9,HOWRAH JN.,HWH,NEW DELHI,NDLS,14:05,10:00,76.1
12306,1160.0,19.33,1517,9,NEW DELHI,NDLS,HOWRAH JN.,HWH,16:55,12:15,78.48
12308,450.0,7.5,1805,28,JODHPUR JN.,JU,HOWRAH JN.,HWH,20:30,04:00,240.67
12309,760.0,12.67,987,6,RAJENDRANAGA,RJPB,NEW DELHI,NDLS,19:00,07:40,77.9
12310,735.0,12.25,987,6,NEW DELHI,NDLS,RAJENDRANAGA,RJPB,17:15,05:30,80.57
12311,530.0,8.83,1699,39,HOWRAH JN.,HWH,KALKA,KLK,19:40,04:30,192.41
12312,480.0,8.0,1700,40,KALKA,KLK,HOWRAH JN.,HWH,23:55,07:55,212.5
12313,1055.0,17.58,1448,8,SEALDAH,SDAH,NEW DELHI,NDLS,16:50,10:25,82.37
12314,1065.0,17.75,1449,8,NEW DELHI,NDLS,SEALDAH,SDAH,16:25,10:10,81.63
12315,815.0,13.58,2119,23,KOLKATA,KOAA,UDAIPUR CITY,UDZ,13:10,02:45,156.04
12316,890.0,14.83,2120,23,UDAIPUR CITY,UDZ,KOLKATA,KOAA,00:20,15:10,142.95
12317,580.0,9.67,1884,23,KOLKATA,KOAA,AMRITSAR JN.,ASR,07:40,17:20,194.83
12318,560.0,9.33,1885,23,AMRITSAR JN.,ASR,KOLKATA,KOAA,05:55,15:15,202.04
12319,1370.0,22.83,1416,12,KOLKATA,KOAA,AGRA CANTT,AGC,13:10,12:00,62.02
12321,805.0,13.42,2165,48,HOWRAH JN.,HWH,CST-MUMBAI,CSMT,22:00,11:25,161.33
12322,855.0,14.25,2167,49,CST-MUMBAI,CSMT,HOWRAH JN.,HWH,21:30,11:45,152.07
12323,1335.0,22.25,1425,9,HOWRAH JN.,HWH,ANAND VIHAR,ANVT,18:50,17:05,64.04
12324,1375.0,22.92,1426,9,ANAND VIHAR,ANVT,HOWRAH JN.,HWH,07:05,06:00,62.22
12325,500.0,8.33,1792,18,KOLKATA,KOAA,NANGAL DAM,NLDM,07:40,16:00,215.13
12326,500.0,8.33,1793,18,NANGAL DAM,NLDM,KOLKATA,KOAA,06:55,15:15,215.25
12329,1360.0,22.67,1435,8,SEALDAH,SDAH,ANAND VIHAR,ANVT,13:10,11:50,63.3
12330,1335.0,22.25,1436,8,ANAND VIHAR,ANVT,SEALDAH,SDAH,19:10,17:25,64.54
12331,760.0,12.67,2010,32,HOWRAH JN.,HWH,JAMMU TAWI,JAT,23:55,12:35,158.64
12332,765.0,12.75,2011,32,JAMMU TAWI,JAT,HOWRAH JN.,HWH,22:45,11:30,157.73
12333,960.0,16.0,878,31,HOWRAH JN.,HWH,ALLAHABAD CI,ALY,20:00,12:00,54.88
12334,950.0,15.83,879,31,ALLAHABAD CI,ALY,HOWRAH JN.,HWH,15:40,07:30,55.53
12335,660.0,11.0,1917,39,BHAGALPUR,BGP,LOKMANYA TIL,LTT,09:00,20:00,174.27
12336,625.0,10.42,1918,38,LOKMANYA TIL,LTT,BHAGALPUR,BGP,08:05,18:30,184.07
12337,135.0,2.25,146,4,HOWRAH JN.,HWH,BOLPUR,BHP,10:10,12:25,64.89
12338,150.0,2.5,146,4,BOLPUR,BHP,HOWRAH JN.,HWH,13:10,15:40,58.4
12339,260.0,4.33,258,13,HOWRAH JN.,HWH,DHANBAD JN.,DHN,17:20,21:40,59.58
12340,270.0,4.5,259,13,DHANBAD JN.,DHN,HOWRAH JN.,HWH,05:55,10:25,57.56
12341,195.0,3.25,199,7,HOWRAH JN.,HWH,ASANSOL MAIN,ASN,18:20,21:35,61.23
12342,195.0,3.25,200,7,ASANSOL MAIN,ASN,HOWRAH JN.,HWH,05:30,08:45,61.54
12343,595.0,9.92,571,6,SEALDAH,SDAH,NEW JALPAIGU,NJP,22:05,08:00,57.56
12344,600.0,10.0,571,6,NEW JALPAIGU,NJP,SEALDAH,SDAH,20:00,06:00,57.1
12345,1080.0,18.0,1023,13,HOWRAH JN.,HWH,GUWAHATI,GHY,15:50,09:50,56.83
12346,1000.0,16.67,1023,13,GUWAHATI,GHY,HOWRAH JN.,HWH,12:30,05:10,61.37
12347,220.0,3.67,206,9,HOWRAH JN.,HWH,RAMPUR HAT,RPH,11:55,15:35,56.13
12348,220.0,3.67,206,9,RAMPUR HAT,RPH,HOWRAH JN.,HWH,16:35,20:15,56.13
12349,1170.0,19.5,1206,13,BHAGALPUR,BGP,NEW DELHI,NDLS,17:30,13:00,61.85
12350,1215.0,20.25,1206,13,NEW DELHI,NDLS,BHAGALPUR,BGP,23:45,20:00,59.56
12351,580.0,9.67,528,23,HOWRAH JN.,HWH,RAJENDRANAGA,RJPB,20:35,06:15,54.6
12352,565.0,9.42,529,23,RAJENDRANAGA,RJPB,HOWRAH JN.,HWH,21:10,06:35,56.16
12353,1385.0,23.08,1299,18,HOWRAH JN.,HWH,LALKUA JN.,LKU,08:15,07:20,56.28
12354,1415.0,23.58,1300,18,LALKUA JN.,LKU,HOWRAH JN.,HWH,19:20,18:55,55.13
12359,565.0,9.42,534,13,KOLKATA,KOAA,PATNA JN.,PNBE,20:05,05:30,56.69
12360,550.0,9.17,534,13,PATNA JN.,PNBE,KOLKATA,KOAA,20:05,05:15,58.23
12361,630.0,10.5,2043,21,ASANSOL MAIN,ASN,CST-MUMBAI,CSMT,19:45,06:15,194.57
12362,730.0,12.17,2044,21,CST-MUMBAI,CSMT,ASANSOL MAIN,ASN,11:05,23:15,167.95
12363,675.0,11.25,621,11,KOLKATA,KOAA,HALDIBARI,HDB,09:05,20:20,55.2
12364,670.0,11.17,620,11,HALDIBARI,HDB,KOLKATA,KOAA,08:30,19:40,55.51
12365,475.0,7.92,410,12,PATNA JN.,PNBE,RANCHI,RNC,06:00,13:55,51.77
12366,470.0,7.83,407,12,RANCHI,RNC,PATNA JN.,PNBE,14:25,22:15,51.98
12367,1245.0,20.75,1193,21,BHAGALPUR,BGP,ANAND VIHAR,ANVT,11:15,08:00,57.49
12368,1305.0,21.75,1193,21,ANAND VIHAR,ANVT,BHAGALPUR,BGP,14:40,12:25,54.85
12371,930.0,15.5,2245,29,HOWRAH JN.,HWH,JAISALMER,JSM,08:15,23:45,144.84
12372,920.0,15.33,2246,29,JAISALMER,JSM,HOWRAH JN.,HWH,01:10,16:30,146.51
12373,220.0,3.67,217,7,SEALDAH,SDAH,RAMPUR HAT,RPH,09:05,12:45,59.13
12374,220.0,3.67,216,7,RAMPUR HAT,RPH,SEALDAH,SDAH,11:00,14:40,58.86
12375,435.0,7.25,1729,27,CHENNAI CENT,MAS,ASANSOL MAIN,ASN,14:40,21:55,238.48
12377,775.0,12.92,718,10,SEALDAH,SDAH,NEW ALIPURDU,NOQ,23:15,12:10,55.57
12378,780.0,13.0,718,10,NEW ALIPURDU,NOQ,SEALDAH,SDAH,17:45,06:45,55.23
12381,1310.0,21.83,1438,22,HOWRAH JN.,HWH,NEW DELHI,NDLS,08:15,06:05,65.87
12382,1400.0,23.33,1439,22,NEW DELHI,NDLS,HOWRAH JN.,HWH,17:35,16:55,61.68
12383,235.0,3.92,221,9,SEALDAH,SDAH,ASANSOL MAIN,ASN,17:00,20:55,56.38
12384,235.0,3.92,222,9,ASANSOL MAIN,ASN,SEALDAH,SDAH,06:45,10:40,56.63
12389,900.0,15.0,2348,17,GAYA JN.,GAYA,CHENNAI EGMO,MS,05:45,20:45,156.53
12390,880.0,14.67,2353,17,CHENNAI EGMO,MS,GAYA JN.,GAYA,07:00,21:40,160.4
12391,1270.0,21.17,1092,33,RAJGIR,RGD,NEW DELHI,NDLS,08:00,05:10,51.58
12392,1260.0,21.0,1092,33,NEW DELHI,NDLS,RAJGIR,RGD,13:10,10:10,52.0
12393,855.0,14.25,987,5,RAJENDRANAGA,RJPB,NEW DELHI,NDLS,17:35,07:50,69.26
12394,850.0,14.17,987,5,NEW DELHI,NDLS,RAJENDRANAGA,RJPB,17:25,07:35,69.65
12395,1225.0,20.42,1287,15,RAJENDRANAGA,RJPB,AJMER JN.,AII,18:45,15:10,63.03
12396,1390.0,23.17,1287,15,AJMER JN.,AII,RAJENDRANAGA,RJPB,23:55,23:05,55.55
12397,855.0,14.25,981,15,GAYA JN.,GAYA,NEW DELHI,NDLS,14:20,04:35,68.84
12398,905.0,15.08,981,15,NEW DELHI,NDLS,GAYA JN.,GAYA,12:10,03:15,65.05
12401,1180.0,19.67,1049,28,ISLAMPUR,IPR,NEW DELHI,NDLS,16:10,11:50,53.33
12402,1125.0,18.75,1049,28,NEW DELHI,NDLS,ISLAMPUR,IPR,20:00,14:45,55.95
12407,560.0,9.33,1821,19,NEW JALPAIGU,NJP,AMRITSAR JN.,ASR,08:15,17:35,195.18
12408,545.0,9.08,1824,19,AMRITSAR JN.,ASR,NEW JALPAIGU,NJP,09:30,18:35,200.88
12411,270.0,4.5,247,9,CHANDIGARH,CDG,AMRITSAR JN.,ASR,07:00,11:30,54.89
12412,265.0,4.42,247,9,AMRITSAR JN.,ASR,CHANDIGARH,CDG,17:30,21:55,55.88
12413,1095.0,18.25,1016,21,AJMER JN.,AII,JAMMU TAWI,JAT,14:05,08:20,55.67
12414,1090.0,18.17,1017,22,JAMMU TAWI,JAT,AJMER JN.,AII,18:10,12:20,55.97
12415,855.0,14.25,815,23,INDORE BG,INDB,DELHI-SARAI,DEE,16:35,06:50,57.19
12416,870.0,14.5,817,22,DELHI-SARAI,DEE,INDORE BG,INDB,21:10,11:40,56.34
12417,570.0,9.5,624,6,ALLAHABAD JN,ALD,NEW DELHI,NDLS,21:30,07:00,65.68
12418,570.0,9.5,624,7,NEW DELHI,NDLS,ALLAHABAD JN,ALD,21:20,06:50,65.68
12419,545.0,9.08,504,16,LUCKNOW JN.,LKO,NEW DELHI,NDLS,06:00,15:05,55.51
12420,540.0,9.0,504,16,NEW DELHI,NDLS,LUCKNOW JN.,LKO,12:25,21:25,56.0
12421,665.0,11.08,1927,23,NANDED,NED,AMRITSAR JN.,ASR,11:00,22:05,173.92
12422,555.0,9.25,1929,23,AMRITSAR JN.,ASR,NANDED,NED,14:30,23:45,208.54
12423,900.0,15.0,2422,22,DIBRUGARH TO,DBRT,NEW DELHI,NDLS,19:20,10:20,161.47
12424,950.0,15.83,2423,22,NEW DELHI,NDLS,DIBRUGARH TO,DBRT,16:10,08:00,153.06
12425,545.0,9.08,576,5,NEW DELHI,NDLS,JAMMU TAWI,JAT,20:40,05:45,63.44
12426,560.0,9.33,576,5,JAMMU TAWI,JAT,NEW DELHI,NDLS,19:40,05:00,61.74
12427,875.0,14.58,844,12,REWA,REWA,ANAND VIHAR,ANVT,16:00,06:35,57.89
12428,825.0,13.75,844,13,ANAND VIHAR,ANVT,REWA,REWA,21:15,11:00,61.38
12431,1045.0,17.42,2841,19,TRIVANDRUM C,TVC,HAZRAT NIZAM,NZM,19:15,12:40,163.09
12432,1080.0,18.0,2840,19,HAZRAT NIZAM,NZM,TRIVANDRUM C,TVC,10:55,04:55,157.78
12435,1185.0,19.75,2452,26,DIBRUGARH TO,DBRT,NEW DELHI,NDLS,18:10,13:55,124.15
12436,1320.0,22.0,2454,26,NEW DELHI,NDLS,DIBRUGARH TO,DBRT,09:25,07:25,111.55
12437,1300.0,21.67,1651,7,SECUNDERABAD,SC,HAZRAT NIZAM,NZM,12:45,10:25,76.19
12438,1325.0,22.08,1652,7,HAZRAT NIZAM,NZM,SECUNDERABAD,SC,15:55,14:00,74.82
12439,1015.0,16.92,1297,8,RANCHI,RNC,NEW DELHI,NDLS,17:55,10:50,76.65
12440,1020.0,17.0,1300,8,NEW DELHI,NDLS,RANCHI,RNC,16:00,09:00,76.47
12441,1255.0,20.92,1487,10,BILASPUR JN.,BSP,NEW DELHI,NDLS,14:00,10:55,71.08
12442,1215.0,20.25,1483,10,NEW DELHI,NDLS,BILASPUR JN.,BSP,15:45,12:00,73.23
12445,710.0,11.83,654,11,NEW DELHI,NDLS,SHRI MATA VA,SVDK,20:50,08:40,55.28
12446,705.0,11.75,654,11,SHRI MATA VA,SVDK,NEW DELHI,NDLS,19:00,06:45,55.66
12447,740.0,12.33,676,12,MANIKPUR JN.,MKP,HAZRAT NIZAM,NZM,17:05,05:25,54.83
12448,745.0,12.42,679,12,HAZRAT NIZAM,NZM,MANIKPUR JN.,MKP,20:10,08:35,54.67
12449,745.0,12.42,2159,14,MADGOAN JN.,MAO,CHANDIGARH,CDG,11:20,23:45,173.83
12450,760.0,12.67,2157,14,CHANDIGARH,CDG,MADGOAN JN.,MAO,02:05,14:45,170.24
12451,410.0,6.83,430,3,KANPUR CENTR,CNB,NEW DELHI,NDLS,23:45,06:35,62.96
12452,395.0,6.58,430,3,NEW DELHI,NDLS,KANPUR CENTR,CNB,23:55,06:30,65.35
12453,1060.0,17.67,1333,7,RANCHI,RNC,NEW DELHI,NDLS,17:10,10:50,75.44
12454,1110.0,18.5,1336,7,NEW DELHI,NDLS,RANCHI,RNC,16:00,10:30,72.22
12455,870.0,14.5,790,21,DELHI-SARAI,DEE,BIKANER JN.,BKN,22:45,13:15,54.48
12456,875.0,14.58,790,21,BIKANER JN.,BKN,DELHI-SARAI,DEE,16:45,07:20,54.18
12457,465.0,7.75,455,14,DELHI-SARAI,DEE,BIKANER JN.,BKN,23:35,07:20,58.71
12458,460.0,7.67,455,14,BIKANER JN.,BKN,DELHI-SARAI,DEE,22:30,06:10,59.32
12459,485.0,8.08,447,15,NEW DELHI,NDLS,AMRITSAR JN.,ASR,13:40,21:45,55.32
12460,480.0,8.0,447,17,AMRITSAR JN.,ASR,NEW DELHI,NDLS,06:15,14:15,55.88
12461,645.0,10.75,618,18,DELHI JN.,DLI,JODHPUR JN.,JU,21:15,08:00,57.49
12462,655.0,10.92,619,16,JODHPUR JN.,JU,DELHI JN.,DLI,19:45,06:40,56.68
12463,610.0,10.17,614,8,DELHI-SARAI,DEE,JODHPUR JN.,JU,22:25,08:35,60.37
12464,640.0,10.67,615,8,JODHPUR JN.,JU,DELHI-SARAI,DEE,19:00,05:40,57.64
12465,975.0,16.25,905,29,INDORE BG,INDB,JODHPUR JN.,JU,06:00,22:15,55.69
12466,995.0,16.58,906,29,JODHPUR JN.,JU,INDORE BG,INDB,05:55,22:30,54.64
12467,760.0,12.67,700,22,JAISALMER,JSM,JAIPUR JN.,JP,23:55,12:35,55.25
12468,755.0,12.58,699,22,JAIPUR JN.,JP,JAISALMER,JSM,16:15,04:50,55.56
12469,1110.0,18.5,1025,14,KANPUR CENTR,CNB,JAMMU TAWI,JAT,17:20,11:50,55.41
12470,1120.0,18.67,1025,14,JAMMU TAWI,JAT,KANPUR CENTR,CNB,20:10,14:50,54.9
12471,555.0,9.25,2017,26,BANDRA TERMI,BDTS,SHRI MATA VA,SVDK,07:55,17:10,218.05
12472,535.0,8.92,2019,26,SHRI MATA VA,SVDK,BANDRA TERMI,BDTS,09:10,18:05,226.35
12475,700.0,11.67,2055,31,HAPA,HAPA,SHRI MATA VA,SVDK,05:30,17:10,176.09
12476,700.0,11.67,2058,31,SHRI MATA VA,SVDK,HAPA,HAPA,09:10,20:50,176.35
12477,715.0,11.92,2064,31,JAMNAGAR,JAM,SHRI MATA VA,SVDK,05:15,17:10,173.15
12478,710.0,11.83,2066,31,SHRI MATA VA,SVDK,JAMNAGAR,JAM,09:10,21:00,174.64
12479,1010.0,16.83,934,17,JODHPUR JN.,JU,BANDRA TERMI,BDTS,18:45,11:35,55.5
12480,1020.0,17.0,932,17,BANDRA TERMI,BDTS,JODHPUR JN.,JU,13:30,06:30,54.82
12481,450.0,7.5,409,15,DELHI JN.,DLI,SHRI GANGANA,SGNR,13:10,20:40,54.53
12482,460.0,7.67,409,15,SHRI GANGANA,SGNR,DELHI JN.,DLI,05:55,13:35,53.32
12485,690.0,11.5,1937,27,NANDED,NED,SHRI GANGANA,SGNR,11:00,22:30,168.43
12486,540.0,9.0,1940,27,SHRI GANGANA,SGNR,NANDED,NED,14:45,23:45,215.56
12489,1340.0,22.33,1244,22,BIKANER JN.,BKN,DADAR,DDR,13:40,12:00,55.71
12490,1355.0,22.58,1244,22,DADAR,DDR,BIKANER JN.,BKN,14:35,13:10,55.09
12491,410.0,6.83,1609,22,BARAUNI JN.,BJU,JAMMU TAWI,JAT,05:00,11:50,235.58
12494,1430.0,23.83,1501,10,HAZRAT NIZAM,NZM,PUNE JN.,PUNE,21:35,21:25,62.99
12495,475.0,7.92,1878,20,BIKANER JN.,BKN,KOLKATA,KOAA,05:20,13:15,237.12
12497,460.0,7.67,447,14,NEW DELHI,NDLS,AMRITSAR JN.,ASR,06:40,14:20,58.28
12498,460.0,7.67,447,15,AMRITSAR JN.,ASR,NEW DELHI,NDLS,15:10,22:50,58.28
12502,540.0,9.0,1914,10,NEW DELHI,NDLS,GUWAHATI,GHY,23:45,08:45,212.67
12505,575.0,9.58,1850,30,GUWAHATI,GHY,ANAND VIHAR,ANVT,09:45,19:20,193.11
12506,605.0,10.08,1850,29,ANAND VIHAR,ANVT,GUWAHATI,GHY,06:45,16:50,183.53
12513,1350.0,22.5,2564,31,SECUNDERABAD,SC,GUWAHATI,GHY,07:30,06:00,113.96
12514,1300.0,21.67,2567,30,GUWAHATI,GHY,SECUNDERABAD,SC,06:20,04:00,118.46
12517,1095.0,18.25,1027,14,KOLKATA,KOAA,GUWAHATI,GHY,21:40,15:55,56.27
12518,1080.0,18.0,1027,14,GUWAHATI,GHY,KOLKATA,KOAA,21:00,15:00,57.06
12519,1235.0,20.58,2568,28,LOKMANYA TIL,LTT,KAMAKHYA JN,KYQ,07:50,04:25,124.78
12520,1230.0,20.5,2567,28,KAMAKHYA JN,KYQ,LOKMANYA TIL,LTT,21:00,17:30,125.22
12521,840.0,14.0,3427,63,BARAUNI JN.,BJU,ERNAKULAM. J,ERS,23:00,13:00,244.79
12527,475.0,7.92,395,11,RAMNAGAR,RMR,CHANDIGARH,CDG,05:35,13:30,49.87
12529,645.0,10.75,518,10,PATLIPUTRA,PPTA,LUCKNOW JN.,LJN,15:50,02:35,48.19
12530,590.0,9.83,522,10,LUCKNOW JN.,LJN,PATLIPUTRA,PPTA,05:00,14:50,53.1
12531,300.0,5.0,277,12,GORAKHPUR JN,GKP,LUCKNOW JN.,LJN,06:00,11:00,55.4
12532,300.0,5.0,278,12,LUCKNOW JN.,LJN,GORAKHPUR JN,GKP,16:35,21:35,55.6
12535,1025.0,17.08,903,13,LUCKNOW JN.,LJN,RAIPUR JN.,R,14:10,07:15,52.87
12536,1005.0,16.75,905,12,RAIPUR JN.,R,LUCKNOW JN.,LJN,12:20,05:05,54.03
12537,590.0,9.83,543,15,MUZAFFARPUR,MFP,MANDUADIH,MUV,20:10,06:00,55.24
12538,615.0,10.25,543,15,MANDUADIH,MUV,MUZAFFARPUR,MFP,07:30,17:45,52.98
12539,1320.0,22.0,2548,18,YESVANTPUR J,YPR,LUCKNOW JN.,LKO,10:50,08:50,115.82
12540,1240.0,20.67,2541,18,LUCKNOW JN.,LKO,YESVANTPUR J,YPR,20:00,16:40,122.93
12545,795.0,13.25,2045,21,RAXAUL JN.,RXL,LOKMANYA TIL,LTT,16:45,06:00,154.34
12546,805.0,13.42,2045,21,LOKMANYA TIL,LTT,RAXAUL JN.,RXL,11:20,00:45,152.38
12547,925.0,15.42,866,12,AGRA  FORT,AF,AHMEDABAD,ADI,22:15,13:40,56.16
12548,925.0,15.42,864,12,AHMEDABAD,ADI,AGRA  FORT,AF,16:55,08:20,56.03
12549,550.0,9.17,1847,18,DURG,DURG,JAMMU TAWI,JAT,12:00,21:10,201.42
12550,560.0,9.33,1858,18,JAMMU TAWI,JAT,DURG,DURG,05:00,14:20,199.14
12553,1275.0,21.25,1167,21,BARAUNI JN.,BJU,NEW DELHI,NDLS,09:30,06:45,54.92
12554,1285.0,21.42,1170,21,NEW DELHI,NDLS,BARAUNI JN.,BJU,19:50,17:15,54.62
12555,1045.0,17.42,952,15,GORAKHPUR JN,GKP,HISAR JN,HSR,16:35,10:00,54.65
12556,1045.0,17.42,953,15,HISAR JN,HSR,GORAKHPUR JN,GKP,16:20,09:45,54.71
12557,1155.0,19.25,1057,16,MUZAFFARPUR,MFP,ANAND VIHAR,ANVT,12:35,07:50,54.91
12558,1175.0,19.58,1059,16,ANAND VIHAR,ANVT,MUZAFFARPUR,MFP,14:50,10:25,54.09
12559,750.0,12.5,745,4,MANDUADIH,MUV,NEW DELHI,NDLS,19:40,08:10,59.6
12560,725.0,12.08,745,4,NEW DELHI,NDLS,MANDUADIH,MUV,18:55,07:00,61.67
12561,1350.0,22.5,1223,22,JAYNAGAR,JYG,NEW DELHI,NDLS,14:00,12:30,54.36
12562,1355.0,22.58,1224,21,NEW DELHI,NDLS,JAYNAGAR,JYG,20:40,19:15,54.21
12565,1255.0,20.92,1153,11,DARBHANGA JN,DBG,NEW DELHI,NDLS,08:35,05:30,55.11
12566,1260.0,21.0,1156,11,NEW DELHI,NDLS,DARBHANGA JN,DBG,14:15,11:15,55.05
12567,240.0,4.0,219,9,SAHARSA JN.,SHC,PATNA JN.,PNBE,07:00,11:00,54.75
12568,240.0,4.0,219,9,PATNA JN.,PNBE,SAHARSA JN.,SHC,12:45,16:45,54.75
12569,1220.0,20.33,1238,23,JAYNAGAR,JYG,ANAND VIHAR,ANVT,12:00,08:20,60.9
12570,1240.0,20.67,1238,23,ANAND VIHAR,ANVT,JAYNAGAR,JYG,16:55,13:35,59.89
12572,800.0,13.33,829,9,ANAND VIHAR,ANVT,GORAKHPUR JN,GKP,20:00,09:20,62.19
12581,830.0,13.83,745,6,MANDUADIH,MUV,NEW DELHI,NDLS,22:30,12:20,53.87
12582,755.0,12.58,745,6,NEW DELHI,NDLS,MANDUADIH,MUV,22:35,11:10,59.22
12587,1335.0,22.25,1246,18,GORAKHPUR JN,GKP,JAMMU TAWI,JAT,14:20,12:35,56.0
12588,1305.0,21.75,1247,18,JAMMU TAWI,JAT,GORAKHPUR JN,GKP,22:45,20:30,57.33
12589,515.0,8.58,1833,31,GORAKHPUR JN,GKP,SECUNDERABAD,SC,06:35,15:10,213.64
12590,480.0,8.0,1836,31,SECUNDERABAD,SC,GORAKHPUR JN,GKP,07:20,15:20,229.5
12591,1305.0,21.75,2513,40,GORAKHPUR JN,GKP,YESVANTPUR J,YPR,06:35,04:20,115.54
12592,1305.0,21.75,2504,40,YESVANTPUR J,YPR,GORAKHPUR JN,GKP,17:20,15:05,115.13
12593,650.0,10.83,581,6,LUCKNOW JN.,LJN,BHOPAL,BPL,22:45,09:35,53.65
12594,660.0,11.0,581,6,BHOPAL,BPL,LUCKNOW JN.,LJN,22:45,09:45,52.82
12595,770.0,12.83,760,6,GORAKHPUR JN,GKP,ANAND VIHAR,ANVT,20:00,08:50,59.24
12596,710.0,11.83,761,6,ANAND VIHAR,ANVT,GORAKHPUR JN,GKP,20:00,07:50,64.33
12601,965.0,16.08,883,31,CHENNAI CENT,MAS,MANGALORE CE,MAQ,20:20,12:25,54.91
12602,975.0,16.25,885,33,MANGALORE CE,MAQ,CHENNAI CENT,MAS,13:25,05:40,54.46
12603,780.0,13.0,715,22,CHENNAI CENT,MAS,HYDERABAD DE,HYB,16:45,05:45,55.0
12604,785.0,13.08,716,21,HYDERABAD DE,HYB,CHENNAI CENT,MAS,16:50,05:55,54.74
12605,435.0,7.25,425,13,CHENNAI EGMO,MS,KARAIKKUDI,KKDI,15:45,23:00,58.62
12606,425.0,7.08,425,13,KARAIKKUDI,KKDI,CHENNAI EGMO,MS,05:05,12:10,60.03
12607,360.0,6.0,360,12,CHENNAI CENT,MAS,KRANTIVIRA S,SBC,15:35,21:35,60.0
12608,345.0,5.75,361,13,KRANTIVIRA S,SBC,CHENNAI CENT,MAS,06:30,12:15,62.78
12609,390.0,6.5,360,19,CHENNAI CENT,MAS,KRANTIVIRA S,SBC,13:35,20:05,55.38
12610,390.0,6.5,361,19,KRANTIVIRA S,SBC,CHENNAI CENT,MAS,08:00,14:30,55.54
12613,150.0,2.5,138,4,MYSORE JN.,MYS,KRANTIVIRA S,SBC,11:30,14:00,55.2
12614,150.0,2.5,138,4,KRANTIVIRA S,SBC,MYSORE JN.,MYS,15:00,17:30,55.2
12615,715.0,11.92,2169,41,CHENNAI CENT,MAS,DELHI-SARAI,DEE,19:15,07:10,181.96
12616,750.0,12.5,2168,40,DELHI-SARAI,DEE,CHENNAI CENT,MAS,17:50,06:20,173.44
12619,970.0,16.17,893,24,LOKMANYA TIL,LTT,MANGALORE CE,MAQ,15:20,07:30,55.23
12620,960.0,16.0,899,22,MANGALORE CE,MAQ,LOKMANYA TIL,LTT,14:35,06:35,56.19
12621,545.0,9.08,2163,12,CHENNAI CENT,MAS,NEW DELHI,NDLS,22:00,07:05,238.22
12622,520.0,8.67,2163,11,NEW DELHI,NDLS,CHENNAI CENT,MAS,22:30,07:10,249.48
12623,960.0,16.0,913,21,CHENNAI CENT,MAS,TRIVANDRUM C,TVC,19:45,11:45,57.06
12624,1000.0,16.67,916,22,TRIVANDRUM C,TVC,CHENNAI CENT,MAS,14:50,07:30,54.95
12627,910.0,15.17,2386,36,KRANTIVIRA S,SBC,NEW DELHI,NDLS,19:20,10:30,157.28
12628,985.0,16.42,2389,35,NEW DELHI,NDLS,KRANTIVIRA S,SBC,21:15,13:40,145.49
12629,1395.0,23.25,2595,14,YESVANTPUR J,YPR,HAZRAT NIZAM,NZM,13:45,13:00,111.61
12630,1295.0,21.58,2595,14,HAZRAT NIZAM,NZM,YESVANTPUR J,YPR,08:45,06:20,120.25
12631,660.0,11.0,649,15,CHENNAI EGMO,MS,TIRUNELVELI,TEN,20:10,07:10,59.0
12632,670.0,11.17,649,16,TIRUNELVELI,TEN,CHENNAI EGMO,MS,19:45,06:55,58.1
12633,780.0,13.0,738,17,CHENNAI EGMO,MS,KANNIYAKUMAR,CAPE,17:15,06:15,56.77
12634,785.0,13.08,737,18,KANNIYAKUMAR,CAPE,CHENNAI EGMO,MS,17:20,06:25,56.35
12635,460.0,7.67,492,10,CHENNAI EGMO,MS,MADURAI JN,MDU,13:40,21:20,64.15
12636,455.0,7.58,492,11,MADURAI JN,MDU,CHENNAI EGMO,MS,07:00,14:35,64.91
12637,495.0,8.25,492,11,CHENNAI EGMO,MS,MADURAI JN,MDU,21:40,05:55,59.64
12638,500.0,8.33,492,12,MADURAI JN,MDU,CHENNAI EGMO,MS,20:35,04:55,59.06
12639,370.0,6.17,360,12,CHENNAI CENT,MAS,KRANTIVIRA S,SBC,07:50,14:00,58.35
12640,365.0,6.08,361,13,KRANTIVIRA S,SBC,CHENNAI CENT,MAS,15:00,21:05,59.38
12641,1365.0,22.75,2899,25,KANNIYAKUMAR,CAPE,HAZRAT NIZAM,NZM,19:15,18:00,127.43
12645,1330.0,22.17,2786,29,ERNAKULAM. J,ERS,HAZRAT NIZAM,NZM,19:00,17:10,125.67
12647,1390.0,23.17,2650,28,COIMBATORE,CBE,HAZRAT NIZAM,NZM,15:05,14:15,114.37
12649,675.0,11.25,2257,9,YESVANTPUR J,YPR,HAZRAT NIZAM,NZM,22:00,09:15,200.62
12650,790.0,13.17,2258,9,HAZRAT NIZAM,NZM,YESVANTPUR J,YPR,06:25,19:35,171.45
12651,1050.0,17.5,2653,15,MADURAI JN,MDU,HAZRAT NIZAM,NZM,00:30,18:00,151.6
12652,1215.0,20.25,2652,15,HAZRAT NIZAM,NZM,MADURAI JN,MDU,07:10,03:25,130.96
12653,345.0,5.75,336,14,CHENNAI EGMO,MS,TIRUCHIRAPPA,TPJ,23:30,05:15,58.43
12654,360.0,6.0,335,15,TIRUCHIRAPPA,TPJ,CHENNAI EGMO,MS,22:40,04:40,55.83
12655,510.0,8.5,1893,41,AHMEDABAD,ADI,CHENNAI CENT,MAS,07:35,16:05,222.71
12656,530.0,8.83,1895,42,CHENNAI CENT,MAS,AHMEDABAD,ADI,09:35,18:25,214.61
12657,355.0,5.92,360,8,CHENNAI CENT,MAS,KRANTIVIRA S,SBC,23:15,05:10,60.81
12658,355.0,5.92,361,8,KRANTIVIRA S,SBC,CHENNAI CENT,MAS,22:40,04:35,60.98
12659,1385.0,23.08,2579,44,NAGERCOIL JN,NCJ,SHALIMAR,SHM,14:45,13:50,111.74
12660,1365.0,22.75,2579,44,SHALIMAR,SHM,NAGERCOIL JN,NCJ,23:05,21:50,113.36
12661,705.0,11.75,665,18,CHENNAI EGMO,MS,SENGOTTAI JN,SCT,21:05,08:50,56.6
12662,700.0,11.67,665,18,SENGOTTAI JN,SCT,CHENNAI EGMO,MS,18:15,05:55,56.98
12663,680.0,11.33,2005,24,HOWRAH JN.,HWH,TIRUCHIRAPPA,TPJ,16:10,03:30,176.96
12664,650.0,10.83,2004,24,TIRUCHIRAPPA,TPJ,HOWRAH JN.,HWH,16:20,03:10,185.04
12665,1095.0,18.25,2407,32,HOWRAH JN.,HWH,KANNIYAKUMAR,CAPE,16:10,10:25,131.89
12666,1160.0,19.33,2406,32,KANNIYAKUMAR,CAPE,HOWRAH JN.,HWH,07:50,03:10,124.47
12667,795.0,13.25,722,11,CHENNAI EGMO,MS,NAGERCOIL JN,NCJ,18:55,08:10,54.49
12668,745.0,12.42,722,11,NAGERCOIL JN,NCJ,CHENNAI EGMO,MS,17:05,05:30,58.13
12669,1085.0,18.08,2348,25,CHENNAI CENT,MAS,CHHAPRA JN.,CPR,17:40,11:45,129.87
12670,1045.0,17.42,2343,24,CHHAPRA JN.,CPR,CHENNAI CENT,MAS,21:00,14:25,134.5
12671,550.0,9.17,526,9,CHENNAI CENT,MAS,METTUPALAIYA,MTP,21:05,06:15,57.36
12672,560.0,9.33,529,9,METTUPALAIYA,MTP,CHENNAI CENT,MAS,19:45,05:05,56.7
12673,485.0,8.08,491,8,CHENNAI CENT,MAS,COIMBATORE,CBE,22:10,06:15,60.77
12674,485.0,8.08,493,9,COIMBATORE,CBE,CHENNAI CENT,MAS,22:40,06:45,61.01
12675,455.0,7.58,491,11,CHENNAI CENT,MAS,COIMBATORE,CBE,06:10,13:45,64.78
12676,455.0,7.58,493,12,COIMBATORE,CBE,CHENNAI CENT,MAS,14:55,22:30,65.04
12677,640.0,10.67,581,14,KRANTIVIRA S,SBC,ERNAKULAM. J,ERS,06:15,16:55,54.45
12678,640.0,10.67,582,14,ERNAKULAM. J,ERS,KRANTIVIRA S,SBC,09:10,19:50,54.55
12679,465.0,7.75,491,12,CHENNAI CENT,MAS,COIMBATORE,CBE,14:30,22:15,63.35
12680,455.0,7.58,493,12,COIMBATORE,CBE,CHENNAI CENT,MAS,06:15,13:50,65.04
12681,490.0,8.17,491,7,CHENNAI CENT,MAS,COIMBATORE,CBE,22:30,06:40,60.1
12682,470.0,7.83,493,8,COIMBATORE,CBE,CHENNAI CENT,MAS,23:30,07:20,62.96
12683,675.0,11.25,617,14,ERNAKULAM. J,ERS,KRANTIVIRA S,SBC,17:00,04:15,54.84
12684,670.0,11.17,616,14,KRANTIVIRA S,SBC,ERNAKULAM. J,ERS,18:50,06:00,55.15
12685,965.0,16.08,883,18,CHENNAI CENT,MAS,MANGALORE CE,MAQ,17:00,09:05,54.91
12686,940.0,15.67,885,18,MANGALORE CE,MAQ,CHENNAI CENT,MAS,16:20,08:00,56.48
12689,1005.0,16.75,918,19,CHENNAI CENT,MAS,NAGERCOIL JN,NCJ,18:20,11:05,54.81
12690,1005.0,16.75,920,20,NAGERCOIL JN,NCJ,CHENNAI CENT,MAS,19:40,12:25,54.93
12691,610.0,10.17,528,11,CHENNAI CENT,MAS,SRI SATYA SA,SSPN,23:30,09:40,51.92
12692,650.0,10.83,528,14,SRI SATYA SA,SSPN,CHENNAI CENT,MAS,18:25,05:15,48.75
12693,665.0,11.08,652,22,CHENNAI EGMO,MS,TUTICORIN,TN,19:30,06:35,58.84
12694,700.0,11.67,651,22,TUTICORIN,TN,CHENNAI EGMO,MS,20:00,07:40,55.78
12695,970.0,16.17,914,21,CHENNAI CENT,MAS,TRIVANDRUM C,TVC,15:25,07:35,56.52
12696,1005.0,16.75,916,21,TRIVANDRUM C,TVC,CHENNAI CENT,MAS,17:15,10:00,54.69
12697,920.0,15.33,901,14,CHENNAI CENT,MAS,TRIVANDRUM C,TVC,15:15,06:35,58.77
12698,965.0,16.08,903,14,TRIVANDRUM C,TVC,CHENNAI CENT,MAS,20:20,12:25,56.16
12701,860.0,14.33,791,16,CST-MUMBAI,CSMT,HYDERABAD DE,HYB,21:50,12:10,55.2
12702,850.0,14.17,793,17,HYDERABAD DE,HYB,CST-MUMBAI,CSMT,14:45,04:55,55.96
12705,410.0,6.83,391,14,GUNTUR JN.,GNT,SECUNDERABAD,SC,15:00,21:50,57.25
12706,405.0,6.75,390,14,SECUNDERABAD,SC,GUNTUR JN.,GNT,07:40,14:25,57.78
12707,740.0,12.33,2292,20,TIRUPATI,TPTY,HAZRAT NIZAM,NZM,05:40,18:00,185.89
12708,865.0,14.42,2294,20,HAZRAT NIZAM,NZM,TIRUPATI,TPTY,07:10,21:35,159.08
12709,650.0,10.83,651,17,GUDUR JN.,GDR,SECUNDERABAD,SC,18:50,05:40,60.11
12710,620.0,10.33,650,17,SECUNDERABAD,SC,GUDUR JN.,GDR,22:55,09:15,62.92
12711,420.0,7.0,430,14,VIJAYWADA JN,BZA,CHENNAI CENT,MAS,06:00,13:00,61.43
12712,425.0,7.08,429,14,CHENNAI CENT,MAS,VIJAYWADA JN,BZA,14:05,21:10,60.59
12713,330.0,5.5,358,9,VIJAYWADA JN,BZA,SECUNDERABAD,SC,06:25,11:55,65.09
12714,355.0,5.92,358,9,SECUNDERABAD,SC,VIJAYWADA JN,BZA,16:15,22:10,60.47
12715,650.0,10.83,2056,37,NANDED,NED,AMRITSAR JN.,ASR,09:30,20:20,189.84
12716,625.0,10.42,2059,36,AMRITSAR JN.,ASR,NANDED,NED,05:35,16:00,197.6
12717,380.0,6.33,350,13,VISAKHAPATNA,VSKP,VIJAYWADA JN,BZA,12:40,19:00,55.29
12718,365.0,6.08,350,13,VIJAYWADA JN,BZA,VISAKHAPATNA,VSKP,06:05,12:10,57.57
12725,530.0,8.83,491,17,KRANTIVIRA S,SBC,DHARWAD,DWR,13:00,21:50,55.61
12726,530.0,8.83,488,17,DHARWAD,DWR,KRANTIVIRA S,SBC,05:15,14:05,55.27
12727,770.0,12.83,718,21,VISAKHAPATNA,VSKP,HYDERABAD DE,HYB,17:25,06:15,55.96
12728,755.0,12.58,719,21,HYDERABAD DE,HYB,VISAKHAPATNA,VSKP,17:15,05:50,57.15
12729,720.0,12.0,658,13,PUNE JN.,PUNE,NANDED,NED,22:00,10:00,54.83
12730,720.0,12.0,658,13,NANDED,NED,PUNE JN.,PUNE,21:20,09:20,54.83
12731,865.0,14.42,790,16,TIRUPATI,TPTY,SECUNDERABAD,SC,16:40,07:05,54.79
12732,870.0,14.5,790,16,SECUNDERABAD,SC,TIRUPATI,TPTY,20:05,10:35,54.48
12733,720.0,12.0,661,23,TIRUPATI,TPTY,SECUNDERABAD,SC,18:25,06:25,55.08
12734,720.0,12.0,661,23,SECUNDERABAD,SC,TIRUPATI,TPTY,18:05,06:05,55.08
12735,710.0,11.83,686,11,SECUNDERABAD,SC,YESVANTPUR J,YPR,20:30,08:20,57.99
12736,735.0,12.25,686,11,YESVANTPUR J,YPR,SECUNDERABAD,SC,16:45,05:00,56.0
12737,615.0,10.25,575,21,KAKINADA POR,COA,SECUNDERABAD,SC,20:20,06:35,56.1
12738,615.0,10.25,575,21,SECUNDERABAD,SC,KAKINADA POR,COA,21:15,07:30,56.1
12739,700.0,11.67,708,12,VISAKHAPATNA,VSKP,SECUNDERABAD,SC,20:30,08:10,60.67
12740,670.0,11.17,708,12,SECUNDERABAD,SC,VISAKHAPATNA,VSKP,20:30,07:40,63.38
12741,1025.0,17.08,2243,21,VASCO-DA-GAM,VSG,PATNA JN.,PNBE,19:05,12:10,131.32
12742,1135.0,18.92,2238,20,PATNA JN.,PNBE,VASCO-DA-GAM,VSG,14:00,08:55,118.29
12747,385.0,6.42,353,15,GUNTUR JN.,GNT,VIKRABAD JN.,VKB,05:45,12:10,54.98
12748,375.0,6.25,353,15,VIKRABAD JN.,VKB,GUNTUR JN.,GNT,13:45,20:00,56.48
12749,475.0,7.92,441,19,MACHILIPATNA,MTM,SECUNDERABAD,SC,20:40,04:35,55.68
12750,475.0,7.92,438,19,SECUNDERABAD,SC,MACHILIPATNA,MTM,22:30,06:25,55.3
12757,320.0,5.33,305,14,SECUNDERABAD,SC,SIRPURKAGHAZ,SKZR,08:20,13:40,57.22
12758,320.0,5.33,305,14,SIRPURKAGHAZ,SKZR,SECUNDERABAD,SC,15:05,20:25,57.22
12759,830.0,13.83,797,17,CHENNAI CENT,MAS,HYDERABAD DE,HYB,18:10,08:00,57.63
12760,825.0,13.75,798,17,HYDERABAD DE,HYB,CHENNAI CENT,MAS,18:30,08:15,58.04
12761,735.0,12.25,712,12,TIRUPATI,TPTY,KARIM NAGAR,KRMR,22:40,10:55,58.12
12762,775.0,12.92,710,12,KARIM NAGAR,KRMR,TIRUPATI,TPTY,19:15,08:10,54.95
12763,770.0,12.83,744,19,TIRUPATI,TPTY,SECUNDERABAD,SC,17:00,05:50,57.99
12764,750.0,12.5,743,19,SECUNDERABAD,SC,TIRUPATI,TPTY,18:30,07:00,59.44
12765,1420.0,23.67,1305,24,TIRUPATI,TPTY,AMRAVATI,AMI,15:10,14:50,55.13
12766,1430.0,23.83,1305,24,AMRAVATI,AMI,TIRUPATI,TPTY,06:45,06:35,54.76
12769,775.0,12.92,711,17,TIRUPATI,TPTY,SECUNDERABAD,SC,15:10,04:05,55.03
12770,775.0,12.92,711,17,SECUNDERABAD,SC,TIRUPATI,TPTY,17:40,06:35,55.03
12771,615.0,10.25,587,14,SECUNDERABAD,SC,NAGPUR JN.(C,NGP,22:00,08:15,57.27
12772,625.0,10.42,586,14,NAGPUR JN.(C,NGP,SECUNDERABAD,SC,22:00,08:25,56.24
12775,645.0,10.75,598,11,KAKINADA TOW,CCT,SECUNDERABAD,SC,20:10,06:55,55.63
12776,640.0,10.67,598,11,SECUNDERABAD,SC,KAKINADA TOW,CCT,20:45,07:25,56.04
12777,1425.0,23.75,1295,22,HUBLI JN.,UBL,KOCHUVELI,KCVL,06:45,06:30,54.53
12778,1430.0,23.83,1297,22,KOCHUVELI,KCVL,HUBLI JN.,UBL,12:50,12:40,54.43
12779,910.0,15.17,2148,29,VASCO-DA-GAM,VSG,HAZRAT NIZAM,NZM,15:10,06:20,141.6
12780,930.0,15.5,2151,29,HAZRAT NIZAM,NZM,VASCO-DA-GAM,VSG,15:00,06:30,138.77
12781,1260.0,21.0,2602,32,MYSORE JN.,MYS,HAZRAT NIZAM,NZM,20:10,17:10,123.9
12782,1385.0,23.08,2602,32,HAZRAT NIZAM,NZM,MYSORE JN.,MYS,05:50,04:55,112.74
12783,765.0,12.75,710,15,VISAKHAPATNA,VSKP,SECUNDERABAD,SC,18:55,07:40,55.69
12784,775.0,12.92,708,15,SECUNDERABAD,SC,VISAKHAPATNA,VSKP,17:55,06:50,54.8
12785,680.0,11.33,623,17,KACHEGUDA,KCG,KRANTIVIRA S,SBC,19:05,06:25,54.99
12786,680.0,11.33,623,16,KRANTIVIRA S,SBC,KACHEGUDA,KCG,18:20,05:40,54.99
12791,535.0,8.92,1843,29,SECUNDERABAD,SC,DANAPUR,DNR,10:00,18:55,206.61
12792,555.0,9.25,1840,28,DANAPUR,DNR,SECUNDERABAD,SC,12:15,21:30,198.92
12795,320.0,5.33,314,4,VIJAYWADA JN,BZA,SECUNDERABAD,SC,17:30,22:50,58.91
12796,315.0,5.25,314,4,SECUNDERABAD,SC,VIJAYWADA JN,BZA,05:30,10:45,59.81
12797,770.0,12.83,707,22,KACHEGUDA,KCG,CHITTOOR,CTO,20:05,08:55,55.11
12798,770.0,12.83,707,24,CHITTOOR,CTO,KACHEGUDA,KCG,17:30,06:20,55.11
12803,530.0,8.83,2076,21,VISAKHAPATNA,VSKP,HAZRAT NIZAM,NZM,08:20,17:10,235.11
12804,700.0,11.67,2076,21,HAZRAT NIZAM,NZM,VISAKHAPATNA,VSKP,05:50,17:30,177.89
12805,750.0,12.5,688,21,VISAKHAPATNA,VSKP,SECUNDERABAD,SC,06:15,18:45,55.04
12806,750.0,12.5,689,21,SECUNDERABAD,SC,VISAKHAPATNA,VSKP,07:10,19:40,55.12
12807,620.0,10.33,1900,41,VISAKHAPATNA,VSKP,HAZRAT NIZAM,NZM,06:25,16:45,183.93
12808,575.0,9.58,1895,40,HAZRAT NIZAM,NZM,VISAKHAPATNA,VSKP,08:35,18:10,197.81
12809,555.0,9.25,1972,44,CST-MUMBAI,CSMT,HOWRAH JN.,HWH,20:35,05:50,213.19
12810,545.0,9.08,1979,42,HOWRAH JN.,HWH,CST-MUMBAI,CSMT,20:15,05:20,217.95
12813,240.0,4.0,254,8,HOWRAH JN.,HWH,TATANAGAR JN,TATA,17:30,21:30,63.5
12814,245.0,4.08,253,9,TATANAGAR JN,TATA,HOWRAH JN.,HWH,06:15,10:20,62.01
12817,1395.0,23.25,1291,19,HATIA,HTE,ANAND VIHAR,ANVT,14:40,13:55,55.53
12818,1260.0,21.0,1294,19,ANAND VIHAR,ANVT,HATIA,HTE,19:45,16:45,61.62
12821,500.0,8.33,504,15,HOWRAH JN.,HWH,PURI,PURI,06:00,14:20,60.5
12822,510.0,8.5,503,16,PURI,PURI,HOWRAH JN.,HWH,11:45,20:15,59.18
12823,1265.0,21.08,1255,12,DURG,DURG,HAZRAT NIZAM,NZM,12:00,09:05,59.54
12824,1305.0,21.75,1266,12,HAZRAT NIZAM,NZM,DURG,DURG,17:25,15:10,58.21
12825,1270.0,21.17,1297,9,RANCHI,RNC,NEW DELHI,NDLS,23:45,20:55,61.27
12826,1320.0,22.0,1300,9,NEW DELHI,NDLS,RANCHI,RNC,06:55,04:55,59.09
12827,330.0,5.5,323,14,HOWRAH JN.,HWH,PURULIA JN.,PRR,16:50,22:20,58.73
12828,350.0,5.83,323,15,PURULIA JN.,PRR,HOWRAH JN.,HWH,05:30,11:20,55.4
12829,1210.0,20.17,1222,21,CHENNAI CENT,MAS,BHUBANESWAR,BBS,21:10,17:20,60.59
12830,1255.0,20.92,1222,21,BHUBANESWAR,BBS,CHENNAI CENT,MAS,12:00,08:55,58.41
12831,860.0,14.33,725,12,BOKARO STEEL,BKSC,BHUBANESWAR,BBS,17:40,08:00,50.59
12832,795.0,13.25,722,12,BHUBANESWAR,BBS,BOKARO STEEL,BKSC,20:15,09:30,54.49
12833,795.0,13.25,2097,63,AHMEDABAD,ADI,HOWRAH JN.,HWH,00:15,13:30,158.26
12834,810.0,13.5,2098,64,HOWRAH JN.,HWH,AHMEDABAD,ADI,23:55,13:25,155.41
12835,635.0,10.58,1891,24,HATIA,HTE,YESVANTPUR J,YPR,18:25,05:00,178.73
12836,635.0,10.58,1891,25,YESVANTPUR J,YPR,HATIA,HTE,08:30,19:05,178.73
12837,505.0,8.42,504,14,HOWRAH JN.,HWH,PURI,PURI,22:35,07:00,59.86
12838,510.0,8.5,503,14,PURI,PURI,HOWRAH JN.,HWH,20:20,04:50,59.18
12843,835.0,13.92,2148,43,PURI,PURI,AHMEDABAD,ADI,17:30,07:25,154.31
12844,855.0,14.25,2141,43,AHMEDABAD,ADI,PURI,PURI,18:40,08:55,150.25
12847,190.0,3.17,185,5,HOWRAH JN.,HWH,DIGHA FS,DGHA,11:10,14:20,58.36
12848,190.0,3.17,186,5,DIGHA FS,DGHA,HOWRAH JN.,HWH,15:30,18:40,58.68
12849,1330.0,22.17,1312,18,BILASPUR JN.,BSP,PUNE JN.,PUNE,11:35,09:45,59.18
12850,1390.0,23.17,1305,18,PUNE JN.,PUNE,BILASPUR JN.,BSP,17:40,16:50,56.32
12852,1385.0,23.08,1409,17,CHENNAI CENT,MAS,BILASPUR JN.,BSP,21:10,20:15,61.05
12853,970.0,16.17,889,31,DURG,DURG,BHOPAL,BPL,18:20,10:30,54.98
12854,975.0,16.25,897,31,BHOPAL,BPL,DURG,DURG,15:40,07:55,55.2
12855,425.0,7.08,416,16,BILASPUR JN.,BSP,NAGPUR JN.(C,NGP,15:55,23:00,58.76
12856,430.0,7.17,405,17,NAGPUR JN.(C,NGP,BILASPUR JN.,BSP,06:30,13:40,56.49
12857,202.0,3.37,185,8,HOWRAH JN.,HWH,DIGHA FS,DGHA,06:35,09:57,54.9
12858,205.0,3.42,186,8,DIGHA FS,DGHA,HOWRAH JN.,HWH,10:25,13:50,54.39
12861,605.0,10.08,578,18,VISAKHAPATNA,VSKP,KAZIPET JN.,KZJ,15:05,01:10,57.34
12862,650.0,10.83,576,19,KAZIPET JN.,KZJ,VISAKHAPATNA,VSKP,02:40,13:30,53.19
12863,640.0,10.67,1959,35,HOWRAH JN.,HWH,YESVANTPUR J,YPR,20:35,07:15,183.6
12864,650.0,10.83,1959,36,YESVANTPUR J,YPR,HOWRAH JN.,HWH,19:35,06:25,180.89
12865,340.0,5.67,344,9,HOWRAH JN.,HWH,PURULIA JN.,PRR,08:30,14:10,60.67
12866,350.0,5.83,343,9,PURULIA JN.,PRR,HOWRAH JN.,HWH,14:40,20:30,58.83
12867,560.0,9.33,1922,17,HOWRAH JN.,HWH,PONDICHERRY,PDY,23:30,08:50,206.0
12868,610.0,10.17,1922,16,PONDICHERRY,PDY,HOWRAH JN.,HWH,12:30,22:40,188.99
12869,505.0,8.42,1972,20,CST-MUMBAI,CSMT,HOWRAH JN.,HWH,11:05,19:30,234.2
12870,520.0,8.67,1979,19,HOWRAH JN.,HWH,CST-MUMBAI,CSMT,14:35,23:15,228.26
12871,800.0,13.33,745,31,HOWRAH JN.,HWH,TITLA GARH J,TIG,06:55,20:15,55.89
12872,815.0,13.58,746,31,TITLA GARH J,TIG,HOWRAH JN.,HWH,05:15,18:50,54.93
12875,650.0,10.83,1911,42,PURI,PURI,NEW DELHI,NDLS,10:55,21:45,176.45
12876,625.0,10.42,1912,41,NEW DELHI,NDLS,PURI,PURI,06:25,16:50,183.49
12877,1090.0,18.17,1333,15,RANCHI,RNC,NEW DELHI,NDLS,16:40,10:50,73.36
12878,1160.0,19.33,1336,15,NEW DELHI,NDLS,RANCHI,RNC,16:00,11:20,69.12
12881,525.0,8.75,504,9,HOWRAH JN.,HWH,PURI,PURI,20:55,05:40,57.6
12882,530.0,8.83,503,9,PURI,PURI,HOWRAH JN.,HWH,22:15,07:05,56.96
12883,325.0,5.42,322,12,SANTRAGACHI,SRC,PURULIA JN.,PRR,06:25,11:50,59.41
12884,340.0,5.67,330,13,PURULIA JN.,PRR,HOWRAH JN.,HWH,15:35,21:15,58.2
12885,315.0,5.25,318,13,SHALIMAR,SHM,BHOJUDIH JN.,BJE,07:45,13:00,60.57
12886,340.0,5.67,317,13,BHOJUDIH JN.,BJE,SHALIMAR,SHM,13:20,19:00,55.91
12887,525.0,8.75,504,10,HOWRAH JN.,HWH,PURI,PURI,20:55,05:40,57.6
12888,530.0,8.83,503,11,PURI,PURI,HOWRAH JN.,HWH,22:15,07:05,56.96
12889,625.0,10.42,1890,26,TATANAGAR JN,TATA,YESVANTPUR J,YPR,18:35,05:00,181.38
12890,630.0,10.5,1893,24,YESVANTPUR J,YPR,TATANAGAR JN,TATA,08:30,19:00,180.29
12891,340.0,5.67,311,16,BANGRIPOSI,BGY,BHUBANESWAR,BBS,04:20,10:00,54.85
12892,340.0,5.67,311,16,BHUBANESWAR,BBS,BANGRIPOSI,BGY,17:10,22:50,54.85
12893,415.0,6.92,395,16,BHUBANESWAR,BBS,BALANGIR,BLGR,06:45,13:40,57.08
12894,430.0,7.17,395,16,BALANGIR,BLGR,BHUBANESWAR,BBS,14:30,21:40,55.09
12895,525.0,8.75,504,10,HOWRAH JN.,HWH,PURI,PURI,20:55,05:40,57.6
12896,530.0,8.83,503,11,PURI,PURI,HOWRAH JN.,HWH,22:15,07:05,56.96
12901,510.0,8.5,490,14,MUMBAI CENTR,BCT,AHMEDABAD,ADI,22:05,06:35,57.65
12902,505.0,8.42,490,14,AHMEDABAD,ADI,MUMBAI CENTR,BCT,22:00,06:25,58.19
12903,485.0,8.08,1885,34,MUMBAI CENTR,BCT,AMRITSAR JN.,ASR,21:25,05:30,233.29
12904,460.0,7.67,1888,35,AMRITSAR JN.,ASR,MUMBAI CENTR,BCT,21:25,05:05,246.15
12905,1185.0,19.75,2559,30,PORBANDAR,PBR,HOWRAH JN.,HWH,07:50,03:35,129.57
12906,1175.0,19.58,2566,30,HOWRAH JN.,HWH,PORBANDAR,PBR,22:50,18:25,131.05
12907,1270.0,21.17,1355,5,BANDRA TERMI,BDTS,HAZRAT NIZAM,NZM,16:35,13:45,64.01
12908,1140.0,19.0,1358,5,HAZRAT NIZAM,NZM,BANDRA TERMI,BDTS,21:35,16:35,71.47
12909,1025.0,17.08,1355,9,BANDRA TERMI,BDTS,HAZRAT NIZAM,NZM,16:35,09:40,79.33
12910,995.0,16.58,1358,9,HAZRAT NIZAM,NZM,BANDRA TERMI,BDTS,15:35,08:10,81.91
12912,1415.0,23.58,1430,16,HARIDWAR JN,HW,VALSAD,BL,18:45,18:20,60.64
12913,710.0,11.83,650,14,INDORE BG,INDB,NAGPUR JN.(C,NGP,20:35,08:25,54.95
12914,710.0,11.83,650,14,NAGPUR JN.(C,NGP,INDORE BG,INDB,19:00,06:50,54.95
12915,940.0,15.67,930,20,AHMEDABAD,ADI,DELHI JN.,DLI,18:30,10:10,59.35
12916,980.0,16.33,933,20,DELHI JN.,DLI,AHMEDABAD,ADI,15:20,07:40,57.13
12917,1055.0,17.58,1075,10,AHMEDABAD,ADI,HAZRAT NIZAM,NZM,17:05,10:40,61.15
12918,975.0,16.25,1077,10,HAZRAT NIZAM,NZM,AHMEDABAD,ADI,13:55,06:10,66.28
12921,280.0,4.67,262,14,MUMBAI CENTR,BCT,SURAT,ST,17:55,22:35,56.1
12922,285.0,4.75,262,14,SURAT,ST,MUMBAI CENTR,BCT,05:25,10:10,55.16
12923,660.0,11.0,606,12,INDORE BG,INDB,NAGPUR JN.(C,NGP,21:25,08:25,55.09
12924,640.0,10.67,606,12,NAGPUR JN.(C,NGP,INDORE BG,INDB,19:00,05:40,56.79
12925,440.0,7.33,1810,42,BANDRA TERMI,BDTS,AMRITSAR JN.,ASR,12:00,19:20,246.93
12927,375.0,6.25,391,7,MUMBAI CENTR,BCT,VADODARA JN.,BRC,23:40,05:55,62.56
12928,375.0,6.25,391,7,VADODARA JN.,BRC,MUMBAI CENTR,BCT,22:30,04:45,62.56
12929,370.0,6.17,344,19,VALSAD,BL,DAHOD,DHD,07:15,13:25,55.75
12930,375.0,6.25,344,19,DAHOD,DHD,VALSAD,BL,14:50,21:05,55.04
12931,440.0,7.33,490,11,MUMBAI CENTR,BCT,AHMEDABAD,ADI,14:20,21:40,66.85
12932,420.0,7.0,490,11,AHMEDABAD,ADI,MUMBAI CENTR,BCT,06:00,13:00,70.0
12933,465.0,7.75,490,11,MUMBAI CENTR,BCT,AHMEDABAD,ADI,13:40,21:25,63.23
12934,460.0,7.67,490,10,AHMEDABAD,ADI,MUMBAI CENTR,BCT,04:55,12:35,63.89
12935,260.0,4.33,251,10,BANDRA TERMI,BDTS,SURAT,ST,06:50,11:10,57.97
12936,260.0,4.33,251,10,SURAT,ST,BANDRA TERMI,BDTS,16:05,20:25,57.97
12937,1165.0,19.42,2509,17,GANDHIDHAM J,GIMB,HOWRAH JN.,HWH,17:40,13:05,129.2
12938,1050.0,17.5,2508,17,HOWRAH JN.,HWH,GANDHIDHAM J,GIMB,23:00,16:30,143.31
12939,1325.0,22.08,1289,13,PUNE JN.,PUNE,JAIPUR JN.,JP,15:35,13:40,58.38
12940,1370.0,22.83,1290,12,JAIPUR JN.,JP,PUNE JN.,PUNE,09:15,08:05,56.5
12941,1010.0,16.83,2308,32,BHAVNAGAR TE,BVC,ASANSOL MAIN,ASN,17:30,10:20,137.14
12942,920.0,15.33,2308,32,ASANSOL MAIN,ASN,BHAVNAGAR TE,BVC,19:50,11:10,150.55
12943,1375.0,22.92,1301,12,VALSAD,BL,KANPUR CENTR,CNB,20:15,19:10,56.76
12944,1415.0,23.58,1301,12,KANPUR CENTR,CNB,VALSAD,BL,08:00,07:35,55.17
12946,680.0,11.33,632,14,MAHUVA,MHV,SURAT,ST,19:55,07:15,55.78
12949,1435.0,23.92,2664,37,PORBANDAR,PBR,SANTRAGACHI,SRC,08:10,08:05,111.37
12950,1385.0,23.08,2670,37,SANTRAGACHI,SRC,PORBANDAR,PBR,21:25,20:30,115.68
12951,935.0,15.58,1373,8,MUMBAI CENTR,BCT,NEW DELHI,NDLS,17:00,08:35,88.13
12952,950.0,15.83,1376,8,NEW DELHI,NDLS,MUMBAI CENTR,BCT,16:25,08:15,86.92
12953,1035.0,17.25,1366,13,MUMBAI CENTR,BCT,HAZRAT NIZAM,NZM,17:40,10:55,79.19
12954,1015.0,16.92,1369,13,HAZRAT NIZAM,NZM,MUMBAI CENTR,BCT,16:50,09:45,80.91
12955,1070.0,17.83,1157,19,MUMBAI CENTR,BCT,JAIPUR JN.,JP,18:50,12:40,64.89
12956,1060.0,17.67,1158,19,JAIPUR JN.,JP,MUMBAI CENTR,BCT,14:00,07:40,65.53
12957,830.0,13.83,931,10,AHMEDABAD,ADI,NEW DELHI,NDLS,17:40,07:30,67.32
12958,825.0,13.75,934,10,NEW DELHI,NDLS,AHMEDABAD,ADI,19:55,09:40,67.93
12959,1065.0,17.75,972,20,DADAR,DDR,NEW BHUJ,BHUJ,00:05,17:50,54.76
12960,1050.0,17.5,972,20,NEW BHUJ,BHUJ,DADAR,DDR,18:30,12:00,55.54
12961,845.0,14.08,831,19,MUMBAI CENTR,BCT,INDORE BG,INDB,19:10,09:15,59.02
12962,830.0,13.83,831,19,INDORE BG,INDB,MUMBAI CENTR,BCT,16:20,06:10,60.09
12963,735.0,12.25,735,18,HAZRAT NIZAM,NZM,UDAIPUR CITY,UDZ,19:00,07:15,60.0
12964,740.0,12.33,733,18,UDAIPUR CITY,UDZ,HAZRAT NIZAM,NZM,18:15,06:35,59.45
12967,755.0,12.58,2179,32,CHENNAI CENT,MAS,JAIPUR JN.,JP,17:40,06:15,173.21
12968,850.0,14.17,2174,32,JAIPUR JN.,JP,CHENNAI CENT,MAS,19:35,09:45,153.42
12969,1255.0,20.92,2673,39,COIMBATORE,CBE,JAIPUR JN.,JP,09:20,06:15,127.77
12970,1345.0,22.42,2667,39,JAIPUR JN.,JP,COIMBATORE,CBE,19:35,18:00,118.96
12971,780.0,13.0,778,20,BANDRA TERMI,BDTS,BHAVNAGAR TE,BVC,21:30,10:30,59.85
12972,845.0,14.08,778,20,BHAVNAGAR TE,BVC,BANDRA TERMI,BDTS,18:35,08:40,55.26
12973,595.0,9.92,593,8,INDORE BG,INDB,JAIPUR JN.,JP,22:25,08:20,59.78
12974,605.0,10.08,593,8,JAIPUR JN.,JP,INDORE BG,INDB,21:05,07:10,58.83
12975,1195.0,19.92,2483,42,MYSORE JN.,MYS,JAIPUR JN.,JP,10:20,06:15,124.65
12976,1210.0,20.17,2483,43,JAIPUR JN.,JP,MYSORE JN.,MYS,19:35,15:45,123.1
12977,943.0,15.72,778,17,ERNAKULAM. J,ERS,THIVIM,THVM,20:25,12:08,49.49
12979,1135.0,18.92,1146,17,BANDRA TERMI,BDTS,JAIPUR JN.,JP,15:50,10:45,60.57
12980,1075.0,17.92,1147,17,JAIPUR JN.,JP,BANDRA TERMI,BDTS,20:25,14:20,64.01
12981,730.0,12.17,672,21,DELHI-SARAI,DEE,UDAIPUR CITY,UDZ,19:40,07:50,55.22
12982,710.0,11.83,672,21,UDAIPUR CITY,UDZ,DELHI-SARAI,DEE,17:15,05:05,56.8
12983,770.0,12.83,715,15,AJMER JN.,AII,CHANDIGARH,CDG,17:55,06:45,55.73
12984,770.0,12.83,715,15,CHANDIGARH,CDG,AJMER JN.,AII,20:50,09:40,55.73
12985,270.0,4.5,302,6,JAIPUR JN.,JP,DELHI-SARAI,DEE,06:00,10:30,67.11
12986,270.0,4.5,302,6,DELHI-SARAI,DEE,JAIPUR JN.,JP,17:35,22:05,67.11
12989,1060.0,17.67,974,23,DADAR,DDR,AJMER JN.,AII,14:35,08:15,55.12
12990,1040.0,17.33,976,23,AJMER JN.,AII,DADAR,DDR,19:20,12:40,56.32
12991,450.0,7.5,434,15,UDAIPUR CITY,UDZ,JAIPUR JN.,JP,06:00,13:30,57.87
12992,450.0,7.5,434,15,JAIPUR JN.,JP,UDAIPUR CITY,UDZ,14:00,21:30,57.87
12993,1045.0,17.42,2288,27,GANDHIDHAM J,GIMB,PURI,PURI,22:45,16:10,131.34
12994,1035.0,17.25,2295,27,PURI,PURI,GANDHIDHAM J,GIMB,19:45,13:00,133.04
12995,1025.0,17.08,944,19,BANDRA TERMI,BDTS,UDAIPUR CITY,UDZ,15:50,08:55,55.27
12996,1005.0,16.75,945,19,UDAIPUR CITY,UDZ,BANDRA TERMI,BDTS,21:35,14:20,56.42
13005,825.0,13.75,1906,57,HOWRAH JN.,HWH,AMRITSAR JN.,ASR,19:10,08:55,138.62
13006,760.0,12.67,1907,56,AMRITSAR JN.,ASR,HOWRAH JN.,HWH,18:40,07:20,150.51
13007,1285.0,21.42,1949,112,HOWRAH JN.,HWH,SHRI GANGANA,SGNR,09:35,07:00,90.99
13008,1350.0,22.5,1952,108,SHRI GANGANA,SGNR,HOWRAH JN.,HWH,21:00,19:30,86.76
13009,670.0,11.17,1558,77,HOWRAH JN.,HWH,DEHRA DUN,DDN,20:25,07:35,139.48
13010,655.0,10.92,1559,78,DEHRA DUN,DDN,HOWRAH JN.,HWH,20:00,06:55,142.77
13011,445.0,7.42,340,18,HOWRAH JN.,HWH,MALDA TOWN,MLDT,15:25,22:50,45.82
13012,415.0,6.92,340,18,MALDA TOWN,MLDT,HOWRAH JN.,HWH,04:30,11:25,49.13
13013,140.0,2.33,111,6,BARDDHAMAN J,BWN,RAMPUR HAT,RPH,07:15,09:35,47.64
13014,165.0,2.75,111,6,RAMPUR HAT,RPH,BARDDHAMAN J,BWN,18:40,21:25,40.36
13015,185.0,3.08,158,5,HOWRAH JN.,HWH,BOLPUR,BHP,10:40,13:45,51.3
13016,185.0,3.08,158,5,BOLPUR,BHP,HOWRAH JN.,HWH,14:10,17:15,51.3
13017,355.0,5.92,275,15,HOWRAH JN.,HWH,AZIMGANJ JN.,AZ,06:05,12:00,46.45
13018,365.0,6.08,275,15,AZIMGANJ JN.,AZ,HOWRAH JN.,HWH,15:40,21:45,45.23
13019,700.0,11.67,1517,66,HOWRAH JN.,HWH,KATHGODAM,KGM,21:45,09:25,129.99
13020,885.0,14.75,1521,64,KATHGODAM,KGM,HOWRAH JN.,HWH,21:55,12:40,103.12
13021,1000.0,16.67,691,42,HOWRAH JN.,HWH,RAXAUL JN.,RXL,15:45,08:25,41.45
13022,1080.0,18.0,692,42,RAXAUL JN.,RXL,HOWRAH JN.,HWH,10:00,04:00,38.44
13023,925.0,15.42,658,33,HOWRAH JN.,HWH,GAYA JN.,GAYA,19:50,11:15,42.67
13024,920.0,15.33,658,33,GAYA JN.,GAYA,HOWRAH JN.,HWH,12:20,03:40,42.92
13027,340.0,5.67,275,11,HOWRAH JN.,HWH,AZIMGANJ JN.,AZ,22:40,04:20,48.5
13028,365.0,6.08,275,11,AZIMGANJ JN.,AZ,HOWRAH JN.,HWH,07:50,13:55,45.23
13033,740.0,12.33,419,49,HOWRAH JN.,HWH,KATIHAR JN.,KIR,21:25,09:45,33.98
13034,765.0,12.75,419,45,KATIHAR JN.,KIR,HOWRAH JN.,HWH,15:30,04:15,32.86
13043,1015.0,16.92,697,19,HOWRAH JN.,HWH,RAXAUL JN.,RXL,22:50,15:45,41.19
13044,945.0,15.75,698,19,RAXAUL JN.,RXL,HOWRAH JN.,HWH,20:30,12:15,44.32
13049,1230.0,20.5,1908,111,HOWRAH JN.,HWH,AMRITSAR JN.,ASR,13:50,10:20,93.07
13050,1295.0,21.58,1909,106,AMRITSAR JN.,ASR,HOWRAH JN.,HWH,18:10,15:45,88.46
13053,315.0,5.25,210,6,HOWRAH JN.,HWH,SIURI,SURI,08:35,13:50,40.0
13054,310.0,5.17,210,6,SIURI,SURI,HOWRAH JN.,HWH,17:30,22:40,40.62
13063,695.0,11.58,403,12,HOWRAH JN.,HWH,BALURGHAT,BLGT,07:55,19:30,34.8
13064,585.0,9.75,424,12,BALURGHAT,BLGT,HOWRAH JN.,HWH,20:30,06:15,43.49
13071,575.0,9.58,472,21,HOWRAH JN.,HWH,JAMALPUR JN.,JMP,21:35,07:10,49.27
13072,600.0,10.0,472,21,JAMALPUR JN.,JMP,HOWRAH JN.,HWH,19:30,05:30,47.2
13103,275.0,4.58,229,14,SEALDAH,SDAH,LALGOLA,LGL,18:20,22:55,50.0
13104,290.0,4.83,229,14,LALGOLA,LGL,SEALDAH,SDAH,05:35,10:25,47.41
13105,1010.0,16.83,680,30,SEALDAH,SDAH,BALLIA,BUI,13:20,06:10,40.4
13106,1125.0,18.75,681,30,BALLIA,BUI,SEALDAH,SDAH,08:50,03:35,36.32
13109,135.0,2.25,112,2,KOLKATA,KOAA,GEDE,GEDE,07:10,09:25,49.78
13110,135.0,2.25,112,2,GEDE,GEDE,KOLKATA,KOAA,13:45,16:00,49.78
13113,270.0,4.5,222,12,KOLKATA,KOAA,LALGOLA,LGL,06:50,11:20,49.33
13114,305.0,5.08,222,12,LALGOLA,LGL,KOLKATA,KOAA,16:20,21:25,43.7
13117,275.0,4.58,222,11,KOLKATA,KOAA,LALGOLA,LGL,16:10,20:45,48.47
13118,280.0,4.67,222,11,LALGOLA,LGL,KOLKATA,KOAA,06:40,11:20,47.54
13119,865.0,14.42,1627,89,SEALDAH,SDAH,ANAND VIHAR,ANVT,21:15,11:40,112.83
13120,1000.0,16.67,1627,91,ANAND VIHAR,ANVT,SEALDAH,SDAH,18:15,10:55,97.6
13121,865.0,14.42,740,16,KOLKATA,KOAA,GHAZIPUR CIT,GCT,20:05,10:30,51.32
13122,905.0,15.08,741,16,GHAZIPUR CIT,GCT,KOLKATA,KOAA,14:10,05:15,49.14
13129,105.0,1.75,78,2,KOLKATA,KOAA,PETRAPOLE,PTPL,07:10,08:55,44.57
13130,110.0,1.83,78,2,PETRAPOLE,PTPL,KOLKATA,KOAA,16:20,18:10,42.62
13131,835.0,13.92,545,44,KOLKATA,KOAA,PATNA JN.,PNBE,19:50,09:45,39.15
13132,860.0,14.33,546,45,PATNA JN.,PNBE,KOLKATA,KOAA,17:10,07:30,38.1
13135,840.0,14.0,618,17,KOLKATA,KOAA,JAYNAGAR,JYG,20:55,10:55,44.14
13136,905.0,15.08,619,17,JAYNAGAR,JYG,KOLKATA,KOAA,12:40,03:45,41.05
13137,1120.0,18.67,785,22,KOLKATA,KOAA,AZAMGARH,AMH,11:25,06:05,42.05
13138,1185.0,19.75,786,22,AZAMGARH,AMH,KOLKATA,KOAA,08:00,03:45,39.8
13141,1055.0,17.58,716,34,SEALDAH,SDAH,NEW ALIPURDU,NOQ,13:40,07:15,40.73
13142,1010.0,16.83,716,34,NEW ALIPURDU,NOQ,SEALDAH,SDAH,11:45,04:35,42.54
13145,680.0,11.33,473,20,KOLKATA,KOAA,RADHIKAPUR,RDP,19:30,06:50,41.75
13146,705.0,11.75,473,20,RADHIKAPUR,RDP,KOLKATA,KOAA,17:50,05:35,40.26
13147,845.0,14.08,692,24,SEALDAH,SDAH,NEW COOCH BE,NCB,19:35,09:40,49.15
13148,825.0,13.75,692,24,NEW COOCH BE,NCB,SEALDAH,SDAH,15:25,05:10,50.33
13149,940.0,15.67,734,25,SEALDAH,SDAH,ALIPUR DUAR,APDJ,20:30,12:10,46.84
13150,1005.0,16.75,734,25,ALIPUR DUAR,APDJ,SEALDAH,SDAH,15:30,08:15,43.82
13151,1285.0,21.42,1978,96,KOLKATA,KOAA,JAMMU TAWI,JAT,11:45,09:10,92.34
13152,1250.0,20.83,1979,97,JAMMU TAWI,JAT,KOLKATA,KOAA,18:55,15:45,95.01
13153,465.0,7.75,350,14,SEALDAH,SDAH,MALDA TOWN,MLDT,22:15,06:00,45.16
13154,465.0,7.75,350,15,MALDA TOWN,MLDT,SEALDAH,SDAH,21:35,05:20,45.16
13155,845.0,14.08,618,19,KOLKATA,KOAA,SITAMARHI,SMI,20:55,11:00,43.89
13156,890.0,14.83,618,19,SITAMARHI,SMI,KOLKATA,KOAA,12:55,03:45,41.67
13157,740.0,12.33,564,14,KOLKATA,KOAA,MUZAFFARPUR,MFP,20:55,09:15,45.74
13158,785.0,13.08,565,14,MUZAFFARPUR,MFP,KOLKATA,KOAA,14:40,03:45,43.2
13159,850.0,14.17,542,16,KOLKATA,KOAA,JOGBANI,JBN,20:55,11:05,38.25
13160,765.0,12.75,542,16,JOGBANI,JBN,KOLKATA,KOAA,14:35,03:20,42.51
13161,580.0,9.67,427,12,KOLKATA,KOAA,BALURGHAT,BLGT,12:55,22:35,44.16
13162,535.0,8.92,426,12,BALURGHAT,BLGT,KOLKATA,KOAA,05:30,14:25,47.76
13163,985.0,16.42,589,33,SEALDAH,SDAH,SAHARSA JN.,SHC,20:10,12:35,35.87
13164,1015.0,16.92,589,33,SAHARSA JN.,SHC,SEALDAH,SDAH,14:20,07:15,34.81
13165,855.0,14.25,606,15,KOLKATA,KOAA,SITAMARHI,SMI,22:45,13:00,42.53
13166,840.0,14.0,618,15,SITAMARHI,SMI,KOLKATA,KOAA,22:25,12:25,44.14
13169,985.0,16.42,569,27,SEALDAH,SDAH,SAHARSA JN.,SHC,20:10,12:35,34.65
13170,1015.0,16.92,568,27,SAHARSA JN.,SHC,SEALDAH,SDAH,14:20,07:15,33.57
13185,905.0,15.08,625,22,SEALDAH,SDAH,JAYNAGAR,JYG,17:45,08:50,41.45
13186,860.0,14.33,626,21,JAYNAGAR,JYG,SEALDAH,SDAH,16:35,06:55,43.68
13187,295.0,4.92,228,10,SEALDAH,SDAH,RAMPUR HAT,RPH,07:20,12:15,46.34
13188,280.0,4.67,228,10,RAMPUR HAT,RPH,SEALDAH,SDAH,14:05,18:45,48.82
13201,705.0,11.75,1698,67,RAJENDRANAGA,RJPB,LOKMANYA TIL,LTT,23:45,11:30,144.51
13202,700.0,11.67,1699,63,LOKMANYA TIL,LTT,RAJENDRANAGA,RJPB,22:15,09:55,145.59
13205,435.0,7.25,223,9,SAHARSA JN.,SHC,DANAPUR,DNR,23:00,06:15,30.76
13206,350.0,5.83,223,9,DANAPUR,DNR,SAHARSA JN.,SHC,09:00,14:50,38.25
13225,555.0,9.25,264,20,JAYNAGAR,JYG,RAJENDRANAGA,RJPB,10:45,20:00,28.54
13226,475.0,7.92,264,20,RAJENDRANAGA,RJPB,JAYNAGAR,JYG,07:10,15:05,33.33
13233,235.0,3.92,108,15,RAJGIR,RGD,DANAPUR,DNR,16:30,20:25,27.55
13234,245.0,4.08,108,15,DANAPUR,DNR,RAJGIR,RGD,07:40,11:45,26.47
13235,550.0,9.17,305,29,SAHIBGANJ,SBG,DANAPUR,DNR,14:25,23:35,33.26
13236,490.0,8.17,305,29,DANAPUR,DNR,SAHIBGANJ,SBG,04:55,13:05,37.33
13241,445.0,7.42,271,21,BANKA,BAKA,RAJENDRANAGA,RJPB,07:35,15:00,36.52
13242,415.0,6.92,271,21,RAJENDRANAGA,RJPB,BANKA,BAKA,23:55,06:50,39.16
13243,350.0,5.83,242,24,PATNA JN.,PNBE,BHABUA ROAD,BBU,17:45,23:35,41.51
13244,360.0,6.0,242,24,BHABUA ROAD,BBU,PATNA JN.,PNBE,04:15,10:15,40.33
13245,760.0,12.67,487,32,NEW JALPAIGU,NJP,RAJENDRANAGA,RJPB,14:40,03:20,38.44
13246,735.0,12.25,485,35,RAJENDRANAGA,RJPB,NEW JALPAIGU,NJP,23:15,11:30,39.59
13247,1340.0,22.33,969,41,KAMAKHYA JN,KYQ,RAJENDRANAGA,RJPB,05:00,03:20,43.39
13248,1360.0,22.67,967,44,RAJENDRANAGA,RJPB,KAMAKHYA JN,KYQ,23:15,21:55,42.66
13249,305.0,5.08,193,12,PATNA JN.,PNBE,BHABUA ROAD,BBU,05:05,10:10,37.99
13250,355.0,5.92,193,12,BHABUA ROAD,BBU,PATNA JN.,PNBE,10:50,16:45,32.6
13257,1135.0,18.92,971,8,DANAPUR,DNR,ANAND VIHAR,ANVT,15:45,10:40,51.32
13258,1080.0,18.0,971,8,ANAND VIHAR,ANVT,DANAPUR,DNR,13:30,07:30,53.94
13301,350.0,5.83,198,12,DHANBAD JN.,DHN,TATANAGAR JN,TATA,05:35,11:25,33.96
13302,325.0,5.42,197,12,TATANAGAR JN,TATA,DHANBAD JN.,DHN,13:20,18:45,36.35
13303,410.0,6.83,295,10,DHANBAD JN.,DHN,RANCHI,RNC,05:10,12:00,43.19
13304,425.0,7.08,292,10,RANCHI,RNC,DHANBAD JN.,DHN,16:00,23:05,41.24
13305,235.0,3.92,198,17,DHANBAD JN.,DHN,GAYA JN.,GAYA,06:00,09:55,50.51
13306,240.0,4.0,198,17,GAYA JN.,GAYA,DHANBAD JN.,DHN,17:40,21:40,49.5
13307,775.0,12.92,1600,74,DHANBAD JN.,DHN,FIROZPUR CAN,FZR,21:20,10:15,123.84
13308,630.0,10.5,1600,71,FIROZPUR CAN,FZR,DHANBAD JN.,DHN,18:25,04:55,152.38
13319,485.0,8.08,331,20,DEOGHAR,DGHR,RANCHI,RNC,04:45,12:50,40.97
13320,510.0,8.5,328,20,RANCHI,RNC,DEOGHAR,DGHR,13:25,21:55,38.59
13329,380.0,6.33,290,11,DHANBAD JN.,DHN,PATNA JN.,PNBE,23:10,05:30,45.81
13330,365.0,6.08,290,11,PATNA JN.,PNBE,DHANBAD JN.,DHN,23:15,05:20,47.7
13331,620.0,10.33,367,22,DHANBAD JN.,DHN,PATNA JN.,PNBE,08:10,18:30,35.53
13332,490.0,8.17,367,22,PATNA JN.,PNBE,DHANBAD JN.,DHN,08:25,16:35,44.92
13345,400.0,6.67,208,9,VARANASI JN.,BSB,SINGRAULI,SGRL,14:10,20:50,31.18
13346,435.0,7.25,208,9,SINGRAULI,SGRL,VARANASI JN.,BSB,05:45,13:00,28.69
13347,840.0,14.0,493,32,BARKAKANA,BRKA,PATNA JN.,PNBE,18:10,08:10,35.21
13348,735.0,12.25,493,32,PATNA JN.,PNBE,BARKAKANA,BRKA,19:30,07:45,40.24
13401,425.0,7.08,230,28,BHAGALPUR,BGP,DANAPUR,DNR,05:35,12:40,32.49
13402,385.0,6.42,230,28,DANAPUR,DNR,BHAGALPUR,BGP,16:00,22:25,35.83
13403,895.0,14.92,572,26,RANCHI,RNC,BHAGALPUR,BGP,19:15,10:10,38.34
13404,815.0,13.58,575,26,BHAGALPUR,BGP,RANCHI,RNC,19:05,08:40,42.34
13409,330.0,5.5,231,17,MALDA TOWN,MLDT,JAMALPUR JN.,JMP,05:40,11:10,42.0
13410,345.0,5.75,231,17,JAMALPUR JN.,JMP,MALDA TOWN,MLDT,15:15,21:00,40.17
13413,570.0,9.5,1399,63,MALDA TOWN,MLDT,DELHI JN.,DLI,19:10,04:40,147.26
13414,565.0,9.42,1399,61,DELHI JN.,DLI,MALDA TOWN,MLDT,21:40,07:05,148.51
13415,570.0,9.5,399,18,MALDA TOWN,MLDT,PATNA JN.,PNBE,20:30,06:00,42.0
13416,630.0,10.5,399,18,PATNA JN.,PNBE,MALDA TOWN,MLDT,21:50,08:20,38.0
13417,870.0,14.5,659,16,DIGHA FS,DGHA,MALDA TOWN,MLDT,23:55,14:25,45.45
13418,890.0,14.83,660,16,MALDA TOWN,MLDT,DIGHA FS,DGHA,07:50,22:40,44.5
13419,395.0,6.58,239,18,BHAGALPUR,BGP,MUZAFFARPUR,MFP,14:05,20:40,36.32
13420,415.0,6.92,239,18,MUZAFFARPUR,MFP,BHAGALPUR,BGP,23:05,06:00,34.54
13421,290.0,4.83,224,11,NABADWIP DHA,NDAE,MALDA TOWN,MLDT,04:40,09:30,46.38
13422,305.0,5.08,224,11,MALDA TOWN,MLDT,NABADWIP DHA,NDAE,15:50,20:55,44.09
13423,650.0,10.83,1748,18,BHAGALPUR,BGP,AJMER JN.,AII,13:05,23:55,161.4
13424,695.0,11.58,1749,18,AJMER JN.,AII,BHAGALPUR,BGP,05:55,17:30,151.04
13425,980.0,16.33,2141,30,MALDA TOWN,MLDT,SURAT,ST,12:30,04:50,131.11
13426,1045.0,17.42,2130,30,SURAT,ST,MALDA TOWN,MLDT,12:50,06:15,122.27
13430,400.0,6.67,1405,24,ANAND VIHAR,ANVT,MALDA TOWN,MLDT,17:10,23:50,210.64
13465,425.0,7.08,329,15,HOWRAH JN.,HWH,MALDA TOWN,MLDT,15:15,22:20,46.47
13466,400.0,6.67,329,15,MALDA TOWN,MLDT,HOWRAH JN.,HWH,06:10,12:50,49.33
13483,570.0,9.5,1447,65,MALDA TOWN,MLDT,DELHI JN.,DLI,19:10,04:40,152.32
13484,565.0,9.42,1447,63,DELHI JN.,DLI,MALDA TOWN,MLDT,21:40,07:05,153.61
13501,395.0,6.58,330,18,HALDIA,HLZ,ASANSOL MAIN,ASN,14:00,20:35,50.15
13502,395.0,6.58,323,18,ASANSOL MAIN,ASN,HALDIA,HLZ,05:40,12:15,49.09
13505,480.0,8.0,379,14,DIGHA FS,DGHA,ASANSOL MAIN,ASN,14:30,22:30,47.38
13506,480.0,8.0,372,14,ASANSOL MAIN,ASN,DIGHA FS,DGHA,05:40,13:40,46.5
13507,815.0,13.58,641,15,ASANSOL MAIN,ASN,GORAKHPUR JN,GKP,16:15,05:50,47.2
13508,860.0,14.33,643,15,GORAKHPUR JN,GKP,ASANSOL MAIN,ASN,20:55,11:15,44.87
13509,1245.0,20.75,859,24,ASANSOL MAIN,ASN,GONDA JN.,GD,16:15,13:00,41.4
13510,1215.0,20.25,861,22,GONDA JN.,GD,ASANSOL MAIN,ASN,15:00,11:15,42.52
13511,210.0,3.5,166,9,TATANAGAR JN,TATA,ASANSOL MAIN,ASN,13:00,16:30,47.43
13512,200.0,3.33,166,9,ASANSOL MAIN,ASN,TATANAGAR JN,TATA,09:05,12:25,49.85
14001,485.0,8.08,471,2,DELHI JN.,DLI,ATARI JN,ATT,23:10,07:15,58.29
14002,440.0,7.33,471,2,ATARI JN,ATT,DELHI JN.,DLI,20:00,03:20,64.26
14004,350.0,5.83,1418,23,NEW DELHI,NDLS,MALDA TOWN,MLDT,18:00,23:50,243.22
14006,320.0,5.33,1183,43,ANAND VIHAR,ANVT,SITAMARHI,SMI,15:10,20:30,221.95
14008,335.0,5.58,1236,34,ANAND VIHAR,ANVT,RAXAUL JN.,RXL,16:25,22:00,221.51
14011,500.0,8.33,410,9,DELHI JN.,DLI,HOSHIARPUR,HSX,21:00,05:20,49.22
14012,540.0,9.0,410,9,HOSHIARPUR,HSX,DELHI JN.,DLI,22:10,07:10,45.56
14013,795.0,13.25,627,15,SULTANPUR JN,SLN,ANAND VIHAR,ANVT,15:30,04:45,47.32
14014,845.0,14.08,627,15,ANAND VIHAR,ANVT,SULTANPUR JN,SLN,16:25,06:30,44.53
14016,305.0,5.08,1219,36,ANAND VIHAR,ANVT,RAXAUL JN.,RXL,16:25,21:30,239.96
14018,335.0,5.58,1283,36,ANAND VIHAR,ANVT,RAXAUL JN.,RXL,16:25,22:00,229.93
14019,1370.0,22.83,2478,18,AGARTALA,AGTL,ANAND VIHAR,ANVT,14:00,12:50,108.54
14021,440.0,7.33,291,18,DELHI-SARAI,DEE,SIKAR JN.,SIKR,22:25,05:45,39.7
14022,445.0,7.42,291,18,SIKAR JN.,SIKR,DELHI-SARAI,DEE,22:15,05:40,39.22
14033,895.0,14.92,653,32,DELHI JN.,DLI,SHRI MATA VA,SVDK,20:10,11:05,43.77
14034,910.0,15.17,653,30,SHRI MATA VA,SVDK,DELHI JN.,DLI,14:35,05:45,43.05
14035,575.0,9.58,495,19,DELHI JN.,DLI,PATHANKOT JN,PTK,22:45,08:20,51.67
14036,665.0,11.08,495,20,PATHANKOT JN,PTK,DELHI JN.,DLI,23:20,10:25,44.68
14041,660.0,11.0,338,20,DELHI-SARAI,DEE,DEHRA DUN,DDN,21:30,08:30,30.73
14042,670.0,11.17,338,20,DEHRA DUN,DDN,DELHI-SARAI,DEE,21:20,08:30,30.26
14043,430.0,7.17,237,13,KOTDWARA,KTW,DELHI JN.,DLI,15:10,22:20,33.05
14044,430.0,7.17,237,13,DELHI JN.,DLI,KOTDWARA,KTW,07:20,14:30,33.05
14085,400.0,6.67,263,20,TILAK BRIDGE,TKJ,SIRSA,SSA,18:00,00:40,39.43
14086,388.0,6.47,263,20,SIRSA,SSA,TILAK BRIDGE,TKJ,03:30,09:58,40.65
14095,335.0,5.58,269,14,DELHI-SARAI,DEE,KALKA,KLK,05:35,11:10,48.21
14096,345.0,5.75,269,15,KALKA,KLK,DELHI-SARAI,DEE,16:55,22:40,46.78
14101,255.0,4.25,208,13,PRAYAG JN.,PRG,KANPUR CENTR,CNB,16:35,20:50,48.94
14102,300.0,5.0,208,13,KANPUR CENTR,CNB,PRAYAG JN.,PRG,09:40,14:40,41.6
14109,305.0,5.08,213,12,CHITRAKUTDHA,CKTD,KANPUR CENTR,CNB,15:00,20:05,41.93
14110,265.0,4.42,213,12,KANPUR CENTR,CNB,CHITRAKUTDHA,CKTD,10:10,14:35,48.19
14113,580.0,9.67,360,15,ALIGARH JN.,ALJN,DEHRA DUN,DDN,03:30,13:10,37.23
14114,545.0,9.08,360,16,DEHRA DUN,DDN,ALIGARH JN.,ALJN,13:20,22:25,39.65
14115,840.0,14.0,724,15,ALLAHABAD JN,ALD,HARIDWAR JN,HW,23:45,13:45,51.71
14116,900.0,15.0,724,15,HARIDWAR JN,HW,ALLAHABAD JN,ALD,16:05,07:05,48.27
14117,410.0,6.83,263,10,ALLAHABAD JN,ALD,BASTI,BST,04:30,11:20,38.51
14118,420.0,7.0,263,10,BASTI,BST,ALLAHABAD JN,ALD,13:30,20:30,37.57
14119,515.0,8.58,335,11,KATHGODAM,KGM,DEHRA DUN,DDN,19:45,04:20,39.04
14120,495.0,8.25,335,11,DEHRA DUN,DDN,KATHGODAM,KGM,22:55,07:10,40.61
14123,305.0,5.08,246,15,PARTAPGARH J,PBH,KANPUR CENTR,CNB,04:35,09:40,48.43
14124,325.0,5.42,246,15,KANPUR CENTR,CNB,PARTAPGARH J,PBH,17:35,23:00,45.39
14125,410.0,6.83,202,15,ALLAHABAD JN,ALD,MANKAPUR JN.,MUR,18:15,01:05,29.58
14126,355.0,5.92,202,15,MANKAPUR JN.,MUR,ALLAHABAD JN,ALD,02:45,08:40,34.12
14151,630.0,10.5,429,13,KANPUR CENTR,CNB,ANAND VIHAR,ANVT,07:50,18:20,40.86
14152,705.0,11.75,478,13,ANAND VIHAR,ANVT,KANPUR CENTR,CNB,19:45,07:30,40.68
14163,775.0,12.92,629,30,ALLAHABAD JN,ALD,MEERUT CITY,MTC,17:45,06:40,48.68
14164,790.0,13.17,629,24,MEERUT CITY,MTC,ALLAHABAD JN,ALD,19:00,08:10,47.76
14201,320.0,5.33,197,11,JAUNPUR JN.,JNU,RAE BARELI J,RBL,16:20,21:40,36.96
14202,320.0,5.33,197,11,RAE BARELI J,RBL,JAUNPUR JN.,JNU,06:45,12:05,36.96
14203,350.0,5.83,301,14,VARANASI JN.,BSB,LUCKNOW JN.,LKO,16:20,22:10,51.63
14204,390.0,6.5,301,14,LUCKNOW JN.,LKO,VARANASI JN.,BSB,07:00,13:30,46.31
14205,735.0,12.25,614,11,FAIZABAD JN.,FD,DELHI JN.,DLI,17:25,05:40,50.12
14206,775.0,12.92,614,11,DELHI JN.,DLI,FAIZABAD JN.,FD,18:25,07:20,47.52
14207,825.0,13.75,659,16,PARTAPGARH J,PBH,DELHI JN.,DLI,17:00,06:45,47.93
14208,750.0,12.5,659,16,DELHI JN.,DLI,PARTAPGARH J,PBH,19:50,08:20,52.72
14209,225.0,3.75,194,8,PRAYAG JN.,PRG,LUCKNOW JN.,LKO,15:40,19:25,51.73
14210,240.0,4.0,194,8,LUCKNOW JN.,LKO,PRAYAG JN.,PRG,07:30,11:30,48.5
14211,260.0,4.33,188,18,AGRA CANTT,AGC,NEW DELHI,NDLS,06:00,10:20,43.42
14212,270.0,4.5,191,18,NEW DELHI,NDLS,AGRA CANTT,AGC,17:35,22:05,42.44
14213,360.0,6.0,254,12,VARANASI JN.,BSB,GONDA JN.,GD,14:15,20:15,42.33
14214,405.0,6.75,255,12,GONDA JN.,GD,VARANASI JN.,BSB,06:55,13:40,37.78
14215,250.0,4.17,200,11,ALLAHABAD JN,ALD,LUCKNOW JN.,LKO,06:00,10:10,47.96
14216,265.0,4.42,200,11,LUCKNOW JN.,LKO,ALLAHABAD JN,ALD,18:00,22:25,45.25
14217,1160.0,19.33,875,41,PRAYAG JN.,PRG,CHANDIGARH,CDG,14:05,09:25,45.27
14218,1095.0,18.25,875,40,CHANDIGARH,CDG,PRAYAG JN.,PRG,16:40,10:55,47.95
14219,375.0,6.25,301,12,VARANASI JN.,BSB,LUCKNOW JN.,LKO,05:10,11:25,48.16
14220,450.0,7.5,301,12,LUCKNOW JN.,LKO,VARANASI JN.,BSB,12:55,20:25,40.13
14221,315.0,5.25,203,9,FAIZABAD JN.,FD,KANPUR ANWAR,CPA,05:05,10:20,38.67
14222,305.0,5.08,203,9,KANPUR ANWAR,CPA,FAIZABAD JN.,FD,12:55,18:00,39.96
14227,305.0,5.08,276,13,VARANASI JN.,BSB,LUCKNOW JN.,LKO,04:45,09:50,54.33
14228,340.0,5.67,276,12,LUCKNOW JN.,LKO,VARANASI JN.,BSB,17:50,23:30,48.68
14235,880.0,14.67,558,48,VARANASI JN.,BSB,BAREILLY JN.,BE,23:40,14:20,38.04
14236,915.0,15.25,558,45,BAREILLY JN.,BE,VARANASI JN.,BSB,15:35,06:50,36.59
14257,975.0,16.25,793,32,VARANASI JN.,BSB,NEW DELHI,NDLS,14:00,06:15,48.8
14258,1020.0,17.0,793,34,NEW DELHI,NDLS,VARANASI JN.,BSB,11:35,04:35,46.65
14260,420.0,7.0,319,8,LUCKNOW JN.,LKO,MUGHAL SARAI,MGS,23:35,06:35,45.57
14265,1325.0,22.08,845,49,VARANASI JN.,BSB,DEHRA DUN,DDN,08:25,06:30,38.27
14266,1280.0,21.33,845,51,DEHRA DUN,DDN,VARANASI JN.,BSB,18:15,15:35,39.62
14307,760.0,12.67,460,41,PRAYAG JN.,PRG,BAREILLY JN.,BE,22:15,10:55,36.31
14308,740.0,12.33,460,40,BAREILLY JN.,BE,PRAYAG JN.,PRG,17:15,05:35,37.31
14311,480.0,8.0,1543,46,BAREILLY JN.,BE,NEW BHUJ,BHUJ,06:00,14:00,192.88
14312,475.0,7.92,1540,45,NEW BHUJ,BHUJ,BAREILLY JN.,BE,12:40,20:35,194.44
14313,445.0,7.42,1592,26,LOKMANYA TIL,LTT,BAREILLY JN.,BE,08:05,15:30,214.56
14314,540.0,9.0,1591,27,BAREILLY JN.,BE,LOKMANYA TIL,LTT,11:00,20:00,176.78
14315,340.0,5.67,257,16,BAREILLY JN.,BE,NEW DELHI,NDLS,04:35,10:15,45.33
14316,315.0,5.25,257,16,NEW DELHI,NDLS,BAREILLY JN.,BE,16:35,21:50,48.95
14317,280.0,4.67,1165,30,INDORE BG,INDB,DEHRA DUN,DDN,15:00,19:40,249.46
14319,1360.0,22.67,1021,19,INDORE BG,INDB,BAREILLY JN.,BE,16:50,15:30,45.04
14323,140.0,2.33,71,6,NEW DELHI,NDLS,ROHTAK JN.,ROK,10:35,12:55,30.47
14324,105.0,1.75,71,6,ROHTAK JN.,ROK,NEW DELHI,NDLS,14:15,16:00,40.57
14369,1215.0,20.25,722,36,SINGRAULI,SGRL,BAREILLY JN.,BE,16:20,12:35,35.65
14370,1165.0,19.42,722,36,BAREILLY JN.,BE,SINGRAULI,SGRL,12:10,07:35,37.18
14371,255.0,4.25,201,10,BARWADIH JN,BRWD,CHOPAN,CPU,13:00,17:15,47.29
14372,290.0,4.83,201,10,CHOPAN,CPU,BARWADIH JN,BRWD,05:55,10:45,41.61
14501,635.0,10.58,523,13,BATHINDA JN,BTI,JAMMU TAWI,JAT,20:50,07:25,49.43
14502,665.0,11.08,523,13,JAMMU TAWI,JAT,BATHINDA JN,BTI,23:15,10:20,47.2
14503,575.0,9.58,479,10,KALKA,KLK,SHRI MATA VA,SVDK,19:00,04:35,50.0
14504,630.0,10.5,479,10,SHRI MATA VA,SVDK,KALKA,KLK,21:20,07:50,45.62
14505,345.0,5.75,286,11,AMRITSAR JN.,ASR,NANGAL DAM,NLDM,14:05,19:50,49.74
14506,355.0,5.92,286,12,NANGAL DAM,NLDM,AMRITSAR JN.,ASR,07:25,13:20,48.31
14511,1095.0,18.25,773,29,ALLAHABAD JN,ALD,SAHARANPUR J,SRE,17:40,11:55,42.36
14512,1025.0,17.08,773,28,SAHARANPUR J,SRE,ALLAHABAD JN,ALD,16:50,09:55,45.26
14519,450.0,7.5,335,19,DELHI JN.,DLI,BATHINDA JN,BTI,14:50,22:20,44.67
14520,435.0,7.25,335,19,BATHINDA JN,BTI,DELHI JN.,DLI,06:55,14:10,46.21
14521,335.0,5.58,261,14,DELHI JN.,DLI,AMBALA CANTT,UMB,13:10,18:45,46.77
14522,360.0,6.0,261,14,AMBALA CANTT,UMB,DELHI JN.,DLI,05:40,11:40,43.5
14525,405.0,6.75,314,15,AMBALA CANTT,UMB,SHRI GANGANA,SGNR,05:15,12:00,46.52
14526,415.0,6.92,314,15,SHRI GANGANA,SGNR,AMBALA CANTT,UMB,14:00,20:55,45.38
14545,495.0,8.25,212,27,FARUKHNAGAR,FN,SAHARANPUR J,SRE,13:10,21:25,25.7
14546,395.0,6.58,203,27,SAHARANPUR J,SRE,FARUKHNAGAR,FN,06:05,12:40,30.85
14553,590.0,9.83,398,28,DELHI JN.,DLI,AMB  ANDAURA,AADR,22:55,08:45,40.49
14554,560.0,9.33,398,26,AMB  ANDAURA,AADR,DELHI JN.,DLI,20:10,05:30,42.66
14555,455.0,7.58,271,21,BAREILLY JN.,BE,DELHI JN.,DLI,14:10,21:45,35.75
14556,425.0,7.08,271,21,DELHI JN.,DLI,BAREILLY JN.,BE,06:00,13:05,38.28
14601,225.0,3.75,184,10,FIROZPUR CAN,FZR,SHRI GANGANA,SGNR,05:10,08:55,49.07
14602,265.0,4.42,184,10,SHRI GANGANA,SGNR,FIROZPUR CAN,FZR,12:10,16:35,41.63
14603,630.0,10.5,1568,33,SAHARSA JN.,SHC,AMRITSAR JN.,ASR,16:25,02:55,149.33
14604,410.0,6.83,1571,33,AMRITSAR JN.,ASR,SAHARSA JN.,SHC,13:10,20:00,230.01
14609,845.0,14.08,635,22,RISHIKESH,RKSH,SHRI MATA VA,SVDK,16:25,06:30,45.1
14610,975.0,16.25,635,22,SHRI MATA VA,SVDK,RISHIKESH,RKSH,16:20,08:35,39.08
14613,300.0,5.0,236,8,CHANDIGARH,CDG,FIROZPUR CAN,FZR,16:30,21:30,47.2
14614,285.0,4.75,236,8,FIROZPUR CAN,FZR,CHANDIGARH,CDG,07:00,11:45,49.68
14615,960.0,16.0,661,18,LALKUA JN.,LKU,AMRITSAR JN.,ASR,23:15,15:15,41.31
14616,870.0,14.5,661,18,AMRITSAR JN.,ASR,LALKUA JN.,LKU,05:55,20:25,45.59
14623,1200.0,20.0,1027,23,CHHINWARA JN,CWA,DELHI-SARAI,DEE,10:15,06:15,51.35
14624,1290.0,21.5,1029,23,DELHI-SARAI,DEE,CHHINWARA JN,CWA,12:20,09:50,47.86
14625,450.0,7.5,382,18,DELHI-SARAI,DEE,FIROZPUR CAN,FZR,06:45,14:15,50.93
14626,440.0,7.33,382,18,FIROZPUR CAN,FZR,DELHI-SARAI,DEE,04:20,11:40,52.11
14629,155.0,2.58,123,9,LUDHIANA JN.,LDH,FIROZPUR CAN,FZR,07:10,09:45,47.67
14630,150.0,2.5,123,9,FIROZPUR CAN,FZR,LUDHIANA JN.,LDH,17:40,20:10,49.2
14631,750.0,12.5,462,27,DEHRA DUN,DDN,AMRITSAR JN.,ASR,19:00,07:30,36.96
14632,745.0,12.42,462,29,AMRITSAR JN.,ASR,DEHRA DUN,DDN,22:10,10:35,37.2
14633,150.0,2.5,106,7,AMRITSAR JN.,ASR,PATHANKOT JN,PTK,09:15,11:45,42.4
14634,150.0,2.5,106,7,PATHANKOT JN,PTK,AMRITSAR JN.,ASR,14:10,16:40,42.4
14645,815.0,13.58,639,29,DELHI JN.,DLI,JAMMU TAWI,JAT,15:50,05:25,47.05
14646,835.0,13.92,639,28,JAMMU TAWI,JAT,DELHI JN.,DLI,21:00,10:55,45.91
14649,1000.0,16.67,1668,63,JAYNAGAR,JYG,AMRITSAR JN.,ASR,07:15,23:55,100.06
14650,800.0,13.33,1669,58,AMRITSAR JN.,ASR,JAYNAGAR,JYG,11:55,01:15,125.21
14659,1090.0,18.17,919,39,DELHI JN.,DLI,JAISALMER,JSM,17:35,11:45,50.58
14660,1110.0,18.5,919,39,JAISALMER,JSM,DELHI JN.,DLI,16:45,11:15,49.68
14661,240.0,4.0,209,8,JODHPUR JN.,JU,BARMER,BME,05:30,09:30,52.25
14662,255.0,4.25,209,8,BARMER,BME,JODHPUR JN.,JU,18:00,22:15,49.18
14673,1000.0,16.67,1650,58,JAYNAGAR,JYG,AMRITSAR JN.,ASR,07:15,23:55,98.98
14674,800.0,13.33,1653,58,AMRITSAR JN.,ASR,JAYNAGAR,JYG,11:55,01:15,124.01
14681,545.0,9.08,438,21,NEW DELHI,NDLS,JALANDHAR CI,JUC,14:45,23:50,48.24
14682,525.0,8.75,438,21,JALANDHAR CI,JUC,NEW DELHI,NDLS,04:10,12:55,50.06
14703,395.0,6.58,314,14,JAISALMER,JSM,LALGARH JN.,LGH,10:00,16:35,47.72
14704,380.0,6.33,314,14,LALGARH JN.,LGH,JAISALMER,JSM,07:20,13:40,49.61
14709,1000.0,16.67,2094,31,BIKANER JN.,BKN,PURI,PURI,17:05,09:45,125.61
14710,930.0,15.5,2091,31,PURI,PURI,BIKANER JN.,BKN,06:30,22:00,134.9
14711,590.0,9.83,471,21,HARIDWAR JN,HW,SHRI GANGANA,SGNR,14:15,00:05,47.91
14712,560.0,9.33,471,21,SHRI GANGANA,SGNR,HARIDWAR JN,HW,04:10,13:30,50.48
14713,710.0,11.83,534,15,SHRI GANGANA,SGNR,JAMMU TAWI,JAT,14:45,02:35,45.14
14714,750.0,12.5,534,15,JAMMU TAWI,JAT,SHRI GANGANA,SGNR,05:30,18:00,42.72
14715,650.0,10.83,445,10,HISAR JN,HSR,HARIDWAR JN,HW,04:30,15:20,41.09
14716,580.0,9.67,445,10,HARIDWAR JN,HW,HISAR JN,HSR,16:20,02:00,46.02
14717,975.0,16.25,751,14,BIKANER JN.,BKN,HARIDWAR JN,HW,23:05,15:20,46.22
14718,935.0,15.58,751,14,HARIDWAR JN,HW,BIKANER JN.,BKN,16:20,07:55,48.2
14723,975.0,16.25,604,31,KANPUR CENTR,CNB,BHIWANI JN.,BNW,17:25,09:40,37.17
14724,995.0,16.58,605,30,BHIWANI JN.,BNW,KANPUR CENTR,CNB,18:35,11:10,36.49
14731,640.0,10.67,521,29,DELHI JN.,DLI,FAZILKA JN.,FKA,14:20,01:00,48.83
14732,645.0,10.75,521,29,FAZILKA JN.,FKA,DELHI JN.,DLI,02:00,12:45,48.47
14795,145.0,2.42,108,6,BHIWANI JN.,BNW,PANIPAT JN.,PNP,04:30,06:55,44.63
14796,160.0,2.67,108,6,PANIPAT JN.,PNP,BHIWANI JN.,BNW,20:40,23:20,40.45
14801,960.0,16.0,735,41,JODHPUR JN.,JU,INDORE BG,INDB,07:00,23:00,45.94
14803,575.0,9.58,479,17,BHAGAT-KI-KO,BGKT,AHMEDABAD,ADI,10:25,20:00,50.0
14804,600.0,10.0,479,17,AHMEDABAD,ADI,BHAGAT-KI-KO,BGKT,21:00,07:00,47.9
14805,1290.0,21.5,2242,38,YESVANTPUR J,YPR,BARMER,BME,10:30,08:00,104.28
14807,175.0,2.92,150,10,JAIPUR JN.,JP,ALWAR JN.,AWR,09:55,12:50,51.37
14808,205.0,3.42,150,10,ALWAR JN.,AWR,JAIPUR JN.,JP,14:20,17:45,43.86
14809,360.0,6.0,300,11,JAISALMER,JSM,JODHPUR JN.,JU,06:45,12:45,50.0
14810,390.0,6.5,300,11,JODHPUR JN.,JU,JAISALMER,JSM,23:30,06:00,46.15
14811,400.0,6.67,291,12,SIKAR JN.,SIKR,DELHI-SARAI,DEE,14:20,21:00,43.63
14812,380.0,6.33,291,12,DELHI-SARAI,DEE,SIKAR JN.,SIKR,06:50,13:10,45.97
14864,1395.0,23.25,1146,32,JODHPUR JN.,JU,VARANASI JN.,BSB,09:30,08:45,49.29
14866,1400.0,23.33,1171,33,JODHPUR JN.,JU,VARANASI JN.,BSB,09:30,08:50,50.19
14887,1365.0,22.75,1082,40,KALKA,KLK,BARMER,BME,21:30,20:15,47.56
14888,1390.0,23.17,1082,40,BARMER,BME,KALKA,KLK,06:45,05:55,46.7
14889,360.0,6.0,324,2,BHAGAT-KI-KO,BGKT,MUNABAO,MBF,01:00,07:00,54.0
14890,290.0,4.83,324,2,MUNABAO,MBF,BHAGAT-KI-KO,BGKT,19:00,23:50,67.08
15001,1435.0,23.92,1122,26,MUZAFFARPUR,MFP,DEHRA DUN,DDN,14:00,13:55,46.91
15003,855.0,14.25,551,31,KANPUR ANWAR,CPA,GORAKHPUR JN,GKP,16:40,06:55,38.67
15004,800.0,13.33,551,28,GORAKHPUR JN,GKP,KANPUR ANWAR,CPA,22:45,12:05,41.34
15005,1000.0,16.67,813,16,GORAKHPUR JN,GKP,DEHRA DUN,DDN,21:15,13:55,48.77
15006,1000.0,16.67,814,16,DEHRA DUN,DDN,GORAKHPUR JN,GKP,15:25,08:05,48.83
15007,765.0,12.75,503,36,VARANASI CIT,BCY,LUCKNOW JN.,LJN,17:00,05:45,39.45
15008,795.0,13.25,505,37,LUCKNOW JN.,LJN,VARANASI CIT,BCY,23:10,12:25,38.11
15009,485.0,8.08,329,16,GORAKHPUR JN,GKP,GOMTINAGAR F,GTNR,22:00,06:05,40.72
15011,960.0,16.0,698,20,LUCKNOW JN.,LJN,CHANDIGARH,CDG,23:00,15:00,43.62
15012,965.0,16.08,698,20,CHANDIGARH,CDG,LUCKNOW JN.,LJN,17:05,09:10,43.41
15017,755.0,12.58,1718,73,LOKMANYA TIL,LTT,GORAKHPUR JN,GKP,06:35,19:10,136.57
15018,755.0,12.58,1718,73,GORAKHPUR JN,GKP,LOKMANYA TIL,LTT,05:30,18:05,136.57
15019,155.0,2.58,81,5,GORAKHPUR JN,GKP,NAUTANWA,NTV,11:30,14:05,31.4
15020,145.0,2.42,81,5,NAUTANWA,NTV,GORAKHPUR JN,GKP,14:35,17:00,33.47
15021,1203.0,20.05,1056,15,SHALIMAR,SHM,GORAKHPUR JN,GKP,20:22,16:25,52.67
15022,1215.0,20.25,1055,15,GORAKHPUR JN,GKP,SHALIMAR,SHM,13:40,09:55,52.1
15024,1205.0,20.08,2473,24,YESVANTPUR J,YPR,GORAKHPUR JN,GKP,23:40,19:45,123.16
15025,1020.0,17.0,823,11,MAU JN.,MAU,ANAND VIHAR,ANVT,10:45,03:45,48.41
15026,1065.0,17.75,823,11,ANAND VIHAR,ANVT,MAU JN.,MAU,12:55,06:40,46.37
15029,640.0,10.67,1747,20,GORAKHPUR JN,GKP,PUNE JN.,PUNE,17:25,04:05,163.73
15030,555.0,9.25,1748,20,PUNE JN.,PUNE,GORAKHPUR JN,GKP,10:45,20:00,188.97
15033,305.0,5.08,243,8,HARIDWAR JN,HW,RAMNAGAR,RMR,18:30,23:35,47.83
15034,310.0,5.17,243,8,RAMNAGAR,RMR,HARIDWAR JN,HW,08:35,13:45,47.0
15035,405.0,6.75,278,10,DELHI JN.,DLI,KATHGODAM,KGM,16:00,22:45,41.19
15036,400.0,6.67,277,10,KATHGODAM,KGM,DELHI JN.,DLI,08:45,15:25,41.53
15037,355.0,5.92,246,20,KANPUR CENTR,CNB,KASGANJ JN.,KSJ,10:45,16:40,41.55
15038,335.0,5.58,247,20,KASGANJ JN.,KSJ,KANPUR CENTR,CNB,12:20,17:55,44.27
15039,155.0,2.58,107,8,FARRUKHABAD,FBD,KASGANJ JN.,KSJ,06:50,09:25,41.47
15040,120.0,2.0,107,8,KASGANJ JN.,KSJ,FARRUKHABAD,FBD,08:50,10:50,53.5
15041,135.0,2.25,107,9,FARRUKHABAD,FBD,KASGANJ JN.,KSJ,18:35,20:50,47.56
15042,140.0,2.33,107,9,KASGANJ JN.,KSJ,FARRUKHABAD,FBD,21:20,23:40,45.92
15043,605.0,10.08,341,11,LUCKNOW JN.,LJN,KATHGODAM,KGM,21:55,08:00,33.83
15044,470.0,7.83,341,11,KATHGODAM,KGM,LUCKNOW JN.,LJN,10:50,18:40,43.55
15045,1390.0,23.17,2285,39,GORAKHPUR JN,GKP,OKHA,OKHA,04:45,03:55,98.62
15046,1345.0,22.42,2286,39,OKHA,OKHA,GORAKHPUR JN,GKP,21:00,19:25,101.96
15047,1035.0,17.25,855,19,KOLKATA,KOAA,GORAKHPUR JN,GKP,14:30,07:45,49.57
15048,1015.0,16.92,858,19,GORAKHPUR JN,GKP,KOLKATA,KOAA,11:30,04:25,50.71
15049,1155.0,19.25,879,27,KOLKATA,KOAA,GORAKHPUR JN,GKP,14:30,09:45,45.66
15050,1225.0,20.42,882,27,GORAKHPUR JN,GKP,KOLKATA,KOAA,08:00,04:25,43.19
15051,1065.0,17.75,873,22,KOLKATA,KOAA,GORAKHPUR JN,GKP,14:30,08:15,49.18
15052,1095.0,18.25,875,23,GORAKHPUR JN,GKP,KOLKATA,KOAA,10:10,04:25,47.95
15053,805.0,13.42,535,13,CHHAPRA JN.,CPR,LUCKNOW JN.,LJN,19:35,09:00,39.87
15054,860.0,14.33,536,13,LUCKNOW JN.,LJN,CHHAPRA JN.,CPR,20:50,11:10,37.4
15055,635.0,10.58,440,21,AGRA  FORT,AF,RAMNAGAR,RMR,13:10,23:45,41.59
15056,680.0,11.33,440,21,RAMNAGAR,RMR,AGRA  FORT,AF,17:40,05:00,38.83
15057,845.0,14.08,748,8,GORAKHPUR JN,GKP,ANAND VIHAR,ANVT,20:55,11:00,53.12
15058,860.0,14.33,749,8,ANAND VIHAR,ANVT,GORAKHPUR JN,GKP,17:10,07:30,52.27
15059,390.0,6.5,248,11,LALKUA JN.,LKU,ANAND VIHAR,ANVT,04:30,11:00,38.15
15060,390.0,6.5,248,11,ANAND VIHAR,ANVT,LALKUA JN.,LKU,14:05,20:35,38.15
15063,630.0,10.5,1745,23,GORAKHPUR JN,GKP,LOKMANYA TIL,LTT,05:30,16:00,166.19
15064,640.0,10.67,1745,23,LOKMANYA TIL,LTT,GORAKHPUR JN,GKP,17:50,04:30,163.54
15065,650.0,10.83,1743,23,GORAKHPUR JN,GKP,PANVEL,PNVL,05:30,16:20,160.94
15066,640.0,10.67,1743,23,PANVEL,PNVL,GORAKHPUR JN,GKP,17:50,04:30,163.36
15067,875.0,14.58,1896,26,GORAKHPUR JN,GKP,BANDRA TERMI,BDTS,05:30,20:05,130.04
15068,1035.0,17.25,1895,26,BANDRA TERMI,BDTS,GORAKHPUR JN,GKP,00:20,17:35,109.86
15069,365.0,6.08,333,11,GORAKHPUR JN,GKP,BADSHAHNAGAR,BNZ,04:00,10:05,54.77
15070,415.0,6.92,333,11,BADSHAHNAGAR,BNZ,GORAKHPUR JN,GKP,16:30,23:25,48.12
15097,765.0,12.75,1777,31,BHAGALPUR,BGP,JAMMU TAWI,JAT,23:50,12:35,139.37
15098,675.0,11.25,1780,31,JAMMU TAWI,JAT,BHAGALPUR,BGP,22:45,10:00,158.22
15101,540.0,9.0,1878,19,CHHAPRA JN.,CPR,CST-MUMBAI,CSMT,21:15,06:15,208.67
15102,785.0,13.08,1882,19,CST-MUMBAI,CSMT,CHHAPRA JN.,CPR,15:35,04:40,143.88
15103,345.0,5.75,234,15,GORAKHPUR JN,GKP,MANDUADIH,MUV,16:00,21:45,40.7
15104,345.0,5.75,234,16,MANDUADIH,MUV,GORAKHPUR JN,GKP,05:25,11:10,40.7
15105,240.0,4.0,177,10,CHHAPRA JN.,CPR,GORAKHPUR JN,GKP,06:20,10:20,44.25
15106,260.0,4.33,179,16,GORAKHPUR JN,GKP,CHHAPRA JN.,CPR,17:10,21:30,41.34
15111,295.0,4.92,222,14,CHHAPRA JN.,CPR,VARANASI CIT,BCY,03:45,08:40,45.12
15112,315.0,5.25,222,14,VARANASI CIT,BCY,CHHAPRA JN.,CPR,18:35,23:50,42.29
15116,1400.0,23.33,996,21,DELHI JN.,DLI,CHHAPRA JN.,CPR,14:00,13:20,42.69
15117,625.0,10.42,492,11,MANDUADIH,MUV,JABALPUR,JBP,08:25,18:50,47.22
15118,635.0,10.58,493,10,JABALPUR,JBP,MANDUADIH,MUV,10:00,20:35,46.6
15201,425.0,7.08,204,17,PATLIPUTRA,PPTA,RAXAUL JN.,RXL,16:40,23:45,28.81
15202,355.0,5.92,204,17,RAXAUL JN.,RXL,PATLIPUTRA,PPTA,05:15,11:10,34.46
15203,990.0,16.5,670,37,BARAUNI JN.,BJU,LUCKNOW JN.,LJN,20:30,13:00,40.61
15204,1020.0,17.0,674,37,LUCKNOW JN.,LJN,BARAUNI JN.,BJU,15:00,08:00,39.65
15205,820.0,13.67,585,28,LUCKNOW JN.,LJN,JABALPUR,JBP,17:30,07:10,42.79
15206,770.0,12.83,585,27,JABALPUR,JBP,LUCKNOW JN.,LJN,20:40,09:30,45.6
15209,495.0,8.25,1520,48,SAHARSA JN.,SHC,AMRITSAR JN.,ASR,08:45,17:00,184.24
15210,535.0,8.92,1523,48,AMRITSAR JN.,ASR,SAHARSA JN.,SHC,06:35,15:30,170.74
15211,510.0,8.5,1485,48,DARBHANGA JN,DBG,AMRITSAR JN.,ASR,17:20,01:50,174.71
15212,475.0,7.92,1486,46,AMRITSAR JN.,ASR,DARBHANGA JN,DBG,19:05,03:00,187.63
15215,260.0,4.33,159,13,MUZAFFARPUR,MFP,NARKATIAGANJ,NKE,07:15,11:35,36.72
15216,230.0,3.83,159,13,NARKATIAGANJ,NKE,MUZAFFARPUR,MFP,13:00,16:50,41.51
15231,530.0,8.83,1523,32,BARAUNI JN.,BJU,GONDIA JN.,G,10:00,18:50,172.48
15232,690.0,11.5,1520,34,GONDIA JN.,G,BARAUNI JN.,BJU,21:00,08:30,132.17
15233,710.0,11.83,534,10,KOLKATA,KOAA,DARBHANGA JN,DBG,10:40,22:30,45.14
15234,685.0,11.42,534,10,DARBHANGA JN,DBG,KOLKATA,KOAA,15:45,03:10,46.76
15235,685.0,11.42,535,11,HOWRAH JN.,HWH,DARBHANGA JN,DBG,11:05,22:30,46.85
15236,675.0,11.25,536,11,DARBHANGA JN,DBG,HOWRAH JN.,HWH,15:45,03:00,47.64
15267,790.0,13.17,1924,24,RAXAUL JN.,RXL,LOKMANYA TIL,LTT,16:50,06:00,146.09
15268,950.0,15.83,1925,23,LOKMANYA TIL,LTT,RAXAUL JN.,RXL,15:50,07:40,121.6
15269,710.0,11.83,1744,25,MUZAFFARPUR,MFP,AHMEDABAD,ADI,21:20,09:10,147.42
15270,690.0,11.5,1745,25,AHMEDABAD,ADI,MUZAFFARPUR,MFP,16:30,04:00,151.74
15271,705.0,11.75,549,12,HOWRAH JN.,HWH,MUZAFFARPUR,MFP,11:05,22:50,46.72
15272,705.0,11.75,550,12,MUZAFFARPUR,MFP,HOWRAH JN.,HWH,15:15,03:00,46.81
15274,1400.0,23.33,956,45,ANAND VIHAR,ANVT,RAXAUL JN.,RXL,17:25,16:45,40.98
15275,170.0,2.83,109,8,SAHARSA JN.,SHC,BARAUNI JN.,BJU,23:55,02:45,38.52
15276,220.0,3.67,109,8,BARAUNI JN.,BJU,SAHARSA JN.,SHC,03:45,07:25,29.7
15283,660.0,11.0,373,19,KATIHAR JN.,KIR,JAYNAGAR,JYG,23:30,10:30,33.91
15284,615.0,10.25,373,19,JAYNAGAR,JYG,KATIHAR JN.,KIR,04:40,14:55,36.39
15417,1065.0,17.75,589,26,ALIPUR DUAR,APDJ,SILGHAT TOWN,SHTT,16:10,09:55,33.18
15418,915.0,15.25,589,26,SILGHAT TOWN,SHTT,ALIPUR DUAR,APDJ,17:15,08:30,38.62
15463,405.0,6.75,308,15,BALURGHAT,BLGT,SILIGURI JN.,SGUJ,11:15,18:00,45.63
15464,415.0,6.92,309,15,SILIGURI JN.,SGUJ,BALURGHAT,BLGT,07:30,14:25,44.65
15483,795.0,13.25,1638,58,ALIPUR DUAR,APDJ,DELHI JN.,DLI,09:25,22:40,123.62
15484,805.0,13.42,1638,59,DELHI JN.,DLI,ALIPUR DUAR,APDJ,06:35,20:00,122.06
15531,720.0,12.0,1612,28,SAHARSA JN.,SHC,AMRITSAR JN.,ASR,03:15,15:15,134.33
15532,605.0,10.08,1615,28,AMRITSAR JN.,ASR,SAHARSA JN.,SHC,17:50,03:55,160.22
15547,790.0,13.17,1963,20,JAYNAGAR,JYG,LOKMANYA TIL,LTT,18:20,07:30,149.05
15548,720.0,12.0,1963,20,LOKMANYA TIL,LTT,JAYNAGAR,JYG,11:20,23:20,163.58
15549,460.0,7.67,243,10,JAYNAGAR,JYG,PATNA JN.,PNBE,06:00,13:40,31.68
15550,450.0,7.5,243,10,PATNA JN.,PNBE,JAYNAGAR,JYG,15:30,23:00,32.4
15559,975.0,16.25,2018,27,DARBHANGA JN,DBG,AHMEDABAD,ADI,16:45,09:00,124.18
15560,1010.0,16.83,2020,27,AHMEDABAD,ADI,DARBHANGA JN,DBG,19:25,12:15,120.02
15563,700.0,11.67,1865,26,JAYNAGAR,JYG,UDHNA JN.,UDN,01:20,13:00,159.81
15564,830.0,13.83,1866,26,UDHNA JN.,UDN,JAYNAGAR,JYG,08:50,22:40,134.92
15601,1110.0,18.5,2294,14,SILCHAR,SCL,NEW DELHI,NDLS,18:30,13:00,124.0
15602,1260.0,21.0,2295,14,NEW DELHI,NDLS,SILCHAR,SCL,23:45,20:45,109.29
15603,840.0,14.0,571,35,GUWAHATI,GHY,LEDO,LEDO,20:45,10:45,40.79
15604,830.0,13.83,570,35,LEDO,LEDO,GUWAHATI,GHY,14:55,04:45,41.21
15605,400.0,6.67,233,20,FURKATING JN,FKG,DIBRUGARH,DBRG,05:00,11:40,34.93
15606,405.0,6.75,233,20,DIBRUGARH,DBRG,FURKATING JN,FKG,14:25,21:10,34.52
15613,690.0,11.5,491,25,KAMAKHYA JN,KYQ,MURKEONG SEL,MZS,20:30,08:00,42.7
15614,725.0,12.08,491,25,MURKEONG SEL,MZS,KAMAKHYA JN,KYQ,19:00,07:05,40.65
15617,455.0,7.58,332,14,GUWAHATI,GHY,NAHARLAGUN,NHLN,21:20,04:55,43.8
15618,525.0,8.75,332,14,NAHARLAGUN,NHLN,GUWAHATI,GHY,19:40,04:25,37.94
15619,1415.0,23.58,1093,21,GAYA JN.,GAYA,KAMAKHYA JN,KYQ,12:55,12:30,46.35
15620,1360.0,22.67,1093,21,KAMAKHYA JN,KYQ,GAYA JN.,GAYA,07:00,05:40,48.21
15621,725.0,12.08,1901,25,KAMAKHYA JN,KYQ,ANAND VIHAR,ANVT,05:35,17:40,157.37
15622,900.0,15.0,1904,25,ANAND VIHAR,ANVT,KAMAKHYA JN,KYQ,23:45,14:45,126.93
15632,1395.0,23.25,2461,34,GUWAHATI,GHY,BARMER,BME,10:45,10:00,105.85
15635,1160.0,19.33,3219,44,OKHA,OKHA,GUWAHATI,GHY,11:40,07:00,166.53
15636,1030.0,17.17,3219,44,GUWAHATI,GHY,OKHA,OKHA,10:45,03:55,187.48
15639,430.0,7.17,1512,26,PURI,PURI,KAMAKHYA JN,KYQ,14:25,21:35,210.88
15640,485.0,8.08,1513,26,KAMAKHYA JN,KYQ,PURI,PURI,19:05,03:10,187.25
15643,475.0,7.92,1534,27,PURI,PURI,KAMAKHYA JN,KYQ,22:15,06:10,193.69
15644,465.0,7.75,1548,26,KAMAKHYA JN,KYQ,PURI,PURI,23:45,07:30,199.74
15651,1405.0,23.42,2344,43,GUWAHATI,GHY,JAMMU TAWI,JAT,13:10,12:35,100.09
15653,1405.0,23.42,2431,43,GUWAHATI,GHY,JAMMU TAWI,JAT,13:10,12:35,103.8
15657,1285.0,21.42,977,33,SEALDAH,SDAH,GUWAHATI,GHY,06:35,04:00,45.61
15658,1230.0,20.5,977,33,GUWAHATI,GHY,SEALDAH,SDAH,22:55,19:25,47.66
15659,865.0,14.42,1555,40,SEALDAH,SDAH,AGARTALA,AGTL,06:35,21:00,107.84
15660,835.0,13.92,1554,40,AGARTALA,AGTL,SEALDAH,SDAH,05:30,19:25,111.64
15665,340.0,5.67,250,9,GUWAHATI,GHY,DIMAPUR,DMV,14:30,20:10,44.09
15666,345.0,5.75,249,9,DIMAPUR,DMV,GUWAHATI,GHY,21:45,03:30,43.3
15667,990.0,16.5,3142,36,GANDHIDHAM J,GIMB,KAMAKHYA JN,KYQ,13:40,06:10,190.42
15668,940.0,15.67,3142,36,KAMAKHYA JN,KYQ,GANDHIDHAM J,GIMB,11:00,02:40,200.51
15669,325.0,5.42,250,7,GUWAHATI,GHY,DIMAPUR,DMV,23:35,05:00,46.13
15670,295.0,4.92,249,7,DIMAPUR,DMV,GUWAHATI,GHY,06:00,10:55,50.61
15707,840.0,14.0,1787,51,KATIHAR JN.,KIR,AMRITSAR JN.,ASR,22:45,12:45,127.64
15708,780.0,13.0,1790,53,AMRITSAR JN.,ASR,KATIHAR JN.,KIR,07:10,20:10,137.69
15711,530.0,8.83,398,11,HOWRAH JN.,HWH,KATIHAR JN.,KIR,21:55,06:45,45.07
15712,530.0,8.83,419,11,KATIHAR JN.,KIR,HOWRAH JN.,HWH,22:30,07:20,47.45
15713,415.0,6.92,289,19,KATIHAR JN.,KIR,PATNA JN.,PNBE,06:20,13:15,41.76
15714,430.0,7.17,289,19,PATNA JN.,PNBE,KATIHAR JN.,KIR,14:15,21:25,40.31
15715,930.0,15.5,1834,28,KISHANGANJ,KNE,AJMER JN.,AII,06:00,21:30,118.32
15716,970.0,16.17,1834,28,AJMER JN.,AII,KISHANGANJ,KNE,11:05,03:15,113.42
15717,685.0,11.42,405,26,GUWAHATI,GHY,MARIANI JN.,MXN,11:45,23:10,35.46
15718,630.0,10.5,404,26,MARIANI JN.,MXN,GUWAHATI,GHY,05:00,15:30,38.48
15719,315.0,5.25,202,18,KATIHAR JN.,KIR,SILIGURI JN.,SGUJ,06:00,11:15,38.48
15720,315.0,5.25,202,18,SILIGURI JN.,SGUJ,KATIHAR JN.,KIR,15:00,20:15,38.48
15721,1020.0,17.0,752,18,DIGHA FS,DGHA,NEW JALPAIGU,NJP,16:30,09:30,44.24
15722,945.0,15.75,773,18,NEW JALPAIGU,NJP,DIGHA FS,DGHA,20:15,12:00,49.08
15723,785.0,13.08,545,13,NEW JALPAIGU,NJP,SITAMARHI,SMI,21:10,10:15,41.67
15724,720.0,12.0,545,13,SITAMARHI,SMI,NEW JALPAIGU,NJP,17:15,05:15,45.42
15765,396.0,6.6,262,19,SILIGURI JN.,SGUJ,DHUBRI,DBB,06:10,12:46,39.7
15766,510.0,8.5,262,19,DHUBRI,DBB,SILIGURI JN.,SGUJ,13:15,21:45,30.82
15767,285.0,4.75,161,14,SILIGURI JN.,SGUJ,ALIPUR DUAR,APDJ,16:45,21:30,33.89
15768,240.0,4.0,161,14,ALIPUR DUAR,APDJ,SILIGURI JN.,SGUJ,06:00,10:00,40.25
15769,595.0,9.92,450,27,ALIPUR DUAR,APDJ,LUMDING JN.,LMG,04:05,14:00,45.36
15770,585.0,9.75,449,26,LUMDING JN.,LMG,ALIPUR DUAR,APDJ,15:10,00:55,46.05
15771,430.0,7.17,300,20,ALIPUR DUAR,APDJ,KAMAKHYA JN,KYQ,05:00,12:10,41.84
15772,430.0,7.17,300,20,KAMAKHYA JN,KYQ,ALIPUR DUAR,APDJ,16:00,23:10,41.84
15815,285.0,4.75,182,12,KAMAKHYA JN,KYQ,DEKARGAON,DKGN,16:45,21:30,38.32
15816,285.0,4.75,182,12,DEKARGAON,DKGN,KAMAKHYA JN,KYQ,05:15,10:00,38.32
15909,1135.0,18.92,3114,89,DIBRUGARH,DBRG,LALGARH JN.,LGH,09:35,04:30,164.59
15927,870.0,14.5,595,27,RANGIYA JN.,RNY,NEW TINSUKIA,NTSK,05:30,20:00,41.03
15928,840.0,14.0,595,27,NEW TINSUKIA,NTSK,RANGIYA JN.,RNY,05:45,19:45,42.5
15929,1215.0,20.25,3353,51,TAMBARAM,TBM,DIBRUGARH,DBRG,21:45,18:00,165.58
15930,1290.0,21.5,3353,51,DIBRUGARH,DBRG,TAMBARAM,TBM,23:45,21:15,155.95
15933,845.0,14.08,2870,38,DIBRUGARH,DBRG,AMRITSAR JN.,ASR,07:00,21:05,203.84
15934,790.0,13.17,2872,38,AMRITSAR JN.,ASR,DIBRUGARH,DBRG,15:45,04:55,218.07
15941,830.0,13.83,1712,32,JHAJHA,JAJ,DIBRUGARH,DBRG,22:05,11:55,123.79
15942,740.0,12.33,1712,32,DIBRUGARH,DBRG,JHAJHA,JAJ,05:30,17:50,138.85
15959,740.0,12.33,1507,56,HOWRAH JN.,HWH,DIBRUGARH,DBRG,17:35,05:55,122.22
15960,680.0,11.33,1528,56,DIBRUGARH,DBRG,HOWRAH JN.,HWH,18:25,05:45,134.86
15967,925.0,15.42,604,31,RANGIYA JN.,RNY,DIBRUGARH,DBRG,05:30,20:55,39.17
15968,885.0,14.75,603,31,DIBRUGARH,DBRG,RANGIYA JN.,RNY,05:00,19:45,40.88
16021,575.0,9.58,498,24,CHENNAI CENT,MAS,MYSORE JN.,MYS,21:15,06:50,51.98
16022,630.0,10.5,499,23,MYSORE JN.,MYS,CHENNAI CENT,MAS,20:30,07:00,47.52
16023,190.0,3.17,143,10,MYSORE JN.,MYS,YESVANTPUR J,YPR,08:20,11:30,45.11
16024,180.0,3.0,143,10,YESVANTPUR J,YPR,MYSORE JN.,MYS,13:15,16:15,47.67
16032,745.0,12.42,2857,82,SHRI MATA VA,SVDK,CHENNAI CENT,MAS,21:55,10:20,230.03
16053,215.0,3.58,148,8,CHENNAI CENT,MAS,TIRUPATI,TPTY,14:15,17:50,41.34
16054,220.0,3.67,146,9,TIRUPATI,TPTY,CHENNAI CENT,MAS,10:00,13:40,39.78
16057,195.0,3.25,148,8,CHENNAI CENT,MAS,TIRUPATI,TPTY,06:25,09:40,45.54
16058,230.0,3.83,146,9,TIRUPATI,TPTY,CHENNAI CENT,MAS,18:05,21:55,38.12
16085,190.0,3.17,144,15,ARAKKONAM JN,AJJ,JOLARPETTAI,JTJ,18:05,21:15,45.43
16086,170.0,2.83,144,14,JOLARPETTAI,JTJ,ARAKKONAM JN,AJJ,06:55,09:45,50.88
16089,265.0,4.42,212,16,CHENNAI CENT,MAS,JOLARPETTAI,JTJ,17:55,22:20,47.96
16090,255.0,4.25,213,16,JOLARPETTAI,JTJ,CHENNAI CENT,MAS,04:55,09:10,50.12
16093,925.0,15.42,2086,47,CHENNAI CENT,MAS,LUCKNOW JN.,LJN,05:15,20:40,135.28
16094,1080.0,18.0,2083,46,LUCKNOW JN.,LJN,CHENNAI CENT,MAS,16:20,10:20,115.72
16101,790.0,13.17,664,24,CHENNAI EGMO,MS,RAMESWARAM,RMM,19:15,08:25,50.42
16102,815.0,13.58,664,25,RAMESWARAM,RMM,CHENNAI EGMO,MS,17:00,06:35,48.9
16105,975.0,16.25,775,29,CHENNAI EGMO,MS,TIRUCHENDUR,TCN,16:05,08:20,47.69
16106,985.0,16.42,774,29,TIRUCHENDUR,TCN,CHENNAI EGMO,MS,19:00,11:25,47.14
16115,255.0,4.25,196,10,CHENNAI EGMO,MS,PONDICHERRY,PDY,18:10,22:25,46.12
16116,235.0,3.92,196,10,PONDICHERRY,PDY,CHENNAI EGMO,MS,05:35,09:30,50.0
16127,1295.0,21.58,1095,48,CHENNAI EGMO,MS,GURUVAYUR,GUV,08:15,05:50,50.74
16128,1385.0,23.08,1096,48,GURUVAYUR,GUV,CHENNAI EGMO,MS,21:25,20:30,47.49
16129,60.0,1.0,31,4,VANCHI MANIY,MEJ,TUTICORIN,TN,19:30,20:30,31.0
16130,40.0,0.67,31,3,TUTICORIN,TN,VANCHI MANIY,MEJ,07:50,08:30,46.27
16175,505.0,8.42,360,16,CHENNAI EGMO,MS,KARAIKAL,KIK,22:05,06:30,42.76
16176,490.0,8.17,360,16,KARAIKAL,KIK,CHENNAI EGMO,MS,21:00,05:10,44.06
16179,500.0,8.33,394,13,CHENNAI EGMO,MS,MANNARGUDI,MQ,21:20,05:40,47.3
16180,500.0,8.33,394,13,MANNARGUDI,MQ,CHENNAI EGMO,MS,21:25,05:45,47.3
16181,780.0,13.0,682,26,CHENNAI EGMO,MS,SENGOTTAI JN,SCT,20:20,09:20,52.46
16182,815.0,13.58,682,27,SENGOTTAI JN,SCT,CHENNAI EGMO,MS,16:00,05:35,50.22
16183,460.0,7.67,351,18,CHENNAI EGMO,MS,THANJAVUR JN,TJ,22:30,06:10,45.76
16184,430.0,7.17,350,18,THANJAVUR JN,TJ,CHENNAI EGMO,MS,21:20,04:30,48.81
16185,35.0,0.58,10,2,NAGAPPATTINA,NGT,VELANKANNI,VLNK,05:55,06:30,17.24
16186,25.0,0.42,10,2,VELANKANNI,VLNK,NAGAPPATTINA,NGT,20:45,21:10,23.81
16187,870.0,14.5,591,29,KARAIKAL,KIK,ERNAKULAM. J,ERS,16:10,06:40,40.76
16188,815.0,13.58,592,27,ERNAKULAM. J,ERS,KARAIKAL,KIK,22:15,11:50,43.59
16203,215.0,3.58,148,10,CHENNAI CENT,MAS,TIRUPATI,TPTY,16:35,20:10,41.34
16204,240.0,4.0,146,11,TIRUPATI,TPTY,CHENNAI CENT,MAS,06:45,10:45,36.5
16205,465.0,7.75,372,13,TALGUPPA,TLGP,MYSORE JN.,MYS,14:30,22:15,48.0
16206,450.0,7.5,372,13,MYSORE JN.,MYS,TALGUPPA,TLGP,06:00,13:30,49.6
16210,1390.0,23.17,2279,44,MYSORE JN.,MYS,AJMER JN.,AII,18:30,17:40,98.36
16215,165.0,2.75,138,10,MYSORE JN.,MYS,KRANTIVIRA S,SBC,06:45,09:30,50.18
16216,170.0,2.83,138,10,KRANTIVIRA S,SBC,MYSORE JN.,MYS,18:15,21:05,48.76
16217,380.0,6.33,1304,24,MYSORE JN.,MYS,SAI NAGAR SH,SNSI,05:10,11:30,206.0
16218,365.0,6.08,1304,24,SAI NAGAR SH,SNSI,MYSORE JN.,MYS,23:55,06:00,214.47
16227,695.0,11.58,508,35,MYSORE JN.,MYS,TALGUPPA,TLGP,19:40,07:15,43.87
16228,700.0,11.67,508,31,TALGUPPA,TLGP,MYSORE JN.,MYS,20:20,08:00,43.53
16231,895.0,14.92,676,24,MAYILADUTURA,MV,MYSORE JN.,MYS,17:45,08:40,45.31
16232,930.0,15.5,676,25,MYSORE JN.,MYS,MAYILADUTURA,MV,15:30,07:00,43.61
16233,160.0,2.67,120,7,MAYILADUTURA,MV,TIRUCHIRAPPA,TPJ,08:10,10:50,44.94
16234,145.0,2.42,120,7,TIRUCHIRAPPA,TPJ,MAYILADUTURA,MV,12:50,15:15,49.59
16235,1030.0,17.17,775,35,TUTICORIN,TN,MYSORE JN.,MYS,16:35,09:45,45.14
16301,485.0,8.08,327,30,SHORANUR JN.,SRR,TRIVANDRUM C,TVC,14:25,22:30,40.47
16302,475.0,7.92,327,30,TRIVANDRUM C,TVC,SHORANUR JN.,SRR,05:00,12:55,41.29
16303,295.0,4.92,220,19,ERNAKULAM. J,ERS,TRIVANDRUM C,TVC,05:00,09:55,44.72
16304,310.0,5.17,219,19,TRIVANDRUM C,TVC,ERNAKULAM. J,ERS,17:45,22:55,42.36
16305,345.0,5.75,282,16,ERNAKULAM. J,ERS,KANNUR,CAN,06:45,12:30,49.04
16306,355.0,5.92,282,17,KANNUR,CAN,ERNAKULAM. J,ERS,14:35,20:30,47.64
16307,455.0,7.58,338,27,ALLEPPEY,ALLP,KANNUR,CAN,14:55,22:30,44.59
16308,485.0,8.08,339,28,KANNUR,CAN,ALLEPPEY,ALLP,05:00,13:05,41.96
16313,455.0,7.58,338,27,ALLEPPEY,ALLP,KANNUR,CAN,14:55,22:30,44.59
16314,485.0,8.08,339,26,KANNUR,CAN,ALLEPPEY,ALLP,05:00,13:05,41.96
16315,965.0,16.08,829,22,KRANTIVIRA S,SBC,KOCHUVELI,KCVL,17:00,09:05,51.55
16316,950.0,15.83,830,22,KOCHUVELI,KCVL,KRANTIVIRA S,SBC,16:45,08:35,52.43
16331,910.0,15.17,1953,43,CST-MUMBAI,CSMT,TRIVANDRUM C,TVC,12:10,03:20,128.74
16332,985.0,16.42,1954,42,TRIVANDRUM C,TVC,CST-MUMBAI,CSMT,04:25,20:50,119.0
16333,1345.0,22.42,2407,59,VERAVAL,VRL,TRIVANDRUM C,TVC,04:25,02:50,107.36
16335,1255.0,20.92,2348,56,GANDHIDHAM J,GIMB,NAGERCOIL JN,NCJ,07:20,04:15,112.24
16336,1335.0,22.25,2352,56,NAGERCOIL JN,NCJ,GANDHIDHAM J,GIMB,14:45,13:00,105.71
16337,1095.0,18.25,2253,50,OKHA,OKHA,ERNAKULAM. J,ERS,04:05,22:20,123.45
16338,1240.0,20.67,2258,51,ERNAKULAM. J,ERS,OKHA,OKHA,20:25,17:05,109.24
16339,910.0,15.17,1874,40,CST-MUMBAI,CSMT,NAGERCOIL JN,NCJ,12:10,03:20,123.53
16340,860.0,14.33,1875,39,NAGERCOIL JN,NCJ,CST-MUMBAI,CSMT,06:30,20:50,130.84
16341,390.0,6.5,302,23,GURUVAYUR,GUV,TRIVANDRUM C,TVC,03:15,09:45,46.46
16342,410.0,6.83,302,22,TRIVANDRUM C,TVC,GURUVAYUR,GUV,17:30,00:20,44.22
16343,880.0,14.67,609,22,TRIVANDRUM C,TVC,MADURAI JN,MDU,22:30,13:10,41.51
16344,880.0,14.67,610,22,MADURAI JN,MDU,TRIVANDRUM C,TVC,15:45,06:25,41.58
16345,375.0,6.25,1510,46,LOKMANYA TIL,LTT,TRIVANDRUM C,TVC,11:40,17:55,241.6
16346,415.0,6.92,1514,46,TRIVANDRUM C,TVC,LOKMANYA TIL,LTT,09:45,16:40,218.79
16347,865.0,14.42,630,50,TRIVANDRUM C,TVC,MANGALORE CE,MAQ,20:40,11:05,43.69
16348,865.0,14.42,632,49,MANGALORE CE,MAQ,TRIVANDRUM C,TVC,14:20,04:45,43.83
16349,75.0,1.25,67,9,SHORANUR JN.,SRR,NILAMBUR ROA,NIL,06:05,07:20,53.6
16350,80.0,1.33,66,9,NILAMBUR ROA,NIL,SHORANUR JN.,SRR,20:50,22:10,49.62
16351,965.0,16.08,1942,47,CST-MUMBAI,CSMT,NAGERCOIL JN,NCJ,12:10,04:15,120.77
16352,950.0,15.83,1945,46,NAGERCOIL JN,NCJ,CST-MUMBAI,CSMT,05:00,20:50,122.87
16381,1250.0,20.83,2130,63,CST-MUMBAI,CSMT,KANNIYAKUMAR,CAPE,15:45,12:35,102.26
16382,1320.0,22.0,2132,62,KANNIYAKUMAR,CAPE,CST-MUMBAI,CSMT,06:40,04:40,96.91
16501,580.0,9.67,1797,25,AHMEDABAD,ADI,YESVANTPUR J,YPR,18:40,04:20,185.83
16502,770.0,12.83,1785,27,YESVANTPUR J,YPR,AHMEDABAD,ADI,13:30,02:20,139.13
16505,1095.0,18.25,1949,34,GANDHIDHAM J,GIMB,KRANTIVIRA S,SBC,09:00,03:15,106.79
16506,880.0,14.67,1952,33,KRANTIVIRA S,SBC,GANDHIDHAM J,GIMB,21:50,12:30,133.06
16507,1315.0,21.92,2103,46,JODHPUR JN.,JU,KRANTIVIRA S,SBC,05:20,03:15,95.94
16508,1140.0,19.0,2104,45,KRANTIVIRA S,SBC,JODHPUR JN.,JU,21:50,16:50,110.74
16515,950.0,15.83,667,22,YESVANTPUR J,YPR,KAWR,KAWR,07:10,23:00,42.14
16516,900.0,15.0,649,22,KAWR,KAWR,YESVANTPUR J,YPR,05:30,20:30,43.27
16517,880.0,14.67,579,20,KRANTIVIRA S,SBC,KANNUR,CAN,20:30,11:10,39.47
16518,940.0,15.67,578,20,KANNUR,CAN,KRANTIVIRA S,SBC,16:40,08:20,36.89
16519,215.0,3.58,148,16,JOLARPETTAI,JTJ,KRANTIVIRA S,SBC,04:25,08:00,41.34
16520,200.0,3.33,148,15,KRANTIVIRA S,SBC,JOLARPETTAI,JTJ,17:30,20:50,44.44
16521,105.0,1.75,70,8,BANGARPET JN,BWT,KRANTIVIRA S,SBC,21:40,23:25,40.0
16522,95.0,1.58,70,8,KRANTIVIRA S,SBC,BANGARPET JN,BWT,19:35,21:10,44.3
16523,315.0,5.25,262,14,MANGALORE CE,MAQ,KAWR,KAWR,09:00,14:15,49.9
16524,340.0,5.67,260,14,KAWR,KAWR,MANGALORE CE,MAQ,14:40,20:20,45.86
16525,1250.0,20.83,934,46,KANNIYAKUMAR,CAPE,KRANTIVIRA S,SBC,10:30,07:20,44.84
16526,1160.0,19.33,934,49,KRANTIVIRA S,SBC,KANNIYAKUMAR,CAPE,20:00,15:20,48.32
16527,800.0,13.33,655,18,YESVANTPUR J,YPR,KANNUR,CAN,20:00,09:20,49.14
16528,835.0,13.92,654,18,KANNUR,CAN,YESVANTPUR J,YPR,18:05,08:00,46.98
16531,1395.0,23.25,2213,38,AJMER JN.,AII,KRANTIVIRA S,SBC,05:30,04:45,95.18
16533,1395.0,23.25,2173,30,BHAGAT-KI-KO,BGKT,KRANTIVIRA S,SBC,05:30,04:45,93.46
16534,1425.0,23.75,2161,30,KRANTIVIRA S,SBC,BHAGAT-KI-KO,BGKT,17:00,16:45,90.99
16535,1240.0,20.67,966,32,MYSORE JN.,MYS,SOLAPUR,SUR,16:00,12:40,46.73
16536,1250.0,20.83,964,32,SOLAPUR,SUR,MYSORE JN.,MYS,14:10,11:00,46.28
16557,160.0,2.67,138,9,MYSORE JN.,MYS,KRANTIVIRA S,SBC,14:30,17:10,51.69
16558,180.0,3.0,138,9,KRANTIVIRA S,SBC,MYSORE JN.,MYS,10:30,13:30,46.0
16565,1065.0,17.75,833,20,YESVANTPUR J,YPR,MANGALORE CE,MAQ,23:55,17:40,46.93
16566,1035.0,17.25,833,20,MANGALORE CE,MAQ,YESVANTPUR J,YPR,20:15,13:30,48.29
16569,780.0,13.0,611,15,YESVANTPUR J,YPR,KACHEGUDA,KCG,14:30,03:30,47.0
16570,810.0,13.5,599,15,KACHEGUDA,KCG,YESVANTPUR J,YPR,14:00,03:30,44.37
16571,855.0,14.25,687,18,YESVANTPUR J,YPR,BIDAR,BIDR,19:00,09:15,48.21
16572,815.0,13.58,687,18,BIDAR,BIDR,YESVANTPUR J,YPR,18:05,07:40,50.59
16573,615.0,10.25,453,10,YESVANTPUR J,YPR,PONDICHERRY,PDY,21:00,07:15,44.2
16574,690.0,11.5,452,10,PONDICHERRY,PDY,YESVANTPUR J,YPR,20:50,08:20,39.3
16575,585.0,9.75,409,14,YESVANTPUR J,YPR,MANGALORE JN,MAJN,07:10,16:55,41.95
16576,540.0,9.0,394,14,MANGALORE JN,MAJN,YESVANTPUR J,YPR,11:30,20:30,43.78
16577,435.0,7.25,333,12,YESVANTPUR J,YPR,HARIHAR JN.,HRR,16:15,23:30,45.93
16578,375.0,6.25,332,12,HARIHAR JN.,HRR,YESVANTPUR J,YPR,06:15,12:30,53.12
16579,345.0,5.75,268,9,YESVANTPUR J,YPR,SHIMOGA TOWN,SMET,09:00,14:45,46.61
16580,330.0,5.5,267,9,SHIMOGA TOWN,SMET,YESVANTPUR J,YPR,15:30,21:00,48.55
16581,370.0,6.17,268,10,YESVANTPUR J,YPR,SHIMOGA TOWN,SMET,23:50,06:00,43.44
16582,365.0,6.08,267,10,SHIMOGA TOWN,SMET,YESVANTPUR J,YPR,23:45,05:50,43.91
16589,985.0,16.42,797,30,KRANTIVIRA S,SBC,CHHATRAPATI,KOP,21:15,13:40,48.54
16590,1000.0,16.67,794,30,CHHATRAPATI,KOP,KRANTIVIRA S,SBC,14:05,06:45,47.63
16591,895.0,14.92,668,30,HUBLI JN.,UBL,MYSORE JN.,MYS,18:20,09:15,44.77
16592,940.0,15.67,668,30,MYSORE JN.,MYS,HUBLI JN.,UBL,19:00,10:40,42.63
16593,1410.0,23.5,1021,43,NANDED,NED,KRANTIVIRA S,SBC,06:00,05:30,43.45
16603,820.0,13.67,620,32,MANGALORE CE,MAQ,TRIVANDRUM C,TVC,17:45,07:25,45.35
16604,760.0,12.67,619,31,TRIVANDRUM C,TVC,MANGALORE CE,MAQ,19:25,08:05,48.86
16605,955.0,15.92,691,41,MANGALORE CE,MAQ,NAGERCOIL JN,NCJ,07:20,23:15,43.4
16606,900.0,15.0,689,41,NAGERCOIL JN,NCJ,MANGALORE CE,MAQ,02:00,17:00,45.93
16613,1235.0,20.58,2220,35,RAJKOT,RJT,COIMBATORE,CBE,05:25,02:00,107.87
16614,1170.0,19.5,2222,36,COIMBATORE,CBE,RAJKOT,RJT,23:30,19:00,113.95
16615,510.0,8.5,334,10,MANNARGUDI,MQ,COIMBATORE,CBE,20:15,04:45,39.29
16616,430.0,7.17,334,9,COIMBATORE,CBE,MANNARGUDI,MQ,00:30,07:40,46.58
16617,700.0,11.67,498,17,RAMESWARAM,RMM,COIMBATORE,CBE,19:00,06:40,42.67
16618,645.0,10.75,498,15,COIMBATORE,CBE,RAMESWARAM,RMM,19:45,06:30,46.33
16629,930.0,15.5,631,54,TRIVANDRUM C,TVC,MANGALORE CE,MAQ,18:45,10:15,40.71
16630,895.0,14.92,632,54,MANGALORE CE,MAQ,TRIVANDRUM C,TVC,18:15,09:10,42.36
16649,930.0,15.5,703,52,MANGALORE CE,MAQ,NAGERCOIL JN,NCJ,05:25,20:55,45.35
16650,955.0,15.92,702,50,NAGERCOIL JN,NCJ,MANGALORE CE,MAQ,04:20,20:15,44.1
16687,1335.0,22.25,3663,63,MANGALORE CE,MAQ,SHRI MATA VA,SVDK,17:05,15:20,164.63
16723,1030.0,17.17,858,31,CHENNAI EGMO,MS,QUILON,QLN,19:50,13:00,49.97
16724,1025.0,17.08,858,32,QUILON,QLN,CHENNAI EGMO,MS,15:00,08:05,50.23
16733,935.0,15.58,3177,42,RAMESWARAM,RMM,OKHA,OKHA,22:15,13:50,203.92
16779,1115.0,18.58,816,23,TIRUPATI,TPTY,RAMESWARAM,RMM,13:00,07:35,43.92
16780,1095.0,18.25,817,23,RAMESWARAM,RMM,TIRUPATI,TPTY,16:00,10:15,44.77
16787,585.0,9.75,454,11,TIRUNELVELI,TEN,ERODE JN.,ED,16:00,01:45,46.56
16788,565.0,9.42,454,11,ERODE JN.,ED,TIRUNELVELI,TEN,09:05,18:30,48.2
16790,675.0,11.25,454,11,ERODE JN.,ED,TIRUNELVELI,TEN,13:40,00:55,40.36
16791,600.0,10.0,347,29,PUNALUR,PUU,PALAKKAD JN,PGT,03:20,13:20,34.7
16792,565.0,9.42,348,29,PALAKKAD JN,PGT,PUNALUR,PUU,16:00,01:25,36.94
16853,465.0,7.75,400,19,CHENNAI EGMO,MS,TIRUCHIRAPPA,TPJ,08:30,16:15,51.61
16854,470.0,7.83,400,19,TIRUCHIRAPPA,TPJ,CHENNAI EGMO,MS,10:00,17:50,51.09
16855,1015.0,16.92,796,23,PONDICHERRY,PDY,MANGALORE CE,MAQ,16:35,09:30,47.04
16856,1015.0,16.92,795,23,MANGALORE CE,MAQ,PONDICHERRY,PDY,17:05,10:00,46.99
16857,1040.0,17.33,861,19,PONDICHERRY,PDY,MANGALORE CE,MAQ,16:35,09:55,49.68
16858,1015.0,16.92,861,19,MANGALORE CE,MAQ,PONDICHERRY,PDY,17:05,10:00,50.89
16859,1350.0,22.5,983,52,CHENNAI EGMO,MS,MANGALORE CE,MAQ,23:15,21:45,43.69
16860,1280.0,21.33,982,53,MANGALORE CE,MAQ,CHENNAI EGMO,MS,06:55,04:15,46.04
16861,930.0,15.5,699,23,PONDICHERRY,PDY,KANNIYAKUMAR,CAPE,11:45,03:15,45.1
16862,935.0,15.58,698,23,KANNIYAKUMAR,CAPE,PONDICHERRY,PDY,13:50,05:25,44.8
17001,950.0,15.83,771,25,SAI NAGAR SH,SNSI,SECUNDERABAD,SC,17:10,09:00,48.7
17002,998.0,16.63,771,25,SECUNDERABAD,SC,SAI NAGAR SH,SNSI,16:40,09:18,46.36
17009,215.0,3.58,163,9,BIDAR,BIDR,HYDERABAD DE,HYB,06:50,10:25,45.53
17010,210.0,3.5,162,9,SECUNDERABAD,SC,BIDAR,BIDR,19:15,22:45,46.29
17011,370.0,6.17,316,21,HYDERABAD DE,HYB,SIRPURKAGHAZ,SKZR,04:50,11:00,51.22
17012,345.0,5.75,305,20,SIRPURKAGHAZ,SKZR,SECUNDERABAD,SC,12:00,17:45,53.04
17013,855.0,14.25,639,15,PUNE JN.,PUNE,HYDERABAD DE,HYB,14:15,04:30,44.84
17014,870.0,14.5,640,15,HYDERABAD DE,HYB,PUNE JN.,PUNE,22:45,13:15,44.14
17015,1380.0,23.0,1135,41,BHUBANESWAR,BBS,SECUNDERABAD,SC,08:30,07:30,49.35
17016,1370.0,22.83,1135,41,SECUNDERABAD,SC,BHUBANESWAR,BBS,16:50,15:40,49.72
17019,1030.0,17.17,2002,34,JAIPUR JN.,JP,HYDERABAD DE,HYB,15:00,08:10,116.6
17020,910.0,15.17,2004,34,HYDERABAD DE,HYB,JAIPUR JN.,JP,15:15,06:25,132.1
17021,465.0,7.75,376,9,HYDERABAD DE,HYB,GUNTAKAL JN.,GTL,09:20,17:05,48.52
17022,640.0,10.67,373,9,GUNTAKAL JN.,GTL,HYDERABAD DE,HYB,21:00,07:40,34.96
17023,300.0,5.0,243,16,SECUNDERABAD,SC,KURNOOL TOWN,KRNT,07:30,12:30,48.6
17024,295.0,4.92,243,14,KURNOOL TOWN,KRNT,SECUNDERABAD,SC,15:00,19:55,49.39
17025,435.0,7.25,341,15,MANUGURU,MUGR,SECUNDERABAD,SC,21:30,04:45,47.03
17026,435.0,7.25,341,15,SECUNDERABAD,SC,MANUGURU,MUGR,23:45,07:00,47.03
17027,280.0,4.67,243,13,SECUNDERABAD,SC,KURNOOL TOWN,KRNT,16:55,21:35,52.03
17028,330.0,5.5,243,13,KURNOOL TOWN,KRNT,SECUNDERABAD,SC,05:30,11:00,44.18
17031,1030.0,17.17,791,26,CST-MUMBAI,CSMT,HYDERABAD DE,HYB,12:45,05:55,46.07
17032,985.0,16.42,793,26,HYDERABAD DE,HYB,CST-MUMBAI,CSMT,20:40,13:05,48.29
17037,1015.0,16.92,2120,28,SECUNDERABAD,SC,BIKANER JN.,BKN,23:55,16:50,125.3
17038,1030.0,17.17,2121,28,BIKANER JN.,BKN,SECUNDERABAD,SC,15:40,08:50,123.53
17057,1040.0,17.33,875,30,CST-MUMBAI,CSMT,SECUNDERABAD,SC,21:10,14:30,50.49
17058,1125.0,18.75,875,29,SECUNDERABAD,SC,CST-MUMBAI,CSMT,12:25,07:10,46.67
17063,720.0,12.0,615,23,MANMAD JN.,MMR,SECUNDERABAD,SC,20:50,08:50,51.25
17064,755.0,12.58,615,23,SECUNDERABAD,SC,MANMAD JN.,MMR,18:10,06:45,48.89
17201,465.0,7.75,391,24,GUNTUR JN.,GNT,SECUNDERABAD,SC,06:00,13:45,50.45
17202,495.0,8.25,390,25,SECUNDERABAD,SC,GUNTUR JN.,GNT,13:00,21:15,47.27
17203,1010.0,16.83,2051,31,BHAVNAGAR TE,BVC,KAKINADA POR,COA,04:25,21:15,121.87
17204,960.0,16.0,2053,32,KAKINADA POR,COA,BHAVNAGAR TE,BVC,03:45,19:45,128.31
17207,1325.0,22.08,1129,32,SAI NAGAR SH,SNSI,VIJAYWADA JN,BZA,17:10,15:15,51.13
17208,1363.0,22.72,1130,32,VIJAYWADA JN,BZA,SAI NAGAR SH,SNSI,10:35,09:18,49.74
17209,1185.0,19.75,962,35,KRANTIVIRA S,SBC,KAKINADA TOW,CCT,11:00,06:45,48.71
17210,1135.0,18.92,962,36,KAKINADA TOW,CCT,KRANTIVIRA S,SBC,17:35,12:30,50.85
17211,1110.0,18.5,768,21,MACHILIPATNA,MTM,YESVANTPUR J,YPR,15:15,09:45,41.51
17212,1005.0,16.75,768,21,YESVANTPUR J,YPR,MACHILIPATNA,MTM,14:30,07:15,45.85
17213,1325.0,22.08,1092,23,NARASAPUR,NS,NAGARSOL,NSL,10:25,08:30,49.46
17214,1425.0,23.75,1092,23,NAGARSOL,NSL,NARASAPUR,NS,11:15,11:00,45.98
17215,830.0,13.83,619,16,VIJAYWADA JN,BZA,DHARMAVARAM,DMM,23:10,13:00,44.76
17216,890.0,14.83,619,16,DHARMAVARAM,DMM,VIJAYWADA JN,BZA,16:00,06:50,41.74
17225,935.0,15.58,693,26,VIJAYWADA JN,BZA,HUBLI JN.,UBL,19:45,11:20,44.48
17226,945.0,15.75,691,26,HUBLI JN.,UBL,VIJAYWADA JN,BZA,13:30,05:15,43.87
17230,425.0,7.08,1563,43,HYDERABAD DE,HYB,TRIVANDRUM C,TVC,11:15,18:20,220.76
17231,1415.0,23.58,1048,27,NARASAPUR,NS,NAGARSOL,NSL,10:25,10:00,44.44
17232,1425.0,23.75,1048,28,NAGARSOL,NSL,NARASAPUR,NS,11:15,11:00,44.13
17233,575.0,9.58,375,34,SECUNDERABAD,SC,BALHARSHAH,BPQ,15:25,01:00,39.14
17234,515.0,8.58,374,34,BALHARSHAH,BPQ,SECUNDERABAD,SC,02:10,10:45,43.59
17235,875.0,14.58,669,16,KRANTIVIRA S,SBC,NAGERCOIL JN,NCJ,17:15,07:50,45.88
17236,835.0,13.92,668,16,NAGERCOIL JN,NCJ,KRANTIVIRA S,SBC,19:10,09:05,47.99
17239,620.0,10.33,382,27,GUNTUR JN.,GNT,VISAKHAPATNA,VSKP,08:00,18:20,36.98
17240,490.0,8.17,383,26,VISAKHAPATNA,VSKP,GUNTUR JN.,GNT,07:20,15:30,46.88
17241,120.0,2.0,76,8,NARASAPUR,NS,NIDADAVOLU J,NDD,10:00,12:00,38.0
17242,125.0,2.08,77,8,NIDADAVOLU J,NDD,NARASAPUR,NS,12:30,14:35,37.02
17255,630.0,10.5,462,21,NARASAPUR,NS,HYDERABAD DE,HYB,18:55,05:25,44.0
17256,655.0,10.92,464,21,HYDERABAD DE,HYB,NARASAPUR,NS,21:45,08:40,42.49
17301,570.0,9.5,493,18,MYSORE JN.,MYS,DHARWAD,DWR,22:30,08:00,51.89
17302,630.0,10.5,490,17,DHARWAD,DWR,MYSORE JN.,MYS,20:30,07:00,46.67
17305,125.0,2.08,90,4,HUBLI JN.,UBL,LONDA JN.,LD,16:15,18:20,43.27
17307,1360.0,22.67,993,34,MYSORE JN.,MYS,BAGALKOT,BGK,13:30,12:10,43.8
17308,1420.0,23.67,994,32,BAGALKOT,BGK,MYSORE JN.,MYS,14:10,13:50,41.99
17309,930.0,15.5,665,18,YESVANTPUR J,YPR,VASCO-DA-GAM,VSG,14:30,06:00,42.9
17310,905.0,15.08,662,18,VASCO-DA-GAM,VSG,YESVANTPUR J,YPR,20:45,11:50,43.9
17311,1320.0,22.0,1029,24,CHENNAI CENT,MAS,VASCO-DA-GAM,VSG,15:00,13:00,46.77
17312,1275.0,21.25,1027,25,VASCO-DA-GAM,VSG,CHENNAI CENT,MAS,14:30,11:45,48.33
17316,375.0,6.25,1273,27,VELANKANNI,VLNK,VASCO-DA-GAM,VSG,23:45,06:00,203.68
17317,930.0,15.5,732,16,HUBLI JN.,UBL,LOKMANYA TIL,LTT,15:45,07:15,47.23
17318,990.0,16.5,731,16,LOKMANYA TIL,LTT,HUBLI JN.,UBL,18:45,11:15,44.3
17319,895.0,14.92,660,22,HUBLI JN.,UBL,SECUNDERABAD,SC,20:50,11:45,44.24
17320,950.0,15.83,661,22,SECUNDERABAD,SC,HUBLI JN.,UBL,15:40,07:30,41.76
17321,1105.0,18.42,796,12,HUBLI JN.,UBL,LOKMANYA TIL,LTT,22:30,16:55,43.21
17322,1220.0,20.33,797,13,LOKMANYA TIL,LTT,HUBLI JN.,UBL,21:15,17:35,39.2
17323,1090.0,18.17,2037,24,HUBLI JN.,UBL,VARANASI JN.,BSB,17:50,12:00,112.11
17324,955.0,15.92,2037,24,VARANASI JN.,BSB,HUBLI JN.,UBL,21:05,13:00,127.95
17325,760.0,12.67,607,25,HUBLI JN.,UBL,MYSORE JN.,MYS,08:00,20:40,47.91
17326,775.0,12.92,609,25,MYSORE JN.,MYS,HUBLI JN.,UBL,06:10,19:05,47.14
17401,610.0,10.17,466,21,TIRUPATI,TPTY,MACHILIPATNA,MTM,19:15,05:25,45.82
17402,575.0,9.58,466,21,MACHILIPATNA,MTM,TIRUPATI,TPTY,19:00,04:35,48.64
17403,140.0,2.33,94,8,GUDIVADA JN.,GDV,NARASAPUR,NS,03:20,05:40,40.34
17404,165.0,2.75,94,9,NARASAPUR,NS,GUDIVADA JN.,GDV,17:20,20:05,34.18
17407,640.0,10.67,462,19,TIRUPATI,TPTY,MANNARGUDI,MQ,10:40,21:20,43.3
17408,650.0,10.83,463,19,MANNARGUDI,MQ,TIRUPATI,TPTY,05:45,16:35,42.75
17409,240.0,4.0,184,9,ADILABAD,ADB,NANDED,NED,08:00,12:00,46.0
17410,240.0,4.0,184,9,NANDED,NED,ADILABAD,ADB,15:00,19:00,46.0
17411,665.0,11.08,517,18,CST-MUMBAI,CSMT,CHHATRAPATI,KOP,20:20,07:25,46.66
17412,655.0,10.92,517,19,CHHATRAPATI,KOP,CST-MUMBAI,CSMT,20:30,07:25,47.34
17413,405.0,6.75,302,11,TIRUPATI,TPTY,PONDICHERRY,PDY,21:20,04:05,44.74
17414,405.0,6.75,302,11,PONDICHERRY,PDY,TIRUPATI,TPTY,08:35,15:20,44.74
17415,1175.0,19.58,904,31,TIRUPATI,TPTY,CHHATRAPATI,KOP,21:00,16:35,46.17
17416,1225.0,20.42,903,32,CHHATRAPATI,KOP,TIRUPATI,TPTY,11:35,08:00,44.22
17419,1120.0,18.67,778,31,TIRUPATI,TPTY,VASCO-DA-GAM,VSG,11:20,06:00,41.67
17420,1130.0,18.83,777,26,VASCO-DA-GAM,VSG,TIRUPATI,TPTY,09:00,03:50,41.26
17481,375.0,6.25,1402,65,BILASPUR JN.,BSP,TIRUPATI,TPTY,10:05,16:20,224.32
17482,425.0,7.08,1400,66,TIRUPATI,TPTY,BILASPUR JN.,BSP,10:35,17:40,197.74
17487,900.0,15.0,735,36,TIRUPATI,TPTY,VISAKHAPATNA,VSKP,20:30,11:30,49.0
17488,920.0,15.33,736,33,VISAKHAPATNA,VSKP,TIRUPATI,TPTY,14:00,05:20,48.01
17603,805.0,13.42,653,18,KACHEGUDA,KCG,YESVANTPUR J,YPR,21:05,10:30,48.66
17604,810.0,13.5,652,18,YESVANTPUR J,YPR,KACHEGUDA,KCG,15:30,05:00,48.3
17609,480.0,8.0,1736,17,PATNA JN.,PNBE,PURNA  JN.,PAU,23:10,07:10,217.0
17610,500.0,8.33,1738,17,PURNA  JN.,PAU,PATNA JN.,PNBE,18:10,02:30,208.64
17613,1045.0,17.42,667,13,PANVEL,PNVL,NANDED,NED,16:00,09:25,38.29
17614,930.0,15.5,667,14,NANDED,NED,PANVEL,PNVL,17:30,09:00,43.03
17617,705.0,11.75,604,20,CST-MUMBAI,CSMT,NANDED,NED,06:15,18:00,51.4
17618,705.0,11.75,604,20,NANDED,NED,CST-MUMBAI,CSMT,10:05,21:50,51.4
17619,345.0,5.75,236,8,AURANGABAD,AWB,NANDED,NED,00:45,06:30,41.04
17620,330.0,5.5,236,8,NANDED,NED,AURANGABAD,AWB,11:50,17:20,42.91
17621,1395.0,23.25,1148,28,AURANGABAD,AWB,RENIGUNTA JN,RU,20:50,20:05,49.38
17623,630.0,10.5,1675,29,NANDED,NED,BIKANER JN.,BKN,09:00,19:30,159.52
17624,665.0,11.08,1677,29,BIKANER JN.,BKN,NANDED,NED,15:40,02:45,151.35
17625,480.0,8.0,347,21,KACHEGUDA,KCG,REPALLE,RAL,22:10,06:10,43.38
17626,565.0,9.42,341,19,REPALLE,RAL,SECUNDERABAD,SC,22:30,07:55,36.2
17639,680.0,11.33,513,21,KACHEGUDA,KCG,AKOLA JN.,AK,07:10,18:30,45.28
17640,645.0,10.75,513,21,AKOLA JN.,AK,KACHEGUDA,KCG,09:30,20:15,47.72
17641,960.0,16.0,730,32,KACHEGUDA,KCG,NARKHER,NRKR,07:10,23:10,45.62
17642,945.0,15.75,730,32,NARKHER,NRKR,KACHEGUDA,KCG,04:30,20:15,46.35
17643,1090.0,18.17,759,36,CHENGALPATTU,CGL,KAKINADA POR,COA,16:00,10:10,41.77
17644,1070.0,17.83,760,36,KAKINADA POR,COA,CHENGALPATTU,CGL,14:30,08:20,42.62
17651,980.0,16.33,825,21,CHENGALPATTU,CGL,KACHEGUDA,KCG,15:35,07:55,50.52
17652,990.0,16.5,824,23,KACHEGUDA,KCG,CHENGALPATTU,CGL,16:30,09:00,49.94
17687,545.0,9.08,416,24,MANMAD JN.,MMR,DHARMABAD,DAB,15:00,00:05,45.81
17688,560.0,9.33,419,24,DHARMABAD,DAB,MANMAD JN.,MMR,04:00,13:20,44.91
18007,320.0,5.33,260,13,SHALIMAR,SHM,BHANJPUR,VZR,17:35,22:55,48.78
18008,380.0,6.33,259,13,BHANJPUR,VZR,SHALIMAR,SHM,06:15,12:35,40.92
18009,990.0,16.5,2000,24,SANTRAGACHI,SRC,AJMER JN.,AII,13:00,05:30,121.21
18010,1110.0,18.5,2002,24,AJMER JN.,AII,SANTRAGACHI,SRC,19:25,13:55,108.22
18029,860.0,14.33,1957,83,LOKMANYA TIL,LTT,SHALIMAR,SHM,22:00,12:20,136.57
18030,830.0,13.83,1955,82,SHALIMAR,SHM,LOKMANYA TIL,LTT,15:00,04:50,141.36
18047,935.0,15.58,2128,44,HOWRAH JN.,HWH,VASCO-DA-GAM,VSG,23:30,15:05,136.59
18048,930.0,15.5,2125,45,VASCO-DA-GAM,VSG,HOWRAH JN.,HWH,07:10,22:40,137.1
18101,1400.0,23.33,2017,71,TATANAGAR JN,TATA,JAMMU TAWI,JAT,14:50,14:10,86.46
18102,1200.0,20.0,2017,72,JAMMU TAWI,JAT,TATANAGAR JN,TATA,14:20,10:20,100.85
18103,555.0,9.25,1746,25,TATANAGAR JN,TATA,AMRITSAR JN.,ASR,21:15,06:30,188.76
18104,550.0,9.17,1747,25,AMRITSAR JN.,ASR,TATANAGAR JN,TATA,12:35,21:45,190.51
18107,825.0,13.75,644,13,ROURKELA,ROU,KORAPUT JN.,KRPU,18:10,07:55,46.84
18108,810.0,13.5,644,13,KORAPUT JN.,KRPU,ROURKELA,ROU,16:45,06:15,47.7
18111,1410.0,23.5,2434,42,TATANAGAR JN,TATA,YESVANTPUR J,YPR,18:35,18:05,103.57
18117,1015.0,16.92,796,26,ROURKELA,ROU,GUNUPUR,GNPR,21:20,14:15,47.04
18118,1050.0,17.5,796,26,GUNUPUR,GNPR,ROURKELA,ROU,14:30,08:00,45.49
18181,1130.0,18.83,629,37,TATANAGAR JN,TATA,CHHAPRA JN.,CPR,21:35,16:25,33.4
18182,1080.0,18.0,629,37,CHHAPRA JN.,CPR,TATANAGAR JN,TATA,12:35,06:35,34.94
18183,690.0,11.5,507,36,TATANAGAR JN,TATA,DANAPUR,DNR,08:15,19:45,44.09
18184,695.0,11.58,507,35,DANAPUR,DNR,TATANAGAR JN,TATA,05:45,17:20,43.78
18189,170.0,2.83,159,9,TATANAGAR JN,TATA,ROURKELA,ROU,15:30,18:20,56.18
18190,180.0,3.0,159,10,ROURKELA,ROU,TATANAGAR JN,TATA,06:10,09:10,53.0
18191,1100.0,18.33,685,33,CHHAPRA JN.,CPR,FARRUKHABAD,FBD,18:00,12:20,37.37
18192,1145.0,19.08,687,31,FARRUKHABAD,FBD,CHHAPRA JN.,CPR,13:35,08:40,36.01
18203,1060.0,17.67,879,20,DURG,DURG,KANPUR CENTR,CNB,19:40,13:20,49.75
18204,1130.0,18.83,883,21,KANPUR CENTR,CNB,DURG,DURG,18:20,13:10,46.89
18206,320.0,5.33,1161,24,NAUTANWA,NTV,DURG,DURG,07:50,13:10,217.82
18211,870.0,14.5,660,15,DURG,DURG,JAGADALPUR,JDB,13:00,03:30,45.52
18212,1010.0,16.83,665,15,JAGADALPUR,JDB,DURG,DURG,12:35,05:25,39.51
18213,1400.0,23.33,1250,20,DURG,DURG,JAIPUR JN.,JP,16:00,15:20,53.58
18215,755.0,12.58,1906,26,DURG,DURG,JAMMU TAWI,JAT,09:00,21:35,151.51
18216,850.0,14.17,1916,26,JAMMU TAWI,JAT,DURG,DURG,05:00,19:10,135.22
18235,1190.0,19.83,720,67,BHOPAL,BPL,BILASPUR JN.,BSP,08:00,03:50,36.31
18236,1300.0,21.67,721,67,BILASPUR JN.,BSP,BHOPAL,BPL,20:35,18:15,33.27
18237,1075.0,17.92,1998,85,BILASPUR JN.,BSP,AMRITSAR JN.,ASR,14:15,08:10,111.5
18238,1205.0,20.08,1990,89,AMRITSAR JN.,ASR,BILASPUR JN.,BSP,16:10,12:15,99.1
18239,695.0,11.58,520,31,GEVRA-ROAD,GAD,NAGPUR JN.(C,NGP,17:55,05:30,44.91
18240,445.0,7.42,406,18,NAGPUR JN.(C,NGP,BILASPUR JN.,BSP,23:35,07:00,54.72
18241,670.0,11.17,463,32,DURG,DURG,AMBIKAPUR,ABKP,20:50,08:00,41.45
18242,700.0,11.67,471,32,AMBIKAPUR,ABKP,DURG,DURG,21:30,09:10,40.36
18243,640.0,10.67,1818,33,BILASPUR JN.,BSP,BHAGAT-KI-KO,BGKT,18:20,05:00,170.38
18244,670.0,11.17,1808,33,BHAGAT-KI-KO,BGKT,BILASPUR JN.,BSP,01:35,12:45,161.86
18245,685.0,11.42,1884,33,BILASPUR JN.,BSP,BIKANER JN.,BKN,18:20,05:45,164.97
18246,770.0,12.83,1874,33,BIKANER JN.,BKN,BILASPUR JN.,BSP,23:55,12:45,146.06
18247,675.0,11.25,468,39,BILASPUR JN.,BSP,REWA,REWA,18:40,05:55,41.6
18248,700.0,11.67,465,39,REWA,REWA,BILASPUR JN.,BSP,22:05,09:45,39.85
18301,395.0,6.58,321,20,SAMBALPUR JN,SBP,RAYAGADA JN.,RGDA,06:05,12:40,48.78
18302,365.0,6.08,321,20,RAYAGADA JN.,RGDA,SAMBALPUR JN,SBP,14:15,20:20,52.8
18303,395.0,6.58,340,16,SAMBALPUR JN,SBP,PURI,PURI,06:00,12:35,51.67
18304,405.0,6.75,340,16,PURI,PURI,SAMBALPUR JN,SBP,15:45,22:30,50.37
18309,540.0,9.0,378,14,SAMBALPUR JN,SBP,MURI,MURI,07:55,16:55,42.0
18310,575.0,9.58,381,14,MURI,MURI,SAMBALPUR JN,SBP,08:10,17:45,39.77
18311,1185.0,19.75,890,37,SAMBALPUR JN,SBP,VARANASI JN.,BSB,13:10,08:55,45.06
18312,1155.0,19.25,893,37,VARANASI JN.,BSB,SAMBALPUR JN,SBP,15:35,10:50,46.39
18403,155.0,2.58,126,6,CHAKARADHARP,CKP,BARBIL,BBN,06:20,08:55,48.84
18404,175.0,2.92,126,6,BARBIL,BBN,CHAKARADHARP,CKP,17:15,20:10,43.15
18405,785.0,13.08,2013,40,PURI,PURI,AHMEDABAD,ADI,18:20,07:25,153.9
18406,810.0,13.5,2005,40,AHMEDABAD,ADI,PURI,PURI,18:40,08:10,148.52
18407,525.0,8.75,1697,26,PURI,PURI,SAI NAGAR SH,SNSI,22:45,07:30,193.94
18408,455.0,7.58,1691,26,SAI NAGAR SH,SNSI,PURI,PURI,13:55,21:30,223.09
18409,575.0,9.58,504,20,HOWRAH JN.,HWH,PURI,PURI,19:00,04:35,52.61
18410,580.0,9.67,503,21,PURI,PURI,HOWRAH JN.,HWH,22:30,08:10,52.02
18413,270.0,4.5,172,12,PARADEEP,PRDP,PURI,PURI,18:00,22:30,38.22
18414,225.0,3.75,172,12,PURI,PURI,PARADEEP,PRDP,06:00,09:45,45.87
18415,645.0,10.75,396,30,BARBIL,BBN,PURI,PURI,09:25,20:10,36.84
18416,625.0,10.42,396,30,PURI,PURI,BARBIL,BBN,06:00,16:25,38.0
18419,1390.0,23.17,998,24,PURI,PURI,JAYNAGAR,JYG,14:25,13:35,43.07
18420,1330.0,22.17,998,24,JAYNAGAR,JYG,PURI,PURI,05:00,03:10,45.02
18421,1345.0,22.42,2483,41,PURI,PURI,AJMER JN.,AII,22:45,21:10,110.75
18425,1030.0,17.17,810,28,PURI,PURI,DURG,DURG,18:45,11:55,47.18
18426,1020.0,17.0,803,28,DURG,DURG,PURI,PURI,16:10,09:10,47.24
18437,200.0,3.33,146,11,RAYAGADA JN.,RGDA,JUNAGARH ROA,JNRD,05:25,08:45,43.84
18438,210.0,3.5,146,11,JUNAGARH ROA,JNRD,RAYAGADA JN.,RGDA,18:15,21:45,41.71
18447,1060.0,17.67,784,41,BHUBANESWAR,BBS,JAGADALPUR,JDB,19:35,13:15,44.37
18448,1080.0,18.0,784,41,JAGADALPUR,JDB,BHUBANESWAR,BBS,14:30,08:30,43.56
18449,1175.0,19.58,926,27,PURI,PURI,PATNA JN.,PNBE,14:25,10:00,47.29
18450,1095.0,18.25,926,27,PATNA JN.,PNBE,PURI,PURI,08:55,03:10,50.74
18451,920.0,15.33,686,24,HATIA,HTE,PURI,PURI,15:55,07:15,44.75
18452,905.0,15.08,686,25,PURI,PURI,HATIA,HTE,20:00,11:05,45.49
18463,395.0,6.58,1546,47,BHUBANESWAR,BBS,KRANTIVIRA S,SBC,05:30,12:05,234.95
18464,410.0,6.83,1545,46,KRANTIVIRA S,SBC,BHUBANESWAR,BBS,14:00,20:50,226.21
18495,610.0,10.17,1884,25,RAMESWARAM,RMM,BHUBANESWAR,BBS,08:30,18:40,185.25
18496,660.0,11.0,1884,25,BHUBANESWAR,BBS,RAMESWARAM,RMM,12:00,23:00,171.27
18501,925.0,15.42,2116,29,VISAKHAPATNA,VSKP,GANDHIDHAM J,GIMB,17:35,09:00,137.22
18502,950.0,15.83,2113,29,GANDHIDHAM J,GIMB,VISAKHAPATNA,VSKP,22:45,14:35,133.48
18507,1420.0,23.67,2552,48,VISAKHAPATNA,VSKP,AMRITSAR JN.,ASR,23:50,23:30,107.82
18511,420.0,7.0,357,12,KORAPUT JN.,KRPU,VISAKHAPATNA,VSKP,05:20,12:20,51.0
18512,425.0,7.08,357,11,VISAKHAPATNA,VSKP,KORAPUT JN.,KRPU,13:50,20:55,50.42
18517,900.0,15.0,726,31,KORBA,KRBA,VISAKHAPATNA,VSKP,16:00,07:00,48.4
18518,905.0,15.08,727,31,VISAKHAPATNA,VSKP,KORBA,KRBA,19:55,11:00,48.21
18573,995.0,16.58,2056,35,VISAKHAPATNA,VSKP,BHAGAT-KI-KO,BGKT,05:10,21:45,124.0
18574,1075.0,17.92,2060,35,BHAGAT-KI-KO,BGKT,VISAKHAPATNA,VSKP,14:00,07:55,114.96
18605,990.0,16.5,637,17,RANCHI,RNC,JAYNAGAR,JYG,16:00,08:30,38.61
18606,1020.0,17.0,640,17,JAYNAGAR,JYG,RANCHI,RNC,11:00,04:00,37.65
18609,900.0,15.0,2014,29,RANCHI,RNC,LOKMANYA TIL,LTT,21:05,12:05,134.27
18610,935.0,15.58,2018,29,LOKMANYA TIL,LTT,RANCHI,RNC,15:50,07:25,129.53
18611,765.0,12.75,574,30,RANCHI,RNC,VARANASI JN.,BSB,20:10,08:55,45.02
18612,760.0,12.67,576,30,VARANASI JN.,BSB,RANCHI,RNC,15:35,04:15,45.46
18613,600.0,10.0,480,20,RANCHI,RNC,CHOPAN,CPU,07:45,17:45,48.0
18614,685.0,11.42,482,20,CHOPAN,CPU,RANCHI,RNC,09:00,20:25,42.21
18615,555.0,9.25,430,17,HOWRAH JN.,HWH,HATIA,HTE,22:10,07:25,46.49
18616,565.0,9.42,426,17,HATIA,HTE,HOWRAH JN.,HWH,21:10,06:35,45.22
18619,590.0,9.83,400,17,RANCHI,RNC,DUMKA,DUMK,21:25,07:15,40.69
18620,590.0,9.83,402,17,DUMKA,DUMK,RANCHI,RNC,18:45,04:35,40.9
18621,880.0,14.67,571,42,PATNA JN.,PNBE,HATIA,HTE,15:05,05:45,38.92
18622,940.0,15.67,569,43,HATIA,HTE,PATNA JN.,PNBE,22:00,13:40,36.31
18623,675.0,11.25,417,26,PATNA JN.,PNBE,HATIA,HTE,21:30,08:45,37.07
18624,685.0,11.42,414,25,HATIA,HTE,PATNA JN.,PNBE,19:05,06:30,36.25
18625,560.0,9.33,417,21,PATNA JN.,PNBE,HATIA,HTE,11:40,21:00,44.69
18626,570.0,9.5,414,21,HATIA,HTE,PATNA JN.,PNBE,06:10,15:40,43.58
18631,550.0,9.17,1663,39,RANCHI,RNC,AJMER JN.,AII,20:10,05:20,181.35
18632,525.0,8.75,1665,39,AJMER JN.,AII,RANCHI,RNC,19:30,04:15,190.29
18637,615.0,10.25,1884,27,HATIA,HTE,BANGALORE CA,BNC,18:15,04:30,183.8
18638,760.0,12.67,1884,27,BANGALORE CA,BNC,HATIA,HTE,00:15,12:55,148.7
18695,180.0,3.0,64,8,ISLAMPUR,IPR,PATNA JN.,PNBE,17:30,20:30,21.33
18696,145.0,2.42,64,8,PATNA JN.,PNBE,ISLAMPUR,IPR,07:50,10:15,26.45
18697,490.0,8.17,314,27,PURNEA COURT,PRNC,PATNA JN.,PNBE,02:15,10:25,38.43
18698,510.0,8.5,314,27,PATNA JN.,PNBE,PURNEA COURT,PRNC,16:45,01:15,36.94
19015,1275.0,21.25,958,63,MUMBAI CENTR,BCT,PORBANDAR,PBR,08:20,05:35,45.08
19016,1330.0,22.17,958,62,PORBANDAR,PBR,MUMBAI CENTR,BCT,21:05,19:15,43.21
19019,1050.0,17.5,1676,98,BANDRA TERMI,BDTS,DEHRA DUN,DDN,00:05,17:35,95.77
19020,1100.0,18.33,1678,92,DEHRA DUN,DDN,BANDRA TERMI,BDTS,10:00,04:20,91.54
19022,470.0,7.83,1681,23,LUCKNOW JN.,LJN,BANDRA TERMI,BDTS,00:10,08:00,214.69
19023,890.0,14.83,1759,94,MUMBAI CENTR,BCT,FIROZPUR CAN,FZR,07:25,22:15,118.61
19024,875.0,14.58,1762,97,FIROZPUR CAN,FZR,MUMBAI CENTR,BCT,05:00,19:35,120.85
19025,690.0,11.5,567,21,SURAT,ST,AMRAVATI,AMI,11:00,22:30,49.3
19026,720.0,12.0,567,21,AMRAVATI,AMI,SURAT,ST,09:00,21:00,47.25
19027,790.0,13.17,1878,33,BANDRA TERMI,BDTS,JAMMU TAWI,JAT,12:15,01:25,142.6
19028,775.0,12.92,1879,33,JAMMU TAWI,JAT,BANDRA TERMI,BDTS,09:30,22:25,145.43
19033,380.0,6.33,297,27,VALSAD,BL,AHMEDABAD,ADI,04:05,10:25,46.92
19034,375.0,6.25,297,27,AHMEDABAD,ADI,VALSAD,BL,18:10,00:25,47.52
19035,135.0,2.25,99,10,VADODARA JN.,BRC,AHMEDABAD,ADI,18:15,20:30,44.0
19036,160.0,2.67,99,11,AHMEDABAD,ADI,VADODARA JN.,BRC,14:20,17:00,37.08
19037,905.0,15.08,1832,68,BANDRA TERMI,BDTS,GORAKHPUR JN,GKP,22:40,13:45,121.49
19038,915.0,15.25,1831,68,GORAKHPUR JN,GKP,BANDRA TERMI,BDTS,13:20,04:35,120.07
19039,1390.0,23.17,2142,82,BANDRA TERMI,BDTS,MUZAFFARPUR,MFP,22:40,21:50,92.45
19040,1355.0,22.58,2140,82,MUZAFFARPUR,MFP,BANDRA TERMI,BDTS,06:00,04:35,94.77
19041,665.0,11.08,1909,31,BANDRA TERMI,BDTS,GHAZIPUR CIT,GCT,23:25,10:30,172.29
19042,740.0,12.33,1910,27,GHAZIPUR CIT,GCT,BANDRA TERMI,BDTS,19:30,07:50,154.91
19045,525.0,8.75,1732,35,SURAT,ST,CHHAPRA JN.,CPR,09:50,18:35,197.94
19046,580.0,9.67,1730,35,CHHAPRA JN.,CPR,SURAT,ST,09:00,18:40,178.9
19051,660.0,11.0,1786,17,VALSAD,BL,MUZAFFARPUR,MFP,20:15,07:15,162.36
19052,565.0,9.42,1785,17,MUZAFFARPUR,MFP,VALSAD,BL,19:40,05:05,189.49
19053,1340.0,22.33,2121,25,SURAT,ST,MUZAFFARPUR,MFP,06:10,04:30,94.98
19054,1290.0,21.5,2120,25,MUZAFFARPUR,MFP,SURAT,ST,19:40,17:10,98.6
19055,975.0,16.25,750,18,VALSAD,BL,JODHPUR JN.,JU,22:25,14:40,46.15
19056,935.0,15.58,751,18,JODHPUR JN.,JU,VALSAD,BL,17:30,09:05,48.2
19064,405.0,6.75,1595,18,DANAPUR,DNR,UDHNA JN.,UDN,16:40,23:25,236.3
19107,425.0,7.08,1537,19,AHMEDABAD,ADI,UDHAMPUR,UHP,10:25,17:30,217.09
19108,610.0,10.17,1539,19,UDHAMPUR,UHP,AHMEDABAD,ADI,20:50,07:00,151.33
19115,960.0,16.0,843,29,DADAR,DDR,NEW BHUJ,BHUJ,15:00,07:00,52.69
19116,920.0,15.33,843,29,NEW BHUJ,BHUJ,DADAR,DDR,22:25,13:45,54.99
19119,560.0,9.33,435,19,AHMEDABAD,ADI,SOMNATH,SMNH,10:40,20:00,46.62
19120,570.0,9.5,435,19,SOMNATH,SMNH,AHMEDABAD,ADI,06:25,15:55,45.79
19151,360.0,6.0,300,17,PALANPUR JN,PNU,GANDHIDHAM J,GIMB,15:50,21:50,50.0
19152,355.0,5.92,300,17,GANDHIDHAM J,GIMB,PALANPUR JN,PNU,06:00,11:55,50.68
19165,1335.0,22.25,1945,70,AHMEDABAD,ADI,DARBHANGA JN,DBG,21:00,19:15,87.42
19166,1390.0,23.17,1945,72,DARBHANGA JN,DBG,AHMEDABAD,ADI,04:35,03:45,83.94
19167,755.0,12.58,1600,57,AHMEDABAD,ADI,VARANASI JN.,BSB,21:00,09:35,127.19
19168,795.0,13.25,1601,57,VARANASI JN.,BSB,AHMEDABAD,ADI,14:30,03:45,120.83
19201,535.0,8.92,1690,29,SECUNDERABAD,SC,PORBANDAR,PBR,15:00,23:55,189.46
19202,590.0,9.83,1689,29,PORBANDAR,PBR,SECUNDERABAD,SC,00:40,10:30,171.82
19215,1275.0,21.25,958,63,MUMBAI CENTR,BCT,PORBANDAR,PBR,08:20,05:35,45.08
19217,940.0,15.67,807,30,BANDRA TERMI,BDTS,JAMNAGAR,JAM,17:10,08:50,51.5
19218,945.0,15.75,807,33,JAMNAGAR,JAM,BANDRA TERMI,BDTS,13:55,05:40,51.24
19223,495.0,8.25,1474,58,AHMEDABAD,ADI,JAMMU TAWI,JAT,11:20,19:35,178.67
19224,430.0,7.17,1476,60,JAMMU TAWI,JAT,AHMEDABAD,ADI,07:50,15:00,205.86
19225,715.0,11.92,489,24,BATHINDA JN,BTI,JAMMU TAWI,JAT,18:40,06:35,41.02
19226,735.0,12.25,489,24,JAMMU TAWI,JAT,BATHINDA JN,BTI,21:25,09:40,39.92
19251,590.0,9.83,438,17,SOMNATH,SMNH,OKHA,OKHA,22:35,08:25,44.56
19252,565.0,9.42,438,17,OKHA,OKHA,SOMNATH,SMNH,20:05,05:30,46.5
19259,1290.0,21.5,2274,41,KOCHUVELI,KCVL,BHAVNAGAR TE,BVC,15:45,13:15,105.77
19260,1175.0,19.58,2270,41,BHAVNAGAR TE,BVC,KOCHUVELI,KCVL,07:15,02:50,115.93
19261,1290.0,21.5,2427,30,KOCHUVELI,KCVL,PORBANDAR,PBR,11:00,08:30,112.88
19262,1235.0,20.58,2423,30,PORBANDAR,PBR,KOCHUVELI,KCVL,18:40,15:15,117.74
19301,850.0,14.17,1895,32,INDORE BG,INDB,YESVANTPUR J,YPR,21:05,11:15,133.73
19302,1075.0,17.92,1895,32,YESVANTPUR J,YPR,INDORE BG,INDB,11:20,05:15,105.75
19303,335.0,5.58,262,18,INDORE BG,INDB,BHOPAL,BPL,23:45,05:20,46.95
19304,340.0,5.67,262,17,BHOPAL,BPL,INDORE BG,INDB,22:55,04:35,46.21
19308,1345.0,22.42,1102,19,CHANDIGARH,CDG,INDORE BG,INDB,19:10,17:35,49.15
19309,725.0,12.08,563,19,GANDHINAGAR,GNC,INDORE BG,INDB,18:25,06:30,46.61
19310,675.0,11.25,564,19,INDORE BG,INDB,GANDHINAGAR,GNC,22:45,10:00,50.13
19311,1075.0,17.92,969,17,PUNE JN.,PUNE,INDORE BG,INDB,17:30,11:25,54.07
19312,1175.0,19.58,970,17,INDORE BG,INDB,PUNE JN.,PUNE,16:50,12:25,49.54
19323,245.0,4.08,217,7,INDORE BG,INDB,BHOPAL,BPL,06:45,10:50,53.19
19324,260.0,4.33,217,7,BHOPAL,BPL,INDORE BG,INDB,17:15,21:35,50.12
19327,434.0,7.23,302,16,RATLAM JN,RTM,UDAIPUR CITY,UDZ,16:45,23:59,41.77
19328,405.0,6.75,302,16,UDAIPUR CITY,UDZ,RATLAM JN,RTM,01:15,08:00,44.74
19329,705.0,11.75,481,18,INDORE BG,INDB,UDAIPUR CITY,UDZ,07:30,19:15,40.94
19330,745.0,12.42,481,18,UDAIPUR CITY,UDZ,INDORE BG,INDB,20:35,09:00,38.73
19331,1095.0,18.25,2300,32,KOCHUVELI,KCVL,INDORE BG,INDB,11:00,05:15,126.03
19332,1285.0,21.42,2296,32,INDORE BG,INDB,KOCHUVELI,KCVL,21:05,18:30,107.19
19407,520.0,8.67,1693,21,AHMEDABAD,ADI,VARANASI JN.,BSB,21:00,05:40,195.27
19408,500.0,8.33,1696,21,VARANASI JN.,BSB,AHMEDABAD,ADI,15:35,23:55,203.6
19409,470.0,7.83,1569,29,AHMEDABAD,ADI,GORAKHPUR JN,GKP,11:35,19:25,200.38
19410,525.0,8.75,1569,29,GORAKHPUR JN,GKP,AHMEDABAD,ADI,04:45,13:30,179.31
19411,580.0,9.67,489,12,AHMEDABAD,ADI,AJMER JN.,AII,09:10,18:50,50.57
19412,550.0,9.17,491,12,AJMER JN.,AII,AHMEDABAD,ADI,06:25,15:35,53.54
19415,705.0,11.75,1716,31,AHMEDABAD,ADI,SHRI MATA VA,SVDK,19:05,06:50,146.04
19416,815.0,13.58,1718,31,SHRI MATA VA,SVDK,AHMEDABAD,ADI,10:20,23:55,126.51
19419,585.0,9.75,1721,26,CHENNAI CENT,MAS,AHMEDABAD,ADI,20:00,05:45,176.51
19420,450.0,7.5,1719,27,AHMEDABAD,ADI,CHENNAI CENT,MAS,09:40,17:10,229.2
19421,600.0,10.0,1666,29,AHMEDABAD,ADI,PATNA JN.,PNBE,21:50,07:50,166.6
19422,730.0,12.17,1669,28,PATNA JN.,PNBE,AHMEDABAD,ADI,10:10,22:20,137.14
19565,670.0,11.17,1662,33,OKHA,OKHA,DEHRA DUN,DDN,08:30,19:40,148.79
19566,620.0,10.33,1664,33,DEHRA DUN,DDN,OKHA,OKHA,05:50,16:10,161.08
19571,280.0,4.67,201,15,RAJKOT,RJT,PORBANDAR,PBR,07:15,11:55,43.04
19572,255.0,4.25,201,15,PORBANDAR,PBR,RAJKOT,RJT,14:30,18:45,47.29
19573,1195.0,19.92,1049,20,OKHA,OKHA,JAIPUR JN.,JP,19:20,15:15,52.66
19574,1270.0,21.17,1051,20,JAIPUR JN.,JP,OKHA,OKHA,16:40,13:50,49.65
19575,1340.0,22.33,1126,20,OKHA,OKHA,NATHDWARA,NDT,07:30,05:50,50.43
19576,1390.0,23.17,1126,20,NATHDWARA,NDT,OKHA,OKHA,21:40,20:50,48.6
19577,1290.0,21.5,2438,29,TIRUNELVELI,TEN,JAMNAGAR,JAM,07:45,05:15,113.4
19579,1305.0,21.75,1102,24,RAJKOT,RJT,DELHI-SARAI,DEE,12:30,10:15,50.67
19580,1290.0,21.5,1105,24,DELHI-SARAI,DEE,RAJKOT,RJT,13:10,10:40,51.4
19601,1095.0,18.25,2235,29,UDAIPUR CITY,UDZ,NEW JALPAIGU,NJP,00:20,18:35,122.47
19602,1180.0,19.67,2232,29,NEW JALPAIGU,NJP,UDAIPUR CITY,UDZ,08:15,03:55,113.47
19607,1095.0,18.25,2000,30,KOLKATA,KOAA,MADAR JN,MDJN,11:25,05:40,109.59
19608,1325.0,22.08,2004,30,MADAR JN,MDJN,KOLKATA,KOAA,18:55,17:00,90.76
19609,1280.0,21.33,968,29,UDAIPUR CITY,UDZ,HARIDWAR JN,HW,13:05,10:25,45.38
19611,1250.0,20.83,1006,31,AJMER JN.,AII,AMRITSAR JN.,ASR,17:55,14:45,48.3
19612,1170.0,19.5,1006,31,AMRITSAR JN.,ASR,AJMER JN.,AII,14:30,10:00,51.59
19613,1010.0,16.83,847,26,AJMER JN.,AII,AMRITSAR JN.,ASR,17:55,10:45,50.33
19614,970.0,16.17,847,26,AMRITSAR JN.,ASR,AJMER JN.,AII,17:50,10:00,52.38
19659,753.0,12.55,1880,24,SHALIMAR,SHM,UDAIPUR CITY,UDZ,20:22,08:55,149.8
19660,835.0,13.92,1883,24,UDAIPUR CITY,UDZ,SHALIMAR,SHM,20:00,09:55,135.27
19665,1270.0,21.17,1080,29,KHAJAURAHO,KURJ,UDAIPUR CITY,UDZ,09:25,06:35,51.02
19666,1290.0,21.5,1080,29,UDAIPUR CITY,UDZ,KHAJAURAHO,KURJ,22:20,19:50,50.23
19707,1320.0,22.0,1103,39,BANDRA TERMI,BDTS,JAIPUR JN.,JP,20:55,18:55,50.14
19708,1315.0,21.92,1106,39,JAIPUR JN.,JP,BANDRA TERMI,BDTS,08:40,06:35,50.46
19710,1405.0,23.42,2210,37,KAMAKHYA JN,KYQ,JAIPUR JN.,JP,18:45,18:10,94.36
19711,1035.0,17.25,792,34,JAIPUR JN.,JP,BHOPAL,BPL,18:10,11:25,45.91
19712,995.0,16.58,792,34,BHOPAL,BPL,JAIPUR JN.,JP,16:50,09:25,47.77
19713,625.0,10.42,1726,31,JAIPUR JN.,JP,SECUNDERABAD,SC,21:05,07:30,165.64
19714,535.0,8.92,1726,31,SECUNDERABAD,SC,JAIPUR JN.,JP,21:20,06:15,193.5
19715,805.0,13.42,675,17,JAIPUR JN.,JP,LUCKNOW JN.,LJN,21:00,10:25,50.3
19716,815.0,13.58,674,17,LUCKNOW JN.,LJN,JAIPUR JN.,JP,12:10,01:45,49.63
19717,735.0,12.25,569,17,JAIPUR JN.,JP,CHANDIGARH,CDG,16:40,04:55,46.45
19718,725.0,12.08,569,17,CHANDIGARH,CDG,JAIPUR JN.,JP,12:45,00:50,47.1
19805,1305.0,21.75,1084,22,KOTA,KOTA,UDHAMPUR,UHP,14:30,12:15,49.84
19806,1235.0,20.58,1086,22,UDHAMPUR,UHP,KOTA,KOTA,14:35,11:10,52.77
19807,280.0,4.67,238,11,KOTA,KOTA,JAIPUR JN.,JP,00:05,04:45,50.96
19808,290.0,4.83,239,11,JAIPUR JN.,JP,KOTA,KOTA,00:30,05:20,49.48
20501,1010.0,16.83,2412,16,AGARTALA,AGTL,ANAND VIHAR,ANVT,18:30,11:20,143.32
20502,1060.0,17.67,2413,16,ANAND VIHAR,ANVT,AGARTALA,AGTL,19:50,13:30,136.56
20601,530.0,8.83,558,6,CHENNAI CENT,MAS,MADURAI JN,MDU,22:30,07:20,63.19
20602,535.0,8.92,554,7,MADURAI JN,MDU,CHENNAI CENT,MAS,22:45,07:40,62.11
20651,295.0,4.92,273,11,KRANTIVIRA S,SBC,SHIMOGA TOWN,SMET,15:00,19:55,55.49
20652,295.0,4.92,273,11,SHIMOGA TOWN,SMET,KRANTIVIRA S,SBC,06:40,11:35,55.49
20811,1055.0,17.58,981,13,VISAKHAPATNA,VSKP,NANDED,NED,20:45,14:20,55.8
20812,1060.0,17.67,978,13,NANDED,NED,VISAKHAPATNA,VSKP,16:35,10:15,55.35
20813,1200.0,20.0,2433,43,PURI,PURI,JODHPUR JN.,JU,16:00,12:00,121.65
20814,1200.0,20.0,2426,43,JODHPUR JN.,JU,PURI,PURI,14:00,10:00,121.3
20815,930.0,15.5,862,24,TATANAGAR JN,TATA,VISAKHAPATNA,VSKP,13:00,04:30,55.61
20816,940.0,15.67,862,24,VISAKHAPATNA,VSKP,TATANAGAR JN,TATA,17:50,09:30,55.01
20889,1145.0,19.08,1234,8,HOWRAH JN.,HWH,VIJAYWADA JN,BZA,12:40,07:45,64.68
20890,1165.0,19.42,1233,8,VIJAYWADA JN,BZA,HOWRAH JN.,HWH,23:05,18:30,63.49
20901,215.0,3.58,185,4,CHITTAURGARH,COR,AJMER JN.,AII,13:40,17:15,51.68
20902,190.0,3.17,185,4,AJMER JN.,AII,CHITTAURGARH,COR,20:05,23:15,58.36
21067,119.0,1.98,95,4,PARTAPGARH J,PBH,RAE BARELI J,RBL,06:21,08:20,47.98
21068,100.0,1.67,95,4,RAE BARELI J,RBL,PARTAPGARH J,PBH,16:15,17:55,56.89
21107,60.0,1.0,63,2,KHAJAURAHO,KURJ,MAHOBA,MBA,23:50,00:50,63.0
21108,70.0,1.17,63,2,MAHOBA,MBA,KHAJAURAHO,KURJ,04:10,05:20,53.85
21125,825.0,13.75,643,17,INDORE BG,INDB,BHIND,BIX,20:05,09:50,46.76
21126,885.0,14.75,643,17,BHIND,BIX,INDORE BG,INDB,17:10,07:55,43.59
22101,280.0,4.67,260,7,CST-MUMBAI,CSMT,MANMAD JN.,MMR,18:45,23:25,55.67
22102,282.0,4.7,260,8,MANMAD JN.,MMR,CST-MUMBAI,CSMT,05:25,10:07,55.32
22105,205.0,3.42,191,8,CST-MUMBAI,CSMT,PUNE JN.,PUNE,05:40,09:05,55.85
22106,205.0,3.42,191,7,PUNE JN.,PUNE,CST-MUMBAI,CSMT,18:35,22:00,55.85
22109,1195.0,19.92,1501,9,LOKMANYA TIL,LTT,HAZRAT NIZAM,NZM,14:30,10:25,75.35
22110,1200.0,20.0,1504,9,HAZRAT NIZAM,NZM,LOKMANYA TIL,LTT,15:45,11:45,75.2
22111,635.0,10.58,603,20,BHUSAVAL JN.,BSL,NAGPUR JN.(C,NGP,05:35,16:10,56.99
22112,625.0,10.42,604,20,NAGPUR JN.(C,NGP,BHUSAVAL JN.,BSL,07:20,17:45,57.97
22115,590.0,9.83,545,8,LOKMANYA TIL,LTT,KARMALI,KRMI,01:10,11:00,55.44
22116,595.0,9.92,547,8,KARMALI,KRMI,LOKMANYA TIL,LTT,14:00,23:55,55.14
22117,720.0,12.0,730,10,PUNE JN.,PUNE,AMRAVATI,AMI,15:15,03:15,60.83
22118,785.0,13.08,730,10,AMRAVATI,AMI,PUNE JN.,PUNE,18:35,07:40,55.81
22119,500.0,8.33,561,7,CST-MUMBAI,CSMT,KARMALI,KRMI,05:00,13:20,67.35
22120,510.0,8.5,563,7,KARMALI,KRMI,CST-MUMBAI,CSMT,14:30,23:00,66.24
22121,1405.0,23.42,1411,11,LOKMANYA TIL,LTT,LUCKNOW JN.,LKO,14:20,13:45,60.25
22123,840.0,14.0,892,10,PUNE JN.,PUNE,AJNI,AJNI,15:15,05:15,63.71
22124,955.0,15.92,892,10,AJNI,AJNI,PUNE JN.,PUNE,19:50,11:45,56.03
22127,1155.0,19.25,1122,21,LOKMANYA TIL,LTT,KAZIPET JN.,KZJ,11:30,06:45,58.29
22128,1155.0,19.25,1123,21,KAZIPET JN.,KZJ,LOKMANYA TIL,LTT,18:30,13:45,58.34
22133,710.0,11.83,644,13,SOLAPUR,SUR,YESVANTPUR J,YPR,19:20,07:10,54.44
22134,710.0,11.83,644,13,YESVANTPUR J,YPR,SOLAPUR,SUR,20:50,08:40,54.44
22135,750.0,12.5,780,16,NAGPUR JN.(C,NGP,REWA,REWA,07:20,19:50,62.4
22136,845.0,14.08,780,16,REWA,REWA,NAGPUR JN.(C,NGP,20:50,10:55,55.4
22137,1015.0,16.92,961,14,NAGPUR JN.(C,NGP,AHMEDABAD,ADI,10:30,03:25,56.8
22138,1035.0,17.25,961,14,AHMEDABAD,ADI,NAGPUR JN.(C,NGP,17:25,10:40,55.71
22140,480.0,8.0,457,8,SOLAPUR,SUR,CST-MUMBAI,CSMT,21:10,05:10,57.12
22143,735.0,12.25,667,17,CST-MUMBAI,CSMT,BIDAR,BIDR,21:00,09:15,54.45
22144,725.0,12.08,667,17,BIDAR,BIDR,CST-MUMBAI,CSMT,19:50,07:55,55.22
22145,149.0,2.48,136,9,PANDHARPUR,PVR,MIRAJ JN.,MRJ,21:16,23:45,54.84
22146,149.0,2.48,136,9,MIRAJ JN.,MRJ,PANDHARPUR,PVR,18:25,20:54,54.84
22147,360.0,6.0,330,8,DADAR,DR,SAI NAGAR SH,SNSI,21:45,03:45,55.0
22148,360.0,6.0,330,8,SAI NAGAR SH,SNSI,DADAR,DR,09:20,15:20,55.0
22151,1250.0,20.83,1191,19,PUNE JN.,PUNE,KAZIPET JN.,KZJ,21:45,18:35,57.18
22152,1295.0,21.58,1193,19,KAZIPET JN.,KZJ,PUNE JN.,PUNE,13:30,11:05,55.28
22161,290.0,4.83,290,11,BHOPAL,BPL,DAMOH,DMO,17:55,22:45,60.04
22162,305.0,5.08,292,11,DAMOH,DMO,BHOPAL,BPL,05:00,10:05,57.48
22163,400.0,6.67,367,9,BHOPAL,BPL,KHAJAURAHO,KURJ,06:50,13:30,55.02
22164,400.0,6.67,367,9,KHAJAURAHO,KURJ,BHOPAL,BPL,16:15,22:55,55.02
22165,705.0,11.75,656,11,BHOPAL,BPL,SINGRAULI,SGRL,21:00,08:45,55.83
22166,720.0,12.0,655,11,SINGRAULI,SGRL,BHOPAL,BPL,20:20,08:20,54.58
22168,1115.0,18.58,1050,11,HAZRAT NIZAM,NZM,SINGRAULI,SGRL,00:05,18:40,56.51
22181,855.0,14.25,883,15,JABALPUR,JBP,HAZRAT NIZAM,NZM,15:00,05:15,61.96
22182,870.0,14.5,886,15,HAZRAT NIZAM,NZM,JABALPUR,JBP,17:50,08:20,61.1
22187,330.0,5.5,330,10,HABIBGANJ,HBJ,JABALPUR,JBP,06:50,12:20,60.0
22188,365.0,6.08,330,10,JABALPUR,JBP,HABIBGANJ,HBJ,16:10,22:15,54.28
22189,255.0,4.25,238,11,JABALPUR,JBP,REWA,REWA,17:05,21:20,56.0
22190,255.0,4.25,238,11,REWA,REWA,JABALPUR,JBP,06:00,10:15,56.0
22191,600.0,10.0,554,19,INDORE BG,INDB,JABALPUR,JBP,18:40,04:40,55.4
22192,600.0,10.0,554,19,JABALPUR,JBP,INDORE BG,INDB,23:55,09:55,55.4
22201,475.0,7.92,527,3,SEALDAH,SDAH,PURI,PURI,20:00,03:55,66.54
22202,495.0,8.25,526,3,PURI,PURI,SEALDAH,SDAH,19:45,04:00,63.76
22203,630.0,10.5,708,3,VISAKHAPATNA,VSKP,SECUNDERABAD,SC,19:45,06:15,67.43
22204,615.0,10.25,708,3,SECUNDERABAD,SC,VISAKHAPATNA,VSKP,20:15,06:30,69.07
22205,520.0,8.67,553,3,CHENNAI CENT,MAS,MADURAI JN,MDU,22:30,07:10,63.78
22206,515.0,8.58,555,3,MADURAI JN,MDU,CHENNAI CENT,MAS,22:45,07:20,64.69
22207,860.0,14.33,901,11,CHENNAI CENT,MAS,TRIVANDRUM C,TVC,16:25,06:45,62.88
22208,870.0,14.5,904,11,TRIVANDRUM C,TVC,CHENNAI CENT,MAS,21:30,12:00,62.34
22209,1035.0,17.25,1373,5,MUMBAI CENTR,BCT,NEW DELHI,NDLS,23:15,16:30,79.59
22210,1010.0,16.83,1376,5,NEW DELHI,NDLS,MUMBAI CENTR,BCT,23:25,16:15,81.76
22213,515.0,8.58,538,4,SHALIMAR,SHM,PATNA JN.,PNBE,22:05,06:40,62.7
22214,535.0,8.92,539,4,PATNA JN.,PNBE,SHALIMAR,SHM,20:45,05:40,60.43
22307,225.0,3.75,172,5,MERTA ROAD J,MTD,BIKANER JN.,BKN,05:00,08:45,45.87
22308,170.0,2.83,173,5,BIKANER JN.,BKN,MERTA ROAD J,MTD,18:45,21:35,61.13
22309,595.0,9.92,560,8,HOWRAH JN.,HWH,NEW JALPAIGU,NJP,23:05,09:00,56.45
22310,615.0,10.25,560,8,NEW JALPAIGU,NJP,HOWRAH JN.,HWH,12:35,22:50,54.63
22321,260.0,4.33,239,10,HOWRAH JN.,HWH,SIURI,SURI,06:45,11:05,55.2
22322,260.0,4.33,240,10,SIURI,SURI,HOWRAH JN.,HWH,13:40,18:00,55.43
22323,820.0,13.67,757,9,KOLKATA,KOAA,GHAZIPUR CIT,GCT,22:45,12:25,55.38
22324,825.0,13.75,758,9,GHAZIPUR CIT,GCT,KOLKATA,KOAA,23:30,13:15,55.13
22356,1270.0,21.17,1142,16,CHANDIGARH,CDG,PATLIPUTRA,PPTA,22:05,19:15,53.94
22387,295.0,4.92,269,16,HOWRAH JN.,HWH,DHANBAD JN.,DHN,06:15,11:10,54.67
22388,295.0,4.92,270,16,DHANBAD JN.,DHN,HOWRAH JN.,HWH,16:25,21:20,54.88
22401,640.0,10.67,630,8,DELHI-SARAI,DEE,UDHAMPUR,UHP,22:15,08:55,59.04
22402,620.0,10.33,630,8,UDHAMPUR,UHP,DELHI-SARAI,DEE,18:00,04:20,60.99
22403,1015.0,16.92,2364,15,PONDICHERRY,PDY,NEW DELHI,NDLS,09:15,02:10,139.72
22404,1090.0,18.17,2363,15,NEW DELHI,NDLS,PONDICHERRY,PDY,23:45,17:55,130.05
22405,1130.0,18.83,1193,22,BHAGALPUR,BGP,ANAND VIHAR,ANVT,13:30,08:20,63.36
22406,1070.0,17.83,1193,22,ANAND VIHAR,ANVT,BHAGALPUR,BGP,16:55,10:45,66.91
22407,885.0,14.75,780,9,VARANASI JN.,BSB,ANAND VIHAR,ANVT,19:30,10:15,52.88
22408,830.0,13.83,780,9,ANAND VIHAR,ANVT,VARANASI JN.,BSB,18:15,08:05,56.4
22409,980.0,16.33,968,10,GAYA JN.,GAYA,ANAND VIHAR,ANVT,19:30,11:50,59.28
22410,880.0,14.67,968,10,ANAND VIHAR,ANVT,GAYA JN.,GAYA,19:10,09:50,65.99
22411,845.0,14.08,2127,16,NAHARLAGUN,NHLN,NEW DELHI,NDLS,21:35,11:40,151.07
22412,845.0,14.08,2130,16,NEW DELHI,NDLS,NAHARLAGUN,NHLN,15:50,05:55,151.28
22415,630.0,10.5,2083,21,VISAKHAPATNA,VSKP,NEW DELHI,NDLS,08:35,19:05,198.38
22416,685.0,11.42,2083,21,NEW DELHI,NDLS,VISAKHAPATNA,VSKP,06:25,17:50,182.4
22417,810.0,13.5,768,9,VARANASI JN.,BSB,NEW DELHI,NDLS,18:55,08:25,56.89
22418,830.0,13.83,768,9,NEW DELHI,NDLS,VARANASI JN.,BSB,18:35,08:25,55.53
22419,890.0,14.83,809,12,GHAZIPUR CIT,GCT,ANAND VIHAR,ANVT,17:20,08:10,54.55
22420,885.0,14.75,809,12,ANAND VIHAR,ANVT,GHAZIPUR CIT,GCT,18:45,09:30,54.85
22421,675.0,11.25,623,22,DELHI-SARAI,DEE,BHAGAT-KI-KO,BGKT,07:05,18:20,55.38
22422,675.0,11.25,624,22,BHAGAT-KI-KO,BGKT,DELHI-SARAI,DEE,10:55,22:10,55.47
22423,1185.0,19.75,1086,16,GORAKHPUR JN,GKP,AMRITSAR JN.,ASR,10:45,06:30,54.99
22424,1170.0,19.5,1087,16,AMRITSAR JN.,ASR,GORAKHPUR JN,GKP,12:35,08:05,55.74
22427,880.0,14.67,876,11,BALLIA,BUI,ANAND VIHAR,ANVT,22:10,12:50,59.71
22428,930.0,15.5,876,11,ANAND VIHAR,ANVT,BALLIA,BUI,23:55,15:25,56.52
22429,605.0,10.08,553,15,DELHI JN.,DLI,PATHANKOT JN,PTK,08:25,18:30,54.86
22430,600.0,10.0,553,17,PATHANKOT JN,PTK,DELHI JN.,DLI,07:00,17:00,55.3
22431,1365.0,22.75,1255,18,ALLAHABAD JN,ALD,UDHAMPUR,UHP,14:45,13:30,55.16
22432,1360.0,22.67,1255,18,UDHAMPUR,UHP,ALLAHABAD JN,ALD,16:15,14:55,55.36
22433,910.0,15.17,822,11,GHAZIPUR CIT,GCT,ANAND VIHAR,ANVT,16:00,07:10,54.19
22434,860.0,14.33,824,10,ANAND VIHAR,ANVT,GHAZIPUR CIT,GCT,19:10,09:30,57.5
22439,480.0,8.0,655,5,NEW DELHI,NDLS,SHMATA VD KATRA,SVDK,06:00,14:00,81.88
22441,190.0,3.17,194,9,ALLAHABAD JN,ALD,KANPUR CENTR,CNB,18:30,21:40,61.2
22442,190.0,3.17,194,9,KANPUR CENTR,CNB,ALLAHABAD JN,ALD,06:30,09:40,61.2
22445,975.0,16.25,897,14,KANPUR CENTR,CNB,AMRITSAR JN.,ASR,17:20,09:35,55.2
22446,975.0,16.25,897,14,AMRITSAR JN.,ASR,KANPUR CENTR,CNB,12:35,04:50,55.2
22447,75.0,1.25,63,2,KHAJAURAHO,KURJ,MAHOBA,MBA,18:20,19:35,50.4
22448,70.0,1.17,63,2,MAHOBA,MBA,KHAJAURAHO,KURJ,05:25,06:35,53.85
22453,475.0,7.92,458,10,LUCKNOW JN.,LJN,MEERUT CITY,MTC,14:40,22:35,57.83
22454,495.0,8.25,458,10,MEERUT CITY,MTC,LUCKNOW JN.,LJN,04:55,13:10,55.52
22457,590.0,9.83,1849,26,NANDED,NED,UNA HIMACHAL,UHL,11:00,20:50,188.1
22458,480.0,8.0,1852,26,UNA HIMACHAL,UHL,NANDED,NED,15:45,23:45,231.5
22461,700.0,11.67,654,8,NEW DELHI,NDLS,SHRI MATA VA,SVDK,17:30,05:10,56.04
22462,690.0,11.5,654,8,SHRI MATA VA,SVDK,NEW DELHI,NDLS,23:05,10:35,56.87
22463,220.0,3.67,172,4,MERTA ROAD J,MTD,BIKANER JN.,BKN,06:50,10:30,46.87
22464,170.0,2.83,173,4,BIKANER JN.,BKN,MERTA ROAD J,MTD,17:05,19:55,61.13
22471,475.0,7.92,455,14,BIKANER JN.,BKN,DELHI-SARAI,DEE,09:30,17:25,57.45
22472,475.0,7.92,455,14,DELHI-SARAI,DEE,BIKANER JN.,BKN,08:40,16:35,57.45
22473,1315.0,21.92,1211,23,BIKANER JN.,BKN,BANDRA TERMI,BDTS,14:50,12:45,55.25
22474,1320.0,22.0,1209,23,BANDRA TERMI,BDTS,BIKANER JN.,BKN,14:35,12:35,54.95
22475,1180.0,19.67,2478,34,BIKANER JN.,BKN,COIMBATORE,CBE,07:10,02:50,125.98
22476,1265.0,21.08,2482,34,COIMBATORE,CBE,BIKANER JN.,BKN,15:20,12:25,117.74
22477,290.0,4.83,312,12,JODHPUR JN.,JU,JAIPUR JN.,JP,16:25,21:15,64.6
22478,290.0,4.83,311,12,JAIPUR JN.,JP,JODHPUR JN.,JU,06:00,10:50,64.39
22481,635.0,10.58,620,19,JODHPUR JN.,JU,DELHI-SARAI,DEE,18:45,05:20,58.6
22482,645.0,10.75,619,19,DELHI-SARAI,DEE,JODHPUR JN.,JU,23:15,10:00,57.58
22483,585.0,9.75,558,14,JODHPUR JN.,JU,GANDHIDHAM J,GIMB,19:10,04:55,57.23
22484,555.0,9.25,558,14,GANDHIDHAM J,GIMB,JODHPUR JN.,JU,22:45,08:00,60.32
22487,140.0,2.33,91,7,RADHIKAPUR,RDP,KATIHAR JN.,KIR,20:00,22:20,39.06
22488,155.0,2.58,91,7,KATIHAR JN.,KIR,RADHIKAPUR,RDP,05:45,08:20,35.27
22501,1055.0,17.58,3617,41,KRANTIVIRA S,SBC,NEW TINSUKIA,NTSK,03:10,20:45,205.75
22502,1055.0,17.58,3617,39,NEW TINSUKIA,NTSK,KRANTIVIRA S,SBC,17:55,11:30,205.75
22531,960.0,16.0,879,22,CHHAPRA JN.,CPR,MATHURA JN.,MTJ,05:30,21:30,54.94
22532,965.0,16.08,884,22,MATHURA JN.,MTJ,CHHAPRA JN.,CPR,23:50,15:55,54.98
22603,435.0,7.25,1779,20,KHARAGPUR,KGP,VILLUPURAM J,VM,14:05,21:20,245.38
22604,465.0,7.75,1782,20,VILLUPURAM J,VM,KHARAGPUR,KGP,11:40,19:25,229.94
22605,645.0,10.75,1984,30,PURULIA JN.,PRR,VILLUPURAM J,VM,10:35,21:20,184.56
22606,685.0,11.42,1986,30,VILLUPURAM J,VM,PURULIA JN.,PRR,11:40,23:05,173.91
22607,675.0,11.25,617,14,ERNAKULAM. J,ERS,KRANTIVIRA S,SBC,17:00,04:15,54.84
22608,670.0,11.17,616,14,KRANTIVIRA S,SBC,ERNAKULAM. J,ERS,18:50,06:00,55.15
22609,440.0,7.33,404,14,MANGALORE CE,MAQ,COIMBATORE,CBE,11:45,19:05,55.12
22610,430.0,7.17,405,14,COIMBATORE,CBE,MANGALORE CE,MAQ,06:40,13:50,56.49
22611,1050.0,17.5,2295,22,CHENNAI CENT,MAS,NEW JALPAIGU,NJP,11:00,04:30,131.14
22612,1065.0,17.75,2295,22,NEW JALPAIGU,NJP,CHENNAI CENT,MAS,21:10,14:55,129.3
22615,470.0,7.83,466,8,TIRUPATI,TPTY,COIMBATORE,CBE,14:50,22:40,59.51
22616,460.0,7.67,469,8,COIMBATORE,CBE,TIRUPATI,TPTY,06:00,13:40,61.15
22617,360.0,6.0,336,9,KRANTIVIRA S,SBC,TIRUPATI,TPTY,07:40,13:40,56.0
22618,350.0,5.83,336,9,TIRUPATI,TPTY,KRANTIVIRA S,SBC,14:50,20:40,57.63
22619,1265.0,21.08,2494,30,BILASPUR JN.,BSP,TIRUNELVELI,TEN,08:10,05:15,118.31
22620,1220.0,20.33,2494,30,TIRUNELVELI,TEN,BILASPUR JN.,BSP,01:15,21:35,122.68
22621,440.0,7.33,399,12,RAMESWARAM,RMM,KANNIYAKUMAR,CAPE,20:45,04:05,54.43
22622,440.0,7.33,398,12,KANNIYAKUMAR,CAPE,RAMESWARAM,RMM,22:00,05:20,54.3
22623,600.0,10.0,556,11,CHENNAI EGMO,MS,MADURAI JN,MDU,22:40,08:40,55.6
22624,605.0,10.08,557,11,MADURAI JN,MDU,CHENNAI EGMO,MS,21:15,07:20,55.26
22625,345.0,5.75,360,11,CHENNAI CENT,MAS,KRANTIVIRA S,SBC,07:25,13:10,62.61
22626,360.0,6.0,361,12,KRANTIVIRA S,SBC,CHENNAI CENT,MAS,14:30,20:30,60.17
22627,500.0,8.33,457,13,TIRUCHIRAPPA,TPJ,TRIVANDRUM C,TVC,07:05,15:25,54.86
22628,500.0,8.33,457,13,TRIVANDRUM C,TVC,TIRUCHIRAPPA,TPJ,11:50,20:10,54.86
22629,440.0,7.33,1758,26,DADAR,DR,TIRUNELVELI,TEN,20:40,04:00,239.84
22630,470.0,7.83,1763,26,TIRUNELVELI,TEN,DADAR,DR,07:20,15:10,225.16
22631,1235.0,20.58,2560,32,CHENNAI CENT,MAS,BIKANER JN.,BKN,21:10,17:45,124.39
22632,1160.0,19.33,2558,32,BIKANER JN.,BKN,CHENNAI CENT,MAS,14:50,10:10,132.33
22635,345.0,5.75,319,10,MADGOAN JN.,MAO,MANGALORE CE,MAQ,16:15,22:00,55.48
22636,345.0,5.75,320,10,MANGALORE CE,MAQ,MADGOAN JN.,MAO,08:15,14:00,55.65
22637,985.0,16.42,896,31,CHENNAI CENT,MAS,MANGALORE CE,MAQ,12:05,04:30,54.57
22638,980.0,16.33,898,32,MANGALORE CE,MAQ,CHENNAI CENT,MAS,22:20,14:40,54.99
22639,825.0,13.75,753,25,CHENNAI CENT,MAS,ALLEPPEY,ALLP,20:55,10:40,54.76
22640,825.0,13.75,755,26,ALLEPPEY,ALLP,CHENNAI CENT,MAS,16:05,05:50,54.91
22641,1255.0,20.92,2565,37,TRIVANDRUM C,TVC,SHALIMAR,SHM,16:55,13:50,122.61
22642,1300.0,21.67,2564,37,SHALIMAR,SHM,TRIVANDRUM C,TVC,23:05,20:45,118.32
22646,1380.0,23.0,2648,51,TRIVANDRUM C,TVC,INDORE BG,INDB,06:15,05:15,115.13
22647,1295.0,21.58,2510,55,KORBA,KRBA,TRIVANDRUM C,TVC,19:40,17:15,116.31
22648,1275.0,21.25,2508,55,TRIVANDRUM C,TVC,KORBA,KRBA,06:15,03:30,118.02
22649,430.0,7.17,390,18,CHENNAI CENT,MAS,ERODE JN.,ED,22:40,05:50,54.39
22650,425.0,7.08,393,18,ERODE JN.,ED,CHENNAI CENT,MAS,21:00,04:05,55.51
22651,800.0,13.33,669,19,CHENNAI CENT,MAS,PALAKKAD JN,PGT,21:40,11:00,50.19
22652,795.0,13.25,671,20,PALAKKAD JN,PGT,CHENNAI CENT,MAS,15:00,04:15,50.64
22661,645.0,10.75,592,19,CHENNAI EGMO,MS,RAMESWARAM,RMM,17:50,04:35,55.07
22662,650.0,10.83,592,20,RAMESWARAM,RMM,CHENNAI EGMO,MS,20:15,07:05,54.66
22663,1125.0,18.75,2353,27,CHENNAI EGMO,MS,JODHPUR JN.,JU,15:15,10:00,125.49
22664,1130.0,18.83,2352,27,JODHPUR JN.,JU,CHENNAI EGMO,MS,21:35,16:25,124.91
22667,570.0,9.5,531,14,NAGERCOIL JN,NCJ,COIMBATORE,CBE,21:30,07:00,55.89
22668,560.0,9.33,532,14,COIMBATORE,CBE,NAGERCOIL JN,NCJ,19:30,04:50,57.02
22669,40.0,0.67,31,4,TUTICORIN,TN,VANCHI MANIY,MEJ,22:35,23:15,46.27
22670,40.0,0.67,31,4,VANCHI MANIY,MEJ,TUTICORIN,TN,03:15,03:55,46.27
22677,930.0,15.5,844,13,YESVANTPUR J,YPR,KOCHUVELI,KCVL,15:20,06:50,54.45
22678,925.0,15.42,845,13,KOCHUVELI,KCVL,YESVANTPUR J,YPR,12:50,04:15,54.8
22679,190.0,3.17,226,10,YESVANTPUR J,YPR,HASSAN JN.,HAS,18:15,21:25,71.29
22680,190.0,3.17,211,10,HASSAN JN.,HAS,YESVANTPUR J,YPR,06:10,09:20,66.56
22681,545.0,9.08,499,12,MYSORE JN.,MYS,CHENNAI CENT,MAS,20:10,05:15,54.96
22682,530.0,8.83,498,11,CHENNAI CENT,MAS,MYSORE JN.,MYS,23:30,08:20,56.4
22683,1140.0,19.0,2352,30,YESVANTPUR J,YPR,LUCKNOW JN.,LKO,23:40,18:40,123.79
22684,1140.0,19.0,2338,31,LUCKNOW JN.,LKO,YESVANTPUR J,YPR,18:30,13:30,123.05
22687,145.0,2.42,126,4,SAHARANPUR J,SRE,CHANDIGARH,CDG,02:00,04:25,52.07
22688,135.0,2.25,126,4,CHANDIGARH,CDG,SAHARANPUR J,SRE,07:50,10:05,56.0
22691,595.0,9.92,2337,15,KRANTIVIRA S,SBC,HAZRAT NIZAM,NZM,20:00,05:55,235.58
22692,595.0,9.92,2355,15,HAZRAT NIZAM,NZM,KRANTIVIRA S,SBC,20:45,06:40,237.4
22697,920.0,15.33,828,18,HUBLI JN.,UBL,CHENNAI CENT,MAS,20:25,11:45,54.01
22698,920.0,15.33,829,17,CHENNAI CENT,MAS,HUBLI JN.,UBL,15:00,06:20,54.08
22707,790.0,13.17,760,18,VISAKHAPATNA,VSKP,TIRUPATI,TPTY,22:25,11:35,57.71
22708,790.0,13.17,759,18,TIRUPATI,TPTY,VISAKHAPATNA,VSKP,21:50,11:00,57.63
22801,875.0,14.58,804,16,VISAKHAPATNA,VSKP,CHENNAI CENT,MAS,18:55,09:30,55.14
22803,645.0,10.75,664,11,HOWRAH JN.,HWH,SAMBALPUR JN,SBP,20:55,07:40,61.77
22804,660.0,11.0,663,11,SAMBALPUR JN,SBP,HOWRAH JN.,HWH,20:05,07:05,60.27
22805,485.0,8.08,1871,18,BHUBANESWAR,BBS,ANAND VIHAR,ANVT,12:45,20:50,231.56
22806,540.0,9.0,1869,18,ANAND VIHAR,ANVT,BHUBANESWAR,BBS,07:05,16:05,207.67
22809,560.0,9.33,552,17,PARADEEP,PRDP,VISAKHAPATNA,VSKP,23:00,08:20,59.16
22810,555.0,9.25,552,17,VISAKHAPATNA,VSKP,PARADEEP,PRDP,23:50,09:05,59.68
22811,1380.0,23.0,1717,14,BHUBANESWAR,BBS,NEW DELHI,NDLS,11:40,10:40,74.65
22812,1365.0,22.75,1718,14,NEW DELHI,NDLS,BHUBANESWAR,BBS,17:05,15:50,75.52
22813,435.0,7.25,490,12,SANTRAGACHI,SRC,PARADEEP,PRDP,20:40,03:55,67.59
22814,530.0,8.83,489,12,PARADEEP,PRDP,SANTRAGACHI,SRC,23:55,08:45,55.38
22815,800.0,13.33,2144,23,BILASPUR JN.,BSP,ERNAKULAM. J,ERS,08:10,21:30,160.84
22816,765.0,12.75,2145,23,ERNAKULAM. J,ERS,BILASPUR JN.,BSP,08:50,21:35,168.24
22817,695.0,11.58,2106,21,HOWRAH JN.,HWH,MYSORE JN.,MYS,16:10,03:45,181.87
22818,860.0,14.33,2107,23,MYSORE JN.,MYS,HOWRAH JN.,HWH,00:30,14:50,147.03
22819,440.0,7.33,442,27,BHUBANESWAR,BBS,VISAKHAPATNA,VSKP,07:35,14:55,60.3
22821,200.0,3.33,188,11,JHARGRAM,JGM,PURULIA JN.,PRR,10:50,14:10,56.46
22822,195.0,3.25,189,11,PURULIA JN.,PRR,JHARGRAM,JGM,14:40,17:55,58.15
22827,455.0,7.58,1766,18,PURI,PURI,SURAT,ST,19:45,03:20,232.98
22828,460.0,7.67,1759,18,SURAT,ST,PURI,PURI,08:30,16:10,229.34
22829,1175.0,19.58,2431,31,NEW BHUJ,BHUJ,SHALIMAR,SHM,14:20,09:55,124.16
22830,1213.0,20.22,2431,31,SHALIMAR,SHM,NEW BHUJ,BHUJ,20:22,16:35,120.23
22832,430.0,7.17,1764,19,SRI SATYA SA,SSPN,HOWRAH JN.,HWH,07:40,14:50,246.03
22835,525.0,8.75,502,11,SHALIMAR,SHM,PURI,PURI,20:55,05:40,57.37
22836,535.0,8.92,500,11,PURI,PURI,SHALIMAR,SHM,22:15,07:10,56.05
22837,1000.0,16.67,2234,28,HATIA,HTE,ERNAKULAM. J,ERS,18:15,10:55,134.01
22838,1000.0,16.67,2238,27,ERNAKULAM. J,ERS,HATIA,HTE,00:25,17:05,134.25
22839,440.0,7.33,417,12,ROURKELA,ROU,BHUBANESWAR,BBS,05:10,12:30,56.89
22840,450.0,7.5,417,12,BHUBANESWAR,BBS,ROURKELA,ROU,14:10,21:40,55.6
22843,1055.0,17.58,966,22,BILASPUR JN.,BSP,PATNA JN.,PNBE,20:30,14:05,54.95
22844,1050.0,17.5,964,22,PATNA JN.,PNBE,BILASPUR JN.,BSP,23:55,17:25,55.09
22851,1060.0,17.67,2485,40,SANTRAGACHI,SRC,MANGALORE CE,MAQ,15:50,09:30,140.63
22852,1140.0,19.0,2485,40,MANGALORE CE,MAQ,SANTRAGACHI,SRC,23:00,18:00,130.79
22853,845.0,14.08,882,16,SHALIMAR,SHM,VISAKHAPATNA,VSKP,18:15,08:20,62.64
22854,915.0,15.25,880,16,VISAKHAPATNA,VSKP,SHALIMAR,SHM,17:50,09:05,57.7
22859,1285.0,21.42,1247,21,PURI,PURI,CHENNAI CENT,MAS,17:30,14:55,58.22
22860,1350.0,22.5,1247,21,CHENNAI CENT,MAS,PURI,PURI,16:25,14:55,55.42
22861,290.0,4.83,288,10,SHALIMAR,SHM,ADRA,ADRA,06:30,11:20,59.63
22862,310.0,5.17,288,10,ADRA,ADRA,SHALIMAR,SHM,11:55,17:05,55.71
22865,510.0,8.5,1853,18,LOKMANYA TIL,LTT,PURI,PURI,00:15,08:45,218.0
22866,485.0,8.08,1860,18,PURI,PURI,LOKMANYA TIL,LTT,05:30,13:35,230.2
22867,1280.0,21.33,1255,16,DURG,DURG,HAZRAT NIZAM,NZM,07:10,04:30,58.84
22868,1325.0,22.08,1266,16,HAZRAT NIZAM,NZM,DURG,DURG,08:25,06:30,57.34
22869,830.0,13.83,780,13,VISAKHAPATNA,VSKP,CHENNAI CENT,MAS,19:05,08:55,56.4
22870,795.0,13.25,780,13,CHENNAI CENT,MAS,VISAKHAPATNA,VSKP,21:10,10:25,58.87
22871,1245.0,20.75,1178,19,BHUBANESWAR,BBS,TIRUPATI,TPTY,12:00,08:45,56.77
22872,1280.0,21.33,1178,19,TIRUPATI,TPTY,BHUBANESWAR,BBS,12:15,09:35,55.23
22873,905.0,15.08,930,17,DIGHA FS,DGHA,VISAKHAPATNA,VSKP,17:15,08:20,61.67
22874,935.0,15.58,930,16,VISAKHAPATNA,VSKP,DIGHA FS,DGHA,17:50,09:25,59.69
22875,235.0,3.92,207,14,KHARAGPUR,KGP,PURULIA JN.,PRR,07:25,11:20,52.81
22876,235.0,3.92,207,14,PURULIA JN.,PRR,KHARAGPUR,KGP,11:55,15:50,52.81
22877,780.0,13.0,2289,24,HOWRAH JN.,HWH,ERNAKULAM. J,ERS,17:00,06:00,176.08
22878,865.0,14.42,2293,24,ERNAKULAM. J,ERS,HOWRAH JN.,HWH,00:25,14:50,159.02
22879,1245.0,20.75,1178,21,BHUBANESWAR,BBS,TIRUPATI,TPTY,12:00,08:45,56.77
22880,1280.0,21.33,1178,21,TIRUPATI,TPTY,BHUBANESWAR,BBS,12:15,09:35,55.23
22884,420.0,7.0,1504,28,YESVANTPUR J,YPR,PURI,PURI,22:40,05:40,214.86
22887,535.0,8.92,1970,19,HOWRAH JN.,HWH,YESVANTPUR J,YPR,12:40,21:35,220.85
22888,515.0,8.58,1973,20,YESVANTPUR J,YPR,HOWRAH JN.,HWH,09:55,18:30,229.95
22889,595.0,9.92,550,13,DIGHA FS,DGHA,PURI,PURI,17:15,03:10,55.44
22890,580.0,9.67,550,13,PURI,PURI,DIGHA FS,DGHA,23:45,09:25,56.88
22891,500.0,8.33,469,14,HOWRAH JN.,HWH,RANCHI,RNC,12:50,21:10,56.3
22892,500.0,8.33,466,15,RANCHI,RNC,HOWRAH JN.,HWH,06:55,15:15,55.94
22897,202.0,3.37,185,9,HOWRAH JN.,HWH,DIGHA FS,DGHA,14:15,17:37,54.9
22898,202.0,3.37,186,9,DIGHA FS,DGHA,HOWRAH JN.,HWH,18:15,21:37,55.19
22901,1015.0,16.92,944,16,BANDRA TERMI,BDTS,UDAIPUR CITY,UDZ,23:25,16:20,55.79
22902,1000.0,16.67,945,16,UDAIPUR CITY,UDZ,BANDRA TERMI,BDTS,21:00,13:40,56.69
22903,765.0,12.75,838,8,BANDRA TERMI,BDTS,NEW BHUJ,BHUJ,23:45,12:30,65.73
22904,795.0,13.25,838,8,NEW BHUJ,BHUJ,BANDRA TERMI,BDTS,16:00,05:15,63.25
22905,180.0,3.0,176,5,OKHA,OKHA,HAPA,HAPA,07:05,10:05,58.67
22906,220.0,3.67,176,5,HAPA,HAPA,OKHA,OKHA,16:20,20:00,47.96
22907,1420.0,23.67,1352,18,MADGOAN JN.,MAO,HAPA,HAPA,10:40,10:20,57.12
22909,810.0,13.5,2073,24,VALSAD,BL,PURI,PURI,20:15,09:45,153.56
22910,800.0,13.33,2075,24,PURI,PURI,VALSAD,BL,06:30,19:50,155.66
22911,435.0,7.25,1744,34,INDORE BG,INDB,HOWRAH JN.,HWH,23:30,06:45,240.55
22912,470.0,7.83,1745,34,HOWRAH JN.,HWH,INDORE BG,INDB,17:45,01:35,222.86
22914,505.0,8.42,1846,13,PATNA JN.,PNBE,BANDRA TERMI,BDTS,23:10,07:35,219.24
22919,425.0,7.08,1721,12,CHENNAI CENT,MAS,AHMEDABAD,ADI,20:10,03:15,243.08
22920,425.0,7.08,1719,12,AHMEDABAD,ADI,CHENNAI CENT,MAS,15:30,22:35,242.8
22925,90.0,1.5,69,3,AMBALA CANTT,UMB,KALKA,KLK,15:15,16:45,46.0
22926,105.0,1.75,69,3,KALKA,KLK,AMBALA CANTT,UMB,10:20,12:05,39.43
22927,520.0,8.67,480,22,BANDRA TERMI,BDTS,AHMEDABAD,ADI,19:40,04:20,55.36
22928,520.0,8.67,480,17,AHMEDABAD,ADI,BANDRA TERMI,BDTS,21:10,05:50,55.36
22929,250.0,4.17,234,14,BHILAD,BLD,VADODARA JN.,BRC,16:25,20:35,56.12
22930,245.0,4.08,234,14,VADODARA JN.,BRC,BHILAD,BLD,07:00,11:05,57.35
22931,1335.0,22.25,1226,27,BANDRA TERMI,BDTS,JAISALMER,JSM,14:35,12:50,55.1
22932,1335.0,22.25,1227,27,JAISALMER,JSM,BANDRA TERMI,BDTS,19:20,17:35,55.15
22933,1135.0,18.92,1146,15,BANDRA TERMI,BDTS,JAIPUR JN.,JP,15:50,10:45,60.57
22934,1130.0,18.83,1147,15,JAIPUR JN.,JP,BANDRA TERMI,BDTS,12:45,07:35,60.91
22935,845.0,14.08,787,12,BANDRA TERMI,BDTS,PALITANA,PIT,15:25,05:30,55.89
22936,855.0,14.25,787,12,PALITANA,PIT,BANDRA TERMI,BDTS,20:05,10:20,55.23
22943,1015.0,16.92,963,17,PUNE JN.,PUNE,INDORE BG,INDB,15:35,08:30,56.91
22944,1050.0,17.5,963,17,INDORE BG,INDB,PUNE JN.,PUNE,14:35,08:05,55.03
22945,1080.0,18.0,986,30,MUMBAI CENTR,BCT,OKHA,OKHA,21:35,15:35,54.78
22946,1080.0,18.0,986,31,OKHA,OKHA,MUMBAI CENTR,BCT,13:10,07:10,54.78
22951,935.0,15.58,853,15,BANDRA TERMI,BDTS,GANDHIDHAM J,GIMB,23:55,15:30,54.75
22952,935.0,15.58,853,15,GANDHIDHAM J,GIMB,BANDRA TERMI,BDTS,06:50,22:25,54.75
22953,535.0,8.92,490,27,MUMBAI CENTR,BCT,AHMEDABAD,ADI,05:45,14:40,54.93
22954,535.0,8.92,490,27,AHMEDABAD,ADI,MUMBAI CENTR,BCT,07:00,15:55,54.93
22955,905.0,15.08,838,22,BANDRA TERMI,BDTS,NEW BHUJ,BHUJ,17:45,08:50,55.57
22956,910.0,15.17,838,22,NEW BHUJ,BHUJ,BANDRA TERMI,BDTS,20:15,11:25,55.24
22957,470.0,7.83,430,16,AHMEDABAD,ADI,VERAVAL,VRL,22:10,06:00,54.92
22959,610.0,10.17,556,21,SURAT,ST,JAMNAGAR,JAM,13:30,23:40,54.67
22960,605.0,10.08,556,21,JAMNAGAR,JAM,SURAT,ST,04:45,14:50,55.16
22961,585.0,9.75,547,18,SURAT,ST,HAPA,HAPA,13:30,23:15,56.1
22962,595.0,9.92,547,18,HAPA,HAPA,SURAT,ST,04:55,14:50,55.14
22963,835.0,13.92,780,18,BANDRA TERMI,BDTS,BHAVNAGAR TE,BVC,15:25,05:20,56.03
22964,845.0,14.08,780,18,BHAVNAGAR TE,BVC,BANDRA TERMI,BDTS,17:30,07:35,55.4
22965,1015.0,16.92,929,10,BANDRA TERMI,BDTS,BHAGAT-KI-KO,BGKT,23:55,16:50,54.91
22966,1025.0,17.08,931,10,BHAGAT-KI-KO,BGKT,BANDRA TERMI,BDTS,19:40,12:45,54.51
22969,785.0,13.08,2023,23,OKHA,OKHA,VARANASI JN.,BSB,13:45,02:50,154.66
22970,655.0,10.92,2024,23,VARANASI JN.,BSB,OKHA,OKHA,21:55,08:50,185.35
22971,570.0,9.5,1847,14,BANDRA TERMI,BDTS,PATNA JN.,PNBE,16:35,02:05,194.42
22972,503.0,8.38,1846,14,PATNA JN.,PNBE,BANDRA TERMI,BDTS,23:10,07:33,220.29
22973,1200.0,20.0,2436,38,GANDHIDHAM J,GIMB,PURI,PURI,23:00,19:00,121.8
22974,1210.0,20.17,2443,38,PURI,PURI,GANDHIDHAM J,GIMB,10:30,06:40,121.12
22981,1000.0,16.67,918,28,KOTA,KOTA,SHRI GANGANA,SGNR,17:20,10:00,55.07
22982,970.0,16.17,919,28,SHRI GANGANA,SGNR,KOTA,KOTA,17:40,09:50,56.83
22983,465.0,7.75,432,14,KOTA,KOTA,INDORE BG,INDB,06:30,14:15,55.74
22989,935.0,15.58,881,16,BANDRA TERMI,BDTS,MAHUVA,MHV,11:45,03:20,56.55
22990,945.0,15.75,881,16,MAHUVA,MHV,BANDRA TERMI,BDTS,13:00,04:45,55.94
22991,950.0,15.83,910,12,BANDRA TERMI,BDTS,VERAVAL,VRL,12:45,04:35,57.49
22992,990.0,16.5,910,12,VERAVAL,VRL,BANDRA TERMI,BDTS,12:45,05:15,55.15
22993,945.0,15.75,881,15,BANDRA TERMI,BDTS,MAHUVA,MHV,15:25,07:10,55.94
22994,960.0,16.0,881,15,MAHUVA,MHV,BANDRA TERMI,BDTS,19:55,11:55,55.06
22995,210.0,3.5,185,4,CHITTAURGARH,COR,AJMER JN.,AII,06:20,09:50,52.86
22996,190.0,3.17,185,4,AJMER JN.,AII,CHITTAURGARH,COR,20:30,23:40,58.36
23141,50.0,0.83,30,3,RANINAGAR JA,RQJ,HALDIBARI,HDB,04:15,05:05,36.14
23142,45.0,0.75,30,3,HALDIBARI,HDB,RANINAGAR JA,RQJ,13:35,14:20,40.0
23225,190.0,3.17,109,11,SAHARSA JN.,SHC,BARAUNI JN.,BJU,12:40,15:50,34.38
23226,220.0,3.67,109,11,BARAUNI JN.,BJU,SAHARSA JN.,SHC,10:35,14:15,29.7
23345,145.0,2.42,81,6,CHOPAN,CPU,SHAKTINAGAR,SKTN,19:35,22:00,33.47
23346,115.0,1.92,81,6,SHAKTINAGAR,SKTN,CHOPAN,CPU,05:00,06:55,42.19
23347,360.0,6.0,204,11,SINGRAULI,SGRL,GARWA ROAD J,GHD,17:00,23:00,34.0
23348,340.0,5.67,204,11,GARWA ROAD J,GHD,SINGRAULI,SGRL,03:20,09:00,35.98
24041,50.0,0.83,24,3,NAJIBABAD JN,NBD,KOTDWARA,KTW,05:35,06:25,28.92
24042,55.0,0.92,24,3,KOTDWARA,KTW,NAJIBABAD JN,NBD,22:05,23:00,26.09
24227,410.0,6.83,349,15,VARANASI JN.,BSB,KANPUR CENTR,CNB,04:45,11:35,51.1
24228,450.0,7.5,349,15,KANPUR CENTR,CNB,VARANASI JN.,BSB,16:00,23:30,46.53
24369,1240.0,20.67,740,38,SHAKTINAGAR,SKTN,BAREILLY JN.,BE,15:55,12:35,35.8
24370,1200.0,20.0,740,38,BAREILLY JN.,BE,SHAKTINAGAR,SKTN,12:10,08:10,37.0
24887,210.0,3.5,157,6,HARIDWAR JN,HW,AMBALA CANTT,UMB,19:10,22:40,44.86
24888,260.0,4.33,157,6,AMBALA CANTT,UMB,HARIDWAR JN,HW,04:45,09:05,36.26
25013,150.0,2.5,76,3,MORADABAD JN,MB,RAMNAGAR,RMR,02:20,04:50,30.4
25014,125.0,2.08,76,3,RAMNAGAR,RMR,MORADABAD JN,MB,22:00,00:05,36.54
25035,90.0,1.5,76,3,MORADABAD JN,MB,RAMNAGAR,RMR,19:15,20:45,50.67
25036,115.0,1.92,76,3,RAMNAGAR,RMR,MORADABAD JN,MB,09:50,11:45,39.58
25201,95.0,1.58,58,6,SAGAULI JN.,SGL,NARKATIAGANJ,NKE,22:20,23:55,36.71
25202,75.0,1.25,58,6,NARKATIAGANJ,NKE,SAGAULI JN.,SGL,04:35,05:50,46.4
25631,190.0,3.17,173,4,BIKANER JN.,BKN,MERTA ROAD J,MTD,00:05,03:15,54.57
25632,230.0,3.83,172,4,MERTA ROAD J,MTD,BIKANER JN.,BKN,03:20,07:10,44.91
25657,580.0,9.67,1358,37,SEALDAH,SDAH,SILCHAR,SCL,06:35,16:15,140.43
25658,535.0,8.92,1357,37,SILCHAR,SCL,SEALDAH,SDAH,10:30,19:25,152.13
28181,295.0,4.92,179,14,BARAUNI JN.,BJU,KATIHAR JN.,KIR,09:20,14:15,36.38
28182,270.0,4.5,179,14,KATIHAR JN.,KIR,BARAUNI JN.,BJU,15:00,19:30,39.78
29019,280.0,4.67,276,8,MANDSOR,MDS,KOTA,KOTA,14:05,18:45,59.1
29020,295.0,4.92,276,8,KOTA,KOTA,MANDSOR,MDS,08:45,13:40,56.1
30111,124.0,2.07,45,23,BALLYGUNGE J,BLN,BARRACKPORE,BP,18:14,20:18,21.74
30112,107.0,1.78,33,19,BARRACKPORE,BP,MAJERHAT,MJT,17:20,19:07,18.54
30116,51.0,0.85,25,14,BARRACKPORE,BP,BENOY BADAL,BBDB,09:34,10:25,29.41
30121,116.0,1.93,51,26,NEW ALIPUR (,NACC,NAIHATI JN.,NH,11:00,12:56,26.42
30122,133.0,2.22,60,29,NAIHATI JN.,NH,BALLYGUNGE J,BLN,15:15,17:28,27.03
30123,99.0,1.65,49,25,MAJERHAT,MJT,NAIHATI JN.,NH,19:43,21:22,29.7
30128,147.0,2.45,66,32,KALYANI SIMA,KLYM,NEW ALIPUR (,NACC,08:14,10:41,26.94
30135,161.0,2.68,84,34,MAJERHAT,MJT,RANAGHAT JN.,RHA,18:14,20:55,31.34
30142,193.0,3.22,128,42,GEDE,GEDE,MAJERHAT,MJT,05:37,08:50,39.75
30145,157.0,2.62,102,34,BENOY BADAL,BBDB,KRISHNA NAGA,KNJ,08:25,11:02,38.93
30152,101.0,1.68,53,21,NAIHATI JN.,NH,MAJERHAT,MJT,16:18,17:59,31.55
30154,95.0,1.58,53,21,NAIHATI JN.,NH,MAJERHAT,MJT,17:52,19:27,33.54
30211,29.0,0.48,9,8,BENOY BADAL,BBDB,DUM DUM JN.,DDJ,10:33,11:02,18.75
30311,75.0,1.25,28,18,PRINCEP GHAT,PPGT,BARASAT JN.,BT,13:10,14:25,22.4
30312,92.0,1.53,33,21,BARASAT JN.,BT,MAJERHAT,MJT,15:50,17:22,21.57
30313,88.0,1.47,33,21,MAJERHAT,MJT,BARASAT JN.,BT,20:10,21:38,22.45
30314,92.0,1.53,41,23,DATTAPUKUR,DTK,MAJERHAT,MJT,18:08,19:40,26.8
30317,109.0,1.82,41,23,MAJERHAT,MJT,DATTAPUKUR,DTK,16:33,18:22,22.53
30321,187.0,3.12,85,35,MAJERHAT,MJT,HASANABAD,HNB,09:23,12:30,27.24
30322,143.0,2.38,77,34,HASANABAD,HNB,BENOY BADAL,BBDB,05:47,08:10,32.35
30324,184.0,3.07,80,36,HASANABAD,HNB,PRINCEP GHAT,PPGT,08:35,11:39,26.06
30331,124.0,2.07,55,27,MAJERHAT,MJT,HABRA,HB,17:30,19:34,26.57
30332,134.0,2.23,55,27,HABRA,HB,MAJERHAT,MJT,14:15,16:29,24.66
30333,122.0,2.03,55,27,MAJERHAT,MJT,HABRA,HB,11:48,13:50,27.09
30342,157.0,2.62,87,28,BANGAON JN.,BNJ,MAJERHAT,MJT,06:35,09:12,33.21
30344,158.0,2.63,87,34,BANGAON JN.,BNJ,MAJERHAT,MJT,07:30,10:08,33.08
30346,165.0,2.75,87,34,BANGAON JN.,BNJ,MAJERHAT,MJT,09:50,12:35,31.64
30351,80.0,1.33,37,17,MAJERHAT,MJT,BARASAT JN.,BT,10:12,11:32,27.82
30353,88.0,1.47,45,19,MAJERHAT,MJT,DATTAPUKUR,DTK,16:30,17:58,30.61
30357,89.0,1.48,33,15,MAJERHAT,MJT,MADHYAM GRAM,MMG,08:56,10:25,22.3
30358,72.0,1.2,33,15,MADHYAM GRAM,MMG,MAJERHAT,MJT,10:35,11:47,27.5
30361,160.0,2.67,90,31,MAJERHAT,MJT,HASANABAD,HNB,12:38,15:18,33.71
30411,80.0,1.33,24,11,BENOY BADAL,BBDB,SEALDAH,SDAH,10:40,12:00,18.05
30412,63.0,1.05,24,11,SEALDAH,SDAH,BENOY BADAL,BBDB,09:02,10:05,22.86
30413,85.0,1.42,24,11,BENOY BADAL,BBDB,SEALDAH,SDAH,11:05,12:30,16.9
30414,61.0,1.02,24,11,SEALDAH,SDAH,BENOY BADAL,BBDB,09:35,10:36,23.53
30416,61.0,1.02,24,11,SEALDAH,SDAH,BENOY BADAL,BBDB,17:10,18:11,23.53
30451,66.0,1.1,24,11,BENOY BADAL,BBDB,SEALDAH,SDAH,18:19,19:25,21.82
30452,90.0,1.5,31,16,SEALDAH,SDAH,KOLKATA,KOAA,15:25,16:55,20.67
30511,66.0,1.1,30,14,CHAMPAHATI,CHT,MAJERHAT,MJT,08:08,09:14,27.27
30552,96.0,1.6,37,17,MAJERHAT,MJT,GHUTIARI SHA,GOF,19:08,20:44,23.12
30612,143.0,2.38,46,24,KOLKATA,KOAA,BARUIPUR JN.,BRP,17:10,19:33,19.33
30711,117.0,1.95,67,26,LAKSHMIKANTA,LKPR,MAJERHAT,MJT,14:34,16:31,34.36
30712,126.0,2.1,67,26,MAJERHAT,MJT,LAKSHMIKANTA,LKPR,09:40,11:46,31.9
31051,125.0,2.08,67,26,BUDGE BUDGE,BGB,NAIHATI JN.,NH,07:12,09:17,32.21
31053,121.0,2.02,67,26,BUDGE BUDGE,BGB,NAIHATI JN.,NH,14:05,16:06,33.17
31055,128.0,2.13,67,26,BUDGE BUDGE,BGB,NAIHATI JN.,NH,17:52,20:00,31.46
31111,214.0,3.57,154,39,SEALDAH,SDAH,KATWA JN.,KWAE,08:06,11:40,43.14
31112,220.0,3.67,154,37,KATWA JN.,KWAE,SEALDAH,SDAH,15:50,19:30,41.96
31151,168.0,2.8,116,35,SEALDAH,SDAH,BARDDHAMAN J,BWN,10:15,13:03,41.43
31152,180.0,3.0,116,35,BARDDHAMAN J,BWN,SEALDAH,SDAH,14:40,17:40,38.67
31191,30.0,0.5,15,7,NAIHATI JN.,NH,KALYANI SIMA,KLYM,04:10,04:40,30.0
31192,24.0,0.4,15,7,KALYANI SIMA,KLYM,NAIHATI JN.,NH,23:46,00:10,37.5
31211,40.0,0.67,25,9,SEALDAH,SDAH,BARRACKPORE,BP,05:50,06:30,37.31
31212,43.0,0.72,25,9,BARRACKPORE,BP,SEALDAH,SDAH,06:40,07:23,34.72
31213,37.0,0.62,25,4,SEALDAH,SDAH,BARRACKPORE,BP,06:48,07:25,40.32
31214,40.0,0.67,25,5,BARRACKPORE,BP,SEALDAH,SDAH,07:40,08:20,37.31
31215,37.0,0.62,25,5,SEALDAH,SDAH,BARRACKPORE,BP,07:33,08:10,40.32
31216,43.0,0.72,25,9,BARRACKPORE,BP,SEALDAH,SDAH,08:22,09:05,34.72
31217,41.0,0.68,25,9,SEALDAH,SDAH,BARRACKPORE,BP,07:46,08:27,36.76
31218,42.0,0.7,25,7,BARRACKPORE,BP,SEALDAH,SDAH,08:35,09:17,35.71
31219,38.0,0.63,25,9,SEALDAH,SDAH,BARRACKPORE,BP,08:00,08:38,39.68
31220,45.0,0.75,25,9,BARRACKPORE,BP,SEALDAH,SDAH,08:48,09:33,33.33
31221,40.0,0.67,25,9,SEALDAH,SDAH,BARRACKPORE,BP,08:38,09:18,37.31
31222,43.0,0.72,25,9,BARRACKPORE,BP,SEALDAH,SDAH,09:02,09:45,34.72
31223,38.0,0.63,25,9,SEALDAH,SDAH,BARRACKPORE,BP,09:10,09:48,39.68
31224,41.0,0.68,25,9,BARRACKPORE,BP,SEALDAH,SDAH,09:57,10:38,36.76
31225,40.0,0.67,25,9,SEALDAH,SDAH,BARRACKPORE,BP,09:34,10:14,37.31
31226,40.0,0.67,25,9,BARRACKPORE,BP,SEALDAH,SDAH,10:25,11:05,37.31
31227,40.0,0.67,25,9,SEALDAH,SDAH,BARRACKPORE,BP,09:40,10:20,37.31
31228,42.0,0.7,25,9,BARRACKPORE,BP,SEALDAH,SDAH,10:32,11:14,35.71
31229,40.0,0.67,25,9,SEALDAH,SDAH,BARRACKPORE,BP,10:05,10:45,37.31
31230,42.0,0.7,25,9,BARRACKPORE,BP,SEALDAH,SDAH,11:00,11:42,35.71
31231,40.0,0.67,25,9,SEALDAH,SDAH,BARRACKPORE,BP,13:42,14:22,37.31
31232,38.0,0.63,25,9,BARRACKPORE,BP,SEALDAH,SDAH,14:42,15:20,39.68
31233,40.0,0.67,25,9,SEALDAH,SDAH,BARRACKPORE,BP,14:50,15:30,37.31
31234,40.0,0.67,25,9,BARRACKPORE,BP,SEALDAH,SDAH,15:45,16:25,37.31
31235,40.0,0.67,25,9,SEALDAH,SDAH,BARRACKPORE,BP,16:08,16:48,37.31
31236,40.0,0.67,25,9,BARRACKPORE,BP,SEALDAH,SDAH,18:30,19:10,37.31
31237,42.0,0.7,25,9,SEALDAH,SDAH,BARRACKPORE,BP,18:28,19:10,35.71
31238,40.0,0.67,25,9,BARRACKPORE,BP,SEALDAH,SDAH,19:25,20:05,37.31
31239,42.0,0.7,25,9,SEALDAH,SDAH,BARRACKPORE,BP,18:28,19:10,35.71
31240,40.0,0.67,25,9,BARRACKPORE,BP,SEALDAH,SDAH,20:27,21:07,37.31
31241,39.0,0.65,25,9,SEALDAH,SDAH,BARRACKPORE,BP,08:13,08:52,38.46
31261,36.0,0.6,20,9,KANKURGACHHI,KGK,BARRACKPORE,BP,17:42,18:18,33.33
31311,91.0,1.52,55,21,SEALDAH,SDAH,KALYANI SIMA,KLYM,04:12,05:43,36.18
31312,88.0,1.47,55,21,KALYANI SIMA,KLYM,SEALDAH,SDAH,05:02,06:30,37.41
31313,90.0,1.5,55,21,SEALDAH,SDAH,KALYANI SIMA,KLYM,05:30,07:00,36.67
31314,88.0,1.47,55,21,KALYANI SIMA,KLYM,SEALDAH,SDAH,06:02,07:30,37.41
31315,88.0,1.47,55,21,SEALDAH,SDAH,KALYANI SIMA,KLYM,06:30,07:58,37.41
31316,90.0,1.5,55,21,KALYANI SIMA,KLYM,SEALDAH,SDAH,07:10,08:40,36.67
31317,90.0,1.5,55,21,SEALDAH,SDAH,KALYANI SIMA,KLYM,07:18,08:48,36.67
31318,90.0,1.5,55,21,KALYANI SIMA,KLYM,SEALDAH,SDAH,09:15,10:45,36.67
31319,90.0,1.5,55,21,SEALDAH,SDAH,KALYANI SIMA,KLYM,08:30,10:00,36.67
31320,83.0,1.38,55,12,KALYANI SIMA,KLYM,SEALDAH,SDAH,10:12,11:35,39.86
31321,92.0,1.53,55,21,SEALDAH,SDAH,KALYANI SIMA,KLYM,09:20,10:52,35.95
31322,108.0,1.8,55,21,KALYANI SIMA,KLYM,SEALDAH,SDAH,13:18,15:06,30.56
31323,90.0,1.5,55,21,SEALDAH,SDAH,KALYANI SIMA,KLYM,11:22,12:52,36.67
31324,89.0,1.48,55,21,KALYANI SIMA,KLYM,SEALDAH,SDAH,14:16,15:45,37.16
31325,93.0,1.55,55,21,SEALDAH,SDAH,KALYANI SIMA,KLYM,12:30,14:03,35.48
31326,90.0,1.5,55,21,KALYANI SIMA,KLYM,SEALDAH,SDAH,15:20,16:50,36.67
31327,92.0,1.53,55,21,SEALDAH,SDAH,KALYANI SIMA,KLYM,13:35,15:07,35.95
31328,88.0,1.47,55,21,KALYANI SIMA,KLYM,SEALDAH,SDAH,16:32,18:00,37.41
31329,90.0,1.5,55,21,SEALDAH,SDAH,KALYANI SIMA,KLYM,14:40,16:10,36.67
31330,90.0,1.5,55,21,KALYANI SIMA,KLYM,SEALDAH,SDAH,17:32,19:02,36.67
31331,91.0,1.52,55,21,SEALDAH,SDAH,KALYANI SIMA,KLYM,15:35,17:06,36.18
31332,88.0,1.47,55,21,KALYANI SIMA,KLYM,SEALDAH,SDAH,19:07,20:35,37.41
31333,90.0,1.5,55,21,SEALDAH,SDAH,KALYANI SIMA,KLYM,16:50,18:20,36.67
31334,90.0,1.5,55,21,KALYANI SIMA,KLYM,SEALDAH,SDAH,20:02,21:32,36.67
31335,94.0,1.57,55,21,SEALDAH,SDAH,KALYANI SIMA,KLYM,18:12,19:46,35.03
31336,91.0,1.52,55,21,KALYANI SIMA,KLYM,SEALDAH,SDAH,21:14,22:45,36.18
31337,84.0,1.4,55,13,SEALDAH,SDAH,KALYANI SIMA,KLYM,19:10,20:34,39.29
31338,90.0,1.5,55,21,KALYANI SIMA,KLYM,SEALDAH,SDAH,22:12,23:42,36.67
31339,93.0,1.55,55,21,SEALDAH,SDAH,KALYANI SIMA,KLYM,20:10,21:43,35.48
31411,60.0,1.0,40,9,SEALDAH,SDAH,NAIHATI JN.,NH,04:40,05:40,40.0
31412,65.0,1.08,40,15,NAIHATI JN.,NH,SEALDAH,SDAH,04:05,05:10,37.04
31413,64.0,1.07,40,15,SEALDAH,SDAH,NAIHATI JN.,NH,06:38,07:42,37.38
31414,65.0,1.08,40,15,NAIHATI JN.,NH,SEALDAH,SDAH,04:50,05:55,37.04
31415,63.0,1.05,40,15,SEALDAH,SDAH,NAIHATI JN.,NH,07:52,08:55,38.1
31416,66.0,1.1,40,15,NAIHATI JN.,NH,SEALDAH,SDAH,07:52,08:58,36.36
31417,62.0,1.03,40,15,SEALDAH,SDAH,NAIHATI JN.,NH,09:28,10:30,38.83
31418,68.0,1.13,40,15,NAIHATI JN.,NH,SEALDAH,SDAH,08:30,09:38,35.4
31420,63.0,1.05,40,15,NAIHATI JN.,NH,SEALDAH,SDAH,09:10,10:13,38.1
31421,63.0,1.05,40,15,SEALDAH,SDAH,NAIHATI JN.,NH,10:45,11:48,38.1
31422,63.0,1.05,40,15,NAIHATI JN.,NH,SEALDAH,SDAH,09:27,10:30,38.1
31423,63.0,1.05,40,15,SEALDAH,SDAH,NAIHATI JN.,NH,11:15,12:18,38.1
31424,65.0,1.08,40,15,NAIHATI JN.,NH,SEALDAH,SDAH,10:45,11:50,37.04
31425,65.0,1.08,40,15,SEALDAH,SDAH,NAIHATI JN.,NH,12:20,13:25,37.04
31426,65.0,1.08,40,15,NAIHATI JN.,NH,SEALDAH,SDAH,12:00,13:05,37.04
31427,65.0,1.08,40,15,SEALDAH,SDAH,NAIHATI JN.,NH,13:07,14:12,37.04
31428,64.0,1.07,40,15,NAIHATI JN.,NH,SEALDAH,SDAH,12:28,13:32,37.38
31429,65.0,1.08,40,15,SEALDAH,SDAH,NAIHATI JN.,NH,13:52,14:57,37.04
31430,65.0,1.08,40,15,NAIHATI JN.,NH,SEALDAH,SDAH,13:20,14:25,37.04
31431,65.0,1.08,40,15,SEALDAH,SDAH,NAIHATI JN.,NH,16:02,17:07,37.04
31432,62.0,1.03,40,15,NAIHATI JN.,NH,SEALDAH,SDAH,13:40,14:42,38.83
31433,66.0,1.1,40,15,SEALDAH,SDAH,NAIHATI JN.,NH,16:32,17:38,36.36
31434,65.0,1.08,40,15,NAIHATI JN.,NH,SEALDAH,SDAH,14:50,15:55,37.04
31435,65.0,1.08,40,15,SEALDAH,SDAH,NAIHATI JN.,NH,17:22,18:27,37.04
31436,63.0,1.05,40,15,NAIHATI JN.,NH,SEALDAH,SDAH,17:22,18:25,38.1
31437,65.0,1.08,40,15,SEALDAH,SDAH,NAIHATI JN.,NH,18:05,19:10,37.04
31438,64.0,1.07,40,15,NAIHATI JN.,NH,SEALDAH,SDAH,19:20,20:24,37.38
31439,64.0,1.07,40,15,SEALDAH,SDAH,NAIHATI JN.,NH,18:35,19:39,37.38
31440,61.0,1.02,40,15,NAIHATI JN.,NH,SEALDAH,SDAH,19:47,20:48,39.22
31441,63.0,1.05,40,15,SEALDAH,SDAH,NAIHATI JN.,NH,19:42,20:45,38.1
31442,65.0,1.08,40,15,NAIHATI JN.,NH,SEALDAH,SDAH,20:15,21:20,37.04
31443,63.0,1.05,40,15,SEALDAH,SDAH,NAIHATI JN.,NH,20:52,21:55,38.1
31444,65.0,1.08,40,15,NAIHATI JN.,NH,SEALDAH,SDAH,21:08,22:13,37.04
31445,65.0,1.08,40,15,SEALDAH,SDAH,NAIHATI JN.,NH,21:20,22:25,37.04
31446,63.0,1.05,40,15,NAIHATI JN.,NH,SEALDAH,SDAH,21:32,22:35,38.1
31447,65.0,1.08,40,15,SEALDAH,SDAH,NAIHATI JN.,NH,22:22,23:27,37.04
31448,64.0,1.07,40,15,NAIHATI JN.,NH,SEALDAH,SDAH,22:08,23:12,37.38
31449,63.0,1.05,40,15,SEALDAH,SDAH,NAIHATI JN.,NH,23:15,00:18,38.1
31450,65.0,1.08,40,15,NAIHATI JN.,NH,SEALDAH,SDAH,23:15,00:20,37.04
31451,63.0,1.05,40,15,SEALDAH,SDAH,NAIHATI JN.,NH,23:15,00:18,38.1
31471,57.0,0.95,35,15,KANKURGACHHI,KGK,NAIHATI JN.,NH,07:15,08:12,36.84
31511,140.0,2.33,96,29,SEALDAH,SDAH,SHANTIPUR JN,STB,04:35,06:55,41.2
31512,138.0,2.3,96,28,SHANTIPUR JN,STB,SEALDAH,SDAH,03:22,05:40,41.74
31513,135.0,2.25,96,28,SEALDAH,SDAH,SHANTIPUR JN,STB,06:00,08:15,42.67
31514,139.0,2.32,96,29,SHANTIPUR JN,STB,SEALDAH,SDAH,04:46,07:05,41.38
31515,137.0,2.28,96,29,SEALDAH,SDAH,SHANTIPUR JN,STB,07:25,09:42,42.11
31516,135.0,2.25,96,29,SHANTIPUR JN,STB,SEALDAH,SDAH,05:52,08:07,42.67
31517,138.0,2.3,96,29,SEALDAH,SDAH,SHANTIPUR JN,STB,08:50,11:08,41.74
31518,132.0,2.2,96,25,SHANTIPUR JN,STB,SEALDAH,SDAH,07:28,09:40,43.64
31519,138.0,2.3,96,27,SEALDAH,SDAH,SHANTIPUR JN,STB,10:32,12:50,41.74
31520,135.0,2.25,96,28,SHANTIPUR JN,STB,SEALDAH,SDAH,08:37,10:52,42.67
31521,143.0,2.38,96,29,SEALDAH,SDAH,SHANTIPUR JN,STB,11:35,13:58,40.34
31522,137.0,2.28,96,29,SHANTIPUR JN,STB,SEALDAH,SDAH,10:05,12:22,42.11
31523,140.0,2.33,96,27,SEALDAH,SDAH,SHANTIPUR JN,STB,13:00,15:20,41.2
31524,132.0,2.2,96,28,SHANTIPUR JN,STB,SEALDAH,SDAH,11:30,13:42,43.64
31525,138.0,2.3,96,28,SEALDAH,SDAH,SHANTIPUR JN,STB,14:20,16:38,41.74
31526,140.0,2.33,96,29,SHANTIPUR JN,STB,SEALDAH,SDAH,13:12,15:32,41.2
31527,140.0,2.33,96,29,SEALDAH,SDAH,SHANTIPUR JN,STB,15:45,18:05,41.2
31528,133.0,2.22,96,27,SHANTIPUR JN,STB,SEALDAH,SDAH,14:27,16:40,43.24
31529,141.0,2.35,96,29,SEALDAH,SDAH,SHANTIPUR JN,STB,16:57,19:18,40.85
31530,135.0,2.25,96,29,SHANTIPUR JN,STB,SEALDAH,SDAH,15:40,17:55,42.67
31531,128.0,2.13,96,23,SEALDAH,SDAH,SHANTIPUR JN,STB,17:52,20:00,45.07
31532,135.0,2.25,96,29,SHANTIPUR JN,STB,SEALDAH,SDAH,17:10,19:25,42.67
31533,140.0,2.33,96,27,SEALDAH,SDAH,SHANTIPUR JN,STB,18:50,21:10,41.2
31534,137.0,2.28,96,24,SHANTIPUR JN,STB,SEALDAH,SDAH,18:28,20:45,42.11
31535,140.0,2.33,96,27,SEALDAH,SDAH,SHANTIPUR JN,STB,19:50,22:10,41.2
31536,133.0,2.22,96,26,SHANTIPUR JN,STB,SEALDAH,SDAH,19:52,22:05,43.24
31537,138.0,2.3,96,28,SEALDAH,SDAH,SHANTIPUR JN,STB,20:45,23:03,41.74
31538,140.0,2.33,96,28,SHANTIPUR JN,STB,SEALDAH,SDAH,20:55,23:15,41.2
31539,135.0,2.25,96,28,SEALDAH,SDAH,SHANTIPUR JN,STB,21:50,00:05,42.67
31540,140.0,2.33,96,27,SHANTIPUR JN,STB,SEALDAH,SDAH,21:30,23:50,41.2
31541,135.0,2.25,96,28,SEALDAH,SDAH,SHANTIPUR JN,STB,22:40,00:55,42.67
31542,133.0,2.22,96,27,SHANTIPUR JN,STB,SEALDAH,SDAH,22:45,00:58,43.24
31571,65.0,1.08,35,6,RANAGHAT JN.,RHA,KRISHNA NAGA,KNJ,05:47,06:52,32.41
31584,38.0,0.63,15,2,KRISHNA NAGA,KNJ,SHANTIPUR JN,STB,07:02,07:40,23.81
31585,38.0,0.63,15,2,SHANTIPUR JN,STB,KRISHNA NAGA,KNJ,08:35,09:13,23.81
31586,37.0,0.62,15,2,KRISHNA NAGA,KNJ,SHANTIPUR JN,STB,09:25,10:02,24.19
31601,108.0,1.8,76,24,SEALDAH,SDAH,RANAGHAT JN.,RHA,17:52,19:40,42.22
31602,101.0,1.68,76,24,RANAGHAT JN.,RHA,SEALDAH,SDAH,07:45,09:26,45.24
31611,110.0,1.83,76,23,SEALDAH,SDAH,RANAGHAT JN.,RHA,05:05,06:55,41.53
31612,105.0,1.75,76,24,RANAGHAT JN.,RHA,SEALDAH,SDAH,04:20,06:05,43.43
31613,108.0,1.8,76,24,SEALDAH,SDAH,RANAGHAT JN.,RHA,05:37,07:25,42.22
31614,105.0,1.75,76,24,RANAGHAT JN.,RHA,SEALDAH,SDAH,06:05,07:50,43.43
31615,110.0,1.83,76,24,SEALDAH,SDAH,RANAGHAT JN.,RHA,06:20,08:10,41.53
31616,110.0,1.83,76,24,RANAGHAT JN.,RHA,SEALDAH,SDAH,07:20,09:10,41.53
31617,108.0,1.8,76,24,SEALDAH,SDAH,RANAGHAT JN.,RHA,08:00,09:48,42.22
31618,100.0,1.67,76,11,RANAGHAT JN.,RHA,SEALDAH,SDAH,07:30,09:10,45.51
31619,98.0,1.63,76,12,SEALDAH,SDAH,RANAGHAT JN.,RHA,09:50,11:28,46.63
31620,103.0,1.72,76,20,RANAGHAT JN.,RHA,SEALDAH,SDAH,08:35,10:18,44.19
31621,112.0,1.87,76,24,SEALDAH,SDAH,RANAGHAT JN.,RHA,11:45,13:37,40.64
31622,106.0,1.77,76,24,RANAGHAT JN.,RHA,SEALDAH,SDAH,10:12,11:58,42.94
31623,108.0,1.8,76,23,SEALDAH,SDAH,RANAGHAT JN.,RHA,15:00,16:48,42.22
31624,106.0,1.77,76,24,RANAGHAT JN.,RHA,SEALDAH,SDAH,12:50,14:36,42.94
31625,107.0,1.78,76,16,SEALDAH,SDAH,RANAGHAT JN.,RHA,16:25,18:12,42.7
31626,92.0,1.53,76,10,RANAGHAT JN.,RHA,SEALDAH,SDAH,15:30,17:02,49.67
31627,110.0,1.83,76,24,SEALDAH,SDAH,RANAGHAT JN.,RHA,20:25,22:15,41.53
31628,105.0,1.75,76,21,RANAGHAT JN.,RHA,SEALDAH,SDAH,17:25,19:10,43.43
31629,108.0,1.8,76,24,SEALDAH,SDAH,RANAGHAT JN.,RHA,21:40,23:28,42.22
31630,108.0,1.8,76,23,RANAGHAT JN.,RHA,SEALDAH,SDAH,18:42,20:30,42.22
31631,108.0,1.8,76,24,SEALDAH,SDAH,RANAGHAT JN.,RHA,22:50,00:38,42.22
31632,110.0,1.83,76,24,RANAGHAT JN.,RHA,SEALDAH,SDAH,19:25,21:15,41.53
31633,108.0,1.8,76,24,SEALDAH,SDAH,RANAGHAT JN.,RHA,23:40,01:28,42.22
31634,107.0,1.78,76,24,RANAGHAT JN.,RHA,SEALDAH,SDAH,20:08,21:55,42.7
31636,108.0,1.8,76,23,RANAGHAT JN.,RHA,SEALDAH,SDAH,21:37,23:25,42.22
31711,42.0,0.7,35,10,NAIHATI JN.,NH,RANAGHAT JN.,RHA,05:00,05:42,50.0
31712,42.0,0.7,35,9,RANAGHAT JN.,RHA,NAIHATI JN.,NH,04:05,04:47,50.0
31713,40.0,0.67,35,6,NAIHATI JN.,NH,RANAGHAT JN.,RHA,12:32,13:12,52.24
31714,40.0,0.67,35,6,RANAGHAT JN.,RHA,NAIHATI JN.,NH,11:40,12:20,52.24
31721,29.0,0.48,26,6,RANAGHAT JN.,RHA,KRISHNA NAGA,KNJ,04:42,05:11,54.17
31722,34.0,0.57,26,6,KRISHNA NAGA,KNJ,RANAGHAT JN.,RHA,07:58,08:32,45.61
31723,33.0,0.55,26,6,RANAGHAT JN.,RHA,KRISHNA NAGA,KNJ,06:05,06:38,47.27
31724,31.0,0.52,26,5,KRISHNA NAGA,KNJ,RANAGHAT JN.,RHA,20:44,21:15,50.0
31725,30.0,0.5,26,7,RANAGHAT JN.,RHA,KRISHNA NAGA,KNJ,22:20,22:50,52.0
31726,33.0,0.55,26,7,KRISHNA NAGA,KNJ,RANAGHAT JN.,RHA,23:25,23:58,47.27
31741,50.0,0.83,43,13,RANAGHAT JN.,RHA,GEDE,GEDE,04:42,05:32,51.81
31742,50.0,0.83,43,13,GEDE,GEDE,RANAGHAT JN.,RHA,06:22,07:12,51.81
31743,47.0,0.78,43,10,RANAGHAT JN.,RHA,GEDE,GEDE,05:27,06:14,55.13
31744,50.0,0.83,43,13,GEDE,GEDE,RANAGHAT JN.,RHA,07:38,08:28,51.81
31745,50.0,0.83,43,13,RANAGHAT JN.,RHA,GEDE,GEDE,07:30,08:20,51.81
31746,53.0,0.88,43,13,GEDE,GEDE,RANAGHAT JN.,RHA,09:52,10:45,48.86
31747,50.0,0.83,43,13,RANAGHAT JN.,RHA,GEDE,GEDE,08:50,09:40,51.81
31748,53.0,0.88,43,13,GEDE,GEDE,RANAGHAT JN.,RHA,11:55,12:48,48.86
31749,54.0,0.9,43,13,RANAGHAT JN.,RHA,GEDE,GEDE,10:53,11:47,47.78
31750,50.0,0.83,43,13,GEDE,GEDE,RANAGHAT JN.,RHA,16:30,17:20,51.81
31751,50.0,0.83,43,13,RANAGHAT JN.,RHA,GEDE,GEDE,13:40,14:30,51.81
31752,50.0,0.83,43,13,GEDE,GEDE,RANAGHAT JN.,RHA,17:30,18:20,51.81
31753,50.0,0.83,43,13,RANAGHAT JN.,RHA,GEDE,GEDE,15:20,16:10,51.81
31754,50.0,0.83,43,13,GEDE,GEDE,RANAGHAT JN.,RHA,18:30,19:20,51.81
31755,50.0,0.83,43,13,RANAGHAT JN.,RHA,GEDE,GEDE,17:50,18:40,51.81
31756,50.0,0.83,43,13,GEDE,GEDE,RANAGHAT JN.,RHA,20:50,21:40,51.81
31757,50.0,0.83,43,13,RANAGHAT JN.,RHA,GEDE,GEDE,19:45,20:35,51.81
31758,49.0,0.82,43,13,GEDE,GEDE,RANAGHAT JN.,RHA,21:58,22:47,52.44
31765,195.0,3.25,154,25,RANAGHAT JN.,RHA,LALGOLA,LGL,05:00,08:15,47.38
31766,200.0,3.33,153,25,LALGOLA,LGL,RANAGHAT JN.,RHA,08:25,11:45,45.95
31767,195.0,3.25,154,29,RANAGHAT JN.,RHA,LALGOLA,LGL,07:35,10:50,47.38
31768,210.0,3.5,153,27,LALGOLA,LGL,RANAGHAT JN.,RHA,03:25,06:55,43.71
31770,220.0,3.67,153,29,LALGOLA,LGL,RANAGHAT JN.,RHA,11:55,15:35,41.69
31771,195.0,3.25,154,28,RANAGHAT JN.,RHA,LALGOLA,LGL,17:05,20:20,47.38
31772,213.0,3.55,153,29,LALGOLA,LGL,RANAGHAT JN.,RHA,19:30,23:03,43.1
31781,27.0,0.45,20,6,RANAGHAT JN.,RHA,SHANTIPUR JN,STB,08:15,08:42,44.44
31782,27.0,0.45,19,6,SHANTIPUR JN,STB,RANAGHAT JN.,RHA,08:58,09:25,42.22
31783,27.0,0.45,20,5,RANAGHAT JN.,RHA,SHANTIPUR JN,STB,13:05,13:32,44.44
31784,29.0,0.48,19,5,SHANTIPUR JN,STB,RANAGHAT JN.,RHA,10:46,11:15,39.58
31786,28.0,0.47,19,5,SHANTIPUR JN,STB,RANAGHAT JN.,RHA,14:07,14:35,40.43
31801,144.0,2.4,102,29,SEALDAH,SDAH,KRISHNA NAGA,KNJ,17:05,19:29,42.5
31802,138.0,2.3,102,29,KRISHNA NAGA,KNJ,SEALDAH,SDAH,08:42,11:00,44.35
31811,148.0,2.47,102,29,SEALDAH,SDAH,KRISHNA NAGA,KNJ,03:20,05:48,41.3
31812,145.0,2.42,102,29,KRISHNA NAGA,KNJ,SEALDAH,SDAH,04:20,06:45,42.15
31813,142.0,2.37,102,30,SEALDAH,SDAH,KRISHNA NAGA,KNJ,05:20,07:42,43.04
31814,132.0,2.2,102,22,KRISHNA NAGA,KNJ,SEALDAH,SDAH,05:00,07:12,46.36
31815,144.0,2.4,102,29,SEALDAH,SDAH,KRISHNA NAGA,KNJ,06:10,08:34,42.5
31816,140.0,2.33,102,29,KRISHNA NAGA,KNJ,SEALDAH,SDAH,06:07,08:27,43.78
31817,147.0,2.45,102,30,SEALDAH,SDAH,KRISHNA NAGA,KNJ,06:55,09:22,41.63
31818,138.0,2.3,102,25,KRISHNA NAGA,KNJ,SEALDAH,SDAH,07:04,09:22,44.35
31819,135.0,2.25,102,21,SEALDAH,SDAH,KRISHNA NAGA,KNJ,09:35,11:50,45.33
31820,140.0,2.33,102,29,KRISHNA NAGA,KNJ,SEALDAH,SDAH,09:04,11:24,43.78
31821,143.0,2.38,102,29,SEALDAH,SDAH,KRISHNA NAGA,KNJ,10:52,13:15,42.86
31822,140.0,2.33,102,29,KRISHNA NAGA,KNJ,SEALDAH,SDAH,09:50,12:10,43.78
31823,141.0,2.35,102,28,SEALDAH,SDAH,KRISHNA NAGA,KNJ,12:05,14:26,43.4
31824,138.0,2.3,102,28,KRISHNA NAGA,KNJ,SEALDAH,SDAH,12:07,14:25,44.35
31825,140.0,2.33,102,30,SEALDAH,SDAH,KRISHNA NAGA,KNJ,13:15,15:35,43.78
31826,130.0,2.17,102,20,KRISHNA NAGA,KNJ,SEALDAH,SDAH,13:50,16:00,47.0
31827,145.0,2.42,102,30,SEALDAH,SDAH,KRISHNA NAGA,KNJ,15:25,17:50,42.15
31828,137.0,2.28,102,29,KRISHNA NAGA,KNJ,SEALDAH,SDAH,15:20,17:37,44.74
31829,140.0,2.33,102,23,SEALDAH,SDAH,KRISHNA NAGA,KNJ,16:15,18:35,43.78
31830,138.0,2.3,102,26,KRISHNA NAGA,KNJ,SEALDAH,SDAH,16:27,18:45,44.35
31831,133.0,2.22,102,16,SEALDAH,SDAH,KRISHNA NAGA,KNJ,17:36,19:49,45.95
31832,146.0,2.43,102,28,KRISHNA NAGA,KNJ,SEALDAH,SDAH,18:32,20:58,41.98
31833,137.0,2.28,102,22,SEALDAH,SDAH,KRISHNA NAGA,KNJ,18:42,20:59,44.74
31834,139.0,2.32,102,26,KRISHNA NAGA,KNJ,SEALDAH,SDAH,19:24,21:43,43.97
31835,142.0,2.37,102,29,SEALDAH,SDAH,KRISHNA NAGA,KNJ,19:35,21:57,43.04
31836,145.0,2.42,102,29,KRISHNA NAGA,KNJ,SEALDAH,SDAH,20:00,22:25,42.15
31837,142.0,2.37,102,28,SEALDAH,SDAH,KRISHNA NAGA,KNJ,21:00,23:22,43.04
31838,143.0,2.38,102,30,KRISHNA NAGA,KNJ,SEALDAH,SDAH,22:17,00:40,42.86
31839,132.0,2.2,102,19,SEALDAH,SDAH,KRISHNA NAGA,KNJ,07:46,09:58,46.36
31840,150.0,2.5,102,16,KRISHNA NAGA,KNJ,SEALDAH,SDAH,20:25,22:55,40.8
31841,127.0,2.12,102,9,SEALDAH,SDAH,KRISHNA NAGA,KNJ,10:28,12:35,48.11
31842,135.0,2.25,102,9,KRISHNA NAGA,KNJ,SEALDAH,SDAH,21:10,23:25,45.33
31843,130.0,2.17,102,10,SEALDAH,SDAH,KRISHNA NAGA,KNJ,19:30,21:40,47.0
31844,118.0,1.97,102,10,KRISHNA NAGA,KNJ,SEALDAH,SDAH,14:17,16:15,51.78
31861,162.0,2.7,128,23,KRISHNA NAGA,KNJ,LALGOLA,LGL,10:28,13:10,47.41
31862,180.0,3.0,127,24,LALGOLA,LGL,KRISHNA NAGA,KNJ,16:55,19:55,42.33
31863,160.0,2.67,128,21,KRISHNA NAGA,KNJ,LALGOLA,LGL,13:05,15:45,47.94
31864,165.0,2.75,127,20,LALGOLA,LGL,KRISHNA NAGA,KNJ,17:55,20:40,46.18
31865,150.0,2.5,128,20,KRISHNA NAGA,KNJ,LALGOLA,LGL,22:10,00:40,51.2
31866,162.0,2.7,127,21,LALGOLA,LGL,KRISHNA NAGA,KNJ,11:05,13:47,47.04
31911,162.0,2.7,119,36,SEALDAH,SDAH,GEDE,GEDE,04:20,07:02,44.07
31912,155.0,2.58,119,36,GEDE,GEDE,SEALDAH,SDAH,03:50,06:25,46.12
31913,168.0,2.8,119,36,SEALDAH,SDAH,GEDE,GEDE,07:40,10:28,42.5
31914,152.0,2.53,119,36,GEDE,GEDE,SEALDAH,SDAH,05:05,07:37,47.04
31915,161.0,2.68,119,36,SEALDAH,SDAH,GEDE,GEDE,09:58,12:39,44.4
31916,160.0,2.67,119,30,GEDE,GEDE,SEALDAH,SDAH,07:12,09:52,44.57
31917,175.0,2.92,119,36,SEALDAH,SDAH,GEDE,GEDE,12:45,15:40,40.75
31918,158.0,2.63,119,36,GEDE,GEDE,SEALDAH,SDAH,08:52,11:30,45.25
31919,161.0,2.68,119,36,SEALDAH,SDAH,GEDE,GEDE,14:05,16:46,44.4
31920,154.0,2.57,119,35,GEDE,GEDE,SEALDAH,SDAH,10:40,13:14,46.3
31921,163.0,2.72,119,36,SEALDAH,SDAH,GEDE,GEDE,17:15,19:58,43.75
31922,175.0,2.92,119,36,GEDE,GEDE,SEALDAH,SDAH,14:05,17:00,40.75
31923,164.0,2.73,119,36,SEALDAH,SDAH,GEDE,GEDE,18:20,21:04,43.59
31924,157.0,2.62,119,35,GEDE,GEDE,SEALDAH,SDAH,15:35,18:12,45.42
31925,157.0,2.62,119,35,SEALDAH,SDAH,GEDE,GEDE,19:17,21:54,45.42
31926,161.0,2.68,119,36,GEDE,GEDE,SEALDAH,SDAH,19:54,22:35,44.4
31927,163.0,2.72,119,36,SEALDAH,SDAH,GEDE,GEDE,20:32,23:15,43.75
31928,157.0,2.62,119,31,GEDE,GEDE,SEALDAH,SDAH,21:25,00:02,45.42
31929,161.0,2.68,119,36,SEALDAH,SDAH,GEDE,GEDE,21:30,00:11,44.4
32211,43.0,0.72,28,9,SEALDAH,SDAH,DANKUNI JN.,DKAE,04:07,04:50,38.89
32212,45.0,0.75,28,9,DANKUNI JN.,DKAE,SEALDAH,SDAH,05:00,05:45,37.33
32213,47.0,0.78,28,9,SEALDAH,SDAH,DANKUNI JN.,DKAE,04:57,05:44,35.9
32214,43.0,0.72,28,9,DANKUNI JN.,DKAE,SEALDAH,SDAH,05:52,06:35,38.89
32215,43.0,0.72,28,9,SEALDAH,SDAH,DANKUNI JN.,DKAE,05:42,06:25,38.89
32216,43.0,0.72,28,9,DANKUNI JN.,DKAE,SEALDAH,SDAH,06:35,07:18,38.89
32217,47.0,0.78,28,9,SEALDAH,SDAH,DANKUNI JN.,DKAE,06:05,06:52,35.9
32218,44.0,0.73,28,9,DANKUNI JN.,DKAE,SEALDAH,SDAH,07:02,07:46,38.36
32219,43.0,0.72,28,9,SEALDAH,SDAH,DANKUNI JN.,DKAE,06:42,07:25,38.89
32220,47.0,0.78,28,9,DANKUNI JN.,DKAE,SEALDAH,SDAH,07:40,08:27,35.9
32221,43.0,0.72,28,9,SEALDAH,SDAH,DANKUNI JN.,DKAE,07:52,08:35,38.89
32222,44.0,0.73,28,9,DANKUNI JN.,DKAE,SEALDAH,SDAH,08:44,09:28,38.36
32223,44.0,0.73,28,9,SEALDAH,SDAH,DANKUNI JN.,DKAE,08:23,09:07,38.36
32224,45.0,0.75,28,9,DANKUNI JN.,DKAE,SEALDAH,SDAH,09:15,10:00,37.33
32225,43.0,0.72,28,9,SEALDAH,SDAH,DANKUNI JN.,DKAE,08:48,09:31,38.89
32226,45.0,0.75,28,9,DANKUNI JN.,DKAE,SEALDAH,SDAH,09:50,10:35,37.33
32227,42.0,0.7,28,9,SEALDAH,SDAH,DANKUNI JN.,DKAE,09:50,10:32,40.0
32228,47.0,0.78,28,9,DANKUNI JN.,DKAE,SEALDAH,SDAH,10:58,11:45,35.9
32229,47.0,0.78,28,9,SEALDAH,SDAH,DANKUNI JN.,DKAE,10:15,11:02,35.9
32230,45.0,0.75,28,9,DANKUNI JN.,DKAE,SEALDAH,SDAH,11:25,12:10,37.33
32231,45.0,0.75,28,9,SEALDAH,SDAH,DANKUNI JN.,DKAE,10:50,11:35,37.33
32232,44.0,0.73,28,9,DANKUNI JN.,DKAE,SEALDAH,SDAH,12:08,12:52,38.36
32233,45.0,0.75,28,9,SEALDAH,SDAH,DANKUNI JN.,DKAE,12:12,12:57,37.33
32234,55.0,0.92,28,9,DANKUNI JN.,DKAE,SEALDAH,SDAH,13:10,14:05,30.43
32235,42.0,0.7,28,9,SEALDAH,SDAH,DANKUNI JN.,DKAE,13:25,14:07,40.0
32236,43.0,0.72,28,9,DANKUNI JN.,DKAE,SEALDAH,SDAH,14:22,15:05,38.89
32237,44.0,0.73,28,9,SEALDAH,SDAH,DANKUNI JN.,DKAE,15:26,16:10,38.36
32238,42.0,0.7,28,9,DANKUNI JN.,DKAE,SEALDAH,SDAH,16:25,17:07,40.0
32239,40.0,0.67,28,9,SEALDAH,SDAH,DANKUNI JN.,DKAE,16:05,16:45,41.79
32240,45.0,0.75,28,9,DANKUNI JN.,DKAE,SEALDAH,SDAH,17:10,17:55,37.33
32241,45.0,0.75,28,9,SEALDAH,SDAH,DANKUNI JN.,DKAE,17:17,18:02,37.33
32242,45.0,0.75,28,9,DANKUNI JN.,DKAE,SEALDAH,SDAH,18:10,18:55,37.33
32243,43.0,0.72,28,9,SEALDAH,SDAH,DANKUNI JN.,DKAE,18:06,18:49,38.89
32244,45.0,0.75,28,9,DANKUNI JN.,DKAE,SEALDAH,SDAH,18:30,19:15,37.33
32245,45.0,0.75,28,9,SEALDAH,SDAH,DANKUNI JN.,DKAE,19:05,19:50,37.33
32246,43.0,0.72,28,9,DANKUNI JN.,DKAE,SEALDAH,SDAH,19:15,19:58,38.89
32247,43.0,0.72,28,9,SEALDAH,SDAH,DANKUNI JN.,DKAE,21:32,22:15,38.89
32248,48.0,0.8,28,9,DANKUNI JN.,DKAE,SEALDAH,SDAH,20:32,21:20,35.0
32249,45.0,0.75,28,9,SEALDAH,SDAH,DANKUNI JN.,DKAE,22:22,23:07,37.33
32250,48.0,0.8,28,9,DANKUNI JN.,DKAE,SEALDAH,SDAH,22:32,23:20,35.0
32252,43.0,0.72,28,9,DANKUNI JN.,DKAE,SEALDAH,SDAH,23:45,00:28,38.89
32411,60.0,1.0,39,13,SEALDAH,SDAH,BARUI PARA,BRPA,14:12,15:12,39.0
32412,67.0,1.12,39,13,BARUI PARA,BRPA,SEALDAH,SDAH,15:23,16:30,34.82
32413,70.0,1.17,39,13,SEALDAH,SDAH,BARUI PARA,BRPA,20:40,21:50,33.33
32414,60.0,1.0,39,13,BARUI PARA,BRPA,SEALDAH,SDAH,22:50,23:50,39.0
33061,132.0,2.2,66,26,CANNING,CG,BARASAT JN.,BT,14:32,16:44,30.0
33212,17.0,0.28,9,3,DUM DUM JN.,DDJ,SEALDAH,SDAH,11:33,11:50,32.14
33231,25.0,0.42,15,7,DUM DUM JN.,DDJ,BARRACKPORE,BP,18:17,18:42,35.71
33232,25.0,0.42,15,7,BARRACKPORE,BP,DUM DUM JN.,DDJ,18:52,19:17,35.71
33262,28.0,0.47,15,9,BARASAT JN.,BT,DUM DUM JN.,DDJ,17:12,17:40,31.91
33271,80.0,1.33,50,18,DUM DUM JN.,DDJ,GOBARDANGA,GBG,19:25,20:45,37.59
33282,110.0,1.83,67,27,HASANABAD,HNB,DUM DUM JN.,DDJ,16:15,18:05,36.61
33291,28.0,0.47,18,7,DUM DUM JN.,DDJ,DANKUNI JN.,DKAE,17:50,18:18,38.3
33311,90.0,1.5,52,19,BARASAT JN.,BT,HASANABAD,HNB,04:03,05:33,34.67
33312,82.0,1.37,52,19,HASANABAD,HNB,BARASAT JN.,BT,05:10,06:32,37.96
33313,85.0,1.42,52,19,BARASAT JN.,BT,HASANABAD,HNB,04:50,06:15,36.62
33314,78.0,1.3,52,19,HASANABAD,HNB,BARASAT JN.,BT,09:28,10:46,40.0
33315,80.0,1.33,52,19,BARASAT JN.,BT,HASANABAD,HNB,07:52,09:12,39.1
33316,84.0,1.4,52,19,HASANABAD,HNB,BARASAT JN.,BT,19:40,21:04,37.14
33317,85.0,1.42,52,19,BARASAT JN.,BT,HASANABAD,HNB,17:05,18:30,36.62
33318,76.0,1.27,52,19,HASANABAD,HNB,BARASAT JN.,BT,22:24,23:40,40.94
33319,82.0,1.37,52,19,BARASAT JN.,BT,HASANABAD,HNB,18:10,19:32,37.96
33320,80.0,1.33,52,19,HASANABAD,HNB,BARASAT JN.,BT,20:28,21:48,39.1
33321,83.0,1.38,52,19,BARASAT JN.,BT,HASANABAD,HNB,19:47,21:10,37.68
33323,79.0,1.32,52,19,BARASAT JN.,BT,HASANABAD,HNB,22:13,23:32,39.39
33325,85.0,1.42,52,19,BARASAT JN.,BT,HASANABAD,HNB,21:30,22:55,36.62
33351,33.0,0.55,22,7,BARASAT JN.,BT,HABRA,HB,15:42,16:15,40.0
33357,13.0,0.22,7,3,BARASAT JN.,BT,DATTAPUKUR,DTK,07:02,07:15,31.82
33361,70.0,1.17,54,14,BARASAT JN.,BT,BANGAON JN.,BNJ,07:45,08:55,46.15
33362,65.0,1.08,54,12,BANGAON JN.,BNJ,BARASAT JN.,BT,09:25,10:30,50.0
33363,65.0,1.08,54,12,BARASAT JN.,BT,BANGAON JN.,BNJ,08:25,09:30,50.0
33364,74.0,1.23,54,12,BANGAON JN.,BNJ,BARASAT JN.,BT,20:08,21:22,43.9
33365,65.0,1.08,54,12,BARASAT JN.,BT,BANGAON JN.,BNJ,11:30,12:35,50.0
33366,70.0,1.17,54,12,BANGAON JN.,BNJ,BARASAT JN.,BT,22:10,23:20,46.15
33367,68.0,1.13,54,13,BARASAT JN.,BT,BANGAON JN.,BNJ,17:40,18:48,47.79
33382,48.0,0.8,35,10,GOBARDANGA,GBG,BARASAT JN.,BT,22:15,23:03,43.75
33401,45.0,0.75,24,11,SEALDAH,SDAH,BARASAT JN.,BT,18:12,18:57,32.0
33402,45.0,0.75,25,11,BARASAT JN.,BT,SEALDAH,SDAH,09:35,10:20,33.33
33411,21.0,0.35,12,4,SEALDAH,SDAH,DUMDUM CANTO,DDC,09:28,09:49,34.29
33412,22.0,0.37,12,4,DUMDUM CANTO,DDC,SEALDAH,SDAH,10:03,10:25,32.43
33421,40.0,0.67,20,9,SEALDAH,SDAH,MADHYAM GRAM,MMG,07:32,08:12,29.85
33422,43.0,0.72,20,9,MADHYAM GRAM,MMG,SEALDAH,SDAH,08:52,09:35,27.78
33431,47.0,0.78,24,11,SEALDAH,SDAH,BARASAT JN.,BT,08:58,09:45,30.77
33432,49.0,0.82,25,11,BARASAT JN.,BT,SEALDAH,SDAH,05:16,06:05,30.49
33433,46.0,0.77,24,11,SEALDAH,SDAH,BARASAT JN.,BT,09:40,10:26,31.17
33434,47.0,0.78,25,11,BARASAT JN.,BT,SEALDAH,SDAH,08:15,09:02,32.05
33435,50.0,0.83,24,11,SEALDAH,SDAH,BARASAT JN.,BT,10:22,11:12,28.92
33436,47.0,0.78,25,11,BARASAT JN.,BT,SEALDAH,SDAH,10:40,11:27,32.05
33437,48.0,0.8,24,11,SEALDAH,SDAH,BARASAT JN.,BT,10:34,11:22,30.0
33438,45.0,0.75,25,11,BARASAT JN.,BT,SEALDAH,SDAH,14:40,15:25,33.33
33439,46.0,0.77,24,11,SEALDAH,SDAH,BARASAT JN.,BT,10:56,11:42,31.17
33440,45.0,0.75,25,11,BARASAT JN.,BT,SEALDAH,SDAH,16:12,16:57,33.33
33441,44.0,0.73,24,11,SEALDAH,SDAH,BARASAT JN.,BT,16:16,17:00,32.88
33443,46.0,0.77,24,11,SEALDAH,SDAH,BARASAT JN.,BT,20:38,21:24,31.17
33445,44.0,0.73,24,11,SEALDAH,SDAH,BARASAT JN.,BT,21:12,21:56,32.88
33447,45.0,0.75,24,11,SEALDAH,SDAH,BARASAT JN.,BT,21:25,22:10,32.0
33511,130.0,2.17,77,29,SEALDAH,SDAH,HASANABAD,HNB,05:18,07:28,35.48
33512,147.0,2.45,77,29,HASANABAD,HNB,SEALDAH,SDAH,03:03,05:30,31.43
33513,126.0,2.1,77,29,SEALDAH,SDAH,HASANABAD,HNB,06:12,08:18,36.67
33514,127.0,2.12,77,29,HASANABAD,HNB,SEALDAH,SDAH,04:48,06:55,36.32
33515,135.0,2.25,77,29,SEALDAH,SDAH,HASANABAD,HNB,07:40,09:55,34.22
33516,129.0,2.15,77,25,HASANABAD,HNB,SEALDAH,SDAH,06:46,08:55,35.81
33517,130.0,2.17,77,29,SEALDAH,SDAH,HASANABAD,HNB,08:20,10:30,35.48
33518,130.0,2.17,77,26,HASANABAD,HNB,SEALDAH,SDAH,07:42,09:52,35.48
33519,132.0,2.2,77,29,SEALDAH,SDAH,HASANABAD,HNB,09:18,11:30,35.0
33520,133.0,2.22,77,29,HASANABAD,HNB,SEALDAH,SDAH,10:47,13:00,34.68
33521,123.0,2.05,77,29,SEALDAH,SDAH,HASANABAD,HNB,11:05,13:08,37.56
33522,128.0,2.13,77,29,HASANABAD,HNB,SEALDAH,SDAH,11:32,13:40,36.15
33523,125.0,2.08,77,29,SEALDAH,SDAH,HASANABAD,HNB,12:15,14:20,37.02
33524,125.0,2.08,77,24,HASANABAD,HNB,SEALDAH,SDAH,12:05,14:10,37.02
33525,141.0,2.35,77,29,SEALDAH,SDAH,HASANABAD,HNB,14:17,16:38,32.77
33526,123.0,2.05,77,29,HASANABAD,HNB,SEALDAH,SDAH,13:15,15:18,37.56
33527,136.0,2.27,77,25,SEALDAH,SDAH,HASANABAD,HNB,14:52,17:08,33.92
33528,125.0,2.08,77,24,HASANABAD,HNB,SEALDAH,SDAH,13:42,15:47,37.02
33529,125.0,2.08,77,25,SEALDAH,SDAH,HASANABAD,HNB,18:00,20:05,37.02
33530,138.0,2.3,77,29,HASANABAD,HNB,SEALDAH,SDAH,14:54,17:12,33.48
33531,125.0,2.08,77,25,SEALDAH,SDAH,HASANABAD,HNB,19:45,21:50,37.02
33532,135.0,2.25,77,29,HASANABAD,HNB,SEALDAH,SDAH,17:22,19:37,34.22
33533,131.0,2.18,77,29,SEALDAH,SDAH,HASANABAD,HNB,22:15,00:26,35.32
33534,125.0,2.08,77,25,HASANABAD,HNB,SEALDAH,SDAH,18:02,20:07,37.02
33536,137.0,2.28,77,29,HASANABAD,HNB,SEALDAH,SDAH,18:53,21:10,33.77
33538,129.0,2.15,77,24,HASANABAD,HNB,SEALDAH,SDAH,21:26,23:35,35.81
33611,62.0,1.03,32,13,SEALDAH,SDAH,DATTAPUKUR,DTK,05:02,06:04,31.07
33612,58.0,0.97,32,13,DATTAPUKUR,DTK,SEALDAH,SDAH,05:42,06:40,32.99
33613,60.0,1.0,32,13,SEALDAH,SDAH,DATTAPUKUR,DTK,07:25,08:25,32.0
33614,60.0,1.0,32,13,DATTAPUKUR,DTK,SEALDAH,SDAH,06:25,07:25,32.0
33615,60.0,1.0,32,13,SEALDAH,SDAH,DATTAPUKUR,DTK,08:30,09:30,32.0
33616,60.0,1.0,32,13,DATTAPUKUR,DTK,SEALDAH,SDAH,07:32,08:32,32.0
33617,60.0,1.0,32,13,SEALDAH,SDAH,DATTAPUKUR,DTK,09:57,10:57,32.0
33618,60.0,1.0,32,13,DATTAPUKUR,DTK,SEALDAH,SDAH,08:45,09:45,32.0
33619,61.0,1.02,32,13,SEALDAH,SDAH,DATTAPUKUR,DTK,16:24,17:25,31.37
33620,62.0,1.03,32,13,DATTAPUKUR,DTK,SEALDAH,SDAH,09:43,10:45,31.07
33621,59.0,0.98,32,13,SEALDAH,SDAH,DATTAPUKUR,DTK,18:47,19:46,32.65
33622,55.0,0.92,32,11,DATTAPUKUR,DTK,SEALDAH,SDAH,11:10,12:05,34.78
33623,62.0,1.03,32,13,SEALDAH,SDAH,DATTAPUKUR,DTK,19:50,20:52,31.07
33624,57.0,0.95,32,13,DATTAPUKUR,DTK,SEALDAH,SDAH,17:35,18:32,33.68
33626,60.0,1.0,32,13,DATTAPUKUR,DTK,SEALDAH,SDAH,18:45,19:45,32.0
33628,60.0,1.0,32,13,DATTAPUKUR,DTK,SEALDAH,SDAH,20:15,21:15,32.0
33630,58.0,0.97,32,13,DATTAPUKUR,DTK,SEALDAH,SDAH,21:05,22:03,32.99
33651,78.0,1.3,47,17,SEALDAH,SDAH,HABRA,HB,04:45,06:03,36.15
33652,80.0,1.33,47,17,HABRA,HB,SEALDAH,SDAH,06:35,07:55,35.34
33653,80.0,1.33,47,17,SEALDAH,SDAH,HABRA,HB,06:48,08:08,35.34
33654,80.0,1.33,47,17,HABRA,HB,SEALDAH,SDAH,08:55,10:15,35.34
33655,77.0,1.28,47,17,SEALDAH,SDAH,HABRA,HB,11:20,12:37,36.72
33656,76.0,1.27,47,17,HABRA,HB,SEALDAH,SDAH,12:47,14:03,37.01
33657,78.0,1.3,47,17,SEALDAH,SDAH,HABRA,HB,11:57,13:15,36.15
33658,80.0,1.33,47,17,HABRA,HB,SEALDAH,SDAH,13:40,15:00,35.34
33659,78.0,1.3,47,17,SEALDAH,SDAH,HABRA,HB,13:32,14:50,36.15
33660,77.0,1.28,47,17,HABRA,HB,SEALDAH,SDAH,14:58,16:15,36.72
33664,75.0,1.25,47,17,HABRA,HB,SEALDAH,SDAH,16:35,17:50,37.6
33666,82.0,1.37,47,17,HABRA,HB,SEALDAH,SDAH,20:05,21:27,34.31
33681,97.0,1.62,59,20,SEALDAH,SDAH,GOBARDANGA,GBG,09:10,10:47,36.42
33682,93.0,1.55,60,20,GOBARDANGA,GBG,SEALDAH,SDAH,11:37,13:10,38.71
33685,94.0,1.57,59,20,SEALDAH,SDAH,GOBARDANGA,GBG,20:23,21:57,37.58
33686,94.0,1.57,60,20,GOBARDANGA,GBG,SEALDAH,SDAH,21:20,22:54,38.22
33687,95.0,1.58,59,20,SEALDAH,SDAH,GOBARDANGA,GBG,14:05,15:40,37.34
33688,100.0,1.67,60,20,GOBARDANGA,GBG,SEALDAH,SDAH,15:55,17:35,35.93
33711,43.0,0.72,32,8,RANAGHAT JN.,RHA,BANGAON JN.,BNJ,04:25,05:08,44.44
33712,46.0,0.77,32,8,BANGAON JN.,BNJ,RANAGHAT JN.,RHA,04:22,05:08,41.56
33713,46.0,0.77,32,9,RANAGHAT JN.,RHA,BANGAON JN.,BNJ,06:22,07:08,41.56
33714,45.0,0.75,32,9,BANGAON JN.,BNJ,RANAGHAT JN.,RHA,06:20,07:05,42.67
33715,48.0,0.8,32,8,RANAGHAT JN.,RHA,BANGAON JN.,BNJ,07:22,08:10,40.0
33716,45.0,0.75,32,8,BANGAON JN.,BNJ,RANAGHAT JN.,RHA,07:20,08:05,42.67
33717,41.0,0.68,32,8,RANAGHAT JN.,RHA,BANGAON JN.,BNJ,08:34,09:15,47.06
33718,46.0,0.77,32,9,BANGAON JN.,BNJ,RANAGHAT JN.,RHA,09:23,10:09,41.56
33719,41.0,0.68,32,8,RANAGHAT JN.,RHA,BANGAON JN.,BNJ,09:27,10:08,47.06
33720,45.0,0.75,32,8,BANGAON JN.,BNJ,RANAGHAT JN.,RHA,10:20,11:05,42.67
33721,44.0,0.73,32,9,RANAGHAT JN.,RHA,BANGAON JN.,BNJ,10:22,11:06,43.84
33722,40.0,0.67,32,8,BANGAON JN.,BNJ,RANAGHAT JN.,RHA,12:20,13:00,47.76
33723,45.0,0.75,32,8,RANAGHAT JN.,RHA,BANGAON JN.,BNJ,11:20,12:05,42.67
33724,45.0,0.75,32,8,BANGAON JN.,BNJ,RANAGHAT JN.,RHA,13:00,13:45,42.67
33725,45.0,0.75,32,8,RANAGHAT JN.,RHA,BANGAON JN.,BNJ,14:20,15:05,42.67
33726,42.0,0.7,32,9,BANGAON JN.,BNJ,RANAGHAT JN.,RHA,14:15,14:57,45.71
33727,45.0,0.75,32,8,RANAGHAT JN.,RHA,BANGAON JN.,BNJ,15:25,16:10,42.67
33728,43.0,0.72,32,8,BANGAON JN.,BNJ,RANAGHAT JN.,RHA,15:20,16:03,44.44
33729,46.0,0.77,32,9,RANAGHAT JN.,RHA,BANGAON JN.,BNJ,16:34,17:20,41.56
33730,42.0,0.7,32,9,BANGAON JN.,BNJ,RANAGHAT JN.,RHA,16:30,17:12,45.71
33731,45.0,0.75,32,8,RANAGHAT JN.,RHA,BANGAON JN.,BNJ,18:05,18:50,42.67
33732,42.0,0.7,32,8,BANGAON JN.,BNJ,RANAGHAT JN.,RHA,18:00,18:42,45.71
33733,42.0,0.7,32,9,RANAGHAT JN.,RHA,BANGAON JN.,BNJ,18:50,19:32,45.71
33734,41.0,0.68,32,8,BANGAON JN.,BNJ,RANAGHAT JN.,RHA,19:36,20:17,47.06
33735,46.0,0.77,32,9,RANAGHAT JN.,RHA,BANGAON JN.,BNJ,19:40,20:26,41.56
33736,43.0,0.72,32,9,BANGAON JN.,BNJ,RANAGHAT JN.,RHA,20:54,21:37,44.44
33737,45.0,0.75,32,8,RANAGHAT JN.,RHA,BANGAON JN.,BNJ,20:58,21:43,42.67
33738,43.0,0.72,32,8,BANGAON JN.,BNJ,RANAGHAT JN.,RHA,23:09,23:52,44.44
33739,46.0,0.77,32,9,RANAGHAT JN.,RHA,BANGAON JN.,BNJ,23:12,23:58,41.56
33751,69.0,1.15,52,12,SHANTIPUR JN,STB,BANGAON JN.,BNJ,12:36,13:45,45.22
33752,72.0,1.2,52,12,BANGAON JN.,BNJ,SHANTIPUR JN,STB,11:16,12:28,43.33
33801,116.0,1.93,79,24,SEALDAH,SDAH,BANGAON JN.,BNJ,17:30,19:26,40.93
33802,120.0,2.0,79,24,BANGAON JN.,BNJ,SEALDAH,SDAH,07:15,09:15,39.5
33811,107.0,1.78,79,17,SEALDAH,SDAH,BANGAON JN.,BNJ,03:15,05:02,44.38
33812,127.0,2.12,79,23,BANGAON JN.,BNJ,SEALDAH,SDAH,02:58,05:05,37.26
33813,113.0,1.88,79,23,SEALDAH,SDAH,BANGAON JN.,BNJ,04:15,06:08,42.02
33814,112.0,1.87,79,21,BANGAON JN.,BNJ,SEALDAH,SDAH,04:25,06:17,42.25
33815,115.0,1.92,79,24,SEALDAH,SDAH,BANGAON JN.,BNJ,04:55,06:50,41.15
33816,110.0,1.83,79,22,BANGAON JN.,BNJ,SEALDAH,SDAH,05:15,07:05,43.17
33817,109.0,1.82,79,21,SEALDAH,SDAH,BANGAON JN.,BNJ,05:56,07:45,43.41
33818,116.0,1.93,79,24,BANGAON JN.,BNJ,SEALDAH,SDAH,05:40,07:36,40.93
33819,120.0,2.0,79,23,SEALDAH,SDAH,BANGAON JN.,BNJ,07:10,09:10,39.5
33820,110.0,1.83,79,22,BANGAON JN.,BNJ,SEALDAH,SDAH,06:15,08:05,43.17
33821,115.0,1.92,79,24,SEALDAH,SDAH,BANGAON JN.,BNJ,08:10,10:05,41.15
33822,118.0,1.97,79,24,BANGAON JN.,BNJ,SEALDAH,SDAH,06:50,08:48,40.1
33823,115.0,1.92,79,24,SEALDAH,SDAH,BANGAON JN.,BNJ,08:42,10:37,41.15
33824,117.0,1.95,79,24,BANGAON JN.,BNJ,SEALDAH,SDAH,08:08,10:05,40.51
33825,115.0,1.92,79,23,SEALDAH,SDAH,BANGAON JN.,BNJ,10:05,12:00,41.15
33826,118.0,1.97,79,24,BANGAON JN.,BNJ,SEALDAH,SDAH,08:32,10:30,40.1
33827,117.0,1.95,79,24,SEALDAH,SDAH,BANGAON JN.,BNJ,11:28,13:25,40.51
33828,120.0,2.0,79,24,BANGAON JN.,BNJ,SEALDAH,SDAH,09:05,11:05,39.5
33829,113.0,1.88,79,24,SEALDAH,SDAH,BANGAON JN.,BNJ,12:27,14:20,42.02
33830,122.0,2.03,79,24,BANGAON JN.,BNJ,SEALDAH,SDAH,10:28,12:30,38.92
33831,113.0,1.88,79,24,SEALDAH,SDAH,BANGAON JN.,BNJ,12:47,14:40,42.02
33832,148.0,2.47,79,23,BANGAON JN.,BNJ,SEALDAH,SDAH,11:30,13:58,31.98
33833,115.0,1.92,79,23,SEALDAH,SDAH,BANGAON JN.,BNJ,13:55,15:50,41.15
33834,118.0,1.97,79,24,BANGAON JN.,BNJ,SEALDAH,SDAH,12:47,14:45,40.1
33835,115.0,1.92,79,24,SEALDAH,SDAH,BANGAON JN.,BNJ,15:10,17:05,41.15
33836,113.0,1.88,79,23,BANGAON JN.,BNJ,SEALDAH,SDAH,14:12,16:05,42.02
33837,115.0,1.92,79,24,SEALDAH,SDAH,BANGAON JN.,BNJ,15:50,17:45,41.15
33838,113.0,1.88,79,24,BANGAON JN.,BNJ,SEALDAH,SDAH,14:55,16:48,42.02
33839,113.0,1.88,79,24,SEALDAH,SDAH,BANGAON JN.,BNJ,16:42,18:35,42.02
33840,118.0,1.97,79,24,BANGAON JN.,BNJ,SEALDAH,SDAH,15:22,17:20,40.1
33841,115.0,1.92,79,24,SEALDAH,SDAH,BANGAON JN.,BNJ,17:10,19:05,41.15
33842,115.0,1.92,79,24,BANGAON JN.,BNJ,SEALDAH,SDAH,16:55,18:50,41.15
33843,120.0,2.0,79,24,SEALDAH,SDAH,BANGAON JN.,BNJ,17:45,19:45,39.5
33844,120.0,2.0,79,23,BANGAON JN.,BNJ,SEALDAH,SDAH,17:30,19:30,39.5
33845,114.0,1.9,79,24,SEALDAH,SDAH,BANGAON JN.,BNJ,18:36,20:30,41.58
33846,117.0,1.95,79,24,BANGAON JN.,BNJ,SEALDAH,SDAH,18:28,20:25,40.51
33847,115.0,1.92,79,23,SEALDAH,SDAH,BANGAON JN.,BNJ,18:55,20:50,41.15
33848,116.0,1.93,79,23,BANGAON JN.,BNJ,SEALDAH,SDAH,18:57,20:53,40.93
33849,120.0,2.0,79,24,SEALDAH,SDAH,BANGAON JN.,BNJ,19:25,21:25,39.5
33850,117.0,1.95,79,24,BANGAON JN.,BNJ,SEALDAH,SDAH,19:40,21:37,40.51
33851,115.0,1.92,79,24,SEALDAH,SDAH,BANGAON JN.,BNJ,20:05,22:00,41.15
33852,120.0,2.0,79,23,BANGAON JN.,BNJ,SEALDAH,SDAH,20:40,22:40,39.5
33853,113.0,1.88,79,24,SEALDAH,SDAH,BANGAON JN.,BNJ,21:02,22:55,42.02
33854,115.0,1.92,79,22,BANGAON JN.,BNJ,SEALDAH,SDAH,21:15,23:10,41.15
33855,115.0,1.92,79,23,SEALDAH,SDAH,BANGAON JN.,BNJ,21:45,23:40,41.15
33856,115.0,1.92,79,17,BANGAON JN.,BNJ,SEALDAH,SDAH,21:35,23:30,41.15
33857,113.0,1.88,79,23,SEALDAH,SDAH,BANGAON JN.,BNJ,22:32,00:25,42.02
33858,110.0,1.83,79,23,BANGAON JN.,BNJ,SEALDAH,SDAH,22:40,00:30,43.17
33859,112.0,1.87,79,22,SEALDAH,SDAH,BANGAON JN.,BNJ,22:58,00:50,42.25
33860,117.0,1.95,79,24,BANGAON JN.,BNJ,SEALDAH,SDAH,16:15,18:12,40.51
33861,115.0,1.92,79,23,SEALDAH,SDAH,BANGAON JN.,BNJ,23:40,01:35,41.15
33863,120.0,2.0,79,24,SEALDAH,SDAH,BANGAON JN.,BNJ,14:25,16:25,39.5
33895,90.0,1.5,65,15,SEALDAH,SDAH,THAKURNAGAR,TKNR,15:32,17:02,43.33
33896,95.0,1.58,65,15,THAKURNAGAR,TKNR,SEALDAH,SDAH,18:15,19:50,41.14
34052,120.0,2.0,67,26,NAIHATI JN.,NH,BUDGE BUDGE,BGB,05:52,07:52,33.5
34054,124.0,2.07,67,26,NAIHATI JN.,NH,BUDGE BUDGE,BGB,18:38,20:42,32.37
34056,153.0,2.55,82,32,KALYANI SIMA,KLYM,BUDGE BUDGE,BGB,11:07,13:40,32.16
34062,207.0,3.45,120,41,BANGAON JN.,BNJ,CANNING,CG,10:47,14:14,34.78
34111,50.0,0.83,30,11,BUDGE BUDGE,BGB,SEALDAH,SDAH,04:40,05:30,36.14
34112,50.0,0.83,30,11,SEALDAH,SDAH,BUDGE BUDGE,BGB,03:40,04:30,36.14
34113,57.0,0.95,30,11,BUDGE BUDGE,BGB,SEALDAH,SDAH,05:45,06:42,31.58
34114,54.0,0.9,30,11,SEALDAH,SDAH,BUDGE BUDGE,BGB,04:36,05:30,33.33
34115,55.0,0.92,30,11,BUDGE BUDGE,BGB,SEALDAH,SDAH,06:35,07:30,32.61
34116,53.0,0.88,30,11,SEALDAH,SDAH,BUDGE BUDGE,BGB,05:32,06:25,34.09
34117,57.0,0.95,30,11,BUDGE BUDGE,BGB,SEALDAH,SDAH,08:05,09:02,31.58
34118,53.0,0.88,30,11,SEALDAH,SDAH,BUDGE BUDGE,BGB,06:10,07:03,34.09
34119,55.0,0.92,30,11,BUDGE BUDGE,BGB,SEALDAH,SDAH,08:25,09:20,32.61
34120,55.0,0.92,30,11,SEALDAH,SDAH,BUDGE BUDGE,BGB,07:20,08:15,32.61
34121,53.0,0.88,30,11,BUDGE BUDGE,BGB,SEALDAH,SDAH,09:06,09:59,34.09
34122,48.0,0.8,30,11,SEALDAH,SDAH,BUDGE BUDGE,BGB,08:10,08:58,37.5
34123,55.0,0.92,30,11,BUDGE BUDGE,BGB,SEALDAH,SDAH,09:37,10:32,32.61
34124,51.0,0.85,30,11,SEALDAH,SDAH,BUDGE BUDGE,BGB,08:35,09:26,35.29
34125,52.0,0.87,30,11,BUDGE BUDGE,BGB,SEALDAH,SDAH,10:23,11:15,34.48
34126,53.0,0.88,30,11,SEALDAH,SDAH,BUDGE BUDGE,BGB,09:22,10:15,34.09
34127,55.0,0.92,30,11,BUDGE BUDGE,BGB,SEALDAH,SDAH,10:55,11:50,32.61
34128,55.0,0.92,30,11,SEALDAH,SDAH,BUDGE BUDGE,BGB,09:45,10:40,32.61
34129,57.0,0.95,30,11,BUDGE BUDGE,BGB,SEALDAH,SDAH,11:23,12:20,31.58
34130,54.0,0.9,30,11,SEALDAH,SDAH,BUDGE BUDGE,BGB,10:18,11:12,33.33
34131,64.0,1.07,30,11,BUDGE BUDGE,BGB,SEALDAH,SDAH,11:58,13:02,28.04
34132,55.0,0.92,30,11,SEALDAH,SDAH,BUDGE BUDGE,BGB,10:50,11:45,32.61
34133,54.0,0.9,30,11,BUDGE BUDGE,BGB,SEALDAH,SDAH,12:34,13:28,33.33
34134,53.0,0.88,30,11,SEALDAH,SDAH,BUDGE BUDGE,BGB,11:32,12:25,34.09
34135,55.0,0.92,30,11,BUDGE BUDGE,BGB,SEALDAH,SDAH,12:57,13:52,32.61
34136,53.0,0.88,30,11,SEALDAH,SDAH,BUDGE BUDGE,BGB,11:56,12:49,34.09
34137,50.0,0.83,30,11,BUDGE BUDGE,BGB,SEALDAH,SDAH,13:30,14:20,36.14
34138,52.0,0.87,30,11,SEALDAH,SDAH,BUDGE BUDGE,BGB,12:18,13:10,34.48
34139,52.0,0.87,30,11,BUDGE BUDGE,BGB,SEALDAH,SDAH,14:20,15:12,34.48
34140,55.0,0.92,30,11,SEALDAH,SDAH,BUDGE BUDGE,BGB,13:15,14:10,32.61
34141,54.0,0.9,30,11,BUDGE BUDGE,BGB,SEALDAH,SDAH,14:58,15:52,33.33
34142,52.0,0.87,30,11,SEALDAH,SDAH,BUDGE BUDGE,BGB,13:55,14:47,34.48
34143,53.0,0.88,30,11,BUDGE BUDGE,BGB,SEALDAH,SDAH,15:32,16:25,34.09
34144,51.0,0.85,30,11,SEALDAH,SDAH,BUDGE BUDGE,BGB,14:32,15:23,35.29
34145,49.0,0.82,30,11,BUDGE BUDGE,BGB,SEALDAH,SDAH,16:19,17:08,36.59
34146,54.0,0.9,30,11,SEALDAH,SDAH,BUDGE BUDGE,BGB,15:08,16:02,33.33
34147,50.0,0.83,30,11,BUDGE BUDGE,BGB,SEALDAH,SDAH,17:00,17:50,36.14
34148,52.0,0.87,30,11,SEALDAH,SDAH,BUDGE BUDGE,BGB,15:57,16:49,34.48
34149,51.0,0.85,30,11,BUDGE BUDGE,BGB,SEALDAH,SDAH,18:13,19:04,35.29
34150,56.0,0.93,30,11,SEALDAH,SDAH,BUDGE BUDGE,BGB,16:30,17:26,32.26
34151,55.0,0.92,30,11,BUDGE BUDGE,BGB,SEALDAH,SDAH,19:00,19:55,32.61
34152,55.0,0.92,30,11,SEALDAH,SDAH,BUDGE BUDGE,BGB,17:00,17:55,32.61
34153,54.0,0.9,30,11,BUDGE BUDGE,BGB,SEALDAH,SDAH,19:28,20:22,33.33
34154,55.0,0.92,30,11,SEALDAH,SDAH,BUDGE BUDGE,BGB,17:45,18:40,32.61
34155,52.0,0.87,30,11,BUDGE BUDGE,BGB,SEALDAH,SDAH,20:12,21:04,34.48
34156,55.0,0.92,30,11,SEALDAH,SDAH,BUDGE BUDGE,BGB,18:25,19:20,32.61
34157,54.0,0.9,30,11,BUDGE BUDGE,BGB,SEALDAH,SDAH,20:55,21:49,33.33
34158,52.0,0.87,30,11,SEALDAH,SDAH,BUDGE BUDGE,BGB,19:12,20:04,34.48
34159,55.0,0.92,30,11,BUDGE BUDGE,BGB,SEALDAH,SDAH,21:40,22:35,32.61
34160,55.0,0.92,30,11,SEALDAH,SDAH,BUDGE BUDGE,BGB,20:35,21:30,32.61
34161,48.0,0.8,30,11,BUDGE BUDGE,BGB,SEALDAH,SDAH,22:18,23:06,37.5
34162,53.0,0.88,30,11,SEALDAH,SDAH,BUDGE BUDGE,BGB,21:15,22:08,34.09
34163,52.0,0.87,30,11,BUDGE BUDGE,BGB,SEALDAH,SDAH,23:03,23:55,34.48
34164,53.0,0.88,30,11,SEALDAH,SDAH,BUDGE BUDGE,BGB,22:02,22:55,34.09
34165,48.0,0.8,30,11,BUDGE BUDGE,BGB,SEALDAH,SDAH,23:55,00:43,37.5
34166,48.0,0.8,30,11,SEALDAH,SDAH,BUDGE BUDGE,BGB,23:00,23:48,37.5
34311,15.0,0.25,8,4,BARUIPUR JN.,BRP,SONARPUR JN.,SPR,21:15,21:30,32.0
34312,15.0,0.25,8,4,SONARPUR JN.,SPR,BARUIPUR JN.,BRP,08:55,09:10,32.0
34313,15.0,0.25,8,4,BARUIPUR JN.,BRP,SONARPUR JN.,SPR,22:00,22:15,32.0
34331,52.0,0.87,36,13,LAKSHMIKANTA,LKPR,BARUIPUR JN.,BRP,08:20,09:12,41.38
34332,55.0,0.92,36,13,BARUIPUR JN.,BRP,LAKSHMIKANTA,LKPR,18:30,19:25,39.13
34334,55.0,0.92,36,13,BARUIPUR JN.,BRP,LAKSHMIKANTA,LKPR,07:15,08:10,39.13
34351,46.0,0.77,29,10,CANNING,CG,SONARPUR JN.,SPR,06:24,07:10,37.66
34352,42.0,0.7,28,10,SONARPUR JN.,SPR,CANNING,CG,04:50,05:32,40.0
34353,43.0,0.72,29,9,CANNING,CG,SONARPUR JN.,SPR,07:55,08:38,40.28
34354,42.0,0.7,29,9,SONARPUR JN.,SPR,CANNING,CG,05:30,06:12,41.43
34355,37.0,0.62,29,7,CANNING,CG,SONARPUR JN.,SPR,21:55,22:32,46.77
34356,41.0,0.68,29,9,SONARPUR JN.,SPR,CANNING,CG,05:57,06:38,42.65
34358,40.0,0.67,29,9,SONARPUR JN.,SPR,CANNING,CG,06:40,07:20,43.28
34360,42.0,0.7,28,10,SONARPUR JN.,SPR,CANNING,CG,07:20,08:02,40.0
34411,32.0,0.53,16,8,SONARPUR JN.,SPR,SEALDAH,SDAH,04:30,05:02,30.19
34412,28.0,0.47,16,8,SEALDAH,SDAH,SONARPUR JN.,SPR,04:15,04:43,34.04
34413,34.0,0.57,16,8,SONARPUR JN.,SPR,SEALDAH,SDAH,07:20,07:54,28.07
34414,32.0,0.53,16,8,SEALDAH,SDAH,SONARPUR JN.,SPR,08:20,08:52,30.19
34415,33.0,0.55,16,8,SONARPUR JN.,SPR,SEALDAH,SDAH,08:42,09:15,29.09
34416,32.0,0.53,16,8,SEALDAH,SDAH,SONARPUR JN.,SPR,08:40,09:12,30.19
34417,32.0,0.53,16,8,SONARPUR JN.,SPR,SEALDAH,SDAH,09:22,09:54,30.19
34418,31.0,0.52,16,8,SEALDAH,SDAH,SONARPUR JN.,SPR,09:30,10:01,30.77
34419,33.0,0.55,16,8,SONARPUR JN.,SPR,SEALDAH,SDAH,10:11,10:44,29.09
34420,32.0,0.53,16,8,SEALDAH,SDAH,SONARPUR JN.,SPR,09:50,10:22,30.19
34421,32.0,0.53,16,8,SONARPUR JN.,SPR,SEALDAH,SDAH,14:35,15:07,30.19
34422,32.0,0.53,16,8,SEALDAH,SDAH,SONARPUR JN.,SPR,10:30,11:02,30.19
34423,32.0,0.53,16,8,SONARPUR JN.,SPR,SEALDAH,SDAH,16:05,16:37,30.19
34424,32.0,0.53,16,8,SEALDAH,SDAH,SONARPUR JN.,SPR,10:45,11:17,30.19
34425,33.0,0.55,16,8,SONARPUR JN.,SPR,SEALDAH,SDAH,17:05,17:38,29.09
34426,29.0,0.48,16,8,SEALDAH,SDAH,SONARPUR JN.,SPR,10:55,11:24,33.33
34427,35.0,0.58,16,8,SONARPUR JN.,SPR,SEALDAH,SDAH,17:40,18:15,27.59
34428,31.0,0.52,16,8,SEALDAH,SDAH,SONARPUR JN.,SPR,11:08,11:39,30.77
34429,33.0,0.55,16,8,SONARPUR JN.,SPR,SEALDAH,SDAH,18:04,18:37,29.09
34430,33.0,0.55,16,8,SEALDAH,SDAH,SONARPUR JN.,SPR,13:47,14:20,29.09
34431,33.0,0.55,16,8,SONARPUR JN.,SPR,SEALDAH,SDAH,19:17,19:50,29.09
34432,29.0,0.48,16,8,SEALDAH,SDAH,SONARPUR JN.,SPR,17:20,17:49,33.33
34434,30.0,0.5,16,8,SEALDAH,SDAH,SONARPUR JN.,SPR,18:30,19:00,32.0
34436,30.0,0.5,16,9,SEALDAH,SDAH,SONARPUR JN.,SPR,22:27,22:57,32.0
34501,75.0,1.25,45,17,CANNING,CG,SEALDAH,SDAH,08:33,09:48,36.0
34502,75.0,1.25,45,17,SEALDAH,SDAH,CANNING,CG,18:20,19:35,36.0
34511,80.0,1.33,45,17,CANNING,CG,SEALDAH,SDAH,03:50,05:10,33.83
34512,72.0,1.2,45,16,SEALDAH,SDAH,CANNING,CG,05:45,06:57,37.5
34513,75.0,1.25,45,17,CANNING,CG,SEALDAH,SDAH,04:32,05:47,36.0
34514,74.0,1.23,45,17,SEALDAH,SDAH,CANNING,CG,06:30,07:44,36.59
34515,78.0,1.3,45,17,CANNING,CG,SEALDAH,SDAH,05:17,06:35,34.62
34516,74.0,1.23,45,16,SEALDAH,SDAH,CANNING,CG,07:42,08:56,36.59
34517,77.0,1.28,45,17,CANNING,CG,SEALDAH,SDAH,06:00,07:17,35.16
34518,76.0,1.27,45,17,SEALDAH,SDAH,CANNING,CG,08:28,09:44,35.43
34519,80.0,1.33,45,17,CANNING,CG,SEALDAH,SDAH,06:55,08:15,33.83
34520,75.0,1.25,45,17,SEALDAH,SDAH,CANNING,CG,09:10,10:25,36.0
34521,74.0,1.23,45,17,CANNING,CG,SEALDAH,SDAH,07:23,08:37,36.59
34522,76.0,1.27,45,17,SEALDAH,SDAH,CANNING,CG,10:24,11:40,35.43
34523,75.0,1.25,45,17,CANNING,CG,SEALDAH,SDAH,08:15,09:30,36.0
34524,75.0,1.25,45,17,SEALDAH,SDAH,CANNING,CG,11:25,12:40,36.0
34525,74.0,1.23,45,17,CANNING,CG,SEALDAH,SDAH,09:08,10:22,36.59
34526,75.0,1.25,45,17,SEALDAH,SDAH,CANNING,CG,12:10,13:25,36.0
34527,75.0,1.25,45,17,CANNING,CG,SEALDAH,SDAH,10:05,11:20,36.0
34528,75.0,1.25,45,17,SEALDAH,SDAH,CANNING,CG,13:40,14:55,36.0
34529,75.0,1.25,45,17,CANNING,CG,SEALDAH,SDAH,10:50,12:05,36.0
34530,73.0,1.22,45,17,SEALDAH,SDAH,CANNING,CG,14:02,15:15,36.89
34531,78.0,1.3,45,17,CANNING,CG,SEALDAH,SDAH,12:05,13:23,34.62
34532,76.0,1.27,45,17,SEALDAH,SDAH,CANNING,CG,14:48,16:04,35.43
34533,90.0,1.5,45,17,CANNING,CG,SEALDAH,SDAH,13:10,14:40,30.0
34534,77.0,1.28,45,17,SEALDAH,SDAH,CANNING,CG,15:33,16:50,35.16
34535,77.0,1.28,45,17,CANNING,CG,SEALDAH,SDAH,14:00,15:17,35.16
34536,75.0,1.25,45,17,SEALDAH,SDAH,CANNING,CG,16:35,17:50,36.0
34537,72.0,1.2,45,16,CANNING,CG,SEALDAH,SDAH,15:08,16:20,37.5
34538,75.0,1.25,45,17,SEALDAH,SDAH,CANNING,CG,17:15,18:30,36.0
34539,77.0,1.28,45,17,CANNING,CG,SEALDAH,SDAH,15:45,17:02,35.16
34540,75.0,1.25,45,17,SEALDAH,SDAH,CANNING,CG,17:52,19:07,36.0
34541,76.0,1.27,45,17,CANNING,CG,SEALDAH,SDAH,16:14,17:30,35.43
34542,74.0,1.23,45,17,SEALDAH,SDAH,CANNING,CG,18:38,19:52,36.59
34543,77.0,1.28,45,17,CANNING,CG,SEALDAH,SDAH,17:08,18:25,35.16
34544,74.0,1.23,45,16,SEALDAH,SDAH,CANNING,CG,19:30,20:44,36.59
34545,77.0,1.28,45,17,CANNING,CG,SEALDAH,SDAH,18:18,19:35,35.16
34546,75.0,1.25,45,17,SEALDAH,SDAH,CANNING,CG,20:10,21:25,36.0
34547,77.0,1.28,45,17,CANNING,CG,SEALDAH,SDAH,18:45,20:02,35.16
34548,74.0,1.23,45,17,SEALDAH,SDAH,CANNING,CG,20:48,22:02,36.59
34549,74.0,1.23,45,17,CANNING,CG,SEALDAH,SDAH,19:20,20:34,36.59
34550,81.0,1.35,45,17,SEALDAH,SDAH,CANNING,CG,21:36,22:57,33.33
34551,75.0,1.25,45,16,CANNING,CG,SEALDAH,SDAH,20:05,21:20,36.0
34552,74.0,1.23,45,17,SEALDAH,SDAH,CANNING,CG,22:35,23:49,36.59
34553,75.0,1.25,45,17,CANNING,CG,SEALDAH,SDAH,21:05,22:20,36.0
34554,72.0,1.2,45,17,SEALDAH,SDAH,CANNING,CG,23:18,00:30,37.5
34555,75.0,1.25,45,15,CANNING,CG,SEALDAH,SDAH,21:35,22:50,36.0
34557,76.0,1.27,45,17,CANNING,CG,SEALDAH,SDAH,22:20,23:36,35.43
34601,45.0,0.75,24,11,BARUIPUR JN.,BRP,SEALDAH,SDAH,09:42,10:27,32.0
34602,42.0,0.7,24,11,SEALDAH,SDAH,BARUIPUR JN.,BRP,17:35,18:17,34.29
34611,47.0,0.78,24,11,BARUIPUR JN.,BRP,SEALDAH,SDAH,06:13,07:00,30.77
34612,42.0,0.7,24,11,SEALDAH,SDAH,BARUIPUR JN.,BRP,05:05,05:47,34.29
34613,47.0,0.78,24,11,BARUIPUR JN.,BRP,SEALDAH,SDAH,06:58,07:45,30.77
34614,42.0,0.7,24,11,SEALDAH,SDAH,BARUIPUR JN.,BRP,06:02,06:44,34.29
34615,47.0,0.78,24,11,BARUIPUR JN.,BRP,SEALDAH,SDAH,07:35,08:22,30.77
34616,45.0,0.75,24,11,SEALDAH,SDAH,BARUIPUR JN.,BRP,06:40,07:25,32.0
34617,47.0,0.78,24,11,BARUIPUR JN.,BRP,SEALDAH,SDAH,07:58,08:45,30.77
34618,42.0,0.7,24,11,SEALDAH,SDAH,BARUIPUR JN.,BRP,07:08,07:50,34.29
34619,46.0,0.77,24,11,BARUIPUR JN.,BRP,SEALDAH,SDAH,08:22,09:08,31.17
34620,44.0,0.73,24,11,SEALDAH,SDAH,BARUIPUR JN.,BRP,07:30,08:14,32.88
34621,45.0,0.75,24,11,BARUIPUR JN.,BRP,SEALDAH,SDAH,08:58,09:43,32.0
34622,45.0,0.75,24,11,SEALDAH,SDAH,BARUIPUR JN.,BRP,08:00,08:45,32.0
34623,46.0,0.77,24,11,BARUIPUR JN.,BRP,SEALDAH,SDAH,09:24,10:10,31.17
34624,45.0,0.75,24,11,SEALDAH,SDAH,BARUIPUR JN.,BRP,08:50,09:35,32.0
34625,48.0,0.8,24,11,BARUIPUR JN.,BRP,SEALDAH,SDAH,09:50,10:38,30.0
34626,42.0,0.7,24,10,SEALDAH,SDAH,BARUIPUR JN.,BRP,09:40,10:22,34.29
34627,47.0,0.78,24,11,BARUIPUR JN.,BRP,SEALDAH,SDAH,10:40,11:27,30.77
34628,44.0,0.73,24,11,SEALDAH,SDAH,BARUIPUR JN.,BRP,10:12,10:56,32.88
34629,47.0,0.78,24,11,BARUIPUR JN.,BRP,SEALDAH,SDAH,11:08,11:55,30.77
34630,45.0,0.75,24,11,SEALDAH,SDAH,BARUIPUR JN.,BRP,11:15,12:00,32.0
34631,47.0,0.78,24,11,BARUIPUR JN.,BRP,SEALDAH,SDAH,12:10,12:57,30.77
34632,44.0,0.73,24,11,SEALDAH,SDAH,BARUIPUR JN.,BRP,12:25,13:09,32.88
34633,47.0,0.78,24,11,BARUIPUR JN.,BRP,SEALDAH,SDAH,13:18,14:05,30.77
34634,45.0,0.75,24,11,SEALDAH,SDAH,BARUIPUR JN.,BRP,13:32,14:17,32.0
34635,47.0,0.78,24,11,BARUIPUR JN.,BRP,SEALDAH,SDAH,14:40,15:27,30.77
34636,45.0,0.75,24,11,SEALDAH,SDAH,BARUIPUR JN.,BRP,15:02,15:47,32.0
34637,47.0,0.78,24,11,BARUIPUR JN.,BRP,SEALDAH,SDAH,16:10,16:57,30.77
34638,44.0,0.73,24,11,SEALDAH,SDAH,BARUIPUR JN.,BRP,16:18,17:02,32.88
34639,47.0,0.78,24,11,BARUIPUR JN.,BRP,SEALDAH,SDAH,17:10,17:57,30.77
34640,44.0,0.73,24,11,SEALDAH,SDAH,BARUIPUR JN.,BRP,17:05,17:49,32.88
34641,46.0,0.77,24,11,BARUIPUR JN.,BRP,SEALDAH,SDAH,17:58,18:44,31.17
34642,45.0,0.75,24,11,SEALDAH,SDAH,BARUIPUR JN.,BRP,17:40,18:25,32.0
34643,48.0,0.8,24,11,BARUIPUR JN.,BRP,SEALDAH,SDAH,18:42,19:30,30.0
34644,44.0,0.73,24,11,SEALDAH,SDAH,BARUIPUR JN.,BRP,19:18,20:02,32.88
34645,45.0,0.75,24,11,BARUIPUR JN.,BRP,SEALDAH,SDAH,19:43,20:28,32.0
34646,45.0,0.75,24,11,SEALDAH,SDAH,BARUIPUR JN.,BRP,20:00,20:45,32.0
34647,47.0,0.78,24,11,BARUIPUR JN.,BRP,SEALDAH,SDAH,20:40,21:27,30.77
34648,45.0,0.75,24,11,SEALDAH,SDAH,BARUIPUR JN.,BRP,20:40,21:25,32.0
34711,110.0,1.83,61,19,LAKSHMIKANTA,LKPR,SEALDAH,SDAH,03:00,04:50,33.33
34712,96.0,1.6,61,19,SEALDAH,SDAH,LAKSHMIKANTA,LKPR,04:00,05:36,38.12
34713,105.0,1.75,61,21,LAKSHMIKANTA,LKPR,SEALDAH,SDAH,03:35,05:20,34.86
34714,100.0,1.67,61,20,SEALDAH,SDAH,LAKSHMIKANTA,LKPR,04:30,06:10,36.53
34715,103.0,1.72,61,23,LAKSHMIKANTA,LKPR,SEALDAH,SDAH,04:15,05:58,35.47
34716,100.0,1.67,61,21,SEALDAH,SDAH,LAKSHMIKANTA,LKPR,05:12,06:52,36.53
34717,96.0,1.6,61,21,LAKSHMIKANTA,LKPR,SEALDAH,SDAH,04:44,06:20,38.12
34718,98.0,1.63,61,21,SEALDAH,SDAH,LAKSHMIKANTA,LKPR,05:55,07:33,37.42
34719,99.0,1.65,61,22,LAKSHMIKANTA,LKPR,SEALDAH,SDAH,05:44,07:23,36.97
34720,102.0,1.7,61,23,SEALDAH,SDAH,LAKSHMIKANTA,LKPR,07:14,08:56,35.88
34721,100.0,1.67,61,23,LAKSHMIKANTA,LKPR,SEALDAH,SDAH,06:28,08:08,36.53
34722,102.0,1.7,61,23,SEALDAH,SDAH,LAKSHMIKANTA,LKPR,08:15,09:57,35.88
34723,102.0,1.7,61,23,LAKSHMIKANTA,LKPR,SEALDAH,SDAH,07:10,08:52,35.88
34724,102.0,1.7,61,23,SEALDAH,SDAH,LAKSHMIKANTA,LKPR,09:16,10:58,35.88
34725,102.0,1.7,61,22,LAKSHMIKANTA,LKPR,SEALDAH,SDAH,07:55,09:37,35.88
34726,100.0,1.67,61,23,SEALDAH,SDAH,LAKSHMIKANTA,LKPR,11:02,12:42,36.53
34727,102.0,1.7,61,23,LAKSHMIKANTA,LKPR,SEALDAH,SDAH,08:35,10:17,35.88
34728,100.0,1.67,61,21,SEALDAH,SDAH,LAKSHMIKANTA,LKPR,11:50,13:30,36.53
34729,97.0,1.62,61,23,LAKSHMIKANTA,LKPR,SEALDAH,SDAH,09:26,11:03,37.65
34730,100.0,1.67,61,23,SEALDAH,SDAH,LAKSHMIKANTA,LKPR,12:50,14:30,36.53
34731,105.0,1.75,61,23,LAKSHMIKANTA,LKPR,SEALDAH,SDAH,10:30,12:15,34.86
34732,100.0,1.67,61,23,SEALDAH,SDAH,LAKSHMIKANTA,LKPR,14:20,16:00,36.53
34733,110.0,1.83,61,22,LAKSHMIKANTA,LKPR,SEALDAH,SDAH,11:27,13:17,33.33
34734,102.0,1.7,61,23,SEALDAH,SDAH,LAKSHMIKANTA,LKPR,15:15,16:57,35.88
34735,100.0,1.67,61,21,LAKSHMIKANTA,LKPR,SEALDAH,SDAH,13:10,14:50,36.53
34736,104.0,1.73,61,23,SEALDAH,SDAH,LAKSHMIKANTA,LKPR,15:50,17:34,35.26
34737,99.0,1.65,61,23,LAKSHMIKANTA,LKPR,SEALDAH,SDAH,13:58,15:37,36.97
34738,102.0,1.7,61,23,SEALDAH,SDAH,LAKSHMIKANTA,LKPR,16:48,18:30,35.88
34739,98.0,1.63,61,21,LAKSHMIKANTA,LKPR,SEALDAH,SDAH,15:08,16:46,37.42
34740,102.0,1.7,61,23,SEALDAH,SDAH,LAKSHMIKANTA,LKPR,17:28,19:10,35.88
34741,101.0,1.68,61,23,LAKSHMIKANTA,LKPR,SEALDAH,SDAH,16:23,18:04,36.31
34742,103.0,1.72,61,23,SEALDAH,SDAH,LAKSHMIKANTA,LKPR,18:15,19:58,35.47
34743,105.0,1.75,61,23,LAKSHMIKANTA,LKPR,SEALDAH,SDAH,17:10,18:55,34.86
34744,99.0,1.65,61,23,SEALDAH,SDAH,LAKSHMIKANTA,LKPR,18:57,20:36,36.97
34745,99.0,1.65,61,23,LAKSHMIKANTA,LKPR,SEALDAH,SDAH,18:05,19:44,36.97
34746,100.0,1.67,61,23,SEALDAH,SDAH,LAKSHMIKANTA,LKPR,19:35,21:15,36.53
34747,99.0,1.65,61,21,LAKSHMIKANTA,LKPR,SEALDAH,SDAH,18:38,20:17,36.97
34748,100.0,1.67,61,21,SEALDAH,SDAH,LAKSHMIKANTA,LKPR,21:00,22:40,36.53
34749,99.0,1.65,61,23,LAKSHMIKANTA,LKPR,SEALDAH,SDAH,19:35,21:14,36.97
34750,100.0,1.67,61,21,SEALDAH,SDAH,LAKSHMIKANTA,LKPR,21:45,23:25,36.53
34751,103.0,1.72,61,21,LAKSHMIKANTA,LKPR,SEALDAH,SDAH,20:12,21:55,35.47
34752,100.0,1.67,61,21,SEALDAH,SDAH,LAKSHMIKANTA,LKPR,22:20,00:00,36.53
34753,100.0,1.67,61,21,LAKSHMIKANTA,LKPR,SEALDAH,SDAH,20:48,22:28,36.53
34754,98.0,1.63,61,21,SEALDAH,SDAH,LAKSHMIKANTA,LKPR,23:05,00:43,37.42
34755,105.0,1.75,61,21,LAKSHMIKANTA,LKPR,SEALDAH,SDAH,21:45,23:30,34.86
34757,102.0,1.7,61,21,LAKSHMIKANTA,LKPR,SEALDAH,SDAH,22:20,00:02,35.88
34782,146.0,2.43,94,29,SEALDAH,SDAH,KWAKDWIP,KWDP,20:30,22:56,38.68
34791,162.0,2.7,108,23,NAMKHANA,NMKA,SEALDAH,SDAH,04:10,06:52,40.0
34792,162.0,2.7,108,30,SEALDAH,SDAH,NAMKHANA,NMKA,13:20,16:02,40.0
34793,165.0,2.75,108,30,NAMKHANA,NMKA,SEALDAH,SDAH,16:33,19:18,39.27
34794,165.0,2.75,108,21,SEALDAH,SDAH,NAMKHANA,NMKA,21:30,00:15,39.27
34811,105.0,1.75,59,19,DIAMOND HARB,DH,SEALDAH,SDAH,03:00,04:45,33.71
34812,86.0,1.43,59,15,SEALDAH,SDAH,DIAMOND HARB,DH,03:54,05:20,41.26
34813,95.0,1.58,59,24,DIAMOND HARB,DH,SEALDAH,SDAH,04:00,05:35,37.34
34814,95.0,1.58,59,24,SEALDAH,SDAH,DIAMOND HARB,DH,04:45,06:20,37.34
34815,94.0,1.57,59,22,DIAMOND HARB,DH,SEALDAH,SDAH,04:40,06:14,37.58
34816,95.0,1.58,59,22,SEALDAH,SDAH,DIAMOND HARB,DH,05:25,07:00,37.34
34817,98.0,1.63,59,24,DIAMOND HARB,DH,SEALDAH,SDAH,05:30,07:08,36.2
34818,100.0,1.67,59,24,SEALDAH,SDAH,DIAMOND HARB,DH,06:20,08:00,35.33
34819,104.0,1.73,59,24,DIAMOND HARB,DH,SEALDAH,SDAH,05:52,07:36,34.1
34820,100.0,1.67,59,24,SEALDAH,SDAH,DIAMOND HARB,DH,06:55,08:35,35.33
34821,98.0,1.63,59,24,DIAMOND HARB,DH,SEALDAH,SDAH,06:52,08:30,36.2
34822,95.0,1.58,59,17,SEALDAH,SDAH,DIAMOND HARB,DH,07:25,09:00,37.34
34823,103.0,1.72,59,24,DIAMOND HARB,DH,SEALDAH,SDAH,07:42,09:25,34.3
34824,100.0,1.67,59,24,SEALDAH,SDAH,DIAMOND HARB,DH,07:50,09:30,35.33
34825,100.0,1.67,59,24,DIAMOND HARB,DH,SEALDAH,SDAH,08:25,10:05,35.33
34826,98.0,1.63,59,24,SEALDAH,SDAH,DIAMOND HARB,DH,08:57,10:35,36.2
34827,97.0,1.62,59,24,DIAMOND HARB,DH,SEALDAH,SDAH,09:15,10:52,36.42
34828,98.0,1.63,59,24,SEALDAH,SDAH,DIAMOND HARB,DH,09:57,11:35,36.2
34829,91.0,1.52,59,17,DIAMOND HARB,DH,SEALDAH,SDAH,09:37,11:08,38.82
34830,99.0,1.65,59,24,SEALDAH,SDAH,DIAMOND HARB,DH,10:38,12:17,35.76
34831,97.0,1.62,59,24,DIAMOND HARB,DH,SEALDAH,SDAH,10:08,11:45,36.42
34832,98.0,1.63,59,22,SEALDAH,SDAH,DIAMOND HARB,DH,11:42,13:20,36.2
34833,98.0,1.63,59,22,DIAMOND HARB,DH,SEALDAH,SDAH,11:02,12:40,36.2
34834,100.0,1.67,59,24,SEALDAH,SDAH,DIAMOND HARB,DH,12:35,14:15,35.33
34835,103.0,1.72,59,24,DIAMOND HARB,DH,SEALDAH,SDAH,11:55,13:38,34.3
34836,99.0,1.65,59,24,SEALDAH,SDAH,DIAMOND HARB,DH,13:26,15:05,35.76
34837,98.0,1.63,59,24,DIAMOND HARB,DH,SEALDAH,SDAH,12:50,14:28,36.2
34838,100.0,1.67,59,24,SEALDAH,SDAH,DIAMOND HARB,DH,14:10,15:50,35.33
34839,120.0,2.0,59,24,DIAMOND HARB,DH,SEALDAH,SDAH,14:00,16:00,29.5
34840,100.0,1.67,59,24,SEALDAH,SDAH,DIAMOND HARB,DH,15:40,17:20,35.33
34841,100.0,1.67,59,24,DIAMOND HARB,DH,SEALDAH,SDAH,14:50,16:30,35.33
34842,97.0,1.62,59,24,SEALDAH,SDAH,DIAMOND HARB,DH,16:55,18:32,36.42
34843,98.0,1.63,59,24,DIAMOND HARB,DH,SEALDAH,SDAH,15:40,17:18,36.2
34844,98.0,1.63,59,24,SEALDAH,SDAH,DIAMOND HARB,DH,18:02,19:40,36.2
34845,100.0,1.67,59,24,DIAMOND HARB,DH,SEALDAH,SDAH,16:05,17:45,35.33
34846,98.0,1.63,59,24,SEALDAH,SDAH,DIAMOND HARB,DH,18:45,20:23,36.2
34847,98.0,1.63,59,24,DIAMOND HARB,DH,SEALDAH,SDAH,17:32,19:10,36.2
34848,95.0,1.58,59,24,SEALDAH,SDAH,DIAMOND HARB,DH,19:45,21:20,37.34
34849,98.0,1.63,59,22,DIAMOND HARB,DH,SEALDAH,SDAH,19:07,20:45,36.2
34850,98.0,1.63,59,22,SEALDAH,SDAH,DIAMOND HARB,DH,20:20,21:58,36.2
34851,97.0,1.62,59,23,DIAMOND HARB,DH,SEALDAH,SDAH,20:07,21:44,36.42
34852,100.0,1.67,59,24,SEALDAH,SDAH,DIAMOND HARB,DH,21:10,22:50,35.33
34853,100.0,1.67,59,24,DIAMOND HARB,DH,SEALDAH,SDAH,21:00,22:40,35.33
34854,97.0,1.62,59,24,SEALDAH,SDAH,DIAMOND HARB,DH,21:55,23:32,36.42
34855,99.0,1.65,59,22,DIAMOND HARB,DH,SEALDAH,SDAH,21:40,23:19,35.76
34856,95.0,1.58,59,23,SEALDAH,SDAH,DIAMOND HARB,DH,22:45,00:20,37.34
34857,95.0,1.58,59,21,DIAMOND HARB,DH,SEALDAH,SDAH,22:15,23:50,37.34
34858,90.0,1.5,59,20,SEALDAH,SDAH,DIAMOND HARB,DH,23:42,01:12,39.33
34859,98.0,1.63,59,24,DIAMOND HARB,DH,SEALDAH,SDAH,16:53,18:31,36.2
34860,100.0,1.67,59,24,SEALDAH,SDAH,DIAMOND HARB,DH,14:55,16:35,35.33
34881,65.0,1.08,43,17,DIAMOND HARB,DH,SONARPUR JN.,SPR,10:45,11:50,39.81
34882,65.0,1.08,43,17,SONARPUR JN.,SPR,DIAMOND HARB,DH,04:50,05:55,39.81
34891,52.0,0.87,34,14,DIAMOND HARB,DH,BARUIPUR JN.,BRP,06:13,07:05,39.08
34892,53.0,0.88,34,14,BARUIPUR JN.,BRP,DIAMOND HARB,DH,09:22,10:15,38.64
34898,65.0,1.08,39,16,SEALDAH,SDAH,MAGRAHAT,MGT,19:05,20:10,36.11
34899,70.0,1.17,39,16,MAGRAHAT,MGT,SEALDAH,SDAH,21:00,22:10,33.33
34911,65.0,1.08,46,8,NAMKHANA,NMKA,LAKSHMIKANTA,LKPR,04:37,05:42,42.59
34912,57.0,0.95,46,8,LAKSHMIKANTA,LKPR,NAMKHANA,NMKA,03:08,04:05,48.42
34913,60.0,1.0,46,8,NAMKHANA,NMKA,LAKSHMIKANTA,LKPR,05:55,06:55,46.0
34914,65.0,1.08,46,8,LAKSHMIKANTA,LKPR,NAMKHANA,NMKA,04:10,05:15,42.59
34915,65.0,1.08,46,8,NAMKHANA,NMKA,LAKSHMIKANTA,LKPR,07:26,08:31,42.59
34916,62.0,1.03,46,8,LAKSHMIKANTA,LKPR,NAMKHANA,NMKA,05:55,06:57,44.66
34917,56.0,0.93,46,8,NAMKHANA,NMKA,LAKSHMIKANTA,LKPR,08:12,09:08,49.46
34918,59.0,0.98,46,8,LAKSHMIKANTA,LKPR,NAMKHANA,NMKA,07:01,08:00,46.94
34919,58.0,0.97,46,8,NAMKHANA,NMKA,LAKSHMIKANTA,LKPR,10:20,11:18,47.42
34920,58.0,0.97,46,8,LAKSHMIKANTA,LKPR,NAMKHANA,NMKA,09:10,10:08,47.42
34921,62.0,1.03,46,8,NAMKHANA,NMKA,LAKSHMIKANTA,LKPR,12:28,13:30,44.66
34922,58.0,0.97,46,8,LAKSHMIKANTA,LKPR,NAMKHANA,NMKA,11:20,12:18,47.42
34923,60.0,1.0,46,8,NAMKHANA,NMKA,LAKSHMIKANTA,LKPR,13:32,14:32,46.0
34924,60.0,1.0,46,8,LAKSHMIKANTA,LKPR,NAMKHANA,NMKA,12:05,13:05,46.0
34925,60.0,1.0,46,8,NAMKHANA,NMKA,LAKSHMIKANTA,LKPR,15:00,16:00,46.0
34926,62.0,1.03,46,8,LAKSHMIKANTA,LKPR,NAMKHANA,NMKA,13:32,14:34,44.66
34927,58.0,0.97,46,8,NAMKHANA,NMKA,LAKSHMIKANTA,LKPR,17:32,18:30,47.42
34928,62.0,1.03,46,8,LAKSHMIKANTA,LKPR,NAMKHANA,NMKA,16:06,17:08,44.66
34929,62.0,1.03,46,8,NAMKHANA,NMKA,LAKSHMIKANTA,LKPR,19:40,20:42,44.66
34930,59.0,0.98,46,8,LAKSHMIKANTA,LKPR,NAMKHANA,NMKA,18:32,19:31,46.94
34931,62.0,1.03,46,8,NAMKHANA,NMKA,LAKSHMIKANTA,LKPR,20:46,21:48,44.66
34932,61.0,1.02,46,8,LAKSHMIKANTA,LKPR,NAMKHANA,NMKA,19:15,20:16,45.1
34933,61.0,1.02,46,8,NAMKHANA,NMKA,LAKSHMIKANTA,LKPR,22:10,23:11,45.1
34934,60.0,1.0,46,8,LAKSHMIKANTA,LKPR,NAMKHANA,NMKA,20:45,21:45,46.0
34981,46.0,0.77,33,7,KWAKDWIP,KWDP,LAKSHMIKANTA,LKPR,23:30,00:16,42.86
35011,35.0,0.58,26,9,BARDDHAMAN J,BWN,BALGONA,BGNA,05:10,05:45,44.83
35012,35.0,0.58,26,9,BALGONA,BGNA,BARDDHAMAN J,BWN,06:15,06:50,44.83
35013,35.0,0.58,26,9,BARDDHAMAN J,BWN,BALGONA,BGNA,07:25,08:00,44.83
35014,35.0,0.58,26,9,BARDDHAMAN J,BWN,BALGONA,BGNA,07:25,08:00,44.83
35015,35.0,0.58,26,9,BARDDHAMAN J,BWN,BALGONA,BGNA,07:25,08:00,44.83
35016,35.0,0.58,26,9,BALGONA,BGNA,BARDDHAMAN J,BWN,10:40,11:15,44.83
35017,70.0,1.17,46,15,BARDDHAMAN J,BWN,SHRIPAT SHRI,SPS,14:00,15:10,39.32
35018,70.0,1.17,46,15,SHRIPAT SHRI,SPS,BARDDHAMAN J,BWN,16:10,17:20,39.32
35019,35.0,0.58,26,9,BARDDHAMAN J,BWN,BALGONA,BGNA,18:15,18:50,44.83
35020,35.0,0.58,26,9,BALGONA,BGNA,BARDDHAMAN J,BWN,19:10,19:45,44.83
35021,35.0,0.58,26,9,BARDDHAMAN J,BWN,BALGONA,BGNA,20:20,20:55,44.83
35022,35.0,0.58,26,9,BALGONA,BGNA,BARDDHAMAN J,BWN,21:10,21:45,44.83
36011,40.0,0.67,26,9,HOWRAH JN.,HWH,BARUI PARA,BRPA,09:40,10:20,38.81
36012,41.0,0.68,26,9,BARUI PARA,BRPA,HOWRAH JN.,HWH,10:54,11:35,38.24
36031,59.0,0.98,40,14,HOWRAH JN.,HWH,CHANDANPUR,CDAE,08:45,09:44,40.82
36032,68.0,1.13,40,14,CHANDANPUR,CDAE,HOWRAH JN.,HWH,09:57,11:05,35.4
36033,58.0,0.97,40,14,HOWRAH JN.,HWH,CHANDANPUR,CDAE,10:30,11:28,41.24
36034,65.0,1.08,40,14,CHANDANPUR,CDAE,HOWRAH JN.,HWH,11:50,12:55,37.04
36035,62.0,1.03,40,14,HOWRAH JN.,HWH,CHANDANPUR,CDAE,13:50,14:52,38.83
36036,60.0,1.0,40,14,CHANDANPUR,CDAE,HOWRAH JN.,HWH,15:05,16:05,40.0
36037,59.0,0.98,40,14,HOWRAH JN.,HWH,CHANDANPUR,CDAE,17:55,18:54,40.82
36038,62.0,1.03,40,14,CHANDANPUR,CDAE,HOWRAH JN.,HWH,19:33,20:35,38.83
36071,85.0,1.42,58,18,HOWRAH JN.,HWH,GURAP,GRAE,05:05,06:30,40.85
36072,85.0,1.42,58,18,GURAP,GRAE,HOWRAH JN.,HWH,07:07,08:32,40.85
36081,116.0,1.93,72,22,HOWRAH JN.,HWH,MASAGRAM,MSAE,05:40,07:36,37.31
36082,99.0,1.65,72,24,MASAGRAM,MSAE,HOWRAH JN.,HWH,08:06,09:45,43.64
36083,105.0,1.75,72,24,HOWRAH JN.,HWH,MASAGRAM,MSAE,15:05,16:50,41.14
36084,108.0,1.8,72,24,MASAGRAM,MSAE,HOWRAH JN.,HWH,17:27,19:15,40.0
36085,105.0,1.75,72,24,HOWRAH JN.,HWH,MASAGRAM,MSAE,16:30,18:15,41.14
36086,100.0,1.67,72,24,MASAGRAM,MSAE,HOWRAH JN.,HWH,18:25,20:05,43.11
36087,107.0,1.78,72,24,HOWRAH JN.,HWH,MASAGRAM,MSAE,19:20,21:07,40.45
36088,96.0,1.6,72,22,MASAGRAM,MSAE,HOWRAH JN.,HWH,22:06,23:42,45.0
36811,125.0,2.08,94,29,HOWRAH JN.,HWH,BARDDHAMAN J,BWN,03:55,06:00,45.19
36812,150.0,2.5,94,25,BARDDHAMAN J,BWN,HOWRAH JN.,HWH,02:50,05:20,37.6
36813,125.0,2.08,94,27,HOWRAH JN.,HWH,BARDDHAMAN J,BWN,04:55,07:00,45.19
36814,135.0,2.25,94,29,BARDDHAMAN J,BWN,HOWRAH JN.,HWH,04:00,06:15,41.78
36815,128.0,2.13,94,30,HOWRAH JN.,HWH,BARDDHAMAN J,BWN,06:10,08:18,44.13
36816,128.0,2.13,94,28,BARDDHAMAN J,BWN,HOWRAH JN.,HWH,04:56,07:04,44.13
36817,128.0,2.13,94,28,HOWRAH JN.,HWH,BARDDHAMAN J,BWN,07:07,09:15,44.13
36818,125.0,2.08,94,27,BARDDHAMAN J,BWN,HOWRAH JN.,HWH,05:40,07:45,45.19
36819,135.0,2.25,94,29,HOWRAH JN.,HWH,BARDDHAMAN J,BWN,08:25,10:40,41.78
36820,125.0,2.08,94,29,BARDDHAMAN J,BWN,HOWRAH JN.,HWH,06:10,08:15,45.19
36821,140.0,2.33,94,29,HOWRAH JN.,HWH,BARDDHAMAN J,BWN,09:20,11:40,40.34
36822,129.0,2.15,94,29,BARDDHAMAN J,BWN,HOWRAH JN.,HWH,06:48,08:57,43.72
36823,125.0,2.08,94,29,HOWRAH JN.,HWH,BARDDHAMAN J,BWN,10:15,12:20,45.19
36824,123.0,2.05,94,28,BARDDHAMAN J,BWN,HOWRAH JN.,HWH,07:22,09:25,45.85
36825,136.0,2.27,94,26,HOWRAH JN.,HWH,BARDDHAMAN J,BWN,11:22,13:38,41.41
36826,122.0,2.03,94,29,BARDDHAMAN J,BWN,HOWRAH JN.,HWH,07:35,09:37,46.31
36827,130.0,2.17,94,29,HOWRAH JN.,HWH,BARDDHAMAN J,BWN,12:05,14:15,43.32
36828,125.0,2.08,94,29,BARDDHAMAN J,BWN,HOWRAH JN.,HWH,08:10,10:15,45.19
36829,133.0,2.22,94,29,HOWRAH JN.,HWH,BARDDHAMAN J,BWN,13:32,15:45,42.34
36830,90.0,1.5,94,2,BARDDHAMAN J,BWN,HOWRAH JN.,HWH,08:35,10:05,62.67
36831,125.0,2.08,94,30,HOWRAH JN.,HWH,BARDDHAMAN J,BWN,14:45,16:50,45.19
36832,122.0,2.03,94,29,BARDDHAMAN J,BWN,HOWRAH JN.,HWH,09:18,11:20,46.31
36833,125.0,2.08,94,29,HOWRAH JN.,HWH,BARDDHAMAN J,BWN,15:30,17:35,45.19
36834,125.0,2.08,94,28,BARDDHAMAN J,BWN,HOWRAH JN.,HWH,10:00,12:05,45.19
36835,88.0,1.47,94,8,HOWRAH JN.,HWH,BARDDHAMAN J,BWN,17:27,18:55,63.95
36836,125.0,2.08,94,29,BARDDHAMAN J,BWN,HOWRAH JN.,HWH,11:10,13:15,45.19
36837,127.0,2.12,94,29,HOWRAH JN.,HWH,BARDDHAMAN J,BWN,17:33,19:40,44.34
36838,150.0,2.5,94,29,BARDDHAMAN J,BWN,HOWRAH JN.,HWH,11:45,14:15,37.6
36839,130.0,2.17,94,29,HOWRAH JN.,HWH,BARDDHAMAN J,BWN,18:05,20:15,43.32
36840,135.0,2.25,94,29,BARDDHAMAN J,BWN,HOWRAH JN.,HWH,13:10,15:25,41.78
36841,130.0,2.17,94,29,HOWRAH JN.,HWH,BARDDHAMAN J,BWN,18:30,20:40,43.32
36842,120.0,2.0,94,28,BARDDHAMAN J,BWN,HOWRAH JN.,HWH,14:20,16:20,47.0
36843,134.0,2.23,94,28,HOWRAH JN.,HWH,BARDDHAMAN J,BWN,18:57,21:11,42.15
36844,125.0,2.08,94,30,BARDDHAMAN J,BWN,HOWRAH JN.,HWH,15:25,17:30,45.19
36845,133.0,2.22,94,28,HOWRAH JN.,HWH,BARDDHAMAN J,BWN,19:47,22:00,42.34
36846,125.0,2.08,94,30,BARDDHAMAN J,BWN,HOWRAH JN.,HWH,16:40,18:45,45.19
36847,134.0,2.23,94,29,HOWRAH JN.,HWH,BARDDHAMAN J,BWN,20:20,22:34,42.15
36848,125.0,2.08,94,29,BARDDHAMAN J,BWN,HOWRAH JN.,HWH,17:50,19:55,45.19
36849,132.0,2.2,94,29,HOWRAH JN.,HWH,BARDDHAMAN J,BWN,20:48,23:00,42.73
36850,122.0,2.03,94,29,BARDDHAMAN J,BWN,HOWRAH JN.,HWH,18:45,20:47,46.31
36851,141.0,2.35,94,26,HOWRAH JN.,HWH,BARDDHAMAN J,BWN,21:42,00:03,40.0
36852,140.0,2.33,94,29,BARDDHAMAN J,BWN,HOWRAH JN.,HWH,19:20,21:40,40.34
36853,130.0,2.17,94,30,HOWRAH JN.,HWH,BARDDHAMAN J,BWN,22:10,00:20,43.32
36854,125.0,2.08,94,29,BARDDHAMAN J,BWN,HOWRAH JN.,HWH,20:05,22:10,45.19
36855,130.0,2.17,94,29,HOWRAH JN.,HWH,BARDDHAMAN J,BWN,23:15,01:25,43.32
36856,125.0,2.08,94,29,BARDDHAMAN J,BWN,HOWRAH JN.,HWH,20:20,22:25,45.19
36858,122.0,2.03,94,29,BARDDHAMAN J,BWN,HOWRAH JN.,HWH,20:43,22:45,46.31
36860,123.0,2.05,94,30,BARDDHAMAN J,BWN,HOWRAH JN.,HWH,22:00,00:03,45.85
37011,31.0,0.52,19,9,HOWRAH JN.,HWH,SHRIRAMPUR,SRP,07:45,08:16,36.54
37012,35.0,0.58,19,9,SHRIRAMPUR,SRP,HOWRAH JN.,HWH,08:40,09:15,32.76
37013,33.0,0.55,19,9,HOWRAH JN.,HWH,SHRIRAMPUR,SRP,09:20,09:53,34.55
37014,36.0,0.6,19,9,SHRIRAMPUR,SRP,HOWRAH JN.,HWH,10:00,10:36,31.67
37017,32.0,0.53,19,9,HOWRAH JN.,HWH,SHRIRAMPUR,SRP,11:20,11:52,35.85
37018,38.0,0.63,19,9,SHRIRAMPUR,SRP,HOWRAH JN.,HWH,12:30,13:08,30.16
37019,32.0,0.53,19,9,HOWRAH JN.,HWH,SHRIRAMPUR,SRP,14:35,15:07,35.85
37020,35.0,0.58,19,9,SHRIRAMPUR,SRP,HOWRAH JN.,HWH,15:20,15:55,32.76
37021,34.0,0.57,19,9,HOWRAH JN.,HWH,SHRIRAMPUR,SRP,17:15,17:49,33.33
37022,36.0,0.6,19,9,SHRIRAMPUR,SRP,HOWRAH JN.,HWH,17:59,18:35,31.67
37041,38.0,0.63,22,10,HOWRAH JN.,HWH,SEORAPHULI J,SHE,07:30,08:08,34.92
37042,40.0,0.67,22,10,SEORAPHULI J,SHE,HOWRAH JN.,HWH,08:20,09:00,32.84
37043,38.0,0.63,22,10,HOWRAH JN.,HWH,SEORAPHULI J,SHE,08:12,08:50,34.92
37044,39.0,0.65,22,10,SEORAPHULI J,SHE,HOWRAH JN.,HWH,09:01,09:40,33.85
37045,40.0,0.67,22,10,HOWRAH JN.,HWH,SEORAPHULI J,SHE,08:50,09:30,32.84
37046,40.0,0.67,22,10,SEORAPHULI J,SHE,HOWRAH JN.,HWH,09:50,10:30,32.84
37047,38.0,0.63,22,10,HOWRAH JN.,HWH,SEORAPHULI J,SHE,09:15,09:53,34.92
37048,41.0,0.68,22,10,SEORAPHULI J,SHE,HOWRAH JN.,HWH,10:15,10:56,32.35
37049,37.0,0.62,22,10,HOWRAH JN.,HWH,SEORAPHULI J,SHE,09:40,10:17,35.48
37050,38.0,0.63,22,10,SEORAPHULI J,SHE,HOWRAH JN.,HWH,10:32,11:10,34.92
37053,37.0,0.62,22,10,HOWRAH JN.,HWH,SEORAPHULI J,SHE,11:00,11:37,35.48
37054,42.0,0.7,22,10,SEORAPHULI J,SHE,HOWRAH JN.,HWH,12:15,12:57,31.43
37055,35.0,0.58,22,10,HOWRAH JN.,HWH,SEORAPHULI J,SHE,11:52,12:27,37.93
37056,50.0,0.83,22,10,SEORAPHULI J,SHE,HOWRAH JN.,HWH,12:40,13:30,26.51
37057,38.0,0.63,22,10,HOWRAH JN.,HWH,SEORAPHULI J,SHE,15:50,16:28,34.92
37058,43.0,0.72,22,10,SEORAPHULI J,SHE,HOWRAH JN.,HWH,16:40,17:23,30.56
37060,44.0,0.73,22,10,SEORAPHULI J,SHE,HOWRAH JN.,HWH,17:18,18:02,30.14
37061,37.0,0.62,22,10,HOWRAH JN.,HWH,SEORAPHULI J,SHE,16:50,17:27,35.48
37062,42.0,0.7,22,10,SEORAPHULI J,SHE,HOWRAH JN.,HWH,17:38,18:20,31.43
37063,42.0,0.7,22,10,HOWRAH JN.,HWH,SEORAPHULI J,SHE,17:00,17:42,31.43
37064,42.0,0.7,22,10,SEORAPHULI J,SHE,HOWRAH JN.,HWH,18:13,18:55,31.43
37065,38.0,0.63,22,10,HOWRAH JN.,HWH,SEORAPHULI J,SHE,18:25,19:03,34.92
37066,43.0,0.72,22,10,SEORAPHULI J,SHE,HOWRAH JN.,HWH,19:22,20:05,30.56
37067,38.0,0.63,22,10,HOWRAH JN.,HWH,SEORAPHULI J,SHE,10:25,11:03,34.92
37068,40.0,0.67,22,10,SEORAPHULI J,SHE,HOWRAH JN.,HWH,11:25,12:05,32.84
37111,25.0,0.42,6,2,HOWRAH JN.,HWH,BELURMATH,BRMH,07:40,08:05,14.29
37112,25.0,0.42,6,3,BELURMATH,BRMH,HOWRAH JN.,HWH,08:23,08:48,14.29
37113,25.0,0.42,6,2,HOWRAH JN.,HWH,BELURMATH,BRMH,08:55,09:20,14.29
37114,27.0,0.45,6,3,BELURMATH,BRMH,HOWRAH JN.,HWH,09:28,09:55,13.33
37115,22.0,0.37,6,2,HOWRAH JN.,HWH,BELURMATH,BRMH,10:10,10:32,16.22
37116,25.0,0.42,6,3,BELURMATH,BRMH,HOWRAH JN.,HWH,10:55,11:20,14.29
37117,25.0,0.42,6,2,HOWRAH JN.,HWH,BELURMATH,BRMH,16:05,16:30,14.29
37118,25.0,0.42,6,3,BELURMATH,BRMH,HOWRAH JN.,HWH,16:45,17:10,14.29
37119,26.0,0.43,6,2,HOWRAH JN.,HWH,BELURMATH,BRMH,17:20,17:46,13.95
37120,25.0,0.42,6,3,BELURMATH,BRMH,HOWRAH JN.,HWH,18:00,18:25,14.29
37121,30.0,0.5,6,2,HOWRAH JN.,HWH,BELURMATH,BRMH,18:30,19:00,12.0
37122,25.0,0.42,6,3,BELURMATH,BRMH,HOWRAH JN.,HWH,19:10,19:35,14.29
37201,60.0,1.0,39,17,HOWRAH JN.,HWH,BANDEL JN.,BDC,18:55,19:55,39.0
37202,63.0,1.05,39,17,BANDEL JN.,BDC,HOWRAH JN.,HWH,08:40,09:43,37.14
37211,58.0,0.97,39,17,HOWRAH JN.,HWH,BANDEL JN.,BDC,04:47,05:45,40.21
37212,61.0,1.02,39,17,BANDEL JN.,BDC,HOWRAH JN.,HWH,03:07,04:08,38.24
37213,59.0,0.98,39,17,HOWRAH JN.,HWH,BANDEL JN.,BDC,05:16,06:15,39.8
37214,60.0,1.0,39,17,BANDEL JN.,BDC,HOWRAH JN.,HWH,03:50,04:50,39.0
37215,61.0,1.02,39,17,HOWRAH JN.,HWH,BANDEL JN.,BDC,06:26,07:27,38.24
37216,65.0,1.08,39,17,BANDEL JN.,BDC,HOWRAH JN.,HWH,04:45,05:50,36.11
37217,60.0,1.0,39,17,HOWRAH JN.,HWH,BANDEL JN.,BDC,07:05,08:05,39.0
37218,62.0,1.03,39,17,BANDEL JN.,BDC,HOWRAH JN.,HWH,05:10,06:12,37.86
37219,65.0,1.08,39,17,HOWRAH JN.,HWH,BANDEL JN.,BDC,07:35,08:40,36.11
37220,65.0,1.08,39,17,BANDEL JN.,BDC,HOWRAH JN.,HWH,05:40,06:45,36.11
37221,60.0,1.0,39,17,HOWRAH JN.,HWH,BANDEL JN.,BDC,08:20,09:20,39.0
37222,65.0,1.08,39,17,BANDEL JN.,BDC,HOWRAH JN.,HWH,06:30,07:35,36.11
37223,60.0,1.0,39,17,HOWRAH JN.,HWH,BANDEL JN.,BDC,08:45,09:45,39.0
37224,64.0,1.07,39,17,BANDEL JN.,BDC,HOWRAH JN.,HWH,06:48,07:52,36.45
37225,60.0,1.0,39,17,HOWRAH JN.,HWH,BANDEL JN.,BDC,09:10,10:10,39.0
37226,63.0,1.05,39,17,BANDEL JN.,BDC,HOWRAH JN.,HWH,07:15,08:18,37.14
37227,60.0,1.0,39,17,HOWRAH JN.,HWH,BANDEL JN.,BDC,09:25,10:25,39.0
37228,60.0,1.0,39,17,BANDEL JN.,BDC,HOWRAH JN.,HWH,08:05,09:05,39.0
37229,60.0,1.0,39,17,HOWRAH JN.,HWH,BANDEL JN.,BDC,09:50,10:50,39.0
37230,62.0,1.03,39,17,BANDEL JN.,BDC,HOWRAH JN.,HWH,08:32,09:34,37.86
37231,60.0,1.0,39,17,HOWRAH JN.,HWH,BANDEL JN.,BDC,10:15,11:15,39.0
37232,63.0,1.05,39,17,BANDEL JN.,BDC,HOWRAH JN.,HWH,08:52,09:55,37.14
37233,58.0,0.97,39,17,HOWRAH JN.,HWH,BANDEL JN.,BDC,10:30,11:28,40.21
37234,61.0,1.02,39,17,BANDEL JN.,BDC,HOWRAH JN.,HWH,09:08,10:09,38.24
37235,59.0,0.98,39,17,HOWRAH JN.,HWH,BANDEL JN.,BDC,10:45,11:44,39.8
37236,62.0,1.03,39,17,BANDEL JN.,BDC,HOWRAH JN.,HWH,09:46,10:48,37.86
37237,60.0,1.0,39,17,HOWRAH JN.,HWH,BANDEL JN.,BDC,10:55,11:55,39.0
37238,62.0,1.03,39,17,BANDEL JN.,BDC,HOWRAH JN.,HWH,10:30,11:32,37.86
37239,63.0,1.05,39,17,HOWRAH JN.,HWH,BANDEL JN.,BDC,11:15,12:18,37.14
37240,65.0,1.08,39,17,BANDEL JN.,BDC,HOWRAH JN.,HWH,10:45,11:50,36.11
37241,60.0,1.0,39,17,HOWRAH JN.,HWH,BANDEL JN.,BDC,12:00,13:00,39.0
37242,63.0,1.05,39,17,BANDEL JN.,BDC,HOWRAH JN.,HWH,11:22,12:25,37.14
37243,60.0,1.0,39,17,HOWRAH JN.,HWH,BANDEL JN.,BDC,12:20,13:20,39.0
37244,65.0,1.08,39,17,BANDEL JN.,BDC,HOWRAH JN.,HWH,12:15,13:20,36.11
37245,60.0,1.0,39,17,HOWRAH JN.,HWH,BANDEL JN.,BDC,12:55,13:55,39.0
37246,77.0,1.28,39,17,BANDEL JN.,BDC,HOWRAH JN.,HWH,12:30,13:47,30.47
37247,58.0,0.97,39,17,HOWRAH JN.,HWH,BANDEL JN.,BDC,13:15,14:13,40.21
37248,65.0,1.08,39,17,BANDEL JN.,BDC,HOWRAH JN.,HWH,13:15,14:20,36.11
37249,59.0,0.98,39,17,HOWRAH JN.,HWH,BANDEL JN.,BDC,13:25,14:24,39.8
37250,60.0,1.0,39,17,BANDEL JN.,BDC,HOWRAH JN.,HWH,13:35,14:35,39.0
37251,57.0,0.95,39,17,HOWRAH JN.,HWH,BANDEL JN.,BDC,13:33,14:30,41.05
37252,64.0,1.07,39,17,BANDEL JN.,BDC,HOWRAH JN.,HWH,14:12,15:16,36.45
37253,60.0,1.0,39,17,HOWRAH JN.,HWH,BANDEL JN.,BDC,14:40,15:40,39.0
37254,67.0,1.12,39,17,BANDEL JN.,BDC,HOWRAH JN.,HWH,14:50,15:57,34.82
37255,65.0,1.08,39,17,HOWRAH JN.,HWH,BANDEL JN.,BDC,15:00,16:05,36.11
37256,60.0,1.0,39,17,BANDEL JN.,BDC,HOWRAH JN.,HWH,15:10,16:10,39.0
37257,60.0,1.0,39,17,HOWRAH JN.,HWH,BANDEL JN.,BDC,15:35,16:35,39.0
37258,63.0,1.05,39,17,BANDEL JN.,BDC,HOWRAH JN.,HWH,15:35,16:38,37.14
37259,64.0,1.07,39,17,HOWRAH JN.,HWH,BANDEL JN.,BDC,16:16,17:20,36.45
37260,63.0,1.05,39,17,BANDEL JN.,BDC,HOWRAH JN.,HWH,16:05,17:08,37.14
37261,60.0,1.0,39,17,HOWRAH JN.,HWH,BANDEL JN.,BDC,16:55,17:55,39.0
37262,62.0,1.03,39,17,BANDEL JN.,BDC,HOWRAH JN.,HWH,16:40,17:42,37.86
37263,61.0,1.02,39,17,HOWRAH JN.,HWH,BANDEL JN.,BDC,17:47,18:48,38.24
37264,62.0,1.03,39,17,BANDEL JN.,BDC,HOWRAH JN.,HWH,16:48,17:50,37.86
37265,59.0,0.98,39,17,HOWRAH JN.,HWH,BANDEL JN.,BDC,18:15,19:14,39.8
37266,60.0,1.0,39,17,BANDEL JN.,BDC,HOWRAH JN.,HWH,17:12,18:12,39.0
37267,60.0,1.0,39,17,HOWRAH JN.,HWH,BANDEL JN.,BDC,18:20,19:20,39.0
37268,60.0,1.0,39,17,BANDEL JN.,BDC,HOWRAH JN.,HWH,17:30,18:30,39.0
37269,60.0,1.0,39,17,HOWRAH JN.,HWH,BANDEL JN.,BDC,18:45,19:45,39.0
37270,65.0,1.08,39,17,BANDEL JN.,BDC,HOWRAH JN.,HWH,18:05,19:10,36.11
37271,58.0,0.97,39,17,HOWRAH JN.,HWH,BANDEL JN.,BDC,19:30,20:28,40.21
37272,62.0,1.03,39,17,BANDEL JN.,BDC,HOWRAH JN.,HWH,18:20,19:22,37.86
37273,60.0,1.0,39,17,HOWRAH JN.,HWH,BANDEL JN.,BDC,19:40,20:40,39.0
37274,65.0,1.08,39,17,BANDEL JN.,BDC,HOWRAH JN.,HWH,18:50,19:55,36.11
37275,60.0,1.0,39,17,HOWRAH JN.,HWH,BANDEL JN.,BDC,20:10,21:10,39.0
37276,66.0,1.1,39,17,BANDEL JN.,BDC,HOWRAH JN.,HWH,19:30,20:36,35.45
37277,59.0,0.98,39,17,HOWRAH JN.,HWH,BANDEL JN.,BDC,21:05,22:04,39.8
37278,63.0,1.05,39,17,BANDEL JN.,BDC,HOWRAH JN.,HWH,19:45,20:48,37.14
37279,60.0,1.0,39,17,HOWRAH JN.,HWH,BANDEL JN.,BDC,21:10,22:10,39.0
37280,62.0,1.03,39,17,BANDEL JN.,BDC,HOWRAH JN.,HWH,20:33,21:35,37.86
37281,60.0,1.0,39,17,HOWRAH JN.,HWH,BANDEL JN.,BDC,21:30,22:30,39.0
37282,60.0,1.0,39,17,BANDEL JN.,BDC,HOWRAH JN.,HWH,21:00,22:00,39.0
37283,60.0,1.0,39,17,HOWRAH JN.,HWH,BANDEL JN.,BDC,21:50,22:50,39.0
37284,65.0,1.08,39,17,BANDEL JN.,BDC,HOWRAH JN.,HWH,21:45,22:50,36.11
37285,60.0,1.0,39,17,HOWRAH JN.,HWH,BANDEL JN.,BDC,22:20,23:20,39.0
37286,62.0,1.03,39,17,BANDEL JN.,BDC,HOWRAH JN.,HWH,22:18,23:20,37.86
37287,58.0,0.97,39,17,HOWRAH JN.,HWH,BANDEL JN.,BDC,22:30,23:28,40.21
37288,63.0,1.05,39,17,BANDEL JN.,BDC,HOWRAH JN.,HWH,22:30,23:33,37.14
37289,65.0,1.08,39,17,HOWRAH JN.,HWH,BANDEL JN.,BDC,23:15,00:20,36.11
37290,60.0,1.0,39,17,BANDEL JN.,BDC,HOWRAH JN.,HWH,22:45,23:45,39.0
37291,60.0,1.0,39,17,HOWRAH JN.,HWH,BANDEL JN.,BDC,23:45,00:45,39.0
37303,58.0,0.97,33,13,HOWRAH JN.,HWH,SINGUR,SIU,05:32,06:30,34.02
37304,57.0,0.95,33,13,SINGUR,SIU,HOWRAH JN.,HWH,08:12,09:09,34.74
37305,62.0,1.03,33,13,HOWRAH JN.,HWH,SINGUR,SIU,19:15,20:17,32.04
37306,65.0,1.08,33,13,SINGUR,SIU,HOWRAH JN.,HWH,21:05,22:10,30.56
37307,70.0,1.17,44,17,HOWRAH JN.,HWH,HARI PAL,HPL,06:52,08:02,37.61
37308,78.0,1.3,44,17,HARI PAL,HPL,HOWRAH JN.,HWH,08:30,09:48,33.85
37311,90.0,1.5,57,21,HOWRAH JN.,HWH,TARAKESHWAR,TAK,05:55,07:25,38.0
37312,90.0,1.5,57,21,TARAKESHWAR,TAK,HOWRAH JN.,HWH,03:50,05:20,38.0
37313,93.0,1.55,57,21,HOWRAH JN.,HWH,TARAKESHWAR,TAK,06:32,08:05,36.77
37314,90.0,1.5,57,21,TARAKESHWAR,TAK,HOWRAH JN.,HWH,04:50,06:20,38.0
37315,90.0,1.5,57,21,HOWRAH JN.,HWH,TARAKESHWAR,TAK,08:25,09:55,38.0
37316,90.0,1.5,57,21,TARAKESHWAR,TAK,HOWRAH JN.,HWH,05:35,07:05,38.0
37317,87.0,1.45,57,21,HOWRAH JN.,HWH,TARAKESHWAR,TAK,09:05,10:32,39.31
37318,95.0,1.58,57,21,TARAKESHWAR,TAK,HOWRAH JN.,HWH,06:20,07:55,36.08
37319,88.0,1.47,57,21,HOWRAH JN.,HWH,TARAKESHWAR,TAK,10:20,11:48,38.78
37320,95.0,1.58,57,20,TARAKESHWAR,TAK,HOWRAH JN.,HWH,07:05,08:40,36.08
37321,90.0,1.5,57,21,HOWRAH JN.,HWH,TARAKESHWAR,TAK,10:50,12:20,38.0
37322,89.0,1.48,57,18,TARAKESHWAR,TAK,HOWRAH JN.,HWH,07:55,09:24,38.51
37323,89.0,1.48,57,21,HOWRAH JN.,HWH,TARAKESHWAR,TAK,11:36,13:05,38.51
37324,90.0,1.5,57,21,TARAKESHWAR,TAK,HOWRAH JN.,HWH,09:32,11:02,38.0
37325,90.0,1.5,57,21,HOWRAH JN.,HWH,TARAKESHWAR,TAK,13:20,14:50,38.0
37326,93.0,1.55,57,21,TARAKESHWAR,TAK,HOWRAH JN.,HWH,10:25,11:58,36.77
37327,85.0,1.42,57,21,HOWRAH JN.,HWH,TARAKESHWAR,TAK,13:38,15:03,40.14
37328,92.0,1.53,57,21,TARAKESHWAR,TAK,HOWRAH JN.,HWH,11:15,12:47,37.25
37329,90.0,1.5,57,21,HOWRAH JN.,HWH,TARAKESHWAR,TAK,14:10,15:40,38.0
37330,95.0,1.58,57,21,TARAKESHWAR,TAK,HOWRAH JN.,HWH,12:00,13:35,36.08
37331,95.0,1.58,57,21,HOWRAH JN.,HWH,TARAKESHWAR,TAK,15:05,16:40,36.08
37332,92.0,1.53,57,21,TARAKESHWAR,TAK,HOWRAH JN.,HWH,12:40,14:12,37.25
37333,90.0,1.5,57,21,HOWRAH JN.,HWH,TARAKESHWAR,TAK,16:10,17:40,38.0
37334,95.0,1.58,57,21,TARAKESHWAR,TAK,HOWRAH JN.,HWH,13:25,15:00,36.08
37335,93.0,1.55,57,21,HOWRAH JN.,HWH,TARAKESHWAR,TAK,17:42,19:15,36.77
37336,92.0,1.53,57,21,TARAKESHWAR,TAK,HOWRAH JN.,HWH,14:18,15:50,37.25
37337,90.0,1.5,57,21,HOWRAH JN.,HWH,TARAKESHWAR,TAK,18:10,19:40,38.0
37338,90.0,1.5,57,21,TARAKESHWAR,TAK,HOWRAH JN.,HWH,15:15,16:45,38.0
37339,93.0,1.55,57,21,HOWRAH JN.,HWH,TARAKESHWAR,TAK,19:05,20:38,36.77
37340,85.0,1.42,57,21,TARAKESHWAR,TAK,HOWRAH JN.,HWH,16:18,17:43,40.14
37341,90.0,1.5,57,21,HOWRAH JN.,HWH,TARAKESHWAR,TAK,19:50,21:20,38.0
37342,95.0,1.58,57,21,TARAKESHWAR,TAK,HOWRAH JN.,HWH,17:05,18:40,36.08
37343,90.0,1.5,57,21,HOWRAH JN.,HWH,TARAKESHWAR,TAK,20:05,21:35,38.0
37344,95.0,1.58,57,21,TARAKESHWAR,TAK,HOWRAH JN.,HWH,18:07,19:42,36.08
37345,85.0,1.42,57,21,HOWRAH JN.,HWH,TARAKESHWAR,TAK,20:40,22:05,40.14
37346,88.0,1.47,57,21,TARAKESHWAR,TAK,HOWRAH JN.,HWH,19:00,20:28,38.78
37347,87.0,1.45,57,21,HOWRAH JN.,HWH,TARAKESHWAR,TAK,21:15,22:42,39.31
37348,92.0,1.53,57,21,TARAKESHWAR,TAK,HOWRAH JN.,HWH,19:33,21:05,37.25
37349,89.0,1.48,57,21,HOWRAH JN.,HWH,TARAKESHWAR,TAK,22:05,23:34,38.51
37350,100.0,1.67,57,21,TARAKESHWAR,TAK,HOWRAH JN.,HWH,20:55,22:35,34.13
37351,90.0,1.5,57,21,HOWRAH JN.,HWH,TARAKESHWAR,TAK,23:00,00:30,38.0
37352,90.0,1.5,57,21,TARAKESHWAR,TAK,HOWRAH JN.,HWH,21:38,23:08,38.0
37354,90.0,1.5,57,21,TARAKESHWAR,TAK,HOWRAH JN.,HWH,22:50,00:20,38.0
37361,150.0,2.5,81,23,HOWRAH JN.,HWH,ARAMBAG,AMBG,05:10,07:40,32.4
37362,135.0,2.25,81,23,ARAMBAG,AMBG,HOWRAH JN.,HWH,08:30,10:45,36.0
37363,125.0,2.08,81,23,HOWRAH JN.,HWH,ARAMBAG,AMBG,09:55,12:00,38.94
37364,140.0,2.33,81,23,ARAMBAG,AMBG,HOWRAH JN.,HWH,12:20,14:40,34.76
37365,145.0,2.42,81,23,HOWRAH JN.,HWH,ARAMBAG,AMBG,12:15,14:40,33.47
37366,132.0,2.2,81,23,ARAMBAG,AMBG,HOWRAH JN.,HWH,14:50,17:02,36.82
37367,125.0,2.08,81,23,HOWRAH JN.,HWH,ARAMBAG,AMBG,17:10,19:15,38.94
37368,127.0,2.12,81,23,ARAMBAG,AMBG,HOWRAH JN.,HWH,19:46,21:53,38.21
37371,140.0,2.33,81,23,HOWRAH JN.,HWH,ARAMBAG,AMBG,04:22,06:42,34.76
37372,137.0,2.28,81,22,ARAMBAG,AMBG,HOWRAH JN.,HWH,07:45,10:02,35.53
37373,139.0,2.32,81,23,HOWRAH JN.,HWH,ARAMBAG,AMBG,07:25,09:44,34.91
37374,125.0,2.08,81,23,ARAMBAG,AMBG,HOWRAH JN.,HWH,13:25,15:30,38.94
37375,129.0,2.15,81,23,HOWRAH JN.,HWH,ARAMBAG,AMBG,10:35,12:44,37.67
37376,128.0,2.13,81,23,ARAMBAG,AMBG,HOWRAH JN.,HWH,19:20,21:28,38.03
37378,138.0,2.3,81,23,ARAMBAG,AMBG,HOWRAH JN.,HWH,21:40,23:58,35.22
37379,137.0,2.28,81,23,HOWRAH JN.,HWH,ARAMBAG,AMBG,18:40,20:57,35.53
37385,40.0,0.67,24,3,TARAKESHWAR,TAK,ARAMBAG,AMBG,03:50,04:30,35.82
37386,40.0,0.67,24,3,ARAMBAG,AMBG,TARAKESHWAR,TAK,04:40,05:20,35.82
37387,36.0,0.6,24,5,TARAKESHWAR,TAK,ARAMBAG,AMBG,05:32,06:08,40.0
37388,40.0,0.67,24,5,ARAMBAG,AMBG,TARAKESHWAR,TAK,06:18,06:58,35.82
37389,34.0,0.57,24,3,TARAKESHWAR,TAK,ARAMBAG,AMBG,16:00,16:34,42.11
37390,35.0,0.58,24,3,ARAMBAG,AMBG,TARAKESHWAR,TAK,10:25,11:00,41.38
37391,40.0,0.67,24,5,TARAKESHWAR,TAK,ARAMBAG,AMBG,22:25,23:05,35.82
37392,38.0,0.63,24,3,ARAMBAG,AMBG,TARAKESHWAR,TAK,17:20,17:58,38.1
37394,40.0,0.67,24,5,ARAMBAG,AMBG,TARAKESHWAR,TAK,23:15,23:55,35.82
37411,50.0,0.83,34,12,SEORAPHULI J,SHE,TARAKESHWAR,TAK,05:15,06:05,40.96
37412,50.0,0.83,34,12,TARAKESHWAR,TAK,SEORAPHULI J,SHE,04:15,05:05,40.96
37413,48.0,0.8,34,12,SEORAPHULI J,SHE,TARAKESHWAR,TAK,23:10,23:58,42.5
37414,48.0,0.8,34,12,TARAKESHWAR,TAK,SEORAPHULI J,SHE,22:00,22:48,42.5
37511,47.0,0.78,30,14,BALLY,BLY,BANDEL JN.,BDC,17:50,18:37,38.46
37512,45.0,0.75,30,14,BANDEL JN.,BDC,BALLY,BLY,16:25,17:10,40.0
37521,20.0,0.33,8,4,NAIHATI JN.,NH,BANDEL JN.,BDC,04:40,05:00,24.24
37522,20.0,0.33,8,4,BANDEL JN.,BDC,NAIHATI JN.,NH,04:10,04:30,24.24
37523,19.0,0.32,8,4,NAIHATI JN.,NH,BANDEL JN.,BDC,06:18,06:37,25.0
37524,18.0,0.3,8,4,BANDEL JN.,BDC,NAIHATI JN.,NH,05:32,05:50,26.67
37525,20.0,0.33,8,4,NAIHATI JN.,NH,BANDEL JN.,BDC,07:30,07:50,24.24
37526,19.0,0.32,8,4,BANDEL JN.,BDC,NAIHATI JN.,NH,06:45,07:04,25.0
37527,19.0,0.32,8,4,NAIHATI JN.,NH,BANDEL JN.,BDC,07:55,08:14,25.0
37528,21.0,0.35,8,4,BANDEL JN.,BDC,NAIHATI JN.,NH,07:21,07:42,22.86
37529,19.0,0.32,8,4,NAIHATI JN.,NH,BANDEL JN.,BDC,08:33,08:52,25.0
37530,20.0,0.33,8,4,BANDEL JN.,BDC,NAIHATI JN.,NH,08:02,08:22,24.24
37531,20.0,0.33,8,4,NAIHATI JN.,NH,BANDEL JN.,BDC,09:42,10:02,24.24
37532,20.0,0.33,8,4,BANDEL JN.,BDC,NAIHATI JN.,NH,09:12,09:32,24.24
37533,20.0,0.33,8,4,NAIHATI JN.,NH,BANDEL JN.,BDC,10:45,11:05,24.24
37534,20.0,0.33,8,4,BANDEL JN.,BDC,NAIHATI JN.,NH,10:15,10:35,24.24
37535,20.0,0.33,8,4,NAIHATI JN.,NH,BANDEL JN.,BDC,12:10,12:30,24.24
37536,20.0,0.33,8,4,BANDEL JN.,BDC,NAIHATI JN.,NH,11:42,12:02,24.24
37537,20.0,0.33,8,4,NAIHATI JN.,NH,BANDEL JN.,BDC,13:30,13:50,24.24
37538,22.0,0.37,8,4,BANDEL JN.,BDC,NAIHATI JN.,NH,12:52,13:14,21.62
37539,20.0,0.33,8,4,NAIHATI JN.,NH,BANDEL JN.,BDC,15:08,15:28,24.24
37540,19.0,0.32,8,4,BANDEL JN.,BDC,NAIHATI JN.,NH,14:39,14:58,25.0
37541,20.0,0.33,8,4,NAIHATI JN.,NH,BANDEL JN.,BDC,15:50,16:10,24.24
37542,20.0,0.33,8,4,BANDEL JN.,BDC,NAIHATI JN.,NH,15:00,15:20,24.24
37543,20.0,0.33,8,4,NAIHATI JN.,NH,BANDEL JN.,BDC,16:08,16:28,24.24
37544,19.0,0.32,8,4,BANDEL JN.,BDC,NAIHATI JN.,NH,15:41,16:00,25.0
37545,19.0,0.32,8,4,NAIHATI JN.,NH,BANDEL JN.,BDC,17:18,17:37,25.0
37546,20.0,0.33,8,4,BANDEL JN.,BDC,NAIHATI JN.,NH,16:50,17:10,24.24
37547,20.0,0.33,8,4,NAIHATI JN.,NH,BANDEL JN.,BDC,18:32,18:52,24.24
37548,22.0,0.37,8,4,BANDEL JN.,BDC,NAIHATI JN.,NH,17:45,18:07,21.62
37549,18.0,0.3,8,4,NAIHATI JN.,NH,BANDEL JN.,BDC,19:15,19:33,26.67
37550,20.0,0.33,8,4,BANDEL JN.,BDC,NAIHATI JN.,NH,18:40,19:00,24.24
37551,20.0,0.33,8,4,NAIHATI JN.,NH,BANDEL JN.,BDC,19:50,20:10,24.24
37552,22.0,0.37,8,4,BANDEL JN.,BDC,NAIHATI JN.,NH,19:20,19:42,21.62
37553,18.0,0.3,8,4,NAIHATI JN.,NH,BANDEL JN.,BDC,21:15,21:33,26.67
37554,22.0,0.37,8,4,BANDEL JN.,BDC,NAIHATI JN.,NH,20:35,20:57,21.62
37555,20.0,0.33,8,4,NAIHATI JN.,NH,BANDEL JN.,BDC,22:15,22:35,24.24
37556,20.0,0.33,8,4,BANDEL JN.,BDC,NAIHATI JN.,NH,21:45,22:05,24.24
37557,22.0,0.37,8,4,NAIHATI JN.,NH,BANDEL JN.,BDC,23:58,00:20,21.62
37558,19.0,0.32,8,4,BANDEL JN.,BDC,NAIHATI JN.,NH,23:26,23:45,25.0
37611,88.0,1.47,60,20,HOWRAH JN.,HWH,PUNDOOAH,PDA,11:42,13:10,40.82
37612,80.0,1.33,60,15,PUNDOOAH,PDA,HOWRAH JN.,HWH,08:55,10:15,45.11
37614,98.0,1.63,60,20,PUNDOOAH,PDA,HOWRAH JN.,HWH,13:30,15:08,36.81
37651,105.0,1.75,81,18,HOWRAH JN.,HWH,MEMARI,MYM,08:40,10:25,46.29
37652,125.0,2.08,81,18,MEMARI,MYM,HOWRAH JN.,HWH,11:10,13:15,38.94
37653,111.0,1.85,81,28,HOWRAH JN.,HWH,MEMARI,MYM,11:31,13:22,43.78
37654,115.0,1.92,81,28,MEMARI,MYM,HOWRAH JN.,HWH,13:45,15:40,42.19
37655,112.0,1.87,81,28,HOWRAH JN.,HWH,MEMARI,MYM,12:45,14:37,43.32
37656,117.0,1.95,81,28,MEMARI,MYM,HOWRAH JN.,HWH,14:55,16:52,41.54
37657,107.0,1.78,81,28,HOWRAH JN.,HWH,MEMARI,MYM,13:43,15:30,45.51
37658,115.0,1.92,81,28,MEMARI,MYM,HOWRAH JN.,HWH,16:00,17:55,42.19
37711,25.0,0.42,21,6,BANDEL JN.,BDC,PUNDOOAH,PDA,08:20,08:45,50.0
37731,45.0,0.75,42,12,BANDEL JN.,BDC,MEMARI,MYM,19:40,20:25,56.0
37732,50.0,0.83,42,12,MEMARI,MYM,BANDEL JN.,BDC,21:50,22:40,50.6
37741,150.0,2.5,104,27,BANDEL JN.,BDC,KATWA JN.,KWAE,03:05,05:35,41.6
37742,130.0,2.17,104,25,KATWA JN.,KWAE,BANDEL JN.,BDC,04:40,06:50,47.93
37743,130.0,2.17,104,24,BANDEL JN.,BDC,KATWA JN.,KWAE,04:30,06:40,47.93
37744,135.0,2.25,104,28,KATWA JN.,KWAE,BANDEL JN.,BDC,08:45,11:00,46.22
37745,130.0,2.17,104,26,BANDEL JN.,BDC,KATWA JN.,KWAE,05:40,07:50,47.93
37746,150.0,2.5,104,27,KATWA JN.,KWAE,BANDEL JN.,BDC,11:10,13:40,41.6
37747,135.0,2.25,104,27,BANDEL JN.,BDC,KATWA JN.,KWAE,08:10,10:25,46.22
37748,135.0,2.25,104,28,KATWA JN.,KWAE,BANDEL JN.,BDC,13:00,15:15,46.22
37750,125.0,2.08,104,28,KATWA JN.,KWAE,BANDEL JN.,BDC,17:35,19:40,50.0
37751,150.0,2.5,104,28,BANDEL JN.,BDC,KATWA JN.,KWAE,14:40,17:10,41.6
37752,135.0,2.25,104,28,KATWA JN.,KWAE,BANDEL JN.,BDC,19:50,22:05,46.22
37753,135.0,2.25,104,28,BANDEL JN.,BDC,KATWA JN.,KWAE,16:20,18:35,46.22
37754,130.0,2.17,104,25,KATWA JN.,KWAE,BANDEL JN.,BDC,20:50,23:00,47.93
37756,135.0,2.25,104,28,KATWA JN.,KWAE,BANDEL JN.,BDC,21:20,23:35,46.22
37757,130.0,2.17,104,24,BANDEL JN.,BDC,KATWA JN.,KWAE,23:25,01:35,47.93
37758,127.0,2.12,104,25,KATWA JN.,KWAE,BANDEL JN.,BDC,21:50,23:57,49.06
37781,77.0,1.28,67,18,BANDEL JN.,BDC,BARDDHAMAN J,BWN,03:45,05:02,52.34
37782,75.0,1.25,67,18,BARDDHAMAN J,BWN,BANDEL JN.,BDC,06:45,08:00,53.6
37783,77.0,1.28,67,18,BANDEL JN.,BDC,BARDDHAMAN J,BWN,04:20,05:37,52.34
37784,80.0,1.33,67,18,BARDDHAMAN J,BWN,BANDEL JN.,BDC,21:00,22:20,50.38
37785,80.0,1.33,67,18,BANDEL JN.,BDC,BARDDHAMAN J,BWN,05:45,07:05,50.38
37786,75.0,1.25,67,18,BARDDHAMAN J,BWN,BANDEL JN.,BDC,03:35,04:50,53.6
37811,140.0,2.33,106,34,HOWRAH JN.,HWH,BARDDHAMAN J,BWN,04:15,06:35,45.49
37812,142.0,2.37,106,32,BARDDHAMAN J,BWN,HOWRAH JN.,HWH,03:05,05:27,44.73
37813,140.0,2.33,106,34,HOWRAH JN.,HWH,BARDDHAMAN J,BWN,05:00,07:20,45.49
37814,150.0,2.5,106,34,BARDDHAMAN J,BWN,HOWRAH JN.,HWH,04:05,06:35,42.4
37815,130.0,2.17,106,27,HOWRAH JN.,HWH,BARDDHAMAN J,BWN,05:25,07:35,48.85
37816,143.0,2.38,106,34,BARDDHAMAN J,BWN,HOWRAH JN.,HWH,05:05,07:28,44.54
37817,147.0,2.45,106,34,HOWRAH JN.,HWH,BARDDHAMAN J,BWN,06:20,08:47,43.27
37818,146.0,2.43,106,34,BARDDHAMAN J,BWN,HOWRAH JN.,HWH,05:42,08:08,43.62
37819,147.0,2.45,106,34,HOWRAH JN.,HWH,BARDDHAMAN J,BWN,06:58,09:25,43.27
37820,137.0,2.28,106,34,BARDDHAMAN J,BWN,HOWRAH JN.,HWH,06:18,08:35,46.49
37821,139.0,2.32,106,34,HOWRAH JN.,HWH,BARDDHAMAN J,BWN,08:05,10:24,45.69
37822,115.0,1.92,106,3,BARDDHAMAN J,BWN,HOWRAH JN.,HWH,06:35,08:30,55.21
37823,145.0,2.42,106,34,HOWRAH JN.,HWH,BARDDHAMAN J,BWN,09:00,11:25,43.8
37824,137.0,2.28,106,28,BARDDHAMAN J,BWN,HOWRAH JN.,HWH,07:00,09:17,46.49
37825,145.0,2.42,106,34,HOWRAH JN.,HWH,BARDDHAMAN J,BWN,10:05,12:30,43.8
37826,132.0,2.2,106,22,BARDDHAMAN J,BWN,HOWRAH JN.,HWH,07:38,09:50,48.18
37827,145.0,2.42,106,34,HOWRAH JN.,HWH,BARDDHAMAN J,BWN,11:25,13:50,43.8
37828,136.0,2.27,106,27,BARDDHAMAN J,BWN,HOWRAH JN.,HWH,08:22,10:38,46.7
37829,140.0,2.33,106,34,HOWRAH JN.,HWH,BARDDHAMAN J,BWN,12:30,14:50,45.49
37830,139.0,2.32,106,27,BARDDHAMAN J,BWN,HOWRAH JN.,HWH,08:46,11:05,45.69
37831,138.0,2.3,106,30,HOWRAH JN.,HWH,BARDDHAMAN J,BWN,14:20,16:38,46.09
37832,155.0,2.58,106,34,BARDDHAMAN J,BWN,HOWRAH JN.,HWH,10:05,12:40,41.09
37833,145.0,2.42,106,33,HOWRAH JN.,HWH,BARDDHAMAN J,BWN,14:45,17:10,43.8
37834,148.0,2.47,106,34,BARDDHAMAN J,BWN,HOWRAH JN.,HWH,11:22,13:50,42.91
37835,145.0,2.42,106,21,HOWRAH JN.,HWH,BARDDHAMAN J,BWN,14:46,17:11,43.8
37836,141.0,2.35,106,34,BARDDHAMAN J,BWN,HOWRAH JN.,HWH,12:25,14:46,45.11
37837,140.0,2.33,106,27,HOWRAH JN.,HWH,BARDDHAMAN J,BWN,15:30,17:50,45.49
37838,145.0,2.42,106,34,BARDDHAMAN J,BWN,HOWRAH JN.,HWH,13:40,16:05,43.8
37839,135.0,2.25,106,29,HOWRAH JN.,HWH,BARDDHAMAN J,BWN,16:45,19:00,47.11
37840,140.0,2.33,106,34,BARDDHAMAN J,BWN,HOWRAH JN.,HWH,15:15,17:35,45.49
37841,126.0,2.1,106,22,HOWRAH JN.,HWH,BARDDHAMAN J,BWN,17:30,19:36,50.48
37842,152.0,2.53,106,34,BARDDHAMAN J,BWN,HOWRAH JN.,HWH,16:30,19:02,41.9
37843,115.0,1.92,106,3,HOWRAH JN.,HWH,BARDDHAMAN J,BWN,17:55,19:50,55.21
37844,143.0,2.38,106,22,BARDDHAMAN J,BWN,HOWRAH JN.,HWH,17:25,19:48,44.54
37845,140.0,2.33,106,30,HOWRAH JN.,HWH,BARDDHAMAN J,BWN,18:05,20:25,45.49
37846,145.0,2.42,106,33,BARDDHAMAN J,BWN,HOWRAH JN.,HWH,17:24,19:49,43.8
37847,135.0,2.25,106,27,HOWRAH JN.,HWH,BARDDHAMAN J,BWN,18:35,20:50,47.11
37848,140.0,2.33,106,34,BARDDHAMAN J,BWN,HOWRAH JN.,HWH,18:00,20:20,45.49
37849,120.0,2.0,106,11,HOWRAH JN.,HWH,BARDDHAMAN J,BWN,19:00,21:00,53.0
37850,138.0,2.3,106,34,BARDDHAMAN J,BWN,HOWRAH JN.,HWH,18:40,20:58,46.09
37851,138.0,2.3,106,34,HOWRAH JN.,HWH,BARDDHAMAN J,BWN,19:10,21:28,46.09
37852,140.0,2.33,106,34,BARDDHAMAN J,BWN,HOWRAH JN.,HWH,19:55,22:15,45.49
37853,147.0,2.45,106,30,HOWRAH JN.,HWH,BARDDHAMAN J,BWN,20:20,22:47,43.27
37854,152.0,2.53,106,34,BARDDHAMAN J,BWN,HOWRAH JN.,HWH,20:40,23:12,41.9
37855,143.0,2.38,106,34,HOWRAH JN.,HWH,BARDDHAMAN J,BWN,20:47,23:10,44.54
37857,140.0,2.33,106,34,HOWRAH JN.,HWH,BARDDHAMAN J,BWN,22:10,00:30,45.49
37911,192.0,3.2,143,44,HOWRAH JN.,HWH,KATWA JN.,KWAE,05:38,08:50,44.69
37912,195.0,3.25,144,41,KATWA JN.,KWAE,HOWRAH JN.,HWH,03:45,07:00,44.31
37913,190.0,3.17,143,44,HOWRAH JN.,HWH,KATWA JN.,KWAE,08:00,11:10,45.11
37914,183.0,3.05,144,29,KATWA JN.,KWAE,HOWRAH JN.,HWH,05:40,08:43,47.21
37915,195.0,3.25,144,30,HOWRAH JN.,HWH,KATWA JN.,KWAE,10:00,13:15,44.31
37916,185.0,3.08,144,31,KATWA JN.,KWAE,HOWRAH JN.,HWH,06:20,09:25,46.75
37917,195.0,3.25,143,44,HOWRAH JN.,HWH,KATWA JN.,KWAE,12:10,15:25,44.0
37918,200.0,3.33,144,44,KATWA JN.,KWAE,HOWRAH JN.,HWH,07:00,10:20,43.24
37919,190.0,3.17,144,33,HOWRAH JN.,HWH,KATWA JN.,KWAE,14:30,17:40,45.43
37920,190.0,3.17,144,30,KATWA JN.,KWAE,HOWRAH JN.,HWH,07:45,10:55,45.43
37921,193.0,3.22,143,39,HOWRAH JN.,HWH,KATWA JN.,KWAE,17:05,20:18,44.41
37922,225.0,3.75,144,44,KATWA JN.,KWAE,HOWRAH JN.,HWH,10:20,14:05,38.4
37923,185.0,3.08,144,31,HOWRAH JN.,HWH,KATWA JN.,KWAE,18:00,21:05,46.75
37924,203.0,3.38,144,30,KATWA JN.,KWAE,HOWRAH JN.,HWH,14:45,18:08,42.6
37925,185.0,3.08,144,29,HOWRAH JN.,HWH,KATWA JN.,KWAE,19:25,22:30,46.75
37926,198.0,3.3,144,44,KATWA JN.,KWAE,HOWRAH JN.,HWH,15:30,18:48,43.64
37927,195.0,3.25,143,41,HOWRAH JN.,HWH,KATWA JN.,KWAE,20:30,23:45,44.0
37928,202.0,3.37,144,40,KATWA JN.,KWAE,HOWRAH JN.,HWH,19:20,22:42,42.73
38031,15.0,0.25,5,3,SHALIMAR,SHM,SANTRAGACHI,SRC,08:45,09:00,20.0
38032,13.0,0.22,5,3,SANTRAGACHI,SRC,SHALIMAR,SHM,09:30,09:43,22.73
38033,15.0,0.25,5,3,SHALIMAR,SHM,SANTRAGACHI,SRC,17:15,17:30,20.0
38034,15.0,0.25,5,3,SANTRAGACHI,SRC,SHALIMAR,SHM,15:40,15:55,20.0
38036,20.0,0.33,5,3,SANTRAGACHI,SRC,SHALIMAR,SHM,18:10,18:30,15.15
38051,220.0,3.67,140,38,HOWRAH JN.,HWH,HALDIA,HLZ,06:05,09:45,38.15
38052,195.0,3.25,139,26,HALDIA,HLZ,HOWRAH JN.,HWH,06:05,09:20,42.77
38053,190.0,3.17,136,21,HOWRAH JN.,HWH,HALDIA,HLZ,09:35,12:45,42.9
38054,95.0,1.58,68,14,HALDIA,HLZ,PANSKURA,PKU,10:00,11:35,43.04
38055,100.0,1.67,68,14,PANSKURA,PKU,HALDIA,HLZ,15:15,16:55,40.72
38056,192.0,3.2,137,20,HALDIA,HLZ,HOWRAH JN.,HWH,14:50,18:02,42.81
38057,218.0,3.63,140,34,HOWRAH JN.,HWH,HALDIA,HLZ,18:00,21:38,38.57
38058,210.0,3.5,139,26,HALDIA,HLZ,HOWRAH JN.,HWH,17:20,20:50,39.71
38101,40.0,0.67,24,9,SANTRAGACHI,SRC,ULUBARIA,ULB,05:35,06:15,35.82
38102,45.0,0.75,24,9,ULUBARIA,ULB,SANTRAGACHI,SRC,06:50,07:35,32.0
38103,61.0,1.02,32,13,HOWRAH JN.,HWH,ULUBARIA,ULB,07:02,08:03,31.37
38104,61.0,1.02,32,13,ULUBARIA,ULB,HOWRAH JN.,HWH,08:17,09:18,31.37
38105,68.0,1.13,32,14,HOWRAH JN.,HWH,ULUBARIA,ULB,08:27,09:35,28.32
38106,63.0,1.05,32,13,ULUBARIA,ULB,HOWRAH JN.,HWH,09:47,10:50,30.48
38107,42.0,0.7,24,9,SANTRAGACHI,SRC,ULUBARIA,ULB,16:40,17:22,34.29
38108,76.0,1.27,32,13,ULUBARIA,ULB,HOWRAH JN.,HWH,17:52,19:08,25.2
38202,72.0,1.2,45,16,BAGNAN,BZN,HOWRAH JN.,HWH,07:30,08:42,37.5
38204,77.0,1.28,45,16,BAGNAN,BZN,HOWRAH JN.,HWH,08:20,09:37,35.16
38206,55.0,0.92,37,12,BAGNAN,BZN,SANTRAGACHI,SRC,18:45,19:40,40.22
38301,75.0,1.25,50,17,SANTRAGACHI,SRC,MECHEDA,MCA,06:10,07:25,40.0
38302,90.0,1.5,58,20,MECHEDA,MCA,HOWRAH JN.,HWH,03:05,04:35,38.67
38303,97.0,1.62,58,21,HOWRAH JN.,HWH,MECHEDA,MCA,07:35,09:12,35.8
38304,90.0,1.5,58,20,MECHEDA,MCA,HOWRAH JN.,HWH,03:50,05:20,38.67
38305,100.0,1.67,56,18,SHALIMAR,SHM,MECHEDA,MCA,10:30,12:10,33.53
38306,90.0,1.5,58,20,MECHEDA,MCA,HOWRAH JN.,HWH,04:35,06:05,38.67
38307,92.0,1.53,58,20,HOWRAH JN.,HWH,MECHEDA,MCA,12:30,14:02,37.91
38308,90.0,1.5,58,20,MECHEDA,MCA,HOWRAH JN.,HWH,06:15,07:45,38.67
38310,87.0,1.45,55,18,MECHEDA,MCA,SHALIMAR,SHM,07:03,08:30,37.93
38312,95.0,1.58,58,20,MECHEDA,MCA,HOWRAH JN.,HWH,09:50,11:25,36.71
38314,98.0,1.63,58,20,MECHEDA,MCA,HOWRAH JN.,HWH,13:27,15:05,35.58
38316,80.0,1.33,50,16,MECHEDA,MCA,SANTRAGACHI,SRC,14:10,15:30,37.59
38318,93.0,1.55,58,20,MECHEDA,MCA,HOWRAH JN.,HWH,14:27,16:00,37.42
38321,105.0,1.75,58,20,HOWRAH JN.,HWH,MECHEDA,MCA,22:55,00:40,33.14
38401,108.0,1.8,71,25,HOWRAH JN.,HWH,PANSKURA,PKU,05:22,07:10,39.44
38402,107.0,1.78,70,24,PANSKURA,PKU,HOWRAH JN.,HWH,03:05,04:52,39.33
38403,108.0,1.8,71,25,HOWRAH JN.,HWH,PANSKURA,PKU,05:45,07:33,39.44
38404,108.0,1.8,70,24,PANSKURA,PKU,HOWRAH JN.,HWH,03:22,05:10,38.89
38405,107.0,1.78,71,25,HOWRAH JN.,HWH,PANSKURA,PKU,06:43,08:30,39.89
38406,109.0,1.82,70,24,PANSKURA,PKU,HOWRAH JN.,HWH,04:03,05:52,38.46
38407,90.0,1.5,63,21,SANTRAGACHI,SRC,PANSKURA,PKU,07:45,09:15,42.0
38408,108.0,1.8,70,24,PANSKURA,PKU,HOWRAH JN.,HWH,04:32,06:20,38.89
38409,120.0,2.0,71,25,HOWRAH JN.,HWH,PANSKURA,PKU,07:45,09:45,35.5
38410,107.0,1.78,70,24,PANSKURA,PKU,HOWRAH JN.,HWH,05:05,06:52,39.33
38411,119.0,1.98,71,24,HOWRAH JN.,HWH,PANSKURA,PKU,08:13,10:12,35.86
38412,107.0,1.78,70,24,PANSKURA,PKU,HOWRAH JN.,HWH,05:43,07:30,39.33
38413,110.0,1.83,71,25,HOWRAH JN.,HWH,PANSKURA,PKU,09:00,10:50,38.8
38414,115.0,1.92,70,24,PANSKURA,PKU,HOWRAH JN.,HWH,06:25,08:20,36.46
38416,105.0,1.75,70,24,PANSKURA,PKU,HOWRAH JN.,HWH,07:25,09:10,40.0
38419,120.0,2.0,71,25,HOWRAH JN.,HWH,PANSKURA,PKU,10:10,12:10,35.5
38421,113.0,1.88,71,24,HOWRAH JN.,HWH,PANSKURA,PKU,11:15,13:08,37.77
38423,107.0,1.78,71,24,HOWRAH JN.,HWH,PANSKURA,PKU,13:10,14:57,39.89
38425,110.0,1.83,71,24,HOWRAH JN.,HWH,PANSKURA,PKU,13:55,15:45,38.8
38427,105.0,1.75,71,23,HOWRAH JN.,HWH,PANSKURA,PKU,14:40,16:25,40.57
38431,110.0,1.83,71,24,HOWRAH JN.,HWH,PANSKURA,PKU,15:45,17:35,38.8
38433,110.0,1.83,71,23,HOWRAH JN.,HWH,PANSKURA,PKU,16:15,18:05,38.8
38437,108.0,1.8,71,24,HOWRAH JN.,HWH,PANSKURA,PKU,17:35,19:23,39.44
38447,110.0,1.83,71,24,HOWRAH JN.,HWH,PANSKURA,PKU,19:48,21:38,38.8
38449,110.0,1.83,71,24,HOWRAH JN.,HWH,PANSKURA,PKU,20:22,22:12,38.8
38451,120.0,2.0,71,24,HOWRAH JN.,HWH,PANSKURA,PKU,21:10,23:10,35.5
38452,117.0,1.95,70,24,PANSKURA,PKU,HOWRAH JN.,HWH,19:10,21:07,35.9
38453,110.0,1.83,71,24,HOWRAH JN.,HWH,PANSKURA,PKU,22:25,00:15,38.8
38454,112.0,1.87,70,24,PANSKURA,PKU,HOWRAH JN.,HWH,20:18,22:10,37.43
38455,110.0,1.83,71,24,HOWRAH JN.,HWH,PANSKURA,PKU,23:35,01:25,38.8
38456,113.0,1.88,70,24,PANSKURA,PKU,HOWRAH JN.,HWH,21:22,23:15,37.23
38501,137.0,2.28,90,29,HOWRAH JN.,HWH,BALICHAK,BCK,11:28,13:45,39.47
38502,145.0,2.42,91,29,BALICHAK,BCK,HOWRAH JN.,HWH,14:05,16:30,37.6
38601,95.0,1.58,54,20,HOWRAH JN.,HWH,KOLAGHAT,KIG,09:25,11:00,34.18
38602,93.0,1.55,54,19,KOLAGHAT,KIG,HOWRAH JN.,HWH,11:10,12:43,34.84
38701,130.0,2.17,115,17,HOWRAH JN.,HWH,KHARAGPUR,KGP,03:05,05:15,53.0
38702,155.0,2.58,115,33,KHARAGPUR,KGP,HOWRAH JN.,HWH,03:00,05:35,44.57
38703,155.0,2.58,115,34,HOWRAH JN.,HWH,KHARAGPUR,KGP,03:25,06:00,44.57
38704,162.0,2.7,115,33,KHARAGPUR,KGP,HOWRAH JN.,HWH,03:50,06:32,42.59
38705,153.0,2.55,115,33,HOWRAH JN.,HWH,KHARAGPUR,KGP,04:55,07:28,45.1
38706,155.0,2.58,115,32,KHARAGPUR,KGP,HOWRAH JN.,HWH,05:25,08:00,44.57
38707,170.0,2.83,115,34,HOWRAH JN.,HWH,KHARAGPUR,KGP,07:15,10:05,40.64
38708,155.0,2.58,115,33,KHARAGPUR,KGP,HOWRAH JN.,HWH,06:55,09:30,44.57
38709,150.0,2.5,107,29,SANTRAGACHI,SRC,KHARAGPUR,KGP,11:00,13:30,42.8
38710,155.0,2.58,115,33,KHARAGPUR,KGP,HOWRAH JN.,HWH,07:10,09:45,44.57
38711,173.0,2.88,115,32,HOWRAH JN.,HWH,KHARAGPUR,KGP,10:50,13:43,39.93
38713,165.0,2.75,115,33,HOWRAH JN.,HWH,KHARAGPUR,KGP,11:55,14:40,41.82
38719,172.0,2.87,115,33,HOWRAH JN.,HWH,KHARAGPUR,KGP,14:10,17:02,40.07
38726,182.0,3.03,115,33,KHARAGPUR,KGP,HOWRAH JN.,HWH,17:38,20:40,37.95
38728,182.0,3.03,115,31,KHARAGPUR,KGP,HOWRAH JN.,HWH,18:45,21:47,37.95
38730,165.0,2.75,115,27,KHARAGPUR,KGP,HOWRAH JN.,HWH,20:40,23:25,41.82
38801,175.0,2.92,128,30,HOWRAH JN.,HWH,MIDNAPORE,MDN,02:40,05:35,43.84
38802,187.0,3.12,128,36,MIDNAPORE,MDN,HOWRAH JN.,HWH,04:05,07:12,41.03
38803,185.0,3.08,128,36,HOWRAH JN.,HWH,MIDNAPORE,MDN,04:25,07:30,41.56
38804,188.0,3.13,128,34,MIDNAPORE,MDN,HOWRAH JN.,HWH,05:42,08:50,40.89
38805,195.0,3.25,128,37,HOWRAH JN.,HWH,MIDNAPORE,MDN,05:35,08:50,39.38
38806,170.0,2.83,128,14,MIDNAPORE,MDN,HOWRAH JN.,HWH,06:10,09:00,45.23
38807,200.0,3.33,128,37,HOWRAH JN.,HWH,MIDNAPORE,MDN,06:30,09:50,38.44
38808,180.0,3.0,128,26,MIDNAPORE,MDN,HOWRAH JN.,HWH,06:35,09:35,42.67
38809,205.0,3.42,128,37,HOWRAH JN.,HWH,MIDNAPORE,MDN,08:00,11:25,37.43
38810,195.0,3.25,128,36,MIDNAPORE,MDN,HOWRAH JN.,HWH,07:45,11:00,39.38
38811,190.0,3.17,128,37,HOWRAH JN.,HWH,MIDNAPORE,MDN,08:50,12:00,40.38
38812,202.0,3.37,128,36,MIDNAPORE,MDN,HOWRAH JN.,HWH,09:10,12:32,37.98
38813,188.0,3.13,128,36,HOWRAH JN.,HWH,MIDNAPORE,MDN,09:47,12:55,40.89
38814,207.0,3.45,128,36,MIDNAPORE,MDN,HOWRAH JN.,HWH,11:00,14:27,37.1
38815,195.0,3.25,128,34,HOWRAH JN.,HWH,MIDNAPORE,MDN,10:25,13:40,39.38
38816,213.0,3.55,128,33,MIDNAPORE,MDN,HOWRAH JN.,HWH,11:47,15:20,36.06
38817,195.0,3.25,128,33,HOWRAH JN.,HWH,MIDNAPORE,MDN,12:15,15:30,39.38
38818,198.0,3.3,128,36,MIDNAPORE,MDN,HOWRAH JN.,HWH,13:02,16:20,38.79
38819,213.0,3.55,128,35,HOWRAH JN.,HWH,MIDNAPORE,MDN,13:35,17:08,36.06
38820,202.0,3.37,128,36,MIDNAPORE,MDN,HOWRAH JN.,HWH,14:20,17:42,37.98
38821,165.0,2.75,128,19,HOWRAH JN.,HWH,MIDNAPORE,MDN,16:00,18:45,46.55
38822,198.0,3.3,128,33,MIDNAPORE,MDN,HOWRAH JN.,HWH,15:30,18:48,38.79
38823,180.0,3.0,128,24,HOWRAH JN.,HWH,MIDNAPORE,MDN,17:20,20:20,42.67
38824,205.0,3.42,128,29,MIDNAPORE,MDN,HOWRAH JN.,HWH,16:00,19:25,37.43
38825,165.0,2.75,129,13,HOWRAH JN.,HWH,MIDNAPORE,MDN,18:15,21:00,46.91
38826,212.0,3.53,128,36,MIDNAPORE,MDN,HOWRAH JN.,HWH,17:50,21:22,36.26
38827,175.0,2.92,128,24,HOWRAH JN.,HWH,MIDNAPORE,MDN,18:35,21:30,43.84
38828,197.0,3.28,128,36,MIDNAPORE,MDN,HOWRAH JN.,HWH,19:10,22:27,39.02
38829,177.0,2.95,128,26,HOWRAH JN.,HWH,MIDNAPORE,MDN,19:35,22:32,43.39
38830,193.0,3.22,128,36,MIDNAPORE,MDN,HOWRAH JN.,HWH,20:52,00:05,39.75
38831,195.0,3.25,128,34,HOWRAH JN.,HWH,MIDNAPORE,MDN,20:10,23:25,39.38
38832,30.0,0.5,12,4,MIDNAPORE,MDN,KHARAGPUR,KGP,22:25,22:55,24.0
38902,75.0,1.25,44,17,AMTA,AMZ,SANTRAGACHI,SRC,04:00,05:15,35.2
38905,100.0,1.67,51,21,HOWRAH JN.,HWH,AMTA,AMZ,06:15,07:55,30.54
38908,95.0,1.58,49,21,AMTA,AMZ,HOWRAH JN.,HWH,08:05,09:40,31.01
38909,100.0,1.67,51,21,HOWRAH JN.,HWH,AMTA,AMZ,10:35,12:15,30.54
38923,96.0,1.6,51,21,HOWRAH JN.,HWH,AMTA,AMZ,21:42,23:18,31.88
38924,93.0,1.55,49,21,AMTA,AMZ,HOWRAH JN.,HWH,21:10,22:43,31.61
40001,55.0,0.92,29,18,CHENNAI BEAC,MSB,TAMBARAM,TBM,04:20,05:15,31.52
40002,55.0,0.92,29,18,TAMBARAM,TBM,CHENNAI BEAC,MSB,04:00,04:55,31.52
40003,55.0,0.92,29,18,CHENNAI BEAC,MSB,TAMBARAM,TBM,06:20,07:15,31.52
40004,55.0,0.92,29,18,TAMBARAM,TBM,CHENNAI BEAC,MSB,04:20,05:15,31.52
40005,55.0,0.92,29,6,CHENNAI BEAC,MSB,TAMBARAM,TBM,07:15,08:10,31.52
40006,55.0,0.92,29,18,TAMBARAM,TBM,CHENNAI BEAC,MSB,04:35,05:30,31.52
40007,55.0,0.92,29,18,CHENNAI BEAC,MSB,TAMBARAM,TBM,07:22,08:17,31.52
40008,55.0,0.92,29,18,TAMBARAM,TBM,CHENNAI BEAC,MSB,05:15,06:10,31.52
40009,55.0,0.92,29,18,CHENNAI BEAC,MSB,TAMBARAM,TBM,07:30,08:25,31.52
40010,55.0,0.92,29,18,TAMBARAM,TBM,CHENNAI BEAC,MSB,06:00,06:55,31.52
40011,55.0,0.92,29,18,CHENNAI BEAC,MSB,TAMBARAM,TBM,07:46,08:41,31.52
40012,55.0,0.92,29,18,TAMBARAM,TBM,CHENNAI BEAC,MSB,06:20,07:15,31.52
40013,55.0,0.92,29,18,CHENNAI BEAC,MSB,TAMBARAM,TBM,07:53,08:48,31.52
40014,55.0,0.92,29,18,TAMBARAM,TBM,CHENNAI BEAC,MSB,06:30,07:25,31.52
40015,55.0,0.92,29,18,CHENNAI BEAC,MSB,TAMBARAM,TBM,08:00,08:55,31.52
40016,55.0,0.92,29,18,TAMBARAM,TBM,CHENNAI BEAC,MSB,06:38,07:33,31.52
40017,55.0,0.92,29,18,CHENNAI BEAC,MSB,TAMBARAM,TBM,08:10,09:05,31.52
40018,55.0,0.92,29,18,TAMBARAM,TBM,CHENNAI BEAC,MSB,06:52,07:47,31.52
40019,40.0,0.67,23,15,CHENNAI BEAC,MSB,PALLAVARAM,PV,08:17,08:57,34.33
40020,55.0,0.92,29,18,TAMBARAM,TBM,CHENNAI BEAC,MSB,07:00,07:55,31.52
40021,26.0,0.43,17,3,CHENNAI BEAC,MSB,ST. THOMAS M,STM,08:32,08:58,39.53
40022,55.0,0.92,29,18,TAMBARAM,TBM,CHENNAI BEAC,MSB,07:10,08:05,31.52
40023,55.0,0.92,29,18,CHENNAI BEAC,MSB,TAMBARAM,TBM,08:40,09:35,31.52
40025,55.0,0.92,29,18,CHENNAI BEAC,MSB,TAMBARAM,TBM,08:47,09:42,31.52
40026,55.0,0.92,29,18,TAMBARAM,TBM,CHENNAI BEAC,MSB,07:44,08:39,31.52
40027,55.0,0.92,29,18,CHENNAI BEAC,MSB,TAMBARAM,TBM,09:02,09:57,31.52
40028,55.0,0.92,29,18,TAMBARAM,TBM,CHENNAI BEAC,MSB,07:56,08:51,31.52
40029,55.0,0.92,29,18,CHENNAI BEAC,MSB,TAMBARAM,TBM,09:08,10:03,31.52
40030,55.0,0.92,29,18,TAMBARAM,TBM,CHENNAI BEAC,MSB,08:06,09:01,31.52
40031,55.0,0.92,29,18,CHENNAI BEAC,MSB,TAMBARAM,TBM,09:14,10:09,31.52
40032,55.0,0.92,29,18,TAMBARAM,TBM,CHENNAI BEAC,MSB,08:15,09:10,31.52
40033,55.0,0.92,29,18,CHENNAI BEAC,MSB,TAMBARAM,TBM,09:20,10:15,31.52
40034,55.0,0.92,29,18,TAMBARAM,TBM,CHENNAI BEAC,MSB,08:24,09:19,31.52
40035,55.0,0.92,29,18,CHENNAI BEAC,MSB,TAMBARAM,TBM,09:26,10:21,31.52
40036,55.0,0.92,29,18,TAMBARAM,TBM,CHENNAI BEAC,MSB,08:30,09:25,31.52
40037,55.0,0.92,29,18,CHENNAI BEAC,MSB,TAMBARAM,TBM,09:32,10:27,31.52
40038,55.0,0.92,29,18,TAMBARAM,TBM,CHENNAI BEAC,MSB,08:38,09:33,31.52
40039,55.0,0.92,29,18,CHENNAI BEAC,MSB,TAMBARAM,TBM,09:44,10:39,31.52
40040,55.0,0.92,29,18,TAMBARAM,TBM,CHENNAI BEAC,MSB,08:47,09:42,31.52
40041,55.0,0.92,29,18,CHENNAI BEAC,MSB,TAMBARAM,TBM,09:56,10:51,31.52
40042,35.0,0.58,17,2,ST. THOMAS M,STM,CHENNAI BEAC,MSB,09:10,09:45,29.31
40043,55.0,0.92,29,18,CHENNAI BEAC,MSB,TAMBARAM,TBM,10:02,10:57,31.52
40044,44.0,0.73,23,2,PALLAVARAM,PV,CHENNAI BEAC,MSB,09:03,09:47,31.51
40045,55.0,0.92,29,18,CHENNAI BEAC,MSB,TAMBARAM,TBM,10:08,11:03,31.52
40046,55.0,0.92,29,18,TAMBARAM,TBM,CHENNAI BEAC,MSB,08:56,09:51,31.52
40047,55.0,0.92,29,18,CHENNAI BEAC,MSB,TAMBARAM,TBM,10:20,11:15,31.52
40048,55.0,0.92,29,18,TAMBARAM,TBM,CHENNAI BEAC,MSB,09:05,10:00,31.52
40049,55.0,0.92,29,18,CHENNAI BEAC,MSB,TAMBARAM,TBM,10:26,11:21,31.52
40050,55.0,0.92,29,18,TAMBARAM,TBM,CHENNAI BEAC,MSB,09:15,10:10,31.52
40051,55.0,0.92,29,18,CHENNAI BEAC,MSB,TAMBARAM,TBM,10:32,11:27,31.52
40052,55.0,0.92,29,2,TAMBARAM,TBM,CHENNAI BEAC,MSB,09:40,10:35,31.52
40053,55.0,0.92,29,18,CHENNAI BEAC,MSB,TAMBARAM,TBM,10:38,11:33,31.52
40054,55.0,0.92,29,18,TAMBARAM,TBM,CHENNAI BEAC,MSB,09:50,10:45,31.52
40055,55.0,0.92,29,18,CHENNAI BEAC,MSB,TAMBARAM,TBM,10:44,11:39,31.52
40056,55.0,0.92,29,18,TAMBARAM,TBM,CHENNAI BEAC,MSB,10:02,10:57,31.52
40057,55.0,0.92,29,18,CHENNAI BEAC,MSB,TAMBARAM,TBM,10:50,11:45,31.52
40058,55.0,0.92,29,18,TAMBARAM,TBM,CHENNAI BEAC,MSB,10:10,11:05,31.52
40059,55.0,0.92,29,18,CHENNAI BEAC,MSB,TAMBARAM,TBM,10:56,11:51,31.52
40060,55.0,0.92,29,18,TAMBARAM,TBM,CHENNAI BEAC,MSB,10:20,11:15,31.52
40061,55.0,0.92,29,18,CHENNAI BEAC,MSB,TAMBARAM,TBM,11:10,12:05,31.52
40062,55.0,0.92,29,18,TAMBARAM,TBM,CHENNAI BEAC,MSB,10:28,11:23,31.52
40063,55.0,0.92,29,18,CHENNAI BEAC,MSB,TAMBARAM,TBM,11:20,12:15,31.52
40064,55.0,0.92,29,18,TAMBARAM,TBM,CHENNAI BEAC,MSB,10:45,11:40,31.52
40065,55.0,0.92,29,18,CHENNAI BEAC,MSB,TAMBARAM,TBM,11:30,12:25,31.52
40066,55.0,0.92,29,18,TAMBARAM,TBM,CHENNAI BEAC,MSB,11:10,12:05,31.52
40067,55.0,0.92,29,18,CHENNAI BEAC,MSB,TAMBARAM,TBM,11:37,12:32,31.52
40068,55.0,0.92,29,18,TAMBARAM,TBM,CHENNAI BEAC,MSB,11:20,12:15,31.52
40069,55.0,0.92,29,18,CHENNAI BEAC,MSB,TAMBARAM,TBM,11:45,12:40,31.52
40070,55.0,0.92,29,18,TAMBARAM,TBM,CHENNAI BEAC,MSB,11:30,12:25,31.52
40071,55.0,0.92,29,18,CHENNAI BEAC,MSB,TAMBARAM,TBM,12:10,13:05,31.52
40072,55.0,0.92,29,18,TAMBARAM,TBM,CHENNAI BEAC,MSB,11:58,12:53,31.52
40073,55.0,0.92,29,18,CHENNAI BEAC,MSB,TAMBARAM,TBM,12:20,13:15,31.52
40074,55.0,0.92,29,2,TAMBARAM,TBM,CHENNAI BEAC,MSB,12:12,13:07,31.52
40075,55.0,0.92,29,18,CHENNAI BEAC,MSB,TAMBARAM,TBM,12:43,13:38,31.52
40076,55.0,0.92,29,2,TAMBARAM,TBM,CHENNAI BEAC,MSB,12:47,13:42,31.52
40077,55.0,0.92,29,18,CHENNAI BEAC,MSB,TAMBARAM,TBM,12:56,13:51,31.52
40078,55.0,0.92,29,2,TAMBARAM,TBM,CHENNAI BEAC,MSB,13:17,14:12,31.52
40079,55.0,0.92,29,18,CHENNAI BEAC,MSB,TAMBARAM,TBM,13:22,14:17,31.52
40080,55.0,0.92,29,2,TAMBARAM,TBM,CHENNAI BEAC,MSB,13:32,14:27,31.52
40081,55.0,0.92,29,18,CHENNAI BEAC,MSB,TAMBARAM,TBM,14:01,14:56,31.52
40082,55.0,0.92,29,2,TAMBARAM,TBM,CHENNAI BEAC,MSB,14:02,14:57,31.52
40083,55.0,0.92,29,18,CHENNAI BEAC,MSB,TAMBARAM,TBM,14:23,15:18,31.52
40084,55.0,0.92,29,2,TAMBARAM,TBM,CHENNAI BEAC,MSB,14:15,15:10,31.52
40085,55.0,0.92,29,18,CHENNAI BEAC,MSB,TAMBARAM,TBM,14:32,15:27,31.52
40086,55.0,0.92,29,2,TAMBARAM,TBM,CHENNAI BEAC,MSB,14:25,15:20,31.52
40087,55.0,0.92,29,18,CHENNAI BEAC,MSB,TAMBARAM,TBM,15:02,15:57,31.52
40088,55.0,0.92,29,2,TAMBARAM,TBM,CHENNAI BEAC,MSB,14:45,15:40,31.52
40089,55.0,0.92,29,18,CHENNAI BEAC,MSB,TAMBARAM,TBM,15:15,16:10,31.52
40090,55.0,0.92,29,2,TAMBARAM,TBM,CHENNAI BEAC,MSB,14:55,15:50,31.52
40091,55.0,0.92,29,18,CHENNAI BEAC,MSB,TAMBARAM,TBM,15:45,16:40,31.52
40092,55.0,0.92,29,2,TAMBARAM,TBM,CHENNAI BEAC,MSB,15:05,16:00,31.52
40093,55.0,0.92,29,18,CHENNAI BEAC,MSB,TAMBARAM,TBM,15:55,16:50,31.52
40094,55.0,0.92,29,2,TAMBARAM,TBM,CHENNAI BEAC,MSB,15:23,16:18,31.52
40095,55.0,0.92,29,18,CHENNAI BEAC,MSB,TAMBARAM,TBM,16:05,17:00,31.52
40096,55.0,0.92,29,2,TAMBARAM,TBM,CHENNAI BEAC,MSB,15:32,16:27,31.52
40097,55.0,0.92,29,18,CHENNAI BEAC,MSB,TAMBARAM,TBM,16:23,17:18,31.52
40098,55.0,0.92,29,2,TAMBARAM,TBM,CHENNAI BEAC,MSB,15:38,16:33,31.52
40099,55.0,0.92,29,18,CHENNAI BEAC,MSB,TAMBARAM,TBM,16:40,17:35,31.52
40100,55.0,0.92,29,2,TAMBARAM,TBM,CHENNAI BEAC,MSB,15:50,16:45,31.52
40101,55.0,0.92,29,18,CHENNAI BEAC,MSB,TAMBARAM,TBM,17:00,17:55,31.52
40102,55.0,0.92,29,2,TAMBARAM,TBM,CHENNAI BEAC,MSB,16:08,17:03,31.52
40103,55.0,0.92,29,18,CHENNAI BEAC,MSB,TAMBARAM,TBM,17:10,18:05,31.52
40104,55.0,0.92,29,2,TAMBARAM,TBM,CHENNAI BEAC,MSB,16:18,17:13,31.52
40105,55.0,0.92,29,18,CHENNAI BEAC,MSB,TAMBARAM,TBM,17:30,18:25,31.52
40106,55.0,0.92,29,2,TAMBARAM,TBM,CHENNAI BEAC,MSB,16:36,17:31,31.52
40107,55.0,0.92,29,18,CHENNAI BEAC,MSB,TAMBARAM,TBM,17:45,18:40,31.52
40108,55.0,0.92,29,2,TAMBARAM,TBM,CHENNAI BEAC,MSB,16:43,17:38,31.52
40109,55.0,0.92,29,18,CHENNAI BEAC,MSB,TAMBARAM,TBM,17:53,18:48,31.52
40110,55.0,0.92,29,2,TAMBARAM,TBM,CHENNAI BEAC,MSB,16:50,17:45,31.52
40111,55.0,0.92,29,18,CHENNAI BEAC,MSB,TAMBARAM,TBM,18:00,18:55,31.52
40112,55.0,0.92,29,2,TAMBARAM,TBM,CHENNAI BEAC,MSB,16:57,17:52,31.52
40113,55.0,0.92,29,18,CHENNAI BEAC,MSB,TAMBARAM,TBM,18:20,19:15,31.52
40114,55.0,0.92,29,2,TAMBARAM,TBM,CHENNAI BEAC,MSB,17:04,17:59,31.52
40115,55.0,0.92,29,18,CHENNAI BEAC,MSB,TAMBARAM,TBM,18:27,19:22,31.52
40116,55.0,0.92,29,2,TAMBARAM,TBM,CHENNAI BEAC,MSB,17:11,18:06,31.52
40117,55.0,0.92,29,18,CHENNAI BEAC,MSB,TAMBARAM,TBM,18:48,19:43,31.52
40118,55.0,0.92,29,2,TAMBARAM,TBM,CHENNAI BEAC,MSB,17:18,18:13,31.52
40119,55.0,0.92,29,18,CHENNAI BEAC,MSB,TAMBARAM,TBM,18:55,19:50,31.52
40120,55.0,0.92,29,2,TAMBARAM,TBM,CHENNAI BEAC,MSB,17:32,18:27,31.52
40121,55.0,0.92,29,18,CHENNAI BEAC,MSB,TAMBARAM,TBM,19:02,19:57,31.52
40122,55.0,0.92,29,2,TAMBARAM,TBM,CHENNAI BEAC,MSB,17:39,18:34,31.52
40123,55.0,0.92,29,18,CHENNAI BEAC,MSB,TAMBARAM,TBM,19:16,20:11,31.52
40124,55.0,0.92,29,2,TAMBARAM,TBM,CHENNAI BEAC,MSB,17:53,18:48,31.52
40125,55.0,0.92,29,18,CHENNAI BEAC,MSB,TAMBARAM,TBM,19:24,20:19,31.52
40126,55.0,0.92,29,2,TAMBARAM,TBM,CHENNAI BEAC,MSB,18:00,18:55,31.52
40127,55.0,0.92,29,18,CHENNAI BEAC,MSB,TAMBARAM,TBM,19:40,20:35,31.52
40128,55.0,0.92,29,2,TAMBARAM,TBM,CHENNAI BEAC,MSB,18:08,19:03,31.52
40129,55.0,0.92,29,18,CHENNAI BEAC,MSB,TAMBARAM,TBM,19:48,20:43,31.52
40130,55.0,0.92,29,2,TAMBARAM,TBM,CHENNAI BEAC,MSB,18:25,19:20,31.52
40131,55.0,0.92,29,18,CHENNAI BEAC,MSB,TAMBARAM,TBM,20:04,20:59,31.52
40132,55.0,0.92,29,2,TAMBARAM,TBM,CHENNAI BEAC,MSB,18:35,19:30,31.52
40133,55.0,0.92,29,18,CHENNAI BEAC,MSB,TAMBARAM,TBM,20:12,21:07,31.52
40134,55.0,0.92,29,2,TAMBARAM,TBM,CHENNAI BEAC,MSB,18:45,19:40,31.52
40135,55.0,0.92,29,18,CHENNAI BEAC,MSB,TAMBARAM,TBM,20:28,21:23,31.52
40136,55.0,0.92,29,2,TAMBARAM,TBM,CHENNAI BEAC,MSB,19:03,19:58,31.52
40137,55.0,0.92,29,18,CHENNAI BEAC,MSB,TAMBARAM,TBM,20:36,21:31,31.52
40138,55.0,0.92,29,6,TAMBARAM,TBM,CHENNAI BEAC,MSB,19:11,20:06,31.52
40139,55.0,0.92,29,18,CHENNAI BEAC,MSB,TAMBARAM,TBM,20:44,21:39,31.52
40140,55.0,0.92,29,6,TAMBARAM,TBM,CHENNAI BEAC,MSB,19:27,20:22,31.52
40141,55.0,0.92,29,18,CHENNAI BEAC,MSB,TAMBARAM,TBM,21:00,21:55,31.52
40142,55.0,0.92,29,6,TAMBARAM,TBM,CHENNAI BEAC,MSB,19:43,20:38,31.52
40143,55.0,0.92,29,18,CHENNAI BEAC,MSB,TAMBARAM,TBM,21:10,22:05,31.52
40144,55.0,0.92,29,2,TAMBARAM,TBM,CHENNAI BEAC,MSB,20:00,20:55,31.52
40145,55.0,0.92,29,18,CHENNAI BEAC,MSB,TAMBARAM,TBM,21:30,22:25,31.52
40146,55.0,0.92,29,2,TAMBARAM,TBM,CHENNAI BEAC,MSB,20:20,21:15,31.52
40147,55.0,0.92,29,18,CHENNAI BEAC,MSB,TAMBARAM,TBM,22:05,23:00,31.52
40148,55.0,0.92,29,2,TAMBARAM,TBM,CHENNAI BEAC,MSB,20:30,21:25,31.52
40150,55.0,0.92,29,2,TAMBARAM,TBM,CHENNAI BEAC,MSB,21:20,22:15,31.52
40151,55.0,0.92,29,18,CHENNAI BEAC,MSB,TAMBARAM,TBM,22:25,23:20,31.52
40152,55.0,0.92,29,6,TAMBARAM,TBM,CHENNAI BEAC,MSB,21:35,22:30,31.52
40153,55.0,0.92,29,18,CHENNAI BEAC,MSB,TAMBARAM,TBM,23:05,00:00,31.52
40154,55.0,0.92,29,2,TAMBARAM,TBM,CHENNAI BEAC,MSB,22:25,23:20,31.52
40155,55.0,0.92,29,18,CHENNAI BEAC,MSB,TAMBARAM,TBM,23:30,00:25,31.52
40156,55.0,0.92,29,2,TAMBARAM,TBM,CHENNAI BEAC,MSB,22:45,23:40,31.52
40157,55.0,0.92,29,18,CHENNAI BEAC,MSB,TAMBARAM,TBM,23:59,00:54,31.52
40158,55.0,0.92,29,2,TAMBARAM,TBM,CHENNAI BEAC,MSB,23:30,00:25,31.52
40301,55.0,0.92,29,18,CHENNAI BEAC,MSB,TAMBARAM,TBM,04:15,05:10,31.52
40302,55.0,0.92,29,2,TAMBARAM,TBM,CHENNAI BEAC,MSB,04:00,04:55,31.52
40303,55.0,0.92,29,18,CHENNAI BEAC,MSB,TAMBARAM,TBM,05:40,06:35,31.52
40304,55.0,0.92,29,2,TAMBARAM,TBM,CHENNAI BEAC,MSB,04:20,05:15,31.52
40305,55.0,0.92,29,18,CHENNAI BEAC,MSB,TAMBARAM,TBM,06:15,07:10,31.52
40306,55.0,0.92,29,2,TAMBARAM,TBM,CHENNAI BEAC,MSB,04:35,05:30,31.52
40307,55.0,0.92,29,18,CHENNAI BEAC,MSB,TAMBARAM,TBM,06:55,07:50,31.52
40308,55.0,0.92,29,2,TAMBARAM,TBM,CHENNAI BEAC,MSB,05:15,06:10,31.52
40309,55.0,0.92,29,18,CHENNAI BEAC,MSB,TAMBARAM,TBM,07:15,08:10,31.52
40310,55.0,0.92,29,2,TAMBARAM,TBM,CHENNAI BEAC,MSB,06:00,06:55,31.52
40311,55.0,0.92,29,18,CHENNAI BEAC,MSB,TAMBARAM,TBM,07:25,08:20,31.52
40312,55.0,0.92,29,6,TAMBARAM,TBM,CHENNAI BEAC,MSB,06:30,07:25,31.52
40313,55.0,0.92,29,18,CHENNAI BEAC,MSB,TAMBARAM,TBM,07:50,08:45,31.52
40314,55.0,0.92,29,2,TAMBARAM,TBM,CHENNAI BEAC,MSB,07:00,07:55,31.52
40315,55.0,0.92,29,18,CHENNAI BEAC,MSB,TAMBARAM,TBM,08:00,08:55,31.52
40316,55.0,0.92,29,2,TAMBARAM,TBM,CHENNAI BEAC,MSB,07:30,08:25,31.52
40317,55.0,0.92,29,18,CHENNAI BEAC,MSB,TAMBARAM,TBM,08:15,09:10,31.52
40318,55.0,0.92,29,2,TAMBARAM,TBM,CHENNAI BEAC,MSB,08:10,09:05,31.52
40319,55.0,0.92,29,18,CHENNAI BEAC,MSB,TAMBARAM,TBM,08:38,09:33,31.52
40320,55.0,0.92,29,2,TAMBARAM,TBM,CHENNAI BEAC,MSB,08:50,09:45,31.52
40321,55.0,0.92,29,18,CHENNAI BEAC,MSB,TAMBARAM,TBM,08:50,09:45,31.52
40322,55.0,0.92,29,2,TAMBARAM,TBM,CHENNAI BEAC,MSB,09:20,10:15,31.52
40323,55.0,0.92,29,18,CHENNAI BEAC,MSB,TAMBARAM,TBM,09:12,10:07,31.52
40324,55.0,0.92,29,6,TAMBARAM,TBM,CHENNAI BEAC,MSB,09:35,10:30,31.52
40325,55.0,0.92,29,18,CHENNAI BEAC,MSB,TAMBARAM,TBM,09:25,10:20,31.52
40326,55.0,0.92,29,2,TAMBARAM,TBM,CHENNAI BEAC,MSB,09:50,10:45,31.52
40327,55.0,0.92,29,18,CHENNAI BEAC,MSB,TAMBARAM,TBM,09:42,10:37,31.52
40328,55.0,0.92,29,2,TAMBARAM,TBM,CHENNAI BEAC,MSB,10:00,10:55,31.52
40329,55.0,0.92,29,18,CHENNAI BEAC,MSB,TAMBARAM,TBM,10:00,10:55,31.52
40330,55.0,0.92,29,2,TAMBARAM,TBM,CHENNAI BEAC,MSB,10:10,11:05,31.52
40331,55.0,0.92,29,18,CHENNAI BEAC,MSB,TAMBARAM,TBM,10:20,11:15,31.52
40332,55.0,0.92,29,2,TAMBARAM,TBM,CHENNAI BEAC,MSB,10:20,11:15,31.52
40333,55.0,0.92,29,18,CHENNAI BEAC,MSB,TAMBARAM,TBM,10:30,11:25,31.52
40334,55.0,0.92,29,2,TAMBARAM,TBM,CHENNAI BEAC,MSB,10:40,11:35,31.52
40335,55.0,0.92,29,18,CHENNAI BEAC,MSB,TAMBARAM,TBM,10:40,11:35,31.52
40336,55.0,0.92,29,2,TAMBARAM,TBM,CHENNAI BEAC,MSB,10:50,11:45,31.52
40337,55.0,0.92,29,18,CHENNAI BEAC,MSB,TAMBARAM,TBM,10:45,11:40,31.52
40338,55.0,0.92,29,2,TAMBARAM,TBM,CHENNAI BEAC,MSB,11:00,11:55,31.52
40339,55.0,0.92,29,18,CHENNAI BEAC,MSB,TAMBARAM,TBM,10:50,11:45,31.52
40340,55.0,0.92,29,2,TAMBARAM,TBM,CHENNAI BEAC,MSB,11:10,12:05,31.52
40341,55.0,0.92,29,18,CHENNAI BEAC,MSB,TAMBARAM,TBM,11:10,12:05,31.52
40342,55.0,0.92,29,2,TAMBARAM,TBM,CHENNAI BEAC,MSB,11:20,12:15,31.52
40343,55.0,0.92,29,18,CHENNAI BEAC,MSB,TAMBARAM,TBM,11:20,12:15,31.52
40344,55.0,0.92,29,6,TAMBARAM,TBM,CHENNAI BEAC,MSB,11:30,12:25,31.52
40345,55.0,0.92,29,18,CHENNAI BEAC,MSB,TAMBARAM,TBM,11:30,12:25,31.52
40346,55.0,0.92,29,2,TAMBARAM,TBM,CHENNAI BEAC,MSB,11:50,12:45,31.52
40347,55.0,0.92,29,18,CHENNAI BEAC,MSB,TAMBARAM,TBM,11:40,12:35,31.52
40348,55.0,0.92,29,2,TAMBARAM,TBM,CHENNAI BEAC,MSB,12:00,12:55,31.52
40349,55.0,0.92,29,18,CHENNAI BEAC,MSB,TAMBARAM,TBM,11:50,12:45,31.52
40350,55.0,0.92,29,2,TAMBARAM,TBM,CHENNAI BEAC,MSB,12:10,13:05,31.52
40351,55.0,0.92,29,18,CHENNAI BEAC,MSB,TAMBARAM,TBM,12:10,13:05,31.52
40352,55.0,0.92,29,2,TAMBARAM,TBM,CHENNAI BEAC,MSB,12:30,13:25,31.52
40353,55.0,0.92,29,18,CHENNAI BEAC,MSB,TAMBARAM,TBM,12:20,13:15,31.52
40354,55.0,0.92,29,2,TAMBARAM,TBM,CHENNAI BEAC,MSB,12:50,13:45,31.52
40355,55.0,0.92,29,18,CHENNAI BEAC,MSB,TAMBARAM,TBM,12:40,13:35,31.52
40356,55.0,0.92,29,2,TAMBARAM,TBM,CHENNAI BEAC,MSB,13:15,14:10,31.52
40357,55.0,0.92,29,18,CHENNAI BEAC,MSB,TAMBARAM,TBM,12:50,13:45,31.52
40358,55.0,0.92,29,2,TAMBARAM,TBM,CHENNAI BEAC,MSB,13:30,14:25,31.52
40359,55.0,0.92,29,18,CHENNAI BEAC,MSB,TAMBARAM,TBM,13:00,13:55,31.52
40360,55.0,0.92,29,2,TAMBARAM,TBM,CHENNAI BEAC,MSB,14:00,14:55,31.52
40361,55.0,0.92,29,18,CHENNAI BEAC,MSB,TAMBARAM,TBM,14:00,14:55,31.52
40362,55.0,0.92,29,2,TAMBARAM,TBM,CHENNAI BEAC,MSB,14:15,15:10,31.52
40363,55.0,0.92,29,18,CHENNAI BEAC,MSB,TAMBARAM,TBM,14:30,15:25,31.52
40364,55.0,0.92,29,2,TAMBARAM,TBM,CHENNAI BEAC,MSB,14:30,15:25,31.52
40365,55.0,0.92,29,18,CHENNAI BEAC,MSB,TAMBARAM,TBM,15:00,15:55,31.52
40366,55.0,0.92,29,2,TAMBARAM,TBM,CHENNAI BEAC,MSB,15:00,15:55,31.52
40367,55.0,0.92,29,18,CHENNAI BEAC,MSB,TAMBARAM,TBM,15:15,16:10,31.52
40368,55.0,0.92,29,2,TAMBARAM,TBM,CHENNAI BEAC,MSB,15:20,16:15,31.52
40369,55.0,0.92,29,18,CHENNAI BEAC,MSB,TAMBARAM,TBM,15:30,16:25,31.52
40370,55.0,0.92,29,2,TAMBARAM,TBM,CHENNAI BEAC,MSB,15:30,16:25,31.52
40371,55.0,0.92,29,18,CHENNAI BEAC,MSB,TAMBARAM,TBM,15:50,16:45,31.52
40372,55.0,0.92,29,6,TAMBARAM,TBM,CHENNAI BEAC,MSB,15:50,16:45,31.52
40373,55.0,0.92,29,18,CHENNAI BEAC,MSB,TAMBARAM,TBM,16:00,16:55,31.52
40374,55.0,0.92,29,2,TAMBARAM,TBM,CHENNAI BEAC,MSB,16:10,17:05,31.52
40375,55.0,0.92,29,18,CHENNAI BEAC,MSB,TAMBARAM,TBM,16:20,17:15,31.52
40376,55.0,0.92,29,2,TAMBARAM,TBM,CHENNAI BEAC,MSB,16:20,17:15,31.52
40377,55.0,0.92,29,18,CHENNAI BEAC,MSB,TAMBARAM,TBM,16:30,17:25,31.52
40378,55.0,0.92,29,2,TAMBARAM,TBM,CHENNAI BEAC,MSB,16:40,17:35,31.52
40379,55.0,0.92,29,18,CHENNAI BEAC,MSB,TAMBARAM,TBM,16:40,17:35,31.52
40380,55.0,0.92,29,2,TAMBARAM,TBM,CHENNAI BEAC,MSB,16:50,17:45,31.52
40381,55.0,0.92,29,18,CHENNAI BEAC,MSB,TAMBARAM,TBM,17:00,17:55,31.52
40382,55.0,0.92,29,2,TAMBARAM,TBM,CHENNAI BEAC,MSB,17:00,17:55,31.52
40383,55.0,0.92,29,18,CHENNAI BEAC,MSB,TAMBARAM,TBM,17:10,18:05,31.52
40384,55.0,0.92,29,2,TAMBARAM,TBM,CHENNAI BEAC,MSB,17:10,18:05,31.52
40385,55.0,0.92,29,18,CHENNAI BEAC,MSB,TAMBARAM,TBM,17:30,18:25,31.52
40386,55.0,0.92,29,2,TAMBARAM,TBM,CHENNAI BEAC,MSB,17:20,18:15,31.52
40387,55.0,0.92,29,18,CHENNAI BEAC,MSB,TAMBARAM,TBM,17:50,18:45,31.52
40388,55.0,0.92,29,2,TAMBARAM,TBM,CHENNAI BEAC,MSB,17:40,18:35,31.52
40389,55.0,0.92,29,18,CHENNAI BEAC,MSB,TAMBARAM,TBM,18:20,19:15,31.52
40390,55.0,0.92,29,2,TAMBARAM,TBM,CHENNAI BEAC,MSB,18:00,18:55,31.52
40391,55.0,0.92,29,18,CHENNAI BEAC,MSB,TAMBARAM,TBM,18:40,19:35,31.52
40392,55.0,0.92,29,2,TAMBARAM,TBM,CHENNAI BEAC,MSB,18:20,19:15,31.52
40393,55.0,0.92,29,18,CHENNAI BEAC,MSB,TAMBARAM,TBM,19:00,19:55,31.52
40394,55.0,0.92,29,2,TAMBARAM,TBM,CHENNAI BEAC,MSB,18:30,19:25,31.52
40395,55.0,0.92,29,18,CHENNAI BEAC,MSB,TAMBARAM,TBM,19:20,20:15,31.52
40396,55.0,0.92,29,2,TAMBARAM,TBM,CHENNAI BEAC,MSB,18:40,19:35,31.52
40397,55.0,0.92,29,18,CHENNAI BEAC,MSB,TAMBARAM,TBM,19:30,20:25,31.52
40398,55.0,0.92,29,2,TAMBARAM,TBM,CHENNAI BEAC,MSB,18:50,19:45,31.52
40399,55.0,0.92,29,18,CHENNAI BEAC,MSB,TAMBARAM,TBM,19:50,20:45,31.52
40400,55.0,0.92,29,2,TAMBARAM,TBM,CHENNAI BEAC,MSB,19:07,20:02,31.52
40401,55.0,0.92,29,18,CHENNAI BEAC,MSB,TAMBARAM,TBM,20:00,20:55,31.52
40402,55.0,0.92,29,2,TAMBARAM,TBM,CHENNAI BEAC,MSB,19:20,20:15,31.52
40403,55.0,0.92,29,18,CHENNAI BEAC,MSB,TAMBARAM,TBM,20:15,21:10,31.52
40404,55.0,0.92,29,2,TAMBARAM,TBM,CHENNAI BEAC,MSB,19:40,20:35,31.52
40405,55.0,0.92,29,18,CHENNAI BEAC,MSB,TAMBARAM,TBM,20:30,21:25,31.52
40406,55.0,0.92,29,2,TAMBARAM,TBM,CHENNAI BEAC,MSB,19:50,20:45,31.52
40407,55.0,0.92,29,18,CHENNAI BEAC,MSB,TAMBARAM,TBM,20:40,21:35,31.52
40408,55.0,0.92,29,2,TAMBARAM,TBM,CHENNAI BEAC,MSB,20:00,20:55,31.52
40409,55.0,0.92,29,18,CHENNAI BEAC,MSB,TAMBARAM,TBM,21:00,21:55,31.52
40410,55.0,0.92,29,2,TAMBARAM,TBM,CHENNAI BEAC,MSB,20:20,21:15,31.52
40411,55.0,0.92,29,18,CHENNAI BEAC,MSB,TAMBARAM,TBM,21:15,22:10,31.52
40412,55.0,0.92,29,2,TAMBARAM,TBM,CHENNAI BEAC,MSB,20:30,21:25,31.52
40413,55.0,0.92,29,18,CHENNAI BEAC,MSB,TAMBARAM,TBM,22:00,22:55,31.52
40414,55.0,0.92,29,2,TAMBARAM,TBM,CHENNAI BEAC,MSB,20:50,21:45,31.52
40415,55.0,0.92,29,18,CHENNAI BEAC,MSB,TAMBARAM,TBM,22:15,23:10,31.52
40416,55.0,0.92,29,2,TAMBARAM,TBM,CHENNAI BEAC,MSB,21:00,21:55,31.52
40417,55.0,0.92,29,18,CHENNAI BEAC,MSB,TAMBARAM,TBM,22:30,23:25,31.52
40418,55.0,0.92,29,6,TAMBARAM,TBM,CHENNAI BEAC,MSB,21:30,22:25,31.52
40419,55.0,0.92,29,18,CHENNAI BEAC,MSB,TAMBARAM,TBM,23:20,00:15,31.52
40420,55.0,0.92,29,2,TAMBARAM,TBM,CHENNAI BEAC,MSB,22:30,23:25,31.52
40421,55.0,0.92,29,18,CHENNAI BEAC,MSB,TAMBARAM,TBM,23:59,00:54,31.52
40422,55.0,0.92,29,2,TAMBARAM,TBM,CHENNAI BEAC,MSB,23:30,00:25,31.52
40501,100.0,1.67,59,2,CHENNAI BEAC,MSB,CHENGALPATTU,CGL,03:55,05:35,35.33
40502,115.0,1.92,59,2,CHENGALPATTU,CGL,CHENNAI BEAC,MSB,03:55,05:50,30.73
40503,105.0,1.75,59,2,CHENNAI BEAC,MSB,CHENGALPATTU,CGL,04:40,06:25,33.71
40504,110.0,1.83,59,6,CHENGALPATTU,CGL,CHENNAI BEAC,MSB,04:35,06:25,32.24
40505,105.0,1.75,59,2,CHENNAI BEAC,MSB,CHENGALPATTU,CGL,05:00,06:45,33.71
40506,105.0,1.75,59,3,CHENGALPATTU,CGL,CHENNAI BEAC,MSB,04:55,06:40,33.71
40507,105.0,1.75,59,2,CHENNAI BEAC,MSB,CHENGALPATTU,CGL,05:20,07:05,33.71
40508,115.0,1.92,59,3,CHENGALPATTU,CGL,CHENNAI BEAC,MSB,05:10,07:05,30.73
40509,100.0,1.67,59,3,CHENNAI BEAC,MSB,CHENGALPATTU,CGL,05:55,07:35,35.33
40510,110.0,1.83,59,2,CHENGALPATTU,CGL,CHENNAI BEAC,MSB,05:50,07:40,32.24
40511,100.0,1.67,59,2,CHENNAI BEAC,MSB,CHENGALPATTU,CGL,06:10,07:50,35.33
40512,107.0,1.78,59,3,CHENGALPATTU,CGL,CHENNAI BEAC,MSB,06:40,08:27,33.15
40513,105.0,1.75,59,2,CHENNAI BEAC,MSB,CHENGALPATTU,CGL,06:30,08:15,33.71
40514,92.0,1.53,59,3,CHENGALPATTU,CGL,CHENNAI BEAC,MSB,07:00,08:32,38.56
40515,100.0,1.67,59,2,CHENNAI BEAC,MSB,CHENGALPATTU,CGL,06:45,08:25,35.33
40516,92.0,1.53,59,2,CHENGALPATTU,CGL,CHENNAI BEAC,MSB,07:25,08:57,38.56
40517,100.0,1.67,59,2,CHENNAI BEAC,MSB,CHENGALPATTU,CGL,06:55,08:35,35.33
40518,90.0,1.5,59,3,CHENGALPATTU,CGL,CHENNAI BEAC,MSB,07:50,09:20,39.33
40519,102.0,1.7,59,3,CHENNAI BEAC,MSB,CHENGALPATTU,CGL,07:38,09:20,34.71
40520,102.0,1.7,59,2,CHENGALPATTU,CGL,CHENNAI BEAC,MSB,08:05,09:47,34.71
40522,90.0,1.5,59,2,CHENGALPATTU,CGL,CHENNAI BEAC,MSB,08:25,09:55,39.33
40523,104.0,1.73,59,2,CHENNAI BEAC,MSB,CHENGALPATTU,CGL,08:56,10:40,34.1
40524,100.0,1.67,59,3,CHENGALPATTU,CGL,CHENNAI BEAC,MSB,08:40,10:20,35.33
40525,107.0,1.78,59,3,CHENNAI BEAC,MSB,CHENGALPATTU,CGL,09:38,11:25,33.15
40526,90.0,1.5,59,3,CHENGALPATTU,CGL,CHENNAI BEAC,MSB,08:50,10:20,39.33
40527,106.0,1.77,59,2,CHENNAI BEAC,MSB,CHENGALPATTU,CGL,10:14,12:00,33.33
40528,110.0,1.83,59,2,CHENGALPATTU,CGL,CHENNAI BEAC,MSB,09:40,11:30,32.24
40529,103.0,1.72,59,3,CHENNAI BEAC,MSB,CHENGALPATTU,CGL,11:02,12:45,34.3
40531,100.0,1.67,59,3,CHENNAI BEAC,MSB,CHENGALPATTU,CGL,11:55,13:35,35.33
40532,108.0,1.8,59,11,CHENGALPATTU,CGL,CHENNAI BEAC,MSB,10:50,12:38,32.78
40533,100.0,1.67,59,3,CHENNAI BEAC,MSB,CHENGALPATTU,CGL,12:30,14:10,35.33
40534,100.0,1.67,59,7,CHENGALPATTU,CGL,CHENNAI BEAC,MSB,11:50,13:30,35.33
40535,111.0,1.85,59,2,CHENNAI BEAC,MSB,CHENGALPATTU,CGL,13:09,15:00,31.89
40536,100.0,1.67,59,2,CHENGALPATTU,CGL,CHENNAI BEAC,MSB,12:15,13:55,35.33
40538,102.0,1.7,59,2,CHENGALPATTU,CGL,CHENNAI BEAC,MSB,13:00,14:42,34.71
40539,103.0,1.72,59,3,CHENNAI BEAC,MSB,CHENGALPATTU,CGL,13:47,15:30,34.3
40540,100.0,1.67,59,2,CHENGALPATTU,CGL,CHENNAI BEAC,MSB,13:50,15:30,35.33
40541,107.0,1.78,59,2,CHENNAI BEAC,MSB,CHENGALPATTU,CGL,14:13,16:00,33.15
40542,105.0,1.75,59,2,CHENGALPATTU,CGL,CHENNAI BEAC,MSB,14:25,16:10,33.71
40543,103.0,1.72,59,3,CHENNAI BEAC,MSB,CHENGALPATTU,CGL,14:47,16:30,34.3
40544,100.0,1.67,59,2,CHENGALPATTU,CGL,CHENNAI BEAC,MSB,15:15,16:55,35.33
40545,105.0,1.75,59,3,CHENNAI BEAC,MSB,CHENGALPATTU,CGL,15:35,17:20,33.71
40547,100.0,1.67,59,3,CHENNAI BEAC,MSB,CHENGALPATTU,CGL,16:15,17:55,35.33
40548,102.0,1.7,59,2,CHENGALPATTU,CGL,CHENNAI BEAC,MSB,15:40,17:22,34.71
40549,113.0,1.88,59,3,CHENNAI BEAC,MSB,CHENGALPATTU,CGL,16:32,18:25,31.38
40550,105.0,1.75,59,3,CHENGALPATTU,CGL,CHENNAI BEAC,MSB,16:35,18:20,33.71
40551,115.0,1.92,59,11,CHENNAI BEAC,MSB,CHENGALPATTU,CGL,16:50,18:45,30.73
40552,101.0,1.68,59,2,CHENGALPATTU,CGL,CHENNAI BEAC,MSB,17:00,18:41,35.12
40553,110.0,1.83,59,7,CHENNAI BEAC,MSB,CHENGALPATTU,CGL,17:20,19:10,32.24
40554,100.0,1.67,59,2,CHENGALPATTU,CGL,CHENNAI BEAC,MSB,17:30,19:10,35.33
40555,107.0,1.78,59,3,CHENNAI BEAC,MSB,CHENGALPATTU,CGL,17:38,19:25,33.15
40556,105.0,1.75,59,3,CHENGALPATTU,CGL,CHENNAI BEAC,MSB,18:05,19:50,33.71
40557,103.0,1.72,59,2,CHENNAI BEAC,MSB,CHENGALPATTU,CGL,18:07,19:50,34.3
40558,110.0,1.83,59,9,CHENGALPATTU,CGL,CHENNAI BEAC,MSB,18:40,20:30,32.24
40559,97.0,1.62,59,3,CHENNAI BEAC,MSB,CHENGALPATTU,CGL,18:33,20:10,36.42
40560,106.0,1.77,59,11,CHENGALPATTU,CGL,CHENNAI BEAC,MSB,19:00,20:46,33.33
40561,110.0,1.83,59,3,CHENNAI BEAC,MSB,CHENGALPATTU,CGL,18:40,20:30,32.24
40562,100.0,1.67,59,3,CHENGALPATTU,CGL,CHENNAI BEAC,MSB,19:25,21:05,35.33
40563,118.0,1.97,59,2,CHENNAI BEAC,MSB,CHENGALPATTU,CGL,19:32,21:30,29.95
40564,112.0,1.87,59,2,CHENGALPATTU,CGL,CHENNAI BEAC,MSB,19:45,21:37,31.55
40565,104.0,1.73,59,3,CHENNAI BEAC,MSB,CHENGALPATTU,CGL,19:56,21:40,34.1
40566,100.0,1.67,59,2,CHENGALPATTU,CGL,CHENNAI BEAC,MSB,20:10,21:50,35.33
40567,108.0,1.8,59,3,CHENNAI BEAC,MSB,CHENGALPATTU,CGL,20:52,22:40,32.78
40568,115.0,1.92,59,10,CHENGALPATTU,CGL,CHENNAI BEAC,MSB,20:50,22:45,30.73
40569,100.0,1.67,59,7,CHENNAI BEAC,MSB,CHENGALPATTU,CGL,21:20,23:00,35.33
40570,110.0,1.83,59,3,CHENGALPATTU,CGL,CHENNAI BEAC,MSB,21:10,23:00,32.24
40571,100.0,1.67,59,3,CHENNAI BEAC,MSB,CHENGALPATTU,CGL,21:45,23:25,35.33
40572,105.0,1.75,59,2,CHENGALPATTU,CGL,CHENNAI BEAC,MSB,22:15,00:00,33.71
40573,120.0,2.0,59,3,CHENNAI BEAC,MSB,CHENGALPATTU,CGL,22:45,00:45,29.5
40574,100.0,1.67,59,3,CHENGALPATTU,CGL,CHENNAI BEAC,MSB,23:10,00:50,35.33
40601,100.0,1.67,59,11,CHENNAI BEAC,MSB,CHENGALPATTU,CGL,03:55,05:35,35.33
40602,115.0,1.92,59,3,CHENGALPATTU,CGL,CHENNAI BEAC,MSB,03:55,05:50,30.73
40603,105.0,1.75,59,11,CHENNAI BEAC,MSB,CHENGALPATTU,CGL,04:40,06:25,33.71
40604,110.0,1.83,59,11,CHENGALPATTU,CGL,CHENNAI BEAC,MSB,04:35,06:25,32.24
40605,105.0,1.75,59,11,CHENNAI BEAC,MSB,CHENGALPATTU,CGL,05:00,06:45,33.71
40606,105.0,1.75,59,11,CHENGALPATTU,CGL,CHENNAI BEAC,MSB,04:55,06:40,33.71
40607,105.0,1.75,59,2,CHENNAI BEAC,MSB,CHENGALPATTU,CGL,05:20,07:05,33.71
40608,115.0,1.92,59,3,CHENGALPATTU,CGL,CHENNAI BEAC,MSB,05:10,07:05,30.73
40609,100.0,1.67,59,3,CHENNAI BEAC,MSB,CHENGALPATTU,CGL,05:55,07:35,35.33
40610,110.0,1.83,59,11,CHENGALPATTU,CGL,CHENNAI BEAC,MSB,05:50,07:40,32.24
40612,120.0,2.0,59,9,CHENGALPATTU,CGL,CHENNAI BEAC,MSB,06:40,08:40,29.5
40613,105.0,1.75,59,2,CHENNAI BEAC,MSB,CHENGALPATTU,CGL,06:30,08:15,33.71
40614,115.0,1.92,59,2,CHENGALPATTU,CGL,CHENNAI BEAC,MSB,07:00,08:55,30.73
40615,100.0,1.67,59,11,CHENNAI BEAC,MSB,CHENGALPATTU,CGL,06:45,08:25,35.33
40616,115.0,1.92,59,2,CHENGALPATTU,CGL,CHENNAI BEAC,MSB,07:25,09:20,30.73
40617,112.0,1.87,59,2,CHENNAI BEAC,MSB,CHENGALPATTU,CGL,07:38,09:30,31.55
40618,100.0,1.67,59,11,CHENGALPATTU,CGL,CHENNAI BEAC,MSB,07:50,09:30,35.33
40619,100.0,1.67,59,2,CHENNAI BEAC,MSB,CHENGALPATTU,CGL,09:00,10:40,35.33
40621,110.0,1.83,59,2,CHENNAI BEAC,MSB,CHENGALPATTU,CGL,09:35,11:25,32.24
40622,100.0,1.67,59,2,CHENGALPATTU,CGL,CHENNAI BEAC,MSB,08:25,10:05,35.33
40623,105.0,1.75,59,2,CHENNAI BEAC,MSB,CHENGALPATTU,CGL,10:15,12:00,33.71
40624,100.0,1.67,59,2,CHENGALPATTU,CGL,CHENNAI BEAC,MSB,08:45,10:25,35.33
40625,105.0,1.75,59,3,CHENNAI BEAC,MSB,CHENGALPATTU,CGL,11:00,12:45,33.71
40626,105.0,1.75,59,2,CHENGALPATTU,CGL,CHENNAI BEAC,MSB,09:40,11:25,33.71
40627,100.0,1.67,59,2,CHENNAI BEAC,MSB,CHENGALPATTU,CGL,12:00,13:40,35.33
40628,105.0,1.75,59,11,CHENGALPATTU,CGL,CHENNAI BEAC,MSB,10:50,12:35,33.71
40629,100.0,1.67,59,2,CHENNAI BEAC,MSB,CHENGALPATTU,CGL,12:30,14:10,35.33
40630,105.0,1.75,59,11,CHENGALPATTU,CGL,CHENNAI BEAC,MSB,11:50,13:35,33.71
40631,105.0,1.75,59,11,CHENNAI BEAC,MSB,CHENGALPATTU,CGL,13:15,15:00,33.71
40632,100.0,1.67,59,2,CHENGALPATTU,CGL,CHENNAI BEAC,MSB,12:15,13:55,35.33
40633,105.0,1.75,59,2,CHENNAI BEAC,MSB,CHENGALPATTU,CGL,13:45,15:30,33.71
40634,100.0,1.67,59,2,CHENGALPATTU,CGL,CHENNAI BEAC,MSB,13:00,14:40,35.33
40635,105.0,1.75,59,2,CHENNAI BEAC,MSB,CHENGALPATTU,CGL,14:15,16:00,33.71
40636,110.0,1.83,59,4,CHENGALPATTU,CGL,CHENNAI BEAC,MSB,13:50,15:40,32.24
40637,105.0,1.75,59,10,CHENNAI BEAC,MSB,CHENGALPATTU,CGL,14:45,16:30,33.71
40638,100.0,1.67,59,2,CHENGALPATTU,CGL,CHENNAI BEAC,MSB,14:25,16:05,35.33
40639,100.0,1.67,59,2,CHENNAI BEAC,MSB,CHENGALPATTU,CGL,15:40,17:20,35.33
40640,100.0,1.67,59,11,CHENGALPATTU,CGL,CHENNAI BEAC,MSB,15:15,16:55,35.33
40641,105.0,1.75,59,2,CHENNAI BEAC,MSB,CHENGALPATTU,CGL,16:10,17:55,33.71
40642,105.0,1.75,59,2,CHENGALPATTU,CGL,CHENNAI BEAC,MSB,15:40,17:25,33.71
40643,115.0,1.92,59,11,CHENNAI BEAC,MSB,CHENGALPATTU,CGL,16:50,18:45,30.73
40644,110.0,1.83,59,3,CHENGALPATTU,CGL,CHENNAI BEAC,MSB,16:35,18:25,32.24
40645,110.0,1.83,59,11,CHENNAI BEAC,MSB,CHENGALPATTU,CGL,17:20,19:10,32.24
40646,105.0,1.75,59,2,CHENGALPATTU,CGL,CHENNAI BEAC,MSB,17:00,18:45,33.71
40647,105.0,1.75,59,11,CHENNAI BEAC,MSB,CHENGALPATTU,CGL,17:40,19:25,33.71
40648,95.0,1.58,59,2,CHENGALPATTU,CGL,CHENNAI BEAC,MSB,17:30,19:05,37.34
40649,110.0,1.83,59,3,CHENNAI BEAC,MSB,CHENGALPATTU,CGL,18:10,20:00,32.24
40650,110.0,1.83,59,3,CHENGALPATTU,CGL,CHENNAI BEAC,MSB,18:05,19:55,32.24
40651,105.0,1.75,59,2,CHENNAI BEAC,MSB,CHENGALPATTU,CGL,18:30,20:15,33.71
40652,105.0,1.75,59,2,CHENGALPATTU,CGL,CHENNAI BEAC,MSB,18:40,20:25,33.71
40653,100.0,1.67,59,2,CHENNAI BEAC,MSB,CHENGALPATTU,CGL,18:50,20:30,35.33
40654,100.0,1.67,59,2,CHENGALPATTU,CGL,CHENNAI BEAC,MSB,19:25,21:05,35.33
40655,110.0,1.83,59,11,CHENNAI BEAC,MSB,CHENGALPATTU,CGL,19:40,21:30,32.24
40656,110.0,1.83,59,3,CHENGALPATTU,CGL,CHENNAI BEAC,MSB,19:45,21:35,32.24
40657,100.0,1.67,59,2,CHENNAI BEAC,MSB,CHENGALPATTU,CGL,20:10,21:50,35.33
40658,105.0,1.75,59,2,CHENGALPATTU,CGL,CHENNAI BEAC,MSB,20:25,22:10,33.71
40659,108.0,1.8,59,2,CHENNAI BEAC,MSB,CHENGALPATTU,CGL,20:52,22:40,32.78
40660,115.0,1.92,59,11,CHENGALPATTU,CGL,CHENNAI BEAC,MSB,20:50,22:45,30.73
40661,105.0,1.75,59,2,CHENNAI BEAC,MSB,CHENGALPATTU,CGL,21:30,23:15,33.71
40662,105.0,1.75,59,3,CHENGALPATTU,CGL,CHENNAI BEAC,MSB,21:15,23:00,33.71
40663,100.0,1.67,59,2,CHENNAI BEAC,MSB,CHENGALPATTU,CGL,21:45,23:25,35.33
40664,100.0,1.67,59,2,CHENGALPATTU,CGL,CHENNAI BEAC,MSB,22:15,23:55,35.33
40665,115.0,1.92,59,11,CHENNAI BEAC,MSB,CHENGALPATTU,CGL,22:50,00:45,30.73
40666,100.0,1.67,59,2,CHENGALPATTU,CGL,CHENNAI BEAC,MSB,23:10,00:50,35.33
40701,180.0,3.0,108,3,CHENNAI BEAC,MSB,TIRUMALPUR,TMLP,07:05,10:05,36.0
40702,177.0,2.95,108,4,TIRUMALPUR,TMLP,CHENNAI BEAC,MSB,05:15,08:12,36.61
40704,145.0,2.42,108,4,TIRUMALPUR,TMLP,CHENNAI BEAC,MSB,07:05,09:30,44.63
40705,180.0,3.0,108,15,CHENNAI BEAC,MSB,TIRUMALPUR,TMLP,13:35,16:35,36.0
40706,148.0,2.47,108,10,TIRUMALPUR,TMLP,CHENNAI BEAC,MSB,08:00,10:28,43.72
40707,147.0,2.45,108,8,CHENNAI BEAC,MSB,TIRUMALPUR,TMLP,18:13,20:40,44.08
40708,172.0,2.87,108,8,TIRUMALPUR,TMLP,CHENNAI BEAC,MSB,10:25,13:17,37.63
40709,186.0,3.1,108,5,CHENNAI BEAC,MSB,TIRUMALPUR,TMLP,19:09,22:15,34.84
40711,165.0,2.75,108,7,CHENNAI BEAC,MSB,TIRUMALPUR,TMLP,20:20,23:05,39.27
40712,184.0,3.07,108,12,TIRUMALPUR,TMLP,CHENNAI BEAC,MSB,17:10,20:14,35.18
40751,180.0,3.0,108,4,CHENNAI BEAC,MSB,TIRUMALPUR,TMLP,07:05,10:05,36.0
40752,175.0,2.92,108,6,TIRUMALPUR,TMLP,CHENNAI BEAC,MSB,05:15,08:10,36.99
40754,170.0,2.83,108,5,TIRUMALPUR,TMLP,CHENNAI BEAC,MSB,07:05,09:55,38.16
40755,185.0,3.08,108,15,CHENNAI BEAC,MSB,TIRUMALPUR,TMLP,13:30,16:35,35.06
40756,155.0,2.58,108,8,TIRUMALPUR,TMLP,CHENNAI BEAC,MSB,08:00,10:35,41.86
40757,160.0,2.67,108,14,CHENNAI BEAC,MSB,TIRUMALPUR,TMLP,18:00,20:40,40.45
40758,170.0,2.83,108,4,TIRUMALPUR,TMLP,CHENNAI BEAC,MSB,10:25,13:15,38.16
40759,185.0,3.08,108,3,CHENNAI BEAC,MSB,TIRUMALPUR,TMLP,19:10,22:15,35.06
40761,165.0,2.75,108,2,CHENNAI BEAC,MSB,TIRUMALPUR,TMLP,20:20,23:05,39.27
40762,178.0,2.97,108,4,TIRUMALPUR,TMLP,CHENNAI BEAC,MSB,17:10,20:08,36.36
40801,155.0,2.58,95,3,CHENNAI BEAC,MSB,KANCHIPURAM,CJ,05:40,08:15,36.82
40802,161.0,2.68,95,6,KANCHIPURAM,CJ,CHENNAI BEAC,MSB,09:10,11:51,35.45
40803,155.0,2.58,95,6,CHENNAI BEAC,MSB,KANCHIPURAM,CJ,15:25,18:00,36.82
40804,165.0,2.75,95,14,KANCHIPURAM,CJ,CHENNAI BEAC,MSB,19:20,22:05,34.55
40901,90.0,1.5,48,10,CHENGALPATTU,CGL,TIRUMALPUR,TMLP,05:15,06:45,32.0
40902,60.0,1.0,48,10,TIRUMALPUR,TMLP,CHENGALPATTU,CGL,21:00,22:00,48.0
41001,45.0,0.75,14,3,CHENNAI BEAC,MSB,VELACHEERY,VLCY,03:55,04:40,18.67
41003,45.0,0.75,14,3,CHENNAI BEAC,MSB,VELACHEERY,VLCY,04:40,05:25,18.67
41006,45.0,0.75,14,3,VELACHEERY,VLCY,CHENNAI BEAC,MSB,05:45,06:30,18.67
41008,45.0,0.75,14,3,VELACHEERY,VLCY,CHENNAI BEAC,MSB,06:25,07:10,18.67
41009,45.0,0.75,14,3,CHENNAI BEAC,MSB,VELACHEERY,VLCY,05:50,06:35,18.67
41012,45.0,0.75,14,3,VELACHEERY,VLCY,CHENNAI BEAC,MSB,06:40,07:25,18.67
41013,45.0,0.75,14,3,CHENNAI BEAC,MSB,VELACHEERY,VLCY,06:20,07:05,18.67
41014,45.0,0.75,14,3,VELACHEERY,VLCY,CHENNAI BEAC,MSB,06:55,07:40,18.67
41015,45.0,0.75,14,3,CHENNAI BEAC,MSB,VELACHEERY,VLCY,06:40,07:25,18.67
41016,45.0,0.75,14,3,VELACHEERY,VLCY,CHENNAI BEAC,MSB,07:10,07:55,18.67
41017,45.0,0.75,14,3,CHENNAI BEAC,MSB,VELACHEERY,VLCY,07:15,08:00,18.67
41020,45.0,0.75,14,3,VELACHEERY,VLCY,CHENNAI BEAC,MSB,07:35,08:20,18.67
41021,45.0,0.75,14,3,CHENNAI BEAC,MSB,VELACHEERY,VLCY,07:30,08:15,18.67
41022,45.0,0.75,14,3,VELACHEERY,VLCY,CHENNAI BEAC,MSB,07:55,08:40,18.67
41023,45.0,0.75,14,3,CHENNAI BEAC,MSB,VELACHEERY,VLCY,07:45,08:30,18.67
41024,45.0,0.75,14,3,VELACHEERY,VLCY,CHENNAI BEAC,MSB,08:05,08:50,18.67
41028,45.0,0.75,14,3,VELACHEERY,VLCY,CHENNAI BEAC,MSB,08:35,09:20,18.67
41029,45.0,0.75,14,3,CHENNAI BEAC,MSB,VELACHEERY,VLCY,08:25,09:10,18.67
41033,45.0,0.75,14,3,CHENNAI BEAC,MSB,VELACHEERY,VLCY,08:45,09:30,18.67
41035,45.0,0.75,14,3,CHENNAI BEAC,MSB,VELACHEERY,VLCY,08:55,09:40,18.67
41036,45.0,0.75,14,3,VELACHEERY,VLCY,CHENNAI BEAC,MSB,09:25,10:10,18.67
41038,45.0,0.75,14,3,VELACHEERY,VLCY,CHENNAI BEAC,MSB,09:35,10:20,18.67
41040,45.0,0.75,14,3,VELACHEERY,VLCY,CHENNAI BEAC,MSB,09:50,10:35,18.67
41042,45.0,0.75,14,3,VELACHEERY,VLCY,CHENNAI BEAC,MSB,10:05,10:50,18.67
41043,45.0,0.75,14,3,CHENNAI BEAC,MSB,VELACHEERY,VLCY,09:35,10:20,18.67
41046,45.0,0.75,14,3,VELACHEERY,VLCY,CHENNAI BEAC,MSB,10:30,11:15,18.67
41048,45.0,0.75,14,3,VELACHEERY,VLCY,CHENNAI BEAC,MSB,10:45,11:30,18.67
41050,45.0,0.75,14,3,VELACHEERY,VLCY,CHENNAI BEAC,MSB,11:00,11:45,18.67
41051,45.0,0.75,14,3,CHENNAI BEAC,MSB,VELACHEERY,VLCY,10:15,11:00,18.67
41055,45.0,0.75,14,3,CHENNAI BEAC,MSB,VELACHEERY,VLCY,10:45,11:30,18.67
41056,45.0,0.75,14,3,VELACHEERY,VLCY,CHENNAI BEAC,MSB,11:55,12:40,18.67
41057,45.0,0.75,14,3,CHENNAI BEAC,MSB,VELACHEERY,VLCY,11:00,11:45,18.67
41060,45.0,0.75,14,3,VELACHEERY,VLCY,CHENNAI BEAC,MSB,12:35,13:20,18.67
41061,45.0,0.75,14,3,CHENNAI BEAC,MSB,VELACHEERY,VLCY,11:30,12:15,18.67
41063,45.0,0.75,14,3,CHENNAI BEAC,MSB,VELACHEERY,VLCY,11:45,12:30,18.67
41064,45.0,0.75,14,3,VELACHEERY,VLCY,CHENNAI BEAC,MSB,13:15,14:00,18.67
41065,45.0,0.75,14,3,CHENNAI BEAC,MSB,VELACHEERY,VLCY,12:05,12:50,18.67
41069,45.0,0.75,14,3,CHENNAI BEAC,MSB,VELACHEERY,VLCY,12:45,13:30,18.67
41070,45.0,0.75,14,3,VELACHEERY,VLCY,CHENNAI BEAC,MSB,14:15,15:00,18.67
41073,45.0,0.75,14,3,CHENNAI BEAC,MSB,VELACHEERY,VLCY,13:25,14:10,18.67
41076,45.0,0.75,14,3,VELACHEERY,VLCY,CHENNAI BEAC,MSB,15:05,15:50,18.67
41077,45.0,0.75,14,3,CHENNAI BEAC,MSB,VELACHEERY,VLCY,14:05,14:50,18.67
41078,45.0,0.75,14,3,VELACHEERY,VLCY,CHENNAI BEAC,MSB,15:25,16:10,18.67
41079,45.0,0.75,14,3,CHENNAI BEAC,MSB,VELACHEERY,VLCY,14:25,15:10,18.67
41080,45.0,0.75,14,3,VELACHEERY,VLCY,CHENNAI BEAC,MSB,15:45,16:30,18.67
41081,45.0,0.75,14,3,CHENNAI BEAC,MSB,VELACHEERY,VLCY,14:45,15:30,18.67
41082,45.0,0.75,14,3,VELACHEERY,VLCY,CHENNAI BEAC,MSB,16:00,16:45,18.67
41084,45.0,0.75,14,3,VELACHEERY,VLCY,CHENNAI BEAC,MSB,16:10,16:55,18.67
41085,45.0,0.75,14,3,CHENNAI BEAC,MSB,VELACHEERY,VLCY,15:25,16:10,18.67
41086,45.0,0.75,14,2,VELACHEERY,VLCY,CHENNAI BEAC,MSB,16:25,17:10,18.67
41089,45.0,0.75,14,3,CHENNAI BEAC,MSB,VELACHEERY,VLCY,16:00,16:45,18.67
41091,45.0,0.75,14,3,CHENNAI BEAC,MSB,VELACHEERY,VLCY,16:15,17:00,18.67
41092,45.0,0.75,14,3,VELACHEERY,VLCY,CHENNAI BEAC,MSB,17:05,17:50,18.67
41093,50.0,0.83,14,3,CHENNAI BEAC,MSB,VELACHEERY,VLCY,16:30,17:20,16.87
41095,45.0,0.75,14,3,CHENNAI BEAC,MSB,VELACHEERY,VLCY,16:45,17:30,18.67
41096,45.0,0.75,14,3,VELACHEERY,VLCY,CHENNAI BEAC,MSB,17:25,18:10,18.67
41097,45.0,0.75,14,3,CHENNAI BEAC,MSB,VELACHEERY,VLCY,17:00,17:45,18.67
41102,45.0,0.75,14,3,VELACHEERY,VLCY,CHENNAI BEAC,MSB,17:55,18:40,18.67
41103,45.0,0.75,14,3,CHENNAI BEAC,MSB,VELACHEERY,VLCY,17:40,18:25,18.67
41104,45.0,0.75,14,3,VELACHEERY,VLCY,CHENNAI BEAC,MSB,18:05,18:50,18.67
41105,45.0,0.75,14,3,CHENNAI BEAC,MSB,VELACHEERY,VLCY,17:50,18:35,18.67
41108,45.0,0.75,14,3,VELACHEERY,VLCY,CHENNAI BEAC,MSB,18:30,19:15,18.67
41110,45.0,0.75,14,3,VELACHEERY,VLCY,CHENNAI BEAC,MSB,18:45,19:30,18.67
41111,45.0,0.75,14,3,CHENNAI BEAC,MSB,VELACHEERY,VLCY,18:25,19:10,18.67
41113,45.0,0.75,14,3,CHENNAI BEAC,MSB,VELACHEERY,VLCY,18:35,19:20,18.67
41116,45.0,0.75,14,3,VELACHEERY,VLCY,CHENNAI BEAC,MSB,19:20,20:05,18.67
41117,45.0,0.75,14,3,CHENNAI BEAC,MSB,VELACHEERY,VLCY,18:55,19:40,18.67
41119,45.0,0.75,14,3,CHENNAI BEAC,MSB,VELACHEERY,VLCY,19:10,19:55,18.67
41120,45.0,0.75,14,3,VELACHEERY,VLCY,CHENNAI BEAC,MSB,19:50,20:35,18.67
41122,45.0,0.75,14,3,VELACHEERY,VLCY,CHENNAI BEAC,MSB,20:10,20:55,18.67
41127,45.0,0.75,14,3,CHENNAI BEAC,MSB,VELACHEERY,VLCY,20:20,21:05,18.67
41128,45.0,0.75,14,3,VELACHEERY,VLCY,CHENNAI BEAC,MSB,21:10,21:55,18.67
41129,45.0,0.75,14,3,CHENNAI BEAC,MSB,VELACHEERY,VLCY,20:40,21:25,18.67
41130,45.0,0.75,14,3,VELACHEERY,VLCY,CHENNAI BEAC,MSB,21:30,22:15,18.67
41131,45.0,0.75,14,3,CHENNAI BEAC,MSB,VELACHEERY,VLCY,21:00,21:45,18.67
41132,45.0,0.75,14,3,VELACHEERY,VLCY,CHENNAI BEAC,MSB,21:50,22:35,18.67
41134,45.0,0.75,14,3,VELACHEERY,VLCY,CHENNAI BEAC,MSB,22:10,22:55,18.67
41135,45.0,0.75,14,3,CHENNAI BEAC,MSB,VELACHEERY,VLCY,21:40,22:25,18.67
41138,45.0,0.75,14,3,VELACHEERY,VLCY,CHENNAI BEAC,MSB,22:50,23:35,18.67
41140,45.0,0.75,14,3,VELACHEERY,VLCY,CHENNAI BEAC,MSB,23:10,23:55,18.67
41501,45.0,0.75,14,3,CHENNAI BEAC,MSB,VELACHEERY,VLCY,06:00,06:45,18.67
41502,45.0,0.75,14,3,VELACHEERY,VLCY,CHENNAI BEAC,MSB,06:50,07:35,18.67
41503,45.0,0.75,14,3,CHENNAI BEAC,MSB,VELACHEERY,VLCY,06:20,07:05,18.67
41504,45.0,0.75,14,3,VELACHEERY,VLCY,CHENNAI BEAC,MSB,07:10,07:55,18.67
41505,45.0,0.75,14,3,CHENNAI BEAC,MSB,VELACHEERY,VLCY,06:40,07:25,18.67
41506,45.0,0.75,14,3,VELACHEERY,VLCY,CHENNAI BEAC,MSB,07:30,08:15,18.67
41507,45.0,0.75,14,3,CHENNAI BEAC,MSB,VELACHEERY,VLCY,07:00,07:45,18.67
41508,45.0,0.75,14,3,VELACHEERY,VLCY,CHENNAI BEAC,MSB,07:50,08:35,18.67
41509,45.0,0.75,14,3,CHENNAI BEAC,MSB,VELACHEERY,VLCY,07:20,08:05,18.67
41510,45.0,0.75,14,3,VELACHEERY,VLCY,CHENNAI BEAC,MSB,08:10,08:55,18.67
41511,45.0,0.75,14,2,CHENNAI BEAC,MSB,VELACHEERY,VLCY,07:40,08:25,18.67
41512,45.0,0.75,14,3,VELACHEERY,VLCY,CHENNAI BEAC,MSB,08:30,09:15,18.67
41513,45.0,0.75,14,3,CHENNAI BEAC,MSB,VELACHEERY,VLCY,08:00,08:45,18.67
41514,45.0,0.75,14,3,VELACHEERY,VLCY,CHENNAI BEAC,MSB,08:50,09:35,18.67
41515,45.0,0.75,14,3,CHENNAI BEAC,MSB,VELACHEERY,VLCY,08:20,09:05,18.67
41516,45.0,0.75,14,3,VELACHEERY,VLCY,CHENNAI BEAC,MSB,09:10,09:55,18.67
41517,45.0,0.75,14,3,CHENNAI BEAC,MSB,VELACHEERY,VLCY,08:40,09:25,18.67
41518,45.0,0.75,14,3,VELACHEERY,VLCY,CHENNAI BEAC,MSB,09:30,10:15,18.67
41519,45.0,0.75,14,3,CHENNAI BEAC,MSB,VELACHEERY,VLCY,09:00,09:45,18.67
41520,45.0,0.75,14,3,VELACHEERY,VLCY,CHENNAI BEAC,MSB,09:50,10:35,18.67
41521,45.0,0.75,14,3,CHENNAI BEAC,MSB,VELACHEERY,VLCY,09:20,10:05,18.67
41522,45.0,0.75,14,3,VELACHEERY,VLCY,CHENNAI BEAC,MSB,10:10,10:55,18.67
41523,45.0,0.75,14,3,CHENNAI BEAC,MSB,VELACHEERY,VLCY,09:40,10:25,18.67
41524,45.0,0.75,14,3,VELACHEERY,VLCY,CHENNAI BEAC,MSB,10:30,11:15,18.67
41525,45.0,0.75,14,3,CHENNAI BEAC,MSB,VELACHEERY,VLCY,09:50,10:35,18.67
41526,45.0,0.75,14,3,VELACHEERY,VLCY,CHENNAI BEAC,MSB,10:40,11:25,18.67
41527,45.0,0.75,14,3,CHENNAI BEAC,MSB,VELACHEERY,VLCY,10:00,10:45,18.67
41528,45.0,0.75,14,3,VELACHEERY,VLCY,CHENNAI BEAC,MSB,10:50,11:35,18.67
41529,45.0,0.75,14,3,CHENNAI BEAC,MSB,VELACHEERY,VLCY,10:20,11:05,18.67
41530,45.0,0.75,14,3,VELACHEERY,VLCY,CHENNAI BEAC,MSB,11:10,11:55,18.67
41531,45.0,0.75,14,2,CHENNAI BEAC,MSB,VELACHEERY,VLCY,10:40,11:25,18.67
41532,45.0,0.75,14,3,VELACHEERY,VLCY,CHENNAI BEAC,MSB,11:30,12:15,18.67
41533,45.0,0.75,14,3,CHENNAI BEAC,MSB,VELACHEERY,VLCY,11:00,11:45,18.67
41534,45.0,0.75,14,3,VELACHEERY,VLCY,CHENNAI BEAC,MSB,11:50,12:35,18.67
41535,45.0,0.75,14,3,CHENNAI BEAC,MSB,VELACHEERY,VLCY,11:20,12:05,18.67
41536,45.0,0.75,14,3,VELACHEERY,VLCY,CHENNAI BEAC,MSB,12:10,12:55,18.67
41537,45.0,0.75,14,3,CHENNAI BEAC,MSB,VELACHEERY,VLCY,11:40,12:25,18.67
41538,45.0,0.75,14,3,VELACHEERY,VLCY,CHENNAI BEAC,MSB,12:30,13:15,18.67
41539,45.0,0.75,14,3,CHENNAI BEAC,MSB,VELACHEERY,VLCY,12:00,12:45,18.67
41540,45.0,0.75,14,3,VELACHEERY,VLCY,CHENNAI BEAC,MSB,12:50,13:35,18.67
41541,45.0,0.75,14,3,CHENNAI BEAC,MSB,VELACHEERY,VLCY,12:20,13:05,18.67
41542,45.0,0.75,14,3,VELACHEERY,VLCY,CHENNAI BEAC,MSB,13:10,13:55,18.67
41543,45.0,0.75,14,3,CHENNAI BEAC,MSB,VELACHEERY,VLCY,12:40,13:25,18.67
41544,45.0,0.75,14,3,VELACHEERY,VLCY,CHENNAI BEAC,MSB,13:30,14:15,18.67
41545,45.0,0.75,14,3,CHENNAI BEAC,MSB,VELACHEERY,VLCY,13:00,13:45,18.67
41546,45.0,0.75,14,3,VELACHEERY,VLCY,CHENNAI BEAC,MSB,13:50,14:35,18.67
41547,45.0,0.75,14,3,CHENNAI BEAC,MSB,VELACHEERY,VLCY,13:20,14:05,18.67
41548,45.0,0.75,14,3,VELACHEERY,VLCY,CHENNAI BEAC,MSB,14:10,14:55,18.67
41549,45.0,0.75,14,3,CHENNAI BEAC,MSB,VELACHEERY,VLCY,13:40,14:25,18.67
41550,45.0,0.75,14,3,VELACHEERY,VLCY,CHENNAI BEAC,MSB,14:30,15:15,18.67
41551,45.0,0.75,14,3,CHENNAI BEAC,MSB,VELACHEERY,VLCY,14:00,14:45,18.67
41552,45.0,0.75,14,3,VELACHEERY,VLCY,CHENNAI BEAC,MSB,14:50,15:35,18.67
41553,45.0,0.75,14,3,CHENNAI BEAC,MSB,VELACHEERY,VLCY,14:20,15:05,18.67
41554,45.0,0.75,14,3,VELACHEERY,VLCY,CHENNAI BEAC,MSB,15:10,15:55,18.67
41555,45.0,0.75,14,3,CHENNAI BEAC,MSB,VELACHEERY,VLCY,14:40,15:25,18.67
41556,45.0,0.75,14,3,VELACHEERY,VLCY,CHENNAI BEAC,MSB,15:30,16:15,18.67
41557,45.0,0.75,14,3,CHENNAI BEAC,MSB,VELACHEERY,VLCY,15:00,15:45,18.67
41558,45.0,0.75,14,3,VELACHEERY,VLCY,CHENNAI BEAC,MSB,15:50,16:35,18.67
41559,45.0,0.75,14,3,CHENNAI BEAC,MSB,VELACHEERY,VLCY,15:20,16:05,18.67
41560,45.0,0.75,14,3,VELACHEERY,VLCY,CHENNAI BEAC,MSB,16:10,16:55,18.67
41561,45.0,0.75,14,3,CHENNAI BEAC,MSB,VELACHEERY,VLCY,15:40,16:25,18.67
41562,45.0,0.75,14,3,VELACHEERY,VLCY,CHENNAI BEAC,MSB,16:30,17:15,18.67
41563,45.0,0.75,14,3,CHENNAI BEAC,MSB,VELACHEERY,VLCY,16:00,16:45,18.67
41564,45.0,0.75,14,3,VELACHEERY,VLCY,CHENNAI BEAC,MSB,16:50,17:35,18.67
41565,45.0,0.75,14,3,CHENNAI BEAC,MSB,VELACHEERY,VLCY,16:20,17:05,18.67
41566,45.0,0.75,14,3,VELACHEERY,VLCY,CHENNAI BEAC,MSB,17:10,17:55,18.67
41567,45.0,0.75,14,3,CHENNAI BEAC,MSB,VELACHEERY,VLCY,16:40,17:25,18.67
41568,45.0,0.75,14,3,VELACHEERY,VLCY,CHENNAI BEAC,MSB,17:30,18:15,18.67
41569,45.0,0.75,14,3,CHENNAI BEAC,MSB,VELACHEERY,VLCY,17:00,17:45,18.67
41570,45.0,0.75,14,3,VELACHEERY,VLCY,CHENNAI BEAC,MSB,17:50,18:35,18.67
41571,45.0,0.75,14,3,CHENNAI BEAC,MSB,VELACHEERY,VLCY,17:20,18:05,18.67
41572,45.0,0.75,14,3,VELACHEERY,VLCY,CHENNAI BEAC,MSB,18:10,18:55,18.67
41573,45.0,0.75,14,3,CHENNAI BEAC,MSB,VELACHEERY,VLCY,17:40,18:25,18.67
41574,45.0,0.75,14,3,VELACHEERY,VLCY,CHENNAI BEAC,MSB,18:30,19:15,18.67
41575,45.0,0.75,14,3,CHENNAI BEAC,MSB,VELACHEERY,VLCY,18:00,18:45,18.67
41576,45.0,0.75,14,3,VELACHEERY,VLCY,CHENNAI BEAC,MSB,18:50,19:35,18.67
41577,45.0,0.75,14,3,CHENNAI BEAC,MSB,VELACHEERY,VLCY,18:20,19:05,18.67
41578,45.0,0.75,14,3,VELACHEERY,VLCY,CHENNAI BEAC,MSB,19:10,19:55,18.67
41579,45.0,0.75,14,3,CHENNAI BEAC,MSB,VELACHEERY,VLCY,18:40,19:25,18.67
41580,45.0,0.75,14,3,VELACHEERY,VLCY,CHENNAI BEAC,MSB,19:30,20:15,18.67
41581,45.0,0.75,14,3,CHENNAI BEAC,MSB,VELACHEERY,VLCY,19:00,19:45,18.67
41582,45.0,0.75,14,3,VELACHEERY,VLCY,CHENNAI BEAC,MSB,19:50,20:35,18.67
41583,45.0,0.75,14,3,CHENNAI BEAC,MSB,VELACHEERY,VLCY,19:20,20:05,18.67
41584,45.0,0.75,14,3,VELACHEERY,VLCY,CHENNAI BEAC,MSB,20:10,20:55,18.67
41585,45.0,0.75,14,3,CHENNAI BEAC,MSB,VELACHEERY,VLCY,19:40,20:25,18.67
41586,45.0,0.75,14,3,VELACHEERY,VLCY,CHENNAI BEAC,MSB,20:30,21:15,18.67
41587,45.0,0.75,14,3,CHENNAI BEAC,MSB,VELACHEERY,VLCY,20:00,20:45,18.67
41588,45.0,0.75,14,3,VELACHEERY,VLCY,CHENNAI BEAC,MSB,20:50,21:35,18.67
41589,45.0,0.75,14,3,CHENNAI BEAC,MSB,VELACHEERY,VLCY,20:30,21:15,18.67
41590,45.0,0.75,14,3,VELACHEERY,VLCY,CHENNAI BEAC,MSB,21:20,22:05,18.67
41593,45.0,0.75,14,3,CHENNAI BEAC,MSB,VELACHEERY,VLCY,21:00,21:45,18.67
41594,45.0,0.75,14,3,VELACHEERY,VLCY,CHENNAI BEAC,MSB,21:50,22:35,18.67
41597,45.0,0.75,14,3,CHENNAI BEAC,MSB,VELACHEERY,VLCY,21:30,22:15,18.67
41598,45.0,0.75,14,3,VELACHEERY,VLCY,CHENNAI BEAC,MSB,22:20,23:05,18.67
41599,45.0,0.75,14,3,CHENNAI BEAC,MSB,VELACHEERY,VLCY,22:00,22:45,18.67
41600,45.0,0.75,14,3,VELACHEERY,VLCY,CHENNAI BEAC,MSB,22:50,23:35,18.67
42001,80.0,1.33,47,16,MOOR MARKET,MMCC,GUMMIDIPUNDI,GPD,00:15,01:35,35.34
42002,85.0,1.42,47,15,GUMMIDIPUNDI,GPD,MOOR MARKET,MMCC,02:45,04:10,33.1
42003,105.0,1.75,47,16,MOOR MARKET,MMCC,GUMMIDIPUNDI,GPD,05:55,07:40,26.86
42004,90.0,1.5,47,16,GUMMIDIPUNDI,GPD,MOOR MARKET,MMCC,04:00,05:30,31.33
42005,90.0,1.5,47,16,MOOR MARKET,MMCC,GUMMIDIPUNDI,GPD,06:40,08:10,31.33
42006,100.0,1.67,47,16,GUMMIDIPUNDI,GPD,MOOR MARKET,MMCC,04:55,06:35,28.14
42007,80.0,1.33,47,12,MOOR MARKET,MMCC,GUMMIDIPUNDI,GPD,07:00,08:20,35.34
42008,90.0,1.5,47,16,GUMMIDIPUNDI,GPD,MOOR MARKET,MMCC,05:20,06:50,31.33
42009,80.0,1.33,47,16,MOOR MARKET,MMCC,GUMMIDIPUNDI,GPD,08:15,09:35,35.34
42010,90.0,1.5,47,16,GUMMIDIPUNDI,GPD,MOOR MARKET,MMCC,05:50,07:20,31.33
42011,90.0,1.5,47,16,MOOR MARKET,MMCC,GUMMIDIPUNDI,GPD,09:00,10:30,31.33
42012,100.0,1.67,47,15,GUMMIDIPUNDI,GPD,MOOR MARKET,MMCC,06:55,08:35,28.14
42013,100.0,1.67,47,16,MOOR MARKET,MMCC,GUMMIDIPUNDI,GPD,09:30,11:10,28.14
42014,100.0,1.67,47,16,GUMMIDIPUNDI,GPD,MOOR MARKET,MMCC,07:55,09:35,28.14
42015,85.0,1.42,47,16,MOOR MARKET,MMCC,GUMMIDIPUNDI,GPD,10:25,11:50,33.1
42016,95.0,1.58,47,16,GUMMIDIPUNDI,GPD,MOOR MARKET,MMCC,08:25,10:00,29.75
42017,95.0,1.58,47,16,MOOR MARKET,MMCC,GUMMIDIPUNDI,GPD,11:35,13:10,29.75
42018,90.0,1.5,47,16,GUMMIDIPUNDI,GPD,MOOR MARKET,MMCC,09:50,11:20,31.33
42019,90.0,1.5,47,16,MOOR MARKET,MMCC,GUMMIDIPUNDI,GPD,12:20,13:50,31.33
42020,90.0,1.5,47,16,GUMMIDIPUNDI,GPD,MOOR MARKET,MMCC,10:50,12:20,31.33
42021,85.0,1.42,47,16,MOOR MARKET,MMCC,GUMMIDIPUNDI,GPD,13:25,14:50,33.1
42022,90.0,1.5,47,16,GUMMIDIPUNDI,GPD,MOOR MARKET,MMCC,11:20,12:50,31.33
42023,90.0,1.5,47,16,MOOR MARKET,MMCC,GUMMIDIPUNDI,GPD,14:35,16:05,31.33
42024,90.0,1.5,47,12,GUMMIDIPUNDI,GPD,MOOR MARKET,MMCC,12:55,14:25,31.33
42025,95.0,1.58,47,16,MOOR MARKET,MMCC,GUMMIDIPUNDI,GPD,15:15,16:50,29.75
42026,90.0,1.5,47,12,GUMMIDIPUNDI,GPD,MOOR MARKET,MMCC,13:35,15:05,31.33
42027,85.0,1.42,47,16,MOOR MARKET,MMCC,GUMMIDIPUNDI,GPD,16:30,17:55,33.1
42028,95.0,1.58,47,16,GUMMIDIPUNDI,GPD,MOOR MARKET,MMCC,14:40,16:15,29.75
42029,85.0,1.42,47,16,MOOR MARKET,MMCC,GUMMIDIPUNDI,GPD,17:05,18:30,33.1
42030,90.0,1.5,47,12,GUMMIDIPUNDI,GPD,MOOR MARKET,MMCC,15:15,16:45,31.33
42031,100.0,1.67,47,16,MOOR MARKET,MMCC,GUMMIDIPUNDI,GPD,17:35,19:15,28.14
42032,90.0,1.5,47,16,GUMMIDIPUNDI,GPD,MOOR MARKET,MMCC,15:40,17:10,31.33
42033,85.0,1.42,47,16,MOOR MARKET,MMCC,GUMMIDIPUNDI,GPD,18:35,20:00,33.1
42034,85.0,1.42,47,16,GUMMIDIPUNDI,GPD,MOOR MARKET,MMCC,17:00,18:25,33.1
42035,85.0,1.42,47,16,MOOR MARKET,MMCC,GUMMIDIPUNDI,GPD,19:35,21:00,33.1
42036,85.0,1.42,47,16,GUMMIDIPUNDI,GPD,MOOR MARKET,MMCC,17:30,18:55,33.1
42037,85.0,1.42,47,16,MOOR MARKET,MMCC,GUMMIDIPUNDI,GPD,20:15,21:40,33.1
42038,85.0,1.42,47,16,GUMMIDIPUNDI,GPD,MOOR MARKET,MMCC,18:10,19:35,33.1
42039,85.0,1.42,47,16,MOOR MARKET,MMCC,GUMMIDIPUNDI,GPD,21:15,22:40,33.1
42040,85.0,1.42,47,16,GUMMIDIPUNDI,GPD,MOOR MARKET,MMCC,18:40,20:05,33.1
42041,90.0,1.5,47,16,MOOR MARKET,MMCC,GUMMIDIPUNDI,GPD,21:45,23:15,31.33
42042,90.0,1.5,47,16,GUMMIDIPUNDI,GPD,MOOR MARKET,MMCC,19:30,21:00,31.33
42043,85.0,1.42,47,16,MOOR MARKET,MMCC,GUMMIDIPUNDI,GPD,22:45,00:10,33.1
42044,85.0,1.42,47,16,GUMMIDIPUNDI,GPD,MOOR MARKET,MMCC,20:10,21:35,33.1
42045,95.0,1.58,47,16,MOOR MARKET,MMCC,GUMMIDIPUNDI,GPD,23:20,00:55,29.75
42046,95.0,1.58,47,16,GUMMIDIPUNDI,GPD,MOOR MARKET,MMCC,21:50,23:25,29.75
42301,75.0,1.25,34,14,MOOR MARKET,MMCC,PONNERI,PON,14:15,15:30,27.2
42302,75.0,1.25,34,14,PONNERI,PON,MOOR MARKET,MMCC,08:00,09:15,27.2
42401,125.0,2.08,82,21,MOOR MARKET,MMCC,SULLURUPETTA,SPE,04:20,06:25,39.42
42402,135.0,2.25,82,21,SULLURUPETTA,SPE,MOOR MARKET,MMCC,05:45,08:00,36.44
42403,130.0,2.17,82,21,MOOR MARKET,MMCC,SULLURUPETTA,SPE,05:00,07:10,37.79
42404,130.0,2.17,82,16,SULLURUPETTA,SPE,MOOR MARKET,MMCC,06:40,08:50,37.79
42406,130.0,2.17,82,21,SULLURUPETTA,SPE,MOOR MARKET,MMCC,10:00,12:10,37.79
42407,140.0,2.33,82,21,MOOR MARKET,MMCC,SULLURUPETTA,SPE,07:30,09:50,35.19
42408,125.0,2.08,82,21,SULLURUPETTA,SPE,MOOR MARKET,MMCC,11:15,13:20,39.42
42409,140.0,2.33,82,21,MOOR MARKET,MMCC,SULLURUPETTA,SPE,08:35,10:55,35.19
42411,135.0,2.25,82,21,MOOR MARKET,MMCC,SULLURUPETTA,SPE,09:55,12:10,36.44
42412,135.0,2.25,82,21,SULLURUPETTA,SPE,MOOR MARKET,MMCC,13:15,15:30,36.44
42413,135.0,2.25,82,21,MOOR MARKET,MMCC,SULLURUPETTA,SPE,12:40,14:55,36.44
42414,150.0,2.5,82,21,SULLURUPETTA,SPE,MOOR MARKET,MMCC,15:10,17:40,32.8
42416,135.0,2.25,82,21,SULLURUPETTA,SPE,MOOR MARKET,MMCC,18:10,20:25,36.44
42417,135.0,2.25,82,21,MOOR MARKET,MMCC,SULLURUPETTA,SPE,15:35,17:50,36.44
42419,135.0,2.25,82,21,MOOR MARKET,MMCC,SULLURUPETTA,SPE,18:00,20:15,36.44
42420,125.0,2.08,82,21,SULLURUPETTA,SPE,MOOR MARKET,MMCC,20:30,22:35,39.42
42421,135.0,2.25,82,20,MOOR MARKET,MMCC,SULLURUPETTA,SPE,19:05,21:20,36.44
42422,135.0,2.25,82,21,SULLURUPETTA,SPE,MOOR MARKET,MMCC,21:40,23:55,36.44
42423,130.0,2.17,82,21,MOOR MARKET,MMCC,SULLURUPETTA,SPE,20:35,22:45,37.79
42451,50.0,0.83,35,2,GUMMIDIPUNDI,GPD,SULLURUPETTA,SPE,04:40,05:30,42.17
42452,45.0,0.75,35,6,SULLURUPETTA,SPE,GUMMIDIPUNDI,GPD,23:00,23:45,46.67
42601,95.0,1.58,47,17,CHENNAI BEAC,MSB,GUMMIDIPUNDI,GPD,09:40,11:15,29.75
42602,85.0,1.42,47,17,GUMMIDIPUNDI,GPD,CHENNAI BEAC,MSB,08:55,10:20,33.1
42603,95.0,1.58,47,17,CHENNAI BEAC,MSB,GUMMIDIPUNDI,GPD,15:45,17:20,29.75
42604,90.0,1.5,47,17,GUMMIDIPUNDI,GPD,CHENNAI BEAC,MSB,16:30,18:00,31.33
42605,95.0,1.58,47,17,CHENNAI BEAC,MSB,GUMMIDIPUNDI,GPD,18:35,20:10,29.75
42606,85.0,1.42,47,17,GUMMIDIPUNDI,GPD,CHENNAI BEAC,MSB,20:20,21:45,33.1
42607,90.0,1.5,47,17,CHENNAI BEAC,MSB,GUMMIDIPUNDI,GPD,20:00,21:30,31.33
42608,95.0,1.58,47,17,GUMMIDIPUNDI,GPD,CHENNAI BEAC,MSB,21:40,23:15,29.75
42651,145.0,2.42,62,15,VELACHEERY,VLCY,GUMMIDIPUNDI,GPD,08:50,11:15,25.62
42652,145.0,2.42,62,15,GUMMIDIPUNDI,GPD,VELACHEERY,VLCY,08:50,11:15,25.62
42653,145.0,2.42,62,15,VELACHEERY,VLCY,GUMMIDIPUNDI,GPD,14:55,17:20,25.62
42654,135.0,2.25,62,15,GUMMIDIPUNDI,GPD,VELACHEERY,VLCY,16:30,18:45,27.56
42655,140.0,2.33,62,15,VELACHEERY,VLCY,GUMMIDIPUNDI,GPD,17:45,20:05,26.61
42656,145.0,2.42,62,15,GUMMIDIPUNDI,GPD,VELACHEERY,VLCY,20:20,22:45,25.62
42657,140.0,2.33,62,15,VELACHEERY,VLCY,GUMMIDIPUNDI,GPD,19:10,21:30,26.61
42701,70.0,1.17,35,11,CHENNAI BEAC,MSB,PONNERI,PON,05:35,06:45,29.91
42702,65.0,1.08,34,15,PONNERI,PON,CHENNAI BEAC,MSB,07:00,08:05,31.48
42751,115.0,1.92,50,13,VELACHEERY,VLCY,PONNERI,PON,04:45,06:40,26.04
42752,115.0,1.92,49,13,PONNERI,PON,VELACHEERY,VLCY,07:00,08:55,25.52
42801,140.0,2.33,82,22,CHENNAI BEAC,MSB,SULLURUPETTA,SPE,14:40,17:00,35.19
42802,140.0,2.33,82,22,SULLURUPETTA,SPE,CHENNAI BEAC,MSB,07:25,09:45,35.19
42804,130.0,2.17,82,22,SULLURUPETTA,SPE,CHENNAI BEAC,MSB,17:20,19:30,37.79
42851,190.0,3.17,97,19,VELACHEERY,VLCY,SULLURUPETTA,SPE,13:55,17:05,30.6
42852,190.0,3.17,97,19,SULLURUPETTA,SPE,VELACHEERY,VLCY,07:25,10:35,30.6
42854,190.0,3.17,97,19,SULLURUPETTA,SPE,VELACHEERY,VLCY,17:15,20:25,30.6
42901,45.0,0.75,16,8,MOOR MARKET,MMCC,ENNORE,ENR,05:40,06:25,21.33
43001,50.0,0.83,20,11,MOOR MARKET,MMCC,AVADI,AVD,00:15,01:05,24.1
43002,50.0,0.83,21,11,AVADI,AVD,MOOR MARKET,MMCC,04:00,04:50,25.3
43003,45.0,0.75,20,11,MOOR MARKET,MMCC,AVADI,AVD,07:50,08:35,26.67
43005,45.0,0.75,20,11,MOOR MARKET,MMCC,AVADI,AVD,08:55,09:40,26.67
43006,45.0,0.75,21,11,AVADI,AVD,MOOR MARKET,MMCC,05:10,05:55,28.0
43007,45.0,0.75,20,11,MOOR MARKET,MMCC,AVADI,AVD,09:00,09:45,26.67
43008,50.0,0.83,21,11,AVADI,AVD,MOOR MARKET,MMCC,05:25,06:15,25.3
43009,45.0,0.75,20,11,MOOR MARKET,MMCC,AVADI,AVD,09:25,10:10,26.67
43011,50.0,0.83,20,11,MOOR MARKET,MMCC,AVADI,AVD,10:05,10:55,24.1
43013,50.0,0.83,20,11,MOOR MARKET,MMCC,AVADI,AVD,10:15,11:05,24.1
43014,60.0,1.0,21,11,AVADI,AVD,MOOR MARKET,MMCC,09:15,10:15,21.0
43015,50.0,0.83,20,11,MOOR MARKET,MMCC,AVADI,AVD,10:45,11:35,24.1
43016,45.0,0.75,21,11,AVADI,AVD,MOOR MARKET,MMCC,09:55,10:40,28.0
43017,45.0,0.75,20,11,MOOR MARKET,MMCC,AVADI,AVD,12:35,13:20,26.67
43018,45.0,0.75,21,11,AVADI,AVD,MOOR MARKET,MMCC,11:05,11:50,28.0
43019,40.0,0.67,20,11,MOOR MARKET,MMCC,AVADI,AVD,16:00,16:40,29.85
43020,50.0,0.83,21,11,AVADI,AVD,MOOR MARKET,MMCC,16:30,17:20,25.3
43021,50.0,0.83,20,7,MOOR MARKET,MMCC,AVADI,AVD,22:00,22:50,24.1
43022,50.0,0.83,21,11,AVADI,AVD,MOOR MARKET,MMCC,17:05,17:55,25.3
43023,50.0,0.83,20,11,MOOR MARKET,MMCC,AVADI,AVD,23:25,00:15,24.1
43025,50.0,0.83,20,7,MOOR MARKET,MMCC,AVADI,AVD,22:00,22:50,24.1
43029,50.0,0.83,20,7,MOOR MARKET,MMCC,AVADI,AVD,23:25,00:15,24.1
43101,65.0,1.08,30,14,MOOR MARKET,MMCC,PATTABIRAM E,PTMS,04:15,05:20,27.78
43102,75.0,1.25,31,14,PATTABIRAM E,PTMS,MOOR MARKET,MMCC,03:20,04:35,24.8
43103,80.0,1.33,30,14,MOOR MARKET,MMCC,PATTABIRAM E,PTMS,05:00,06:20,22.56
43104,75.0,1.25,31,14,PATTABIRAM E,PTMS,MOOR MARKET,MMCC,05:30,06:45,24.8
43105,70.0,1.17,30,14,MOOR MARKET,MMCC,PATTABIRAM E,PTMS,06:20,07:30,25.64
43106,70.0,1.17,31,14,PATTABIRAM E,PTMS,MOOR MARKET,MMCC,06:35,07:45,26.5
43107,70.0,1.17,30,14,MOOR MARKET,MMCC,PATTABIRAM E,PTMS,07:25,08:35,25.64
43108,75.0,1.25,31,14,PATTABIRAM E,PTMS,MOOR MARKET,MMCC,07:40,08:55,24.8
43109,70.0,1.17,30,14,MOOR MARKET,MMCC,PATTABIRAM E,PTMS,11:15,12:25,25.64
43110,65.0,1.08,31,14,PATTABIRAM E,PTMS,MOOR MARKET,MMCC,10:30,11:35,28.7
43111,70.0,1.17,30,14,MOOR MARKET,MMCC,PATTABIRAM E,PTMS,12:20,13:30,25.64
43112,70.0,1.17,31,14,PATTABIRAM E,PTMS,MOOR MARKET,MMCC,11:25,12:35,26.5
43113,70.0,1.17,30,14,MOOR MARKET,MMCC,PATTABIRAM E,PTMS,13:00,14:10,25.64
43114,75.0,1.25,31,14,PATTABIRAM E,PTMS,MOOR MARKET,MMCC,12:50,14:05,24.8
43115,70.0,1.17,30,14,MOOR MARKET,MMCC,PATTABIRAM E,PTMS,15:05,16:15,25.64
43116,70.0,1.17,31,14,PATTABIRAM E,PTMS,MOOR MARKET,MMCC,13:40,14:50,26.5
43117,70.0,1.17,30,14,MOOR MARKET,MMCC,PATTABIRAM E,PTMS,16:10,17:20,25.64
43118,70.0,1.17,31,14,PATTABIRAM E,PTMS,MOOR MARKET,MMCC,14:20,15:30,26.5
43119,70.0,1.17,30,14,MOOR MARKET,MMCC,PATTABIRAM E,PTMS,18:15,19:25,25.64
43120,70.0,1.17,31,14,PATTABIRAM E,PTMS,MOOR MARKET,MMCC,15:10,16:20,26.5
43121,70.0,1.17,30,14,MOOR MARKET,MMCC,PATTABIRAM E,PTMS,19:15,20:25,25.64
43122,65.0,1.08,31,14,PATTABIRAM E,PTMS,MOOR MARKET,MMCC,16:25,17:30,28.7
43123,70.0,1.17,25,9,MOOR MARKET,MMCC,PATTABIRAM E,PTMS,20:30,21:40,21.37
43124,70.0,1.17,31,14,PATTABIRAM E,PTMS,MOOR MARKET,MMCC,17:30,18:40,26.5
43125,70.0,1.17,25,8,MOOR MARKET,MMCC,PATTABIRAM E,PTMS,21:25,22:35,21.37
43126,70.0,1.17,31,14,PATTABIRAM E,PTMS,MOOR MARKET,MMCC,18:50,20:00,26.5
43127,70.0,1.17,25,8,MOOR MARKET,MMCC,PATTABIRAM E,PTMS,22:35,23:45,21.37
43128,59.0,0.98,31,14,PATTABIRAM E,PTMS,MOOR MARKET,MMCC,19:36,20:35,31.63
43130,70.0,1.17,31,14,PATTABIRAM E,PTMS,MOOR MARKET,MMCC,21:50,23:00,26.5
43132,65.0,1.08,31,14,PATTABIRAM E,PTMS,MOOR MARKET,MMCC,22:45,23:50,28.7
43201,80.0,1.33,46,18,MOOR MARKET,MMCC,TIRUVALLUR,TRL,04:30,05:50,34.59
43202,75.0,1.25,46,19,TIRUVALLUR,TRL,MOOR MARKET,MMCC,03:50,05:05,36.8
43203,80.0,1.33,46,19,MOOR MARKET,MMCC,TIRUVALLUR,TRL,05:15,06:35,34.59
43204,80.0,1.33,46,19,TIRUVALLUR,TRL,MOOR MARKET,MMCC,05:30,06:50,34.59
43205,75.0,1.25,46,19,MOOR MARKET,MMCC,TIRUVALLUR,TRL,05:55,07:10,36.8
43206,80.0,1.33,46,19,TIRUVALLUR,TRL,MOOR MARKET,MMCC,05:55,07:15,34.59
43207,75.0,1.25,46,19,MOOR MARKET,MMCC,TIRUVALLUR,TRL,06:50,08:05,36.8
43208,80.0,1.33,46,19,TIRUVALLUR,TRL,MOOR MARKET,MMCC,06:45,08:05,34.59
43209,75.0,1.25,46,19,MOOR MARKET,MMCC,TIRUVALLUR,TRL,07:45,09:00,36.8
43210,75.0,1.25,46,19,TIRUVALLUR,TRL,MOOR MARKET,MMCC,07:15,08:30,36.8
43211,75.0,1.25,46,19,MOOR MARKET,MMCC,TIRUVALLUR,TRL,08:05,09:20,36.8
43212,80.0,1.33,46,19,TIRUVALLUR,TRL,MOOR MARKET,MMCC,07:45,09:05,34.59
43213,75.0,1.25,46,19,MOOR MARKET,MMCC,TIRUVALLUR,TRL,08:40,09:55,36.8
43214,80.0,1.33,46,19,TIRUVALLUR,TRL,MOOR MARKET,MMCC,08:10,09:30,34.59
43215,80.0,1.33,46,19,MOOR MARKET,MMCC,TIRUVALLUR,TRL,09:15,10:35,34.59
43216,65.0,1.08,41,6,TIRUVALLUR,TRL,MOOR MARKET,MMCC,08:15,09:20,37.96
43217,80.0,1.33,46,19,MOOR MARKET,MMCC,TIRUVALLUR,TRL,09:30,10:50,34.59
43218,80.0,1.33,46,19,TIRUVALLUR,TRL,MOOR MARKET,MMCC,08:30,09:50,34.59
43219,80.0,1.33,46,19,MOOR MARKET,MMCC,TIRUVALLUR,TRL,09:45,11:05,34.59
43220,80.0,1.33,46,19,TIRUVALLUR,TRL,MOOR MARKET,MMCC,09:10,10:30,34.59
43221,80.0,1.33,46,19,MOOR MARKET,MMCC,TIRUVALLUR,TRL,11:30,12:50,34.59
43222,55.0,0.92,41,6,TIRUVALLUR,TRL,MOOR MARKET,MMCC,09:25,10:20,44.57
43223,80.0,1.33,46,19,MOOR MARKET,MMCC,TIRUVALLUR,TRL,12:10,13:30,34.59
43224,80.0,1.33,46,19,TIRUVALLUR,TRL,MOOR MARKET,MMCC,10:05,11:25,34.59
43225,80.0,1.33,46,19,MOOR MARKET,MMCC,TIRUVALLUR,TRL,13:20,14:40,34.59
43226,80.0,1.33,46,19,TIRUVALLUR,TRL,MOOR MARKET,MMCC,10:50,12:10,34.59
43227,80.0,1.33,41,18,MOOR MARKET,MMCC,TIRUVALLUR,TRL,14:00,15:20,30.83
43228,80.0,1.33,46,19,TIRUVALLUR,TRL,MOOR MARKET,MMCC,11:25,12:45,34.59
43229,80.0,1.33,46,19,MOOR MARKET,MMCC,TIRUVALLUR,TRL,14:40,16:00,34.59
43230,85.0,1.42,46,19,TIRUVALLUR,TRL,MOOR MARKET,MMCC,12:00,13:25,32.39
43231,80.0,1.33,46,19,MOOR MARKET,MMCC,TIRUVALLUR,TRL,15:00,16:20,34.59
43232,80.0,1.33,46,19,TIRUVALLUR,TRL,MOOR MARKET,MMCC,13:05,14:25,34.59
43233,80.0,1.33,46,19,MOOR MARKET,MMCC,TIRUVALLUR,TRL,15:45,17:05,34.59
43234,80.0,1.33,46,19,TIRUVALLUR,TRL,MOOR MARKET,MMCC,14:40,16:00,34.59
43235,80.0,1.33,46,19,MOOR MARKET,MMCC,TIRUVALLUR,TRL,16:30,17:50,34.59
43236,80.0,1.33,46,19,TIRUVALLUR,TRL,MOOR MARKET,MMCC,15:10,16:30,34.59
43237,75.0,1.25,46,19,MOOR MARKET,MMCC,TIRUVALLUR,TRL,16:55,18:10,36.8
43238,80.0,1.33,46,19,TIRUVALLUR,TRL,MOOR MARKET,MMCC,15:40,17:00,34.59
43239,80.0,1.33,46,19,MOOR MARKET,MMCC,TIRUVALLUR,TRL,17:25,18:45,34.59
43240,75.0,1.25,46,18,TIRUVALLUR,TRL,MOOR MARKET,MMCC,16:00,17:15,36.8
43241,80.0,1.33,46,19,MOOR MARKET,MMCC,TIRUVALLUR,TRL,17:55,19:15,34.59
43242,80.0,1.33,46,19,TIRUVALLUR,TRL,MOOR MARKET,MMCC,16:45,18:05,34.59
43243,80.0,1.33,46,19,MOOR MARKET,MMCC,TIRUVALLUR,TRL,18:30,19:50,34.59
43244,80.0,1.33,46,19,TIRUVALLUR,TRL,MOOR MARKET,MMCC,17:00,18:20,34.59
43245,80.0,1.33,46,19,MOOR MARKET,MMCC,TIRUVALLUR,TRL,18:50,20:10,34.59
43246,80.0,1.33,46,19,TIRUVALLUR,TRL,MOOR MARKET,MMCC,17:20,18:40,34.59
43247,80.0,1.33,41,10,MOOR MARKET,MMCC,TIRUVALLUR,TRL,20:00,21:20,30.83
43248,80.0,1.33,46,19,TIRUVALLUR,TRL,MOOR MARKET,MMCC,18:10,19:30,34.59
43250,80.0,1.33,46,19,TIRUVALLUR,TRL,MOOR MARKET,MMCC,18:55,20:15,34.59
43251,80.0,1.33,41,9,MOOR MARKET,MMCC,TIRUVALLUR,TRL,20:55,22:15,30.83
43252,85.0,1.42,46,19,TIRUVALLUR,TRL,MOOR MARKET,MMCC,19:35,21:00,32.39
43253,80.0,1.33,41,9,MOOR MARKET,MMCC,TIRUVALLUR,TRL,21:40,23:00,30.83
43254,80.0,1.33,46,19,TIRUVALLUR,TRL,MOOR MARKET,MMCC,20:00,21:20,34.59
43255,80.0,1.33,41,9,MOOR MARKET,MMCC,TIRUVALLUR,TRL,23:10,00:30,30.83
43256,80.0,1.33,46,19,TIRUVALLUR,TRL,MOOR MARKET,MMCC,20:30,21:50,34.59
43257,80.0,1.33,41,11,MOOR MARKET,MMCC,TIRUVALLUR,TRL,23:45,01:05,30.83
43258,80.0,1.33,46,19,TIRUVALLUR,TRL,MOOR MARKET,MMCC,20:50,22:10,34.59
43260,80.0,1.33,46,19,TIRUVALLUR,TRL,MOOR MARKET,MMCC,21:55,23:15,34.59
43401,85.0,1.42,68,11,MOOR MARKET,MMCC,ARAKKONAM JN,AJJ,05:30,06:55,47.89
43402,120.0,2.0,73,27,ARAKKONAM JN,AJJ,MOOR MARKET,MMCC,03:45,05:45,36.5
43403,120.0,2.0,73,27,MOOR MARKET,MMCC,ARAKKONAM JN,AJJ,06:00,08:00,36.5
43404,120.0,2.0,73,27,ARAKKONAM JN,AJJ,MOOR MARKET,MMCC,04:40,06:40,36.5
43405,120.0,2.0,73,27,MOOR MARKET,MMCC,ARAKKONAM JN,AJJ,06:45,08:45,36.5
43406,110.0,1.83,73,27,ARAKKONAM JN,AJJ,MOOR MARKET,MMCC,05:05,06:55,39.89
43407,115.0,1.92,73,27,MOOR MARKET,MMCC,ARAKKONAM JN,AJJ,08:20,10:15,38.02
43408,105.0,1.75,68,7,ARAKKONAM JN,AJJ,MOOR MARKET,MMCC,06:40,08:25,38.86
43409,120.0,2.0,73,27,MOOR MARKET,MMCC,ARAKKONAM JN,AJJ,09:10,11:10,36.5
43410,110.0,1.83,68,10,ARAKKONAM JN,AJJ,MOOR MARKET,MMCC,07:10,09:00,37.16
43411,120.0,2.0,73,27,MOOR MARKET,MMCC,ARAKKONAM JN,AJJ,11:05,13:05,36.5
43412,120.0,2.0,73,27,ARAKKONAM JN,AJJ,MOOR MARKET,MMCC,08:10,10:10,36.5
43413,125.0,2.08,73,27,MOOR MARKET,MMCC,ARAKKONAM JN,AJJ,12:50,14:55,35.1
43414,120.0,2.0,73,27,ARAKKONAM JN,AJJ,MOOR MARKET,MMCC,08:55,10:55,36.5
43415,125.0,2.08,73,27,MOOR MARKET,MMCC,ARAKKONAM JN,AJJ,13:40,15:45,35.1
43418,110.0,1.83,73,27,ARAKKONAM JN,AJJ,MOOR MARKET,MMCC,12:00,13:50,39.89
43419,120.0,2.0,73,27,MOOR MARKET,MMCC,ARAKKONAM JN,AJJ,16:00,18:00,36.5
43420,120.0,2.0,73,27,ARAKKONAM JN,AJJ,MOOR MARKET,MMCC,13:50,15:50,36.5
43421,120.0,2.0,73,27,MOOR MARKET,MMCC,ARAKKONAM JN,AJJ,16:45,18:45,36.5
43422,120.0,2.0,73,27,ARAKKONAM JN,AJJ,MOOR MARKET,MMCC,15:40,17:40,36.5
43423,115.0,1.92,68,14,MOOR MARKET,MMCC,ARAKKONAM JN,AJJ,17:15,19:10,35.42
43424,120.0,2.0,68,14,ARAKKONAM JN,AJJ,MOOR MARKET,MMCC,16:50,18:50,34.0
43425,120.0,2.0,73,27,MOOR MARKET,MMCC,ARAKKONAM JN,AJJ,18:05,20:05,36.5
43426,120.0,2.0,68,12,ARAKKONAM JN,AJJ,MOOR MARKET,MMCC,18:10,20:10,34.0
43427,120.0,2.0,73,27,MOOR MARKET,MMCC,ARAKKONAM JN,AJJ,18:05,20:05,36.5
43428,120.0,2.0,73,27,ARAKKONAM JN,AJJ,MOOR MARKET,MMCC,18:55,20:55,36.5
43429,125.0,2.08,68,12,MOOR MARKET,MMCC,ARAKKONAM JN,AJJ,18:40,20:45,32.69
43430,120.0,2.0,73,27,ARAKKONAM JN,AJJ,MOOR MARKET,MMCC,19:30,21:30,36.5
43431,90.0,1.5,68,10,MOOR MARKET,MMCC,ARAKKONAM JN,AJJ,19:30,21:00,45.33
43433,125.0,2.08,68,12,MOOR MARKET,MMCC,ARAKKONAM JN,AJJ,19:45,21:50,32.69
43434,120.0,2.0,73,24,ARAKKONAM JN,AJJ,MOOR MARKET,MMCC,20:25,22:25,36.5
43435,75.0,1.25,68,10,MOOR MARKET,MMCC,ARAKKONAM JN,AJJ,20:10,21:25,54.4
43436,120.0,2.0,73,27,ARAKKONAM JN,AJJ,MOOR MARKET,MMCC,21:25,23:25,36.5
43437,120.0,2.0,68,12,MOOR MARKET,MMCC,ARAKKONAM JN,AJJ,21:15,23:15,34.0
43438,120.0,2.0,73,27,ARAKKONAM JN,AJJ,MOOR MARKET,MMCC,21:45,23:45,36.5
43439,125.0,2.08,68,14,MOOR MARKET,MMCC,ARAKKONAM JN,AJJ,22:10,00:15,32.69
43501,135.0,2.25,86,28,MOOR MARKET,MMCC,TIRUTTANI,TRT,04:00,06:15,38.22
43502,140.0,2.33,86,29,TIRUTTANI,TRT,MOOR MARKET,MMCC,05:40,08:00,36.91
43503,135.0,2.25,86,29,MOOR MARKET,MMCC,TIRUTTANI,TRT,07:05,09:20,38.22
43504,140.0,2.33,86,29,TIRUTTANI,TRT,MOOR MARKET,MMCC,06:30,08:50,36.91
43505,140.0,2.33,86,28,MOOR MARKET,MMCC,TIRUTTANI,TRT,10:00,12:20,36.91
43506,140.0,2.33,86,28,TIRUTTANI,TRT,MOOR MARKET,MMCC,09:40,12:00,36.91
43507,140.0,2.33,86,28,MOOR MARKET,MMCC,TIRUTTANI,TRT,11:45,14:05,36.91
43508,130.0,2.17,86,28,TIRUTTANI,TRT,MOOR MARKET,MMCC,13:15,15:25,39.63
43509,140.0,2.33,86,29,MOOR MARKET,MMCC,TIRUTTANI,TRT,14:20,16:40,36.91
43510,135.0,2.25,86,28,TIRUTTANI,TRT,MOOR MARKET,MMCC,14:30,16:45,38.22
43511,145.0,2.42,86,29,MOOR MARKET,MMCC,TIRUTTANI,TRT,15:30,17:55,35.54
43512,135.0,2.25,86,28,TIRUTTANI,TRT,MOOR MARKET,MMCC,15:45,18:00,38.22
43513,150.0,2.5,86,28,MOOR MARKET,MMCC,TIRUTTANI,TRT,17:40,20:10,34.4
43514,140.0,2.33,86,28,TIRUTTANI,TRT,MOOR MARKET,MMCC,16:55,19:15,36.91
43515,150.0,2.5,86,29,MOOR MARKET,MMCC,TIRUTTANI,TRT,19:00,21:30,34.4
43516,140.0,2.33,86,28,TIRUTTANI,TRT,MOOR MARKET,MMCC,18:05,20:25,36.91
43517,140.0,2.33,80,13,MOOR MARKET,MMCC,TIRUTTANI,TRT,20:20,22:40,34.33
43518,140.0,2.33,81,14,TIRUTTANI,TRT,MOOR MARKET,MMCC,20:20,22:40,34.76
43520,134.0,2.23,81,15,TIRUTTANI,TRT,MOOR MARKET,MMCC,21:45,23:59,36.32
43551,20.0,0.33,12,2,ARAKKONAM JN,AJJ,TIRUTTANI,TRT,04:15,04:35,36.36
43552,20.0,0.33,12,2,TIRUTTANI,TRT,ARAKKONAM JN,AJJ,04:45,05:05,36.36
43553,20.0,0.33,12,3,ARAKKONAM JN,AJJ,TIRUTTANI,TRT,05:10,05:30,36.36
43554,25.0,0.42,12,2,TIRUTTANI,TRT,ARAKKONAM JN,AJJ,21:05,21:30,28.57
43556,20.0,0.33,12,2,TIRUTTANI,TRT,ARAKKONAM JN,AJJ,23:00,23:20,36.36
43601,60.0,1.0,22,12,CHENNAI BEAC,MSB,AVADI,AVD,06:50,07:50,22.0
43602,55.0,0.92,22,12,AVADI,AVD,CHENNAI BEAC,MSB,04:10,05:05,23.91
43603,50.0,0.83,22,12,CHENNAI BEAC,MSB,AVADI,AVD,08:10,09:00,26.51
43604,50.0,0.83,22,12,AVADI,AVD,CHENNAI BEAC,MSB,04:25,05:15,26.51
43605,50.0,0.83,22,12,CHENNAI BEAC,MSB,AVADI,AVD,11:05,11:55,26.51
43606,50.0,0.83,22,12,AVADI,AVD,CHENNAI BEAC,MSB,06:10,07:00,26.51
43607,55.0,0.92,22,12,CHENNAI BEAC,MSB,AVADI,AVD,19:35,20:30,23.91
43608,50.0,0.83,22,12,AVADI,AVD,CHENNAI BEAC,MSB,07:10,08:00,26.51
43610,50.0,0.83,22,12,AVADI,AVD,CHENNAI BEAC,MSB,08:15,09:05,26.51
43611,50.0,0.83,22,2,CHENNAI BEAC,MSB,AVADI,AVD,20:20,21:10,26.51
43612,55.0,0.92,22,12,AVADI,AVD,CHENNAI BEAC,MSB,08:45,09:40,23.91
43613,55.0,0.92,22,8,CHENNAI BEAC,MSB,AVADI,AVD,21:45,22:40,23.91
43614,50.0,0.83,22,12,AVADI,AVD,CHENNAI BEAC,MSB,12:10,13:00,26.51
43615,50.0,0.83,22,8,CHENNAI BEAC,MSB,AVADI,AVD,23:15,00:05,26.51
43616,55.0,0.92,22,12,AVADI,AVD,CHENNAI BEAC,MSB,14:40,15:35,23.91
43618,50.0,0.83,22,12,AVADI,AVD,CHENNAI BEAC,MSB,16:20,17:10,26.51
43620,50.0,0.83,22,12,AVADI,AVD,CHENNAI BEAC,MSB,16:40,17:30,26.51
43622,50.0,0.83,22,12,AVADI,AVD,CHENNAI BEAC,MSB,17:55,18:45,26.51
43650,50.0,0.83,22,8,AVADI,AVD,CHENNAI BEAC,MSB,07:40,08:30,26.51
43651,105.0,1.75,36,10,VELACHEERY,VLCY,AVADI,AVD,06:05,07:50,20.57
43652,105.0,1.75,37,10,AVADI,AVD,VELACHEERY,VLCY,04:10,05:55,21.14
43653,100.0,1.67,36,10,VELACHEERY,VLCY,AVADI,AVD,07:25,09:05,21.56
43654,110.0,1.83,37,10,AVADI,AVD,VELACHEERY,VLCY,04:25,06:15,20.22
43655,105.0,1.75,36,10,VELACHEERY,VLCY,AVADI,AVD,10:15,12:00,20.57
43656,100.0,1.67,37,10,AVADI,AVD,VELACHEERY,VLCY,06:05,07:45,22.16
43657,110.0,1.83,36,10,VELACHEERY,VLCY,AVADI,AVD,19:30,21:20,19.67
43658,95.0,1.58,37,10,AVADI,AVD,VELACHEERY,VLCY,07:10,08:45,23.42
43659,105.0,1.75,36,10,VELACHEERY,VLCY,AVADI,AVD,20:30,22:15,20.57
43660,100.0,1.67,37,10,AVADI,AVD,VELACHEERY,VLCY,07:40,09:20,22.16
43661,110.0,1.83,36,10,VELACHEERY,VLCY,AVADI,AVD,20:50,22:40,19.67
43662,105.0,1.75,37,10,AVADI,AVD,VELACHEERY,VLCY,08:15,10:00,21.14
43663,100.0,1.67,36,10,VELACHEERY,VLCY,AVADI,AVD,22:30,00:10,21.56
43664,105.0,1.75,37,10,AVADI,AVD,VELACHEERY,VLCY,08:45,10:30,21.14
43666,100.0,1.67,37,10,AVADI,AVD,VELACHEERY,VLCY,12:10,13:50,22.16
43668,110.0,1.83,37,10,AVADI,AVD,VELACHEERY,VLCY,14:40,16:30,20.22
43670,100.0,1.67,37,10,AVADI,AVD,VELACHEERY,VLCY,16:20,18:00,22.16
43672,95.0,1.58,37,10,AVADI,AVD,VELACHEERY,VLCY,16:40,18:15,23.42
43674,100.0,1.67,37,10,AVADI,AVD,VELACHEERY,VLCY,17:50,19:30,22.16
43701,85.0,1.42,48,20,CHENNAI BEAC,MSB,TIRUVALLUR,TRL,05:35,07:00,33.8
43702,85.0,1.42,48,20,TIRUVALLUR,TRL,CHENNAI BEAC,MSB,11:05,12:30,33.8
43703,85.0,1.42,48,20,CHENNAI BEAC,MSB,TIRUVALLUR,TRL,06:20,07:45,33.8
43704,85.0,1.42,48,20,TIRUVALLUR,TRL,CHENNAI BEAC,MSB,13:40,15:05,33.8
43705,85.0,1.42,48,20,CHENNAI BEAC,MSB,TIRUVALLUR,TRL,09:50,11:15,33.8
43706,85.0,1.42,48,20,TIRUVALLUR,TRL,CHENNAI BEAC,MSB,17:55,19:20,33.8
43707,85.0,1.42,48,20,CHENNAI BEAC,MSB,TIRUVALLUR,TRL,13:05,14:30,33.8
43708,80.0,1.33,48,20,TIRUVALLUR,TRL,CHENNAI BEAC,MSB,18:25,19:45,36.09
43709,80.0,1.33,48,20,CHENNAI BEAC,MSB,TIRUVALLUR,TRL,15:30,16:50,36.09
43710,85.0,1.42,48,20,TIRUVALLUR,TRL,CHENNAI BEAC,MSB,19:45,21:10,33.8
43711,85.0,1.42,48,20,CHENNAI BEAC,MSB,TIRUVALLUR,TRL,17:40,19:05,33.8
43713,85.0,1.42,42,10,CHENNAI BEAC,MSB,TIRUVALLUR,TRL,19:10,20:35,29.58
43715,80.0,1.33,48,20,CHENNAI BEAC,MSB,TIRUVALLUR,TRL,19:50,21:10,36.09
43751,70.0,1.17,32,15,CHENNAI BEAC,MSB,PATTABIRAM E,PTMS,09:10,10:20,27.35
43752,72.0,1.2,32,15,PATTABIRAM E,PTMS,CHENNAI BEAC,MSB,08:40,09:52,26.67
43753,70.0,1.17,32,15,CHENNAI BEAC,MSB,PATTABIRAM E,PTMS,10:05,11:15,27.35
43754,80.0,1.33,32,15,PATTABIRAM E,PTMS,CHENNAI BEAC,MSB,20:35,21:55,24.06
43755,70.0,1.17,32,15,CHENNAI BEAC,MSB,PATTABIRAM E,PTMS,13:50,15:00,27.35
43757,65.0,1.08,32,15,CHENNAI BEAC,MSB,PATTABIRAM E,PTMS,17:25,18:30,29.63
43761,135.0,2.25,57,14,VELACHEERY,VLCY,TIRUVALLUR,TRL,05:30,07:45,25.33
43762,125.0,2.08,57,14,TIRUVALLUR,TRL,VELACHEERY,VLCY,11:05,13:10,27.4
43763,130.0,2.17,57,14,VELACHEERY,VLCY,TIRUVALLUR,TRL,09:05,11:15,26.27
43764,130.0,2.17,57,14,TIRUVALLUR,TRL,VELACHEERY,VLCY,13:40,15:50,26.27
43765,135.0,2.25,57,14,VELACHEERY,VLCY,TIRUVALLUR,TRL,12:15,14:30,25.33
43766,135.0,2.25,57,14,TIRUVALLUR,TRL,VELACHEERY,VLCY,17:55,20:10,25.33
43767,135.0,2.25,57,14,VELACHEERY,VLCY,TIRUVALLUR,TRL,14:35,16:50,25.33
43768,145.0,2.42,57,14,TIRUVALLUR,TRL,VELACHEERY,VLCY,18:20,20:45,23.55
43769,135.0,2.25,57,14,VELACHEERY,VLCY,TIRUVALLUR,TRL,16:55,19:10,25.33
43770,140.0,2.33,57,14,TIRUVALLUR,TRL,VELACHEERY,VLCY,19:45,22:05,24.46
43771,135.0,2.25,57,14,VELACHEERY,VLCY,TIRUVALLUR,TRL,18:20,20:35,25.33
43773,135.0,2.25,57,14,VELACHEERY,VLCY,TIRUVALLUR,TRL,19:00,21:15,25.33
43791,120.0,2.0,46,13,VELACHEERY,VLCY,PATTABIRAM E,PTMS,08:20,10:20,23.0
43792,125.0,2.08,47,17,PATTABIRAM E,PTMS,VELACHEERY,VLCY,08:45,10:50,22.6
43793,120.0,2.0,46,13,VELACHEERY,VLCY,PATTABIRAM E,PTMS,09:15,11:15,23.0
43794,150.0,2.5,42,12,PATTABIRAM E,PTMS,VELACHEERY,VLCY,20:35,23:05,16.8
43795,125.0,2.08,46,13,VELACHEERY,VLCY,PATTABIRAM E,PTMS,12:55,15:00,22.12
43797,120.0,2.0,46,13,VELACHEERY,VLCY,PATTABIRAM E,PTMS,16:40,18:40,23.0
43801,130.0,2.17,74,28,CHENNAI BEAC,MSB,ARAKKONAM JN,AJJ,01:20,03:30,34.1
43802,125.0,2.08,75,28,ARAKKONAM JN,AJJ,CHENNAI BEAC,MSB,04:00,06:05,36.06
43803,130.0,2.17,74,28,CHENNAI BEAC,MSB,ARAKKONAM JN,AJJ,04:20,06:30,34.1
43804,95.0,1.58,70,9,ARAKKONAM JN,AJJ,CHENNAI BEAC,MSB,07:50,09:25,44.3
43805,130.0,2.17,74,28,CHENNAI BEAC,MSB,ARAKKONAM JN,AJJ,14:25,16:35,34.1
43806,125.0,2.08,70,15,ARAKKONAM JN,AJJ,CHENNAI BEAC,MSB,16:10,18:15,33.65
43820,140.0,2.33,82,14,TIRUTTANI,TRT,CHENNAI BEAC,MSB,08:55,11:15,35.19
43821,150.0,2.5,82,16,CHENNAI BEAC,MSB,TIRUTTANI,TRT,12:10,14:40,32.8
43823,120.0,2.0,82,13,CHENNAI BEAC,MSB,TIRUTTANI,TRT,18:25,20:25,41.0
43831,35.0,0.58,20,5,AVADI,AVD,TIRUVALLUR,TRL,07:15,07:50,34.48
43832,30.0,0.5,20,8,TIRUVALLUR,TRL,AVADI,AVD,21:25,21:55,40.0
43841,80.0,1.33,52,17,AVADI,AVD,ARAKKONAM JN,AJJ,16:40,18:00,39.1
43842,65.0,1.08,47,16,ARAKKONAM JN,AJJ,AVADI,AVD,11:20,12:25,43.52
43844,75.0,1.25,47,2,ARAKKONAM JN,AJJ,AVADI,AVD,21:55,23:10,37.6
43847,115.0,1.92,65,18,AVADI,AVD,TIRUTTANI,TRT,06:25,08:20,33.85
43851,125.0,2.08,70,17,PONNERI,PON,TIRUVALLUR,TRL,15:40,17:45,33.65
43852,150.0,2.5,75,29,TIRUVALLUR,TRL,PONNERI,PON,05:20,07:50,30.0
43861,100.0,1.67,51,13,ENNORE,ENR,TIRUVALLUR,TRL,06:40,08:20,30.54
43872,53.0,0.88,29,13,PATTABIRAM E,PRES,MOOR MARKET,MMCC,08:42,09:35,32.95
43882,55.0,0.92,34,13,TIRUNINRAVUR,TI,MOOR MARKET,MMCC,08:20,09:15,36.96
43891,20.0,0.33,4,3,AVADI,AVD,PATTABIRAM E,PTMS,02:50,03:10,12.12
43892,20.0,0.33,10,4,PATTABIRAM E,PTMS,AVADI,AVD,23:55,00:15,30.3
43901,85.0,1.42,52,21,MOOR MARKET,MMCC,KADAMBATTUR,KBT,10:30,11:55,36.62
43902,85.0,1.42,52,21,KADAMBATTUR,KBT,MOOR MARKET,MMCC,06:10,07:35,36.62
43903,85.0,1.42,52,21,MOOR MARKET,MMCC,KADAMBATTUR,KBT,12:00,13:25,36.62
43904,85.0,1.42,52,21,KADAMBATTUR,KBT,MOOR MARKET,MMCC,13:40,15:05,36.62
43912,90.0,1.5,53,22,KADAMBATTUR,KBT,CHENNAI BEAC,MSB,12:05,13:35,35.33
43921,10.0,0.17,5,2,TIRUVALLUR,TRL,KADAMBATTUR,KBT,05:50,06:00,29.41
43932,170.0,2.83,84,17,ARAKKONAM JN,AJJ,VELACHEERY,VLCY,04:00,06:50,29.68
43934,170.0,2.83,84,16,ARAKKONAM JN,AJJ,VELACHEERY,VLCY,06:55,09:45,29.68
43936,140.0,2.33,84,11,ARAKKONAM JN,AJJ,VELACHEERY,VLCY,07:50,10:10,36.05
43938,160.0,2.67,84,17,ARAKKONAM JN,AJJ,VELACHEERY,VLCY,16:15,18:55,31.46
43941,205.0,3.42,97,17,VELACHEERY,VLCY,TIRUTTANI,TRT,11:20,14:45,28.36
43942,195.0,3.25,97,18,TIRUTTANI,TRT,VELACHEERY,VLCY,08:50,12:05,29.85
43943,175.0,2.92,97,15,VELACHEERY,VLCY,TIRUTTANI,TRT,17:35,20:30,33.22
43952,145.0,2.42,63,15,KADAMBATTUR,KBT,VELACHEERY,VLCY,12:05,14:30,26.03
47100,45.0,0.75,25,13,HYDERABAD DE,HYB,LINGAMPALLI,LPI,04:35,05:20,33.33
47101,45.0,0.75,25,13,HYDERABAD DE,HYB,LINGAMPALLI,LPI,05:40,06:25,33.33
47102,45.0,0.75,25,13,HYDERABAD DE,HYB,LINGAMPALLI,LPI,06:20,07:05,33.33
47103,50.0,0.83,25,13,HYDERABAD DE,HYB,LINGAMPALLI,LPI,07:00,07:50,30.12
47104,45.0,0.75,25,13,HYDERABAD DE,HYB,LINGAMPALLI,LPI,07:46,08:31,33.33
47105,50.0,0.83,25,13,HYDERABAD DE,HYB,LINGAMPALLI,LPI,08:15,09:05,30.12
47106,45.0,0.75,25,13,HYDERABAD DE,HYB,LINGAMPALLI,LPI,09:00,09:45,33.33
47107,45.0,0.75,25,13,HYDERABAD DE,HYB,LINGAMPALLI,LPI,09:36,10:21,33.33
47108,45.0,0.75,25,13,HYDERABAD DE,HYB,LINGAMPALLI,LPI,10:12,10:57,33.33
47109,45.0,0.75,25,13,HYDERABAD DE,HYB,LINGAMPALLI,LPI,10:55,11:40,33.33
47110,45.0,0.75,25,13,HYDERABAD DE,HYB,LINGAMPALLI,LPI,11:22,12:07,33.33
47111,55.0,0.92,25,13,HYDERABAD DE,HYB,LINGAMPALLI,LPI,12:00,12:55,27.17
47112,45.0,0.75,25,13,HYDERABAD DE,HYB,LINGAMPALLI,LPI,13:25,14:10,33.33
47113,45.0,0.75,25,13,HYDERABAD DE,HYB,LINGAMPALLI,LPI,14:20,15:05,33.33
47114,45.0,0.75,25,13,HYDERABAD DE,HYB,LINGAMPALLI,LPI,15:20,16:05,33.33
47115,45.0,0.75,25,13,HYDERABAD DE,HYB,LINGAMPALLI,LPI,15:45,16:30,33.33
47116,55.0,0.92,25,13,HYDERABAD DE,HYB,LINGAMPALLI,LPI,16:10,17:05,27.17
47117,45.0,0.75,25,13,HYDERABAD DE,HYB,LINGAMPALLI,LPI,17:05,17:50,33.33
47118,45.0,0.75,25,13,HYDERABAD DE,HYB,LINGAMPALLI,LPI,17:40,18:25,33.33
47119,45.0,0.75,25,13,HYDERABAD DE,HYB,LINGAMPALLI,LPI,18:08,18:53,33.33
47120,48.0,0.8,25,13,HYDERABAD DE,HYB,LINGAMPALLI,LPI,18:57,19:45,31.25
47121,45.0,0.75,25,13,HYDERABAD DE,HYB,LINGAMPALLI,LPI,19:35,20:20,33.33
47122,50.0,0.83,25,13,HYDERABAD DE,HYB,LINGAMPALLI,LPI,20:00,20:50,30.12
47123,45.0,0.75,25,13,HYDERABAD DE,HYB,LINGAMPALLI,LPI,20:53,21:38,33.33
47124,45.0,0.75,25,13,HYDERABAD DE,HYB,LINGAMPALLI,LPI,21:50,22:35,33.33
47125,45.0,0.75,25,13,HYDERABAD DE,HYB,LINGAMPALLI,LPI,22:15,23:00,33.33
47126,45.0,0.75,23,13,LINGAMPALLI,LPI,HYDERABAD DE,HYB,05:25,06:10,30.67
47127,50.0,0.83,23,13,LINGAMPALLI,LPI,HYDERABAD DE,HYB,05:50,06:40,27.71
47128,52.0,0.87,23,13,LINGAMPALLI,LPI,HYDERABAD DE,HYB,06:38,07:30,26.44
47129,45.0,0.75,23,13,LINGAMPALLI,LPI,HYDERABAD DE,HYB,07:20,08:05,30.67
47130,50.0,0.83,23,13,LINGAMPALLI,LPI,HYDERABAD DE,HYB,08:00,08:50,27.71
47131,45.0,0.75,23,13,LINGAMPALLI,LPI,HYDERABAD DE,HYB,08:43,09:28,30.67
47132,45.0,0.75,23,13,LINGAMPALLI,LPI,HYDERABAD DE,HYB,09:19,10:04,30.67
47133,50.0,0.83,23,13,LINGAMPALLI,LPI,HYDERABAD DE,HYB,09:55,10:45,27.71
47134,45.0,0.75,23,13,LINGAMPALLI,LPI,HYDERABAD DE,HYB,10:29,11:14,30.67
47135,47.0,0.78,23,13,LINGAMPALLI,LPI,HYDERABAD DE,HYB,11:05,11:52,29.49
47136,45.0,0.75,23,13,LINGAMPALLI,LPI,HYDERABAD DE,HYB,11:48,12:33,30.67
47137,45.0,0.75,23,13,LINGAMPALLI,LPI,HYDERABAD DE,HYB,12:30,13:15,30.67
47138,50.0,0.83,23,13,LINGAMPALLI,LPI,HYDERABAD DE,HYB,13:05,13:55,27.71
47139,45.0,0.75,23,13,LINGAMPALLI,LPI,HYDERABAD DE,HYB,15:00,15:45,30.67
47140,47.0,0.78,23,13,LINGAMPALLI,LPI,HYDERABAD DE,HYB,16:13,17:00,29.49
47141,45.0,0.75,23,13,LINGAMPALLI,LPI,HYDERABAD DE,HYB,17:15,18:00,30.67
47142,50.0,0.83,23,13,LINGAMPALLI,LPI,HYDERABAD DE,HYB,18:00,18:50,27.71
47143,45.0,0.75,23,13,LINGAMPALLI,LPI,HYDERABAD DE,HYB,18:40,19:25,30.67
47144,45.0,0.75,23,13,LINGAMPALLI,LPI,HYDERABAD DE,HYB,19:01,19:46,30.67
47145,50.0,0.83,23,13,LINGAMPALLI,LPI,HYDERABAD DE,HYB,19:55,20:45,27.71
47146,45.0,0.75,23,13,LINGAMPALLI,LPI,HYDERABAD DE,HYB,21:00,21:45,30.67
47147,45.0,0.75,23,13,LINGAMPALLI,LPI,HYDERABAD DE,HYB,21:55,22:40,30.67
47148,45.0,0.75,23,13,LINGAMPALLI,LPI,HYDERABAD DE,HYB,22:45,23:30,30.67
47149,82.0,1.37,37,22,FALAKNUMA,FM,LINGAMPALLI,LPI,04:25,05:47,27.01
47150,77.0,1.28,37,22,FALAKNUMA,FM,LINGAMPALLI,LPI,05:30,06:47,28.91
47151,82.0,1.37,37,22,FALAKNUMA,FM,LINGAMPALLI,LPI,05:50,07:12,27.01
47152,75.0,1.25,37,22,FALAKNUMA,FM,LINGAMPALLI,LPI,07:30,08:45,29.6
47153,90.0,1.5,37,22,FALAKNUMA,FM,LINGAMPALLI,LPI,06:45,08:15,24.67
47154,77.0,1.28,37,22,FALAKNUMA,FM,LINGAMPALLI,LPI,07:50,09:07,28.91
47155,83.0,1.38,37,22,FALAKNUMA,FM,LINGAMPALLI,LPI,09:12,10:35,26.81
47156,77.0,1.28,37,22,FALAKNUMA,FM,LINGAMPALLI,LPI,10:35,11:52,28.91
47157,85.0,1.42,37,22,FALAKNUMA,FM,LINGAMPALLI,LPI,10:55,12:20,26.06
47158,80.0,1.33,37,22,FALAKNUMA,FM,LINGAMPALLI,LPI,12:10,13:30,27.82
47159,90.0,1.5,37,22,LINGAMPALLI,LPI,FALAKNUMA,FM,21:10,22:40,24.67
47160,77.0,1.28,37,22,FALAKNUMA,FM,LINGAMPALLI,LPI,13:25,14:42,28.91
47161,80.0,1.33,37,22,FALAKNUMA,FM,LINGAMPALLI,LPI,15:15,16:35,27.82
47162,81.0,1.35,37,22,FALAKNUMA,FM,LINGAMPALLI,LPI,16:14,17:35,27.41
47163,80.0,1.33,37,22,FALAKNUMA,FM,LINGAMPALLI,LPI,17:10,18:30,27.82
47164,85.0,1.42,37,22,FALAKNUMA,FM,LINGAMPALLI,LPI,17:38,19:03,26.06
47165,87.0,1.45,37,22,FALAKNUMA,FM,LINGAMPALLI,LPI,09:55,11:22,25.52
47166,82.0,1.37,37,22,FALAKNUMA,FM,LINGAMPALLI,LPI,18:48,20:10,27.01
47167,80.0,1.33,37,22,FALAKNUMA,FM,LINGAMPALLI,LPI,19:45,21:05,27.82
47168,45.0,0.75,14,11,FALAKNUMA,FM,SECUNDERABAD,SC,22:50,23:35,18.67
47169,83.0,1.38,37,22,FALAKNUMA,FM,LINGAMPALLI,LPI,13:02,14:25,26.81
47170,85.0,1.42,37,22,FALAKNUMA,FM,LINGAMPALLI,LPI,21:45,23:10,26.06
47171,77.0,1.28,37,22,LINGAMPALLI,LPI,FALAKNUMA,FM,04:25,05:42,28.91
47172,30.0,0.5,14,11,SECUNDERABAD,SC,FALAKNUMA,FM,06:00,06:30,28.0
47173,77.0,1.28,37,22,LINGAMPALLI,LPI,FALAKNUMA,FM,05:55,07:12,28.91
47174,85.0,1.42,37,22,LINGAMPALLI,LPI,FALAKNUMA,FM,07:05,08:30,26.06
47175,77.0,1.28,37,22,LINGAMPALLI,LPI,FALAKNUMA,FM,07:45,09:02,28.91
47176,84.0,1.4,37,22,LINGAMPALLI,LPI,FALAKNUMA,FM,08:23,09:47,26.43
47177,87.0,1.45,37,22,LINGAMPALLI,LPI,FALAKNUMA,FM,09:00,10:27,25.52
47178,77.0,1.28,37,22,LINGAMPALLI,LPI,FALAKNUMA,FM,09:25,10:42,28.91
47179,77.0,1.28,37,22,LINGAMPALLI,LPI,FALAKNUMA,FM,10:45,12:02,28.91
47180,77.0,1.28,37,22,LINGAMPALLI,LPI,FALAKNUMA,FM,12:00,13:17,28.91
47181,80.0,1.33,37,22,LINGAMPALLI,LPI,FALAKNUMA,FM,12:40,14:00,27.82
47182,80.0,1.33,37,22,LINGAMPALLI,LPI,FALAKNUMA,FM,13:20,14:40,27.82
47183,82.0,1.37,37,22,LINGAMPALLI,LPI,FALAKNUMA,FM,14:30,15:52,27.01
47184,76.0,1.27,37,22,LINGAMPALLI,LPI,FALAKNUMA,FM,14:50,16:06,29.13
47185,77.0,1.28,37,22,LINGAMPALLI,LPI,FALAKNUMA,FM,15:45,17:02,28.91
47186,85.0,1.42,37,22,LINGAMPALLI,LPI,FALAKNUMA,FM,16:25,17:50,26.06
47187,85.0,1.42,37,22,LINGAMPALLI,LPI,FALAKNUMA,FM,17:05,18:30,26.06
47188,87.0,1.45,37,22,LINGAMPALLI,LPI,FALAKNUMA,FM,18:10,19:37,25.52
47189,83.0,1.38,37,22,LINGAMPALLI,LPI,FALAKNUMA,FM,11:30,12:53,26.81
47190,85.0,1.42,37,22,LINGAMPALLI,LPI,FALAKNUMA,FM,18:35,20:00,26.06
47191,82.0,1.37,37,22,LINGAMPALLI,LPI,FALAKNUMA,FM,19:15,20:37,27.01
47192,77.0,1.28,37,22,LINGAMPALLI,LPI,FALAKNUMA,FM,20:20,21:37,28.91
47193,82.0,1.37,37,22,LINGAMPALLI,LPI,FALAKNUMA,FM,20:45,22:07,27.01
47194,90.0,1.5,37,22,LINGAMPALLI,LPI,FALAKNUMA,FM,21:45,23:15,24.67
47195,55.0,0.92,22,12,LINGAMPALLI,LPI,SECUNDERABAD,SC,22:25,23:20,23.91
47196,30.0,0.5,9,7,SECUNDERABAD,SC,HYDERABAD DE,HYB,04:50,05:20,18.0
47197,70.0,1.17,24,17,FALAKNUMA,FM,HYDERABAD DE,HYB,08:40,09:50,20.51
47198,90.0,1.5,37,22,FALAKNUMA,FM,LINGAMPALLI,LPI,11:20,12:50,24.67
47199,67.0,1.12,24,17,FALAKNUMA,FM,HYDERABAD DE,HYB,13:56,15:03,21.43
47200,80.0,1.33,24,17,FALAKNUMA,FM,HYDERABAD DE,HYB,14:15,15:35,18.05
47201,65.0,1.08,24,17,FALAKNUMA,FM,HYDERABAD DE,HYB,16:00,17:05,22.22
47202,65.0,1.08,24,17,FALAKNUMA,FM,HYDERABAD DE,HYB,20:10,21:15,22.22
47203,80.0,1.33,37,22,FALAKNUMA,FM,LINGAMPALLI,LPI,20:50,22:10,27.82
47204,45.0,0.75,14,11,FALAKNUMA,FM,SECUNDERABAD,SC,22:30,23:15,18.67
47205,30.0,0.5,14,11,SECUNDERABAD,SC,FALAKNUMA,FM,04:30,05:00,28.0
47206,67.0,1.12,25,17,HYDERABAD DE,HYB,FALAKNUMA,FM,05:48,06:55,22.32
47207,80.0,1.33,37,22,FALAKNUMA,FM,LINGAMPALLI,LPI,19:10,20:30,27.82
47208,67.0,1.12,25,17,HYDERABAD DE,HYB,FALAKNUMA,FM,10:05,11:12,22.32
47209,67.0,1.12,25,17,HYDERABAD DE,HYB,FALAKNUMA,FM,12:41,13:48,22.32
47210,77.0,1.28,37,22,LINGAMPALLI,LPI,FALAKNUMA,FM,17:35,18:52,28.91
47211,80.0,1.33,37,22,FALAKNUMA,FM,LINGAMPALLI,LPI,08:30,09:50,27.82
47212,80.0,1.33,37,22,LINGAMPALLI,LPI,FALAKNUMA,FM,10:05,11:25,27.82
47213,80.0,1.33,37,22,LINGAMPALLI,LPI,FALAKNUMA,FM,06:30,07:50,27.82
47214,85.0,1.42,37,22,FALAKNUMA,FM,LINGAMPALLI,LPI,11:35,13:00,26.06
47215,80.0,1.33,37,22,LINGAMPALLI,LPI,FALAKNUMA,FM,13:10,14:30,27.82
47216,80.0,1.33,37,22,FALAKNUMA,FM,LINGAMPALLI,LPI,14:40,16:00,27.82
47217,80.0,1.33,37,22,LINGAMPALLI,LPI,FALAKNUMA,FM,16:00,17:20,27.82
47218,85.0,1.42,37,22,FALAKNUMA,FM,LINGAMPALLI,LPI,18:00,19:25,26.06
47219,77.0,1.28,37,22,LINGAMPALLI,LPI,FALAKNUMA,FM,19:38,20:55,28.91
47220,105.0,1.75,37,22,FALAKNUMA,FM,LINGAMPALLI,LPI,21:05,22:50,21.14
50101,395.0,6.58,251,22,RATNAGIRI,RN,MADGOAN JN.,MAO,03:20,09:55,38.15
50102,305.0,5.08,244,22,MADGOAN JN.,MAO,RATNAGIRI,RN,19:10,00:15,48.03
50103,525.0,8.75,347,38,DADAR,DR,RATNAGIRI,RN,15:40,00:25,39.66
50104,530.0,8.83,349,38,RATNAGIRI,RN,DADAR,DR,05:30,14:20,39.52
50105,685.0,11.42,486,49,DIVA JN,DIVA,SAWANTWADI R,SWV,06:25,17:50,42.56
50106,700.0,11.67,476,49,SAWANTWADI R,SWV,DIVA JN,DIVA,08:30,20:10,40.79
50107,155.0,2.58,78,9,SAWANTWADI R,SWV,MADGOAN JN.,MAO,17:55,20:30,30.23
50108,130.0,2.17,83,9,MADGOAN JN.,MAO,SAWANTWADI R,SWV,06:15,08:25,38.25
50119,50.0,0.83,27,6,DIVA JN,DIVA,PANVEL,PNVL,00:20,01:10,32.53
50120,45.0,0.75,27,7,PANVEL,PNVL,DIVA JN,DIVA,04:45,05:30,36.0
51027,695.0,11.58,430,26,CST-MUMBAI,CSMT,PANDHARPUR,PVR,22:55,10:30,37.13
51028,645.0,10.75,430,29,PANDHARPUR,PVR,CST-MUMBAI,CSMT,17:25,04:10,40.0
51029,805.0,13.42,565,31,CST-MUMBAI,CSMT,BIJAPUR JN,BJP,22:55,12:20,42.1
51030,800.0,13.33,566,34,BIJAPUR JN,BJP,CST-MUMBAI,CSMT,14:50,04:10,42.46
51033,275.0,4.58,187,8,DAUND JN.,DD,SAI NAGAR SH,SNSI,06:20,10:55,40.83
51034,280.0,4.67,187,7,SAI NAGAR SH,SNSI,DAUND JN.,DD,16:10,20:50,40.04
51111,75.0,1.25,56,9,CHALISGAON J,CSN,DHULE,DHI,06:00,07:15,44.8
51112,75.0,1.25,56,9,DHULE,DHI,CHALISGAON J,CSN,07:50,09:05,44.8
51113,75.0,1.25,56,9,CHALISGAON J,CSN,DHULE,DHI,09:50,11:05,44.8
51114,75.0,1.25,56,9,DHULE,DHI,CHALISGAON J,CSN,11:40,12:55,44.8
51115,75.0,1.25,56,9,CHALISGAON J,CSN,DHULE,DHI,13:40,14:55,44.8
51116,75.0,1.25,56,9,DHULE,DHI,CHALISGAON J,CSN,15:30,16:45,44.8
51135,15.0,0.25,9,2,BADNERA JN.,BD,AMRAVATI,AMI,01:30,01:45,36.0
51136,15.0,0.25,9,2,AMRAVATI,AMI,BADNERA JN.,BD,02:15,02:30,36.0
51137,15.0,0.25,9,2,BADNERA JN.,BD,AMRAVATI,AMI,03:20,03:35,36.0
51138,15.0,0.25,9,2,AMRAVATI,AMI,BADNERA JN.,BD,03:55,04:10,36.0
51139,15.0,0.25,9,2,BADNERA JN.,BD,AMRAVATI,AMI,06:25,06:40,36.0
51140,15.0,0.25,9,2,AMRAVATI,AMI,BADNERA JN.,BD,07:15,07:30,36.0
51141,15.0,0.25,9,2,BADNERA JN.,BD,AMRAVATI,AMI,11:00,11:15,36.0
51142,15.0,0.25,9,2,AMRAVATI,AMI,BADNERA JN.,BD,12:30,12:45,36.0
51145,15.0,0.25,9,2,BADNERA JN.,BD,AMRAVATI,AMI,18:00,18:15,36.0
51146,15.0,0.25,9,2,AMRAVATI,AMI,BADNERA JN.,BD,18:50,19:05,36.0
51147,15.0,0.25,9,2,BADNERA JN.,BD,AMRAVATI,AMI,19:50,20:05,36.0
51148,15.0,0.25,9,2,AMRAVATI,AMI,BADNERA JN.,BD,20:25,20:40,36.0
51149,15.0,0.25,9,2,BADNERA JN.,BD,AMRAVATI,AMI,22:55,23:10,36.0
51150,15.0,0.25,9,2,AMRAVATI,AMI,BADNERA JN.,BD,23:40,23:55,36.0
51151,200.0,3.33,108,8,NEW AMRAVATI,NAVI,NARKHER,NRKR,05:25,08:45,32.43
51152,180.0,3.0,109,11,NARKHER,NRKR,NEW AMRAVATI,NAVI,18:00,21:00,36.33
51153,750.0,12.5,444,48,CST-MUMBAI,CSMT,BHUSAVAL JN.,BSL,05:25,17:55,35.52
51154,720.0,12.0,444,47,BHUSAVAL JN.,BSL,CST-MUMBAI,CSMT,07:05,19:05,37.0
51157,575.0,9.58,306,37,BHUSAVAL JN.,BSL,ITARSI,ET,20:40,06:15,31.94
51158,795.0,13.25,306,37,ITARSI,ET,BHUSAVAL JN.,BSL,19:20,08:35,23.09
51181,315.0,5.25,262,30,DEVLALI,DVL,BHUSAVAL JN.,BSL,04:50,10:05,49.9
51182,345.0,5.75,262,30,BHUSAVAL JN.,BSL,DEVLALI,DVL,17:15,23:00,45.57
51183,570.0,9.5,361,36,BHUSAVAL JN.,BSL,NARKHER,NRKR,06:30,16:00,38.0
51184,580.0,9.67,339,37,NARKHER,NRKR,BHUSAVAL JN.,BSL,09:15,18:55,35.06
51187,1075.0,17.92,642,71,BHUSAVAL JN.,BSL,KATNI,KTE,09:30,03:25,35.83
51188,1120.0,18.67,642,71,KATNI,KTE,BHUSAVAL JN.,BSL,22:20,17:00,34.39
51189,1330.0,22.17,610,64,ITARSI,ET,CHHEOKI,ACOI,11:30,09:40,27.51
51190,1210.0,20.17,609,64,CHHEOKI,ACOI,ITARSI,ET,19:20,15:30,30.19
51195,225.0,3.75,132,15,WARDHA JN.,WR,BALHARSHAH,BPQ,06:00,09:45,35.2
51196,220.0,3.67,132,16,BALHARSHAH,BPQ,WARDHA JN.,WR,17:30,21:10,35.97
51197,430.0,7.17,318,35,BHUSAVAL JN.,BSL,WARDHA JN.,WR,14:30,21:40,44.35
51198,540.0,9.0,318,36,WARDHA JN.,WR,BHUSAVAL JN.,BSL,23:00,08:00,35.33
51239,35.0,0.58,22,4,AMLA JN.,AMLA,BETUL,BZU,07:05,07:40,37.93
51240,40.0,0.67,22,4,BETUL,BZU,AMLA JN.,AMLA,17:35,18:15,32.84
51253,240.0,4.0,115,16,AMLA JN.,AMLA,CHHINWARA JN,CWA,08:00,12:00,28.75
51254,190.0,3.17,115,12,CHHINWARA JN,CWA,AMLA JN.,AMLA,17:40,20:50,36.28
51255,130.0,2.17,88,12,BORDHAI,BXY,CHHINWARA JN,CWA,15:05,17:15,40.55
51256,130.0,2.17,88,12,CHHINWARA JN,CWA,BORDHAI,BXY,12:30,14:40,40.55
51259,120.0,2.0,78,12,WARDHA JN.,WR,NAGPUR JN.(C,NGP,18:10,20:10,39.0
51260,105.0,1.75,78,11,NAGPUR JN.(C,NGP,WARDHA JN.,WR,08:00,09:45,44.57
51261,175.0,2.92,104,11,AMRAVATI,AMI,WARDHA JN.,WR,15:10,18:05,35.62
51262,255.0,4.25,104,12,WARDHA JN.,WR,AMRAVATI,AMI,10:05,14:20,24.47
51285,795.0,13.25,397,46,BHUSAVAL JN.,BSL,NAGPUR JN.(C,NGP,19:30,08:45,29.96
51286,605.0,10.08,397,47,NAGPUR JN.(C,NGP,BHUSAVAL JN.,BSL,04:50,14:55,39.38
51293,265.0,4.42,167,20,NAGPUR JN.(C,NGP,AMLA JN.,AMLA,18:05,22:30,37.78
51294,285.0,4.75,167,18,AMLA JN.,AMLA,NAGPUR JN.(C,NGP,04:30,09:15,35.16
51317,185.0,3.08,91,19,KARJAT,KJT,PUNE JN.,PUNE,15:10,18:15,29.55
51318,180.0,3.0,91,20,PUNE JN.,PUNE,KARJAT,KJT,11:15,14:15,30.33
51347,190.0,3.17,120,16,PUNE JN.,PUNE,BARAMATI,BRMT,18:45,21:55,37.85
51348,75.0,1.25,43,6,BARAMATI,BRMT,DAUND JN.,DD,22:15,23:30,34.4
51350,105.0,1.75,77,11,DAUND JN.,DD,PUNE JN.,PUNE,07:05,08:50,44.0
51401,560.0,9.33,314,34,PUNE JN.,PUNE,MANMAD JN.,MMR,00:30,09:50,33.65
51402,615.0,10.25,311,34,MANMAD JN.,MMR,PUNE JN.,PUNE,21:15,07:30,30.34
51405,345.0,5.75,212,24,MIRAJ JN.,MRJ,CASTLE ROCK,CLR,17:25,23:10,36.87
51406,320.0,5.33,212,24,CASTLE ROCK,CLR,MIRAJ JN.,MRJ,06:10,11:30,39.77
51407,75.0,1.25,47,8,MIRAJ JN.,MRJ,CHHATRAPATI,KOP,16:55,18:10,37.6
51408,80.0,1.33,47,6,CHHATRAPATI,KOP,MIRAJ JN.,MRJ,21:30,22:50,35.34
51409,615.0,10.25,325,42,PUNE JN.,PUNE,CHHATRAPATI,KOP,09:15,19:30,31.71
51410,700.0,11.67,326,41,CHHATRAPATI,KOP,PUNE JN.,PUNE,04:45,16:25,27.93
51411,390.0,6.5,229,29,BELLARY JN.,BAY,DHARWAD,DWR,14:20,20:50,35.23
51412,370.0,6.17,208,24,HUBLI JN.,UBL,BELLARY JN.,BAY,07:45,13:55,33.71
51419,450.0,7.5,278,35,MIRAJ JN.,MRJ,HUBLI JN.,UBL,07:30,15:00,37.07
51420,445.0,7.42,279,33,HUBLI JN.,UBL,MIRAJ JN.,MRJ,12:40,20:05,37.6
51421,1210.0,20.17,769,83,PUNE JN.,PUNE,NIZAMABAD,NZB,14:25,10:35,38.13
51422,1275.0,21.25,769,76,NIZAMABAD,NZB,PUNE JN.,PUNE,23:40,20:55,36.19
51423,170.0,2.83,123,15,IGATPURI,IGP,MANMAD JN.,MMR,17:45,20:35,43.46
51424,205.0,3.42,123,15,MANMAD JN.,MMR,IGATPURI,IGP,13:50,17:15,35.96
51425,655.0,10.92,427,36,PARLI VAIJNA,PRLI,MIRAJ JN.,MRJ,07:25,18:20,39.1
51426,585.0,9.75,437,35,MIRAJ JN.,MRJ,PARLI VAIJNA,PRLI,20:30,06:15,44.82
51427,85.0,1.42,47,7,MIRAJ JN.,MRJ,CHHATRAPATI,KOP,13:50,15:15,33.1
51428,75.0,1.25,47,7,CHHATRAPATI,KOP,MIRAJ JN.,MRJ,10:50,12:05,37.6
51429,100.0,1.67,54,8,SANGLI,SLI,CHHATRAPATI,KOP,20:35,22:15,32.34
51430,95.0,1.58,54,9,CHHATRAPATI,KOP,SANGLI,SLI,18:35,20:10,34.18
51431,315.0,5.25,188,22,MIRAJ JN.,MRJ,LONDA JN.,LD,06:10,11:25,35.81
51432,280.0,4.67,188,21,LONDA JN.,LD,MIRAJ JN.,MRJ,11:45,16:25,40.26
51433,935.0,15.58,523,52,NIZAMABAD,NZB,PANDHARPUR,PVR,13:25,05:00,33.57
51434,1025.0,17.08,511,52,PANDHARPUR,PVR,NIZAMABAD,NZB,06:00,23:05,29.92
51435,275.0,4.58,145,19,PUNE JN.,PUNE,SATARA,STR,17:05,21:40,31.66
51436,260.0,4.33,145,19,SATARA,STR,PUNE JN.,PUNE,04:30,08:50,33.49
51437,275.0,4.58,189,17,KURDUVADI JN,KWV,MIRAJ JN.,MRJ,10:55,15:30,41.27
51438,260.0,4.33,189,17,MIRAJ JN.,MRJ,KURDUVADI JN,KWV,06:05,10:25,43.65
51441,275.0,4.58,180,24,SATARA,STR,CHHATRAPATI,KOP,05:20,09:55,39.3
51442,300.0,5.0,180,24,CHHATRAPATI,KOP,SATARA,STR,16:50,21:50,36.0
51451,190.0,3.17,120,16,PUNE JN.,PUNE,BARAMATI,BRMT,07:10,10:20,37.85
51452,195.0,3.25,121,16,BARAMATI,BRMT,PUNE JN.,PUNE,10:40,13:55,37.23
51458,45.0,0.75,20,2,DHARWAD,DWR,HUBLI JN.,UBL,22:10,22:55,26.67
51461,205.0,3.42,137,17,MIRAJ JN.,MRJ,BELGAUM,BGM,09:50,13:15,40.06
51462,190.0,3.17,137,16,BELGAUM,BGM,MIRAJ JN.,MRJ,06:00,09:10,43.22
51463,205.0,3.42,137,16,MIRAJ JN.,MRJ,BELGAUM,BGM,19:25,22:50,40.06
51464,210.0,3.5,137,16,BELGAUM,BGM,MIRAJ JN.,MRJ,14:30,18:00,39.14
51601,435.0,7.25,261,31,BINA,BINA,KATNI MURWAR,KMZ,08:00,15:15,36.0
51602,490.0,8.17,264,31,KATNI MURWAR,KMZ,BINA,BINA,13:40,21:50,32.31
51603,390.0,6.5,263,32,BINA,BINA,KATNI,KTE,13:30,20:00,40.46
51604,460.0,7.67,266,32,KATNI,KTE,BINA,BINA,17:00,00:40,34.68
51605,480.0,8.0,256,28,KATNI MURWAR,KMZ,CHIRMIRI,CHRM,16:30,00:30,32.0
51606,495.0,8.25,253,28,CHIRMIRI,CHRM,KATNI MURWAR,KMZ,03:10,11:25,30.67
51607,175.0,2.92,118,17,BINA,BINA,GUNA,GUNA,06:20,09:15,40.41
51608,175.0,2.92,118,17,GUNA,GUNA,BINA,BINA,09:45,12:40,40.41
51609,175.0,2.92,118,17,BINA,BINA,GUNA,GUNA,15:10,18:05,40.41
51610,180.0,3.0,118,17,GUNA,GUNA,BINA,BINA,18:55,21:55,39.33
51611,530.0,8.83,303,38,KOTA,KOTA,BINA,BINA,08:15,17:05,34.31
51612,530.0,8.83,303,38,BINA,BINA,KOTA,KOTA,10:00,18:50,34.31
51671,585.0,9.75,434,44,ITARSI,ET,SATNA,STA,04:25,14:10,44.51
51672,610.0,10.17,434,44,SATNA,STA,ITARSI,ET,11:10,21:20,42.67
51673,520.0,8.67,434,40,ITARSI,ET,SATNA,STA,04:00,12:40,50.06
51674,650.0,10.83,434,40,SATNA,STA,ITARSI,ET,13:30,00:20,40.07
51675,545.0,9.08,316,34,KATNI,KTE,CHOPAN,CPU,21:15,06:20,34.8
51676,620.0,10.33,316,34,CHOPAN,CPU,KATNI,KTE,21:00,07:20,30.59
51678,170.0,2.83,81,11,SHAKTINAGAR,SKTN,CHOPAN,CPU,14:00,16:50,28.62
51679,595.0,9.92,316,36,KATNI,KTE,CHOPAN,CPU,10:15,20:10,31.85
51680,580.0,9.67,316,36,CHOPAN,CPU,KATNI,KTE,07:25,17:05,32.68
51685,50.0,0.83,32,5,KHANDWA JN.,KNW,BIR,BIR,13:15,14:05,38.55
51686,55.0,0.92,33,5,BIR,BIR,KHANDWA JN.,KNW,09:45,10:40,35.87
51687,55.0,0.92,32,5,KHANDWA JN.,KNW,BIR,BIR,18:10,19:05,34.78
51688,55.0,0.92,33,5,BIR,BIR,KHANDWA JN.,KNW,15:15,16:10,35.87
51701,380.0,6.33,238,26,JABALPUR,JBP,REWA,REWA,07:20,13:40,37.6
51702,370.0,6.17,238,26,REWA,REWA,JABALPUR,JBP,14:20,20:30,38.57
51703,240.0,4.0,124,18,JABALPUR,JBP,NAINPUR JN.,NIR,05:40,09:40,31.0
51704,215.0,3.58,121,17,NAINPUR JN.,NIR,MADANMAHAL,MML,06:00,09:35,33.8
51705,235.0,3.92,121,17,MADANMAHAL,MML,NAINPUR JN.,NIR,10:55,14:50,30.87
51706,225.0,3.75,121,17,NAINPUR JN.,NIR,MADANMAHAL,MML,13:45,17:30,32.27
51708,250.0,4.17,124,18,NAINPUR JN.,NIR,JABALPUR,JBP,18:30,22:40,29.74
51753,690.0,11.5,401,30,REWA,REWA,CHIRMIRI,CHRM,18:00,05:30,34.87
51754,820.0,13.67,403,30,CHIRMIRI,CHRM,REWA,REWA,15:00,04:40,29.48
51755,175.0,2.92,86,11,CHIRMIRI,CHRM,ANUPPUR JN.,APR,06:15,09:10,29.45
51756,195.0,3.25,86,11,ANUPPUR JN.,APR,CHIRMIRI,CHRM,11:00,14:15,26.46
51763,125.0,2.08,77,10,SATNA,STA,MANIKPUR JN.,MKP,06:00,08:05,37.02
51764,165.0,2.75,77,10,MANIKPUR JN.,MKP,SATNA,STA,08:25,11:10,28.0
51765,185.0,3.08,77,10,SATNA,STA,MANIKPUR JN.,MKP,16:10,19:15,25.0
51766,120.0,2.0,77,10,MANIKPUR JN.,MKP,SATNA,STA,19:40,21:40,38.5
51803,375.0,6.25,221,26,JHANSI JN,JHS,KANPUR CENTR,CNB,08:20,14:35,35.36
51804,380.0,6.33,221,26,KANPUR CENTR,CNB,JHANSI JN,JHS,06:10,12:30,34.91
51805,425.0,7.08,291,31,JHANSI JN,JHS,MANIKPUR JN.,MKP,17:25,00:30,41.1
51806,465.0,7.75,291,31,MANIKPUR JN.,MKP,JHANSI JN,JHS,02:20,10:05,37.55
51807,260.0,4.33,191,20,JHANSI JN,JHS,BANDA JN,BNDA,12:30,16:50,44.11
51811,235.0,3.92,151,20,BINA,BINA,JHANSI JN,JHS,15:00,18:55,38.52
51812,250.0,4.17,151,20,JHANSI JN,JHS,BINA,BINA,06:50,11:00,36.21
51813,515.0,8.58,295,38,JHANSI JN,JHS,LUCKNOW JN.,LKO,02:50,11:25,34.38
51814,470.0,7.83,295,39,LUCKNOW JN.,LKO,JHANSI JN,JHS,16:35,00:25,37.68
51815,310.0,5.17,204,25,JHANSI JN,JHS,AGRA CANTT,AGC,07:30,12:40,39.46
51816,330.0,5.5,204,25,AGRA CANTT,AGC,JHANSI JN,JHS,14:45,20:15,37.09
51817,500.0,8.33,254,26,KHAJAURAHO,KURJ,JHANSI JN,JHS,07:10,15:30,30.49
51818,435.0,7.25,254,27,JHANSI JN,JHS,KHAJAURAHO,KURJ,07:45,15:00,35.03
51821,75.0,1.25,63,6,MAHOBA,MBA,KHAJAURAHO,KURJ,10:45,12:00,50.4
51822,75.0,1.25,63,6,KHAJAURAHO,KURJ,MAHOBA,MBA,12:35,13:50,50.4
51827,940.0,15.67,381,44,ITARSI,ET,JHANSI JN,JHS,18:10,09:50,24.31
51828,1030.0,17.17,381,44,JHANSI JN,JHS,ITARSI,ET,18:10,11:20,22.19
51829,585.0,9.75,297,35,NAGPUR JN.(C,NGP,ITARSI,ET,08:00,17:45,30.46
51830,515.0,8.58,297,30,ITARSI,ET,NAGPUR JN.(C,NGP,12:00,20:35,34.62
51831,460.0,7.67,204,25,JHANSI JN,JHS,AGRA CANTT,AGC,16:00,23:40,26.6
51832,305.0,5.08,204,25,AGRA CANTT,AGC,JHANSI JN,JHS,06:20,11:25,40.16
51861,35.0,0.58,13,2,AIT JN,AIT,KONCH,KNH,05:40,06:15,22.41
51862,35.0,0.58,13,2,KONCH,KNH,AIT JN,AIT,06:35,07:10,22.41
51863,35.0,0.58,13,2,AIT JN,AIT,KONCH,KNH,07:50,08:25,22.41
51864,35.0,0.58,13,2,KONCH,KNH,AIT JN,AIT,08:45,09:20,22.41
51865,35.0,0.58,13,2,AIT JN,AIT,KONCH,KNH,11:10,11:45,22.41
51866,35.0,0.58,13,2,KONCH,KNH,AIT JN,AIT,14:25,15:00,22.41
51867,35.0,0.58,13,2,AIT JN,AIT,KONCH,KNH,17:25,18:00,22.41
51868,35.0,0.58,13,2,KONCH,KNH,AIT JN,AIT,19:50,20:25,22.41
51869,35.0,0.58,13,2,AIT JN,AIT,KONCH,KNH,22:10,22:45,22.41
51870,35.0,0.58,13,2,KONCH,KNH,AIT JN,AIT,04:00,04:35,22.41
51881,200.0,3.33,107,14,GWALIOR JN,GWL,AGRA CANTT,AGC,18:10,21:30,32.13
51882,160.0,2.67,107,14,AGRA CANTT,AGC,GWALIOR JN,GWL,07:35,10:15,40.07
51883,630.0,10.5,345,31,BINA,BINA,GWALIOR JN,GWL,12:05,22:35,32.86
51884,555.0,9.25,345,31,GWALIOR JN,GWL,BINA,BINA,08:30,17:45,37.3
51885,230.0,3.83,152,18,BINA,BINA,DAMOH,DMO,18:00,21:50,39.69
51886,215.0,3.58,154,18,DAMOH,DMO,BINA,BINA,05:45,09:20,43.02
51901,420.0,7.0,190,31,AGRA CANTT,AGC,DELHI JN.,DLI,09:00,16:00,27.14
51902,385.0,6.42,194,32,DELHI JN.,DLI,AGRA CANTT,AGC,07:00,13:25,30.22
51905,200.0,3.33,93,24,DELHI JN.,DLI,SHAMLI,SMQL,18:55,22:15,27.93
51906,150.0,2.5,90,16,SHAMLI,SMQL,DELHI JN.,DLI,02:00,04:30,36.0
51907,125.0,2.08,70,13,SHAMLI,SMQL,SAHARANPUR J,SRE,18:45,20:50,33.65
51908,115.0,1.92,70,13,SAHARANPUR J,SRE,SHAMLI,SMQL,16:20,18:15,36.46
51909,340.0,5.67,163,36,DELHI JN.,DLI,SAHARANPUR J,SRE,05:20,11:00,28.75
51910,320.0,5.33,163,36,SAHARANPUR J,SRE,DELHI JN.,DLI,06:55,12:15,30.58
51911,305.0,5.08,163,36,DELHI JN.,DLI,SAHARANPUR J,SRE,12:45,17:50,32.09
51912,335.0,5.58,163,36,SAHARANPUR J,SRE,DELHI JN.,DLI,18:15,23:50,29.21
51913,330.0,5.5,163,32,DELHI JN.,DLI,SAHARANPUR J,SRE,18:05,23:35,29.64
51914,295.0,4.92,160,28,SAHARANPUR J,SRE,DELHI JN.,DLI,03:15,08:10,32.52
51915,105.0,1.75,52,12,DELHI JN.,DLI,FARUKHNAGAR,FN,00:10,01:55,29.71
51916,125.0,2.08,51,12,FARUKHNAGAR,FN,DELHI JN.,DLI,04:10,06:15,24.52
51971,185.0,3.08,122,13,MATHURA JN.,MTJ,ALWAR JN.,AWR,09:55,13:00,39.61
51972,165.0,2.75,123,13,ALWAR JN.,AWR,MATHURA JN.,MTJ,13:50,16:35,44.73
51973,430.0,7.17,273,34,MATHURA JN.,MTJ,JAIPUR JN.,JP,06:45,13:55,38.08
51974,470.0,7.83,273,34,JAIPUR JN.,JP,MATHURA JN.,MTJ,14:20,22:10,34.87
52073,370.0,6.17,202,15,MARWAR JN.,MJ,MAVLI JN.,MVJ,05:20,11:30,32.74
52074,365.0,6.08,202,15,MAVLI JN.,MVJ,MARWAR JN.,MJ,18:50,00:55,33.22
52075,360.0,6.0,202,16,MARWAR JN.,MJ,MAVLI JN.,MVJ,14:00,20:00,33.67
52076,355.0,5.92,202,16,MAVLI JN.,MVJ,MARWAR JN.,MJ,07:00,12:55,34.12
52171,655.0,10.92,186,28,GWALIOR (NG),GWO,SHEOPUR KALA,SOE,06:30,17:25,17.03
52172,660.0,11.0,186,28,SHEOPUR KALA,SOE,GWALIOR (NG),GWO,06:10,17:10,16.91
52173,310.0,5.17,92,15,GWALIOR (NG),GWO,SABALGARH,SBL,15:20,20:30,17.79
52174,300.0,5.0,92,15,SABALGARH,SBL,GWALIOR (NG),GWO,06:15,11:15,18.4
52175,280.0,4.67,92,8,GWALIOR (NG),GWO,SABALGARH,SBL,09:30,14:10,19.7
52176,280.0,4.67,92,7,SABALGARH,SBL,GWALIOR (NG),GWO,15:15,19:55,19.7
52177,340.0,5.67,103,14,SABALGARH,SBL,SHEOPUR KALA,SOE,06:10,11:50,18.17
52178,330.0,5.5,103,14,SHEOPUR KALA,SOE,SABALGARH,SBL,14:05,19:35,18.73
52179,180.0,3.0,70,9,DHOLPUR (NG),DHOA,SIRMUTTRA,SRMT,04:00,07:00,23.33
52180,175.0,2.92,70,9,SIRMUTTRA,SRMT,DHOLPUR (NG),DHOA,07:20,10:15,23.97
52181,145.0,2.42,58,9,DHOLPUR (NG),DHOA,TANTPUR,TPO,10:40,13:05,23.97
52182,70.0,1.17,27,5,TANTPUR,TPO,BARI,BARI,13:20,14:30,23.08
52183,100.0,1.67,39,5,BARI,BARI,SIRMUTTRA,SRMT,14:45,16:25,23.35
52184,175.0,2.92,70,9,SIRMUTTRA,SRMT,DHOLPUR (NG),DHOA,16:40,19:35,23.97
52205,135.0,2.25,67,13,PILIBHIT JN.,PBE,MAILANI JN.,MLN,11:00,13:15,29.78
52206,130.0,2.17,67,8,MAILANI JN.,MLN,PILIBHIT JN.,PBE,20:50,23:00,30.88
52207,135.0,2.25,67,13,PILIBHIT JN.,PBE,MAILANI JN.,MLN,07:40,09:55,29.78
52208,150.0,2.5,67,13,MAILANI JN.,MLN,PILIBHIT JN.,PBE,13:30,16:00,26.8
52221,145.0,2.42,67,13,PILIBHIT JN.,PBE,MAILANI JN.,MLN,15:00,17:25,27.69
52222,145.0,2.42,67,13,MAILANI JN.,MLN,PILIBHIT JN.,PBE,10:15,12:40,27.69
52223,140.0,2.33,67,13,PILIBHIT JN.,PBE,MAILANI JN.,MLN,17:40,20:00,28.76
52224,135.0,2.25,67,13,MAILANI JN.,MLN,PILIBHIT JN.,PBE,06:20,08:35,29.78
52225,120.0,2.0,67,8,PILIBHIT JN.,PBE,MAILANI JN.,MLN,21:00,23:00,33.5
52226,135.0,2.25,67,13,MAILANI JN.,MLN,PILIBHIT JN.,PBE,17:50,20:05,29.78
52229,170.0,2.83,84,15,SHAHJAHANPUR,SZP,PILIBHIT JN.,PBE,06:30,09:20,29.68
52230,195.0,3.25,84,16,PILIBHIT JN.,PBE,SHAHJAHANPUR,SZP,09:30,12:45,25.85
52231,160.0,2.67,84,15,PILIBHIT JN.,PBE,SHAHJAHANPUR,SZP,07:20,10:00,31.46
52232,170.0,2.83,84,15,SHAHJAHANPUR,SZP,PILIBHIT JN.,PBE,10:45,13:35,29.68
52233,170.0,2.83,83,15,PILIBHIT JN.,PBE,SHAHJAHANPUR,SZP,14:00,16:50,29.33
52234,195.0,3.25,84,16,SHAHJAHANPUR,SZP,PILIBHIT JN.,PBE,13:35,16:50,25.85
52235,185.0,3.08,83,14,PILIBHIT JN.,PBE,SHAHJAHANPUR,SZP,17:50,20:55,26.95
52236,165.0,2.75,84,13,SHAHJAHANPUR,SZP,PILIBHIT JN.,PBE,17:30,20:15,30.55
52239,190.0,3.17,78,6,TIKUNIA,TQN,MAILANI JN.,MLN,06:20,09:30,24.61
52240,150.0,2.5,78,6,MAILANI JN.,MLN,TIKUNIA,TQN,18:30,21:00,31.2
52241,450.0,7.5,205,18,BAHRAICH,BRK,MAILANI JN.,MLN,06:15,13:45,27.33
52242,420.0,7.0,205,18,MAILANI JN.,MLN,BAHRAICH,BRK,15:15,22:15,29.29
52251,435.0,7.25,205,18,BAHRAICH,BRK,MAILANI JN.,MLN,10:45,18:00,28.28
52252,435.0,7.25,205,19,MAILANI JN.,MLN,BAHRAICH,BRK,07:00,14:15,28.28
52253,480.0,8.0,205,18,BAHRAICH,BRK,MAILANI JN.,MLN,13:15,21:15,25.62
52254,410.0,6.83,205,18,MAILANI JN.,MLN,BAHRAICH,BRK,10:25,17:15,30.01
52255,435.0,7.25,205,19,BAHRAICH,BRK,MAILANI JN.,MLN,18:00,01:15,28.28
52256,390.0,6.5,205,18,MAILANI JN.,MLN,BAHRAICH,BRK,20:30,03:00,31.54
52257,390.0,6.5,205,16,BAHRAICH,BRK,MAILANI JN.,MLN,23:00,05:30,31.54
52258,380.0,6.33,205,16,MAILANI JN.,MLN,BAHRAICH,BRK,03:40,10:00,32.39
52259,435.0,7.25,205,16,BAHRAICH,BRK,MAILANI JN.,MLN,04:30,11:45,28.28
52260,410.0,6.83,205,16,MAILANI JN.,MLN,BAHRAICH,BRK,00:10,07:00,30.01
52263,120.0,2.0,54,6,BAHRAICH,BRK,NEPALGANJ RO,NPR,15:00,17:00,27.0
52264,120.0,2.0,54,6,NEPALGANJ RO,NPR,BAHRAICH,BRK,07:00,09:00,27.0
52265,120.0,2.0,54,6,BAHRAICH,BRK,NEPALGANJ RO,NPR,20:45,22:45,27.0
52266,120.0,2.0,54,6,NEPALGANJ RO,NPR,BAHRAICH,BRK,17:45,19:45,27.0
52267,135.0,2.25,54,6,BAHRAICH,BRK,NEPALGANJ RO,NPR,07:45,10:00,24.0
52268,120.0,2.0,54,6,NEPALGANJ RO,NPR,BAHRAICH,BRK,14:00,16:00,27.0
52297,135.0,2.25,84,6,PILIBHIT JN.,PBE,SHAHJAHANPUR,SZP,05:00,07:15,37.33
52298,165.0,2.75,84,6,SHAHJAHANPUR,SZP,PILIBHIT JN.,PBE,08:05,10:50,30.55
52451,280.0,4.67,95,3,KALKA,KLK,SHIMLA,SML,05:20,10:00,20.34
52452,285.0,4.75,95,3,SHIMLA,SML,KALKA,KLK,17:50,22:35,20.0
52453,305.0,5.08,95,12,KALKA,KLK,SHIMLA,SML,06:00,11:05,18.7
52454,300.0,5.0,95,14,SHIMLA,SML,KALKA,KLK,18:30,23:30,19.0
52455,320.0,5.33,95,11,KALKA,KLK,SHIMLA,SML,12:10,17:30,17.82
52456,345.0,5.75,95,10,SHIMLA,SML,KALKA,KLK,10:25,16:10,16.52
52457,325.0,5.42,95,18,KALKA,KLK,SHIMLA,SML,03:30,08:55,17.53
52458,345.0,5.75,95,18,SHIMLA,SML,KALKA,KLK,14:25,20:10,16.52
52461,235.0,3.92,93,17,PATHANKOT JN,PTK,JAWALAMUKHI,JMKR,17:50,21:45,23.72
52462,225.0,3.75,104,17,JAWALAMUKHI,JMKR,PATHANKOT JN,PTK,04:45,08:30,27.73
52463,405.0,6.75,156,28,PATHANKOT JN,PTK,BAIJNATH PAP,BJPL,04:00,10:45,23.11
52464,410.0,6.83,176,27,BAIJNATH PAP,BJPL,PATHANKOT JN,PTK,04:00,10:50,25.77
52465,435.0,7.25,162,30,PATHANKOT JN,PTK,BAIJNATH PAP,BJPL,06:45,14:00,22.34
52466,420.0,7.0,185,30,BAIJNATH PAP,BJPL,PATHANKOT JN,PTK,07:20,14:20,26.43
52467,455.0,7.58,162,30,PATHANKOT JN,PTK,BAIJNATH PAP,BJPL,13:20,20:55,21.37
52468,375.0,6.25,185,30,BAIJNATH PAP,BJPL,PATHANKOT JN,PTK,14:10,20:25,29.6
52469,400.0,6.67,164,25,PATHANKOT JN,PTK,BAIJNATH PAP,BJPL,15:50,22:30,24.59
52470,380.0,6.33,169,23,BAIJNATH PAP,BJPL,PATHANKOT JN,PTK,17:35,23:55,26.7
52471,550.0,9.17,192,30,PATHANKOT JN,PTK,JOGINDER NAG,JDNX,02:15,11:25,20.94
52472,610.0,10.17,215,34,JOGINDER NAG,JDNX,PATHANKOT JN,PTK,07:20,17:30,21.14
52473,585.0,9.75,191,34,PATHANKOT JN,PTK,JOGINDER NAG,JDNX,10:00,19:45,19.59
52474,615.0,10.25,213,33,JOGINDER NAG,JDNX,PATHANKOT JN,PTK,12:20,22:35,20.78
52540,430.0,7.17,87,12,DARJEELING,DJ,NEW JALPAIGU,NJP,08:00,15:10,12.13
52541,425.0,7.08,87,12,NEW JALPAIGU,NJP,DARJEELING,DJ,08:30,15:35,12.29
52570,195.0,3.25,30,5,DARJEELING,DJ,KURSEONG,KGN,09:15,12:30,9.23
52571,225.0,3.75,30,5,KURSEONG,KGN,DARJEELING,DJ,14:00,17:45,8.0
52587,155.0,2.58,30,5,KURSEONG,KGN,DARJEELING,DJ,06:30,09:05,11.63
52588,150.0,2.5,30,5,DARJEELING,DJ,KURSEONG,KGN,16:00,18:30,12.0
52591,105.0,1.75,12,3,DARJEELING,DJ,DARJEELING,DJ,07:40,09:25,6.86
52592,125.0,2.08,12,3,DARJEELING,DJ,DARJEELING,DJ,09:30,11:35,5.77
52593,120.0,2.0,12,3,DARJEELING,DJ,DARJEELING,DJ,09:40,11:40,6.0
52594,120.0,2.0,12,3,DARJEELING,DJ,DARJEELING,DJ,10:00,12:00,6.0
52595,120.0,2.0,12,3,DARJEELING,DJ,DARJEELING,DJ,12:10,14:10,6.0
52596,120.0,2.0,12,3,DARJEELING,DJ,DARJEELING,DJ,12:20,14:20,6.0
52597,105.0,1.75,12,3,DARJEELING,DJ,DARJEELING,DJ,12:45,14:30,6.86
52598,120.0,2.0,12,3,DARJEELING,DJ,DARJEELING,DJ,16:05,18:05,6.0
52599,120.0,2.0,12,3,DARJEELING,DJ,DARJEELING,DJ,16:20,18:20,6.0
52911,265.0,4.42,134,14,RANUJ,RUJ,AHMEDABAD JN,ADIJ,05:30,09:55,30.32
52912,235.0,3.92,134,14,AHMEDABAD JN,ADIJ,RANUJ,RUJ,17:35,21:30,34.18
52913,290.0,4.83,134,14,RANUJ,RUJ,AHMEDABAD JN,ADIJ,12:25,17:15,27.74
52914,255.0,4.25,134,14,AHMEDABAD JN,ADIJ,RANUJ,RUJ,07:40,11:55,31.53
52929,420.0,7.0,189,17,VERAVAL MG,VRLF,DHASA JN (MG,DASF,09:45,16:45,27.0
52930,355.0,5.92,189,17,DHASA JN (MG,DASF,VERAVAL MG,VRLF,12:05,18:00,31.93
52931,155.0,2.58,104,11,JETALSAR JN,JLRF,DHASA JN (MG,DASF,07:45,10:20,40.31
52932,145.0,2.42,104,11,DHASA JN (MG,DASF,JETALSAR JN,JLRF,17:30,19:55,42.98
52933,380.0,6.33,189,17,VERAVAL MG,VRLF,DHASA JN (MG,DASF,13:55,20:15,29.86
52934,285.0,4.75,154,21,BOTAD JN (MG,BTDF,GANDHIGRAM,GG,04:55,09:40,32.42
52935,265.0,4.42,154,20,GANDHIGRAM,GG,BOTAD JN (MG,BTDF,15:50,20:15,34.84
52938,300.0,5.0,175,14,BOTAD JN (MG,BTDF,AHMEDABAD JN,ADIJ,16:55,21:55,35.0
52939,310.0,5.17,175,14,AHMEDABAD JN,ADIJ,BOTAD JN (MG,BTDF,06:05,11:15,33.85
52940,285.0,4.75,154,20,BOTAD JN (MG,BTDF,GANDHIGRAM,GG,14:00,18:45,32.42
52941,265.0,4.42,154,20,GANDHIGRAM,GG,BOTAD JN (MG,BTDF,08:45,13:10,34.84
52942,220.0,3.67,154,12,BOTAD JN (MG,BTDF,GANDHIGRAM,GG,07:10,10:50,41.96
52943,195.0,3.25,154,12,GANDHIGRAM,GG,BOTAD JN (MG,BTDF,17:55,21:10,47.38
52944,235.0,3.92,154,17,BOTAD JN (MG,BTDF,GANDHIGRAM,GG,04:30,08:25,39.29
52945,225.0,3.75,154,17,GANDHIGRAM,GG,BOTAD JN (MG,BTDF,19:10,22:55,41.07
52946,345.0,5.75,189,17,DHASA JN (MG,DASF,VERAVAL MG,VRLF,07:30,13:15,32.87
52947,140.0,2.33,104,11,JETALSAR JN,JLRF,DHASA JN (MG,DASF,20:15,22:35,44.64
52948,135.0,2.25,104,11,DHASA JN (MG,DASF,JETALSAR JN,JLRF,07:05,09:20,46.22
52949,215.0,3.58,95,12,VERAVAL MG,VRLF,DELVADA,DVA,16:20,19:55,26.54
52950,195.0,3.25,95,12,DELVADA,DVA,VERAVAL MG,VRLF,08:05,11:20,29.23
52951,370.0,6.17,159,19,DELVADA,DVA,JUNAGADH JN,JND,14:25,20:35,25.77
52952,365.0,6.08,159,19,JUNAGADH JN,JND,DELVADA,DVA,07:15,13:20,26.15
52953,225.0,3.75,70,7,KODINAR,KODR,VERAVAL MG,VRLF,14:55,18:40,18.67
52954,155.0,2.58,70,7,VERAVAL MG,VRLF,KODINAR,KODR,11:55,14:30,27.13
52955,250.0,4.17,133,12,KHIJADIYA JN,KJV,JUNAGADH JN,JND,06:10,10:20,31.89
52956,230.0,3.83,133,12,JUNAGADH JN,JND,KHIJADIYA JN,KJV,18:00,21:50,34.73
52963,140.0,2.33,63,8,MHOW,DADN,SANAWAD,SWD,06:45,09:05,27.04
52964,150.0,2.5,63,8,SANAWAD,SWD,MHOW,DADN,14:00,16:30,25.2
52973,150.0,2.5,63,8,MHOW,DADN,SANAWAD,SWD,19:30,22:00,25.2
52974,150.0,2.5,63,8,SANAWAD,SWD,MHOW,DADN,06:05,08:35,25.2
52975,150.0,2.5,63,8,MHOW,DADN,SANAWAD,SWD,14:00,16:30,25.2
52976,150.0,2.5,63,8,SANAWAD,SWD,MHOW,DADN,18:45,21:15,25.2
52987,150.0,2.5,63,8,MHOW,DADN,SANAWAD,SWD,19:30,22:00,25.2
52988,150.0,2.5,63,8,SANAWAD,SWD,MHOW,DADN,06:05,08:35,25.2
53001,360.0,6.0,209,42,HOWRAH JN.,HWH,AZIMGANJ JN.,AZ,16:00,22:00,34.83
53002,405.0,6.75,216,36,AZIMGANJ JN.,AZ,HOWRAH JN.,HWH,21:05,03:50,32.0
53005,135.0,2.25,65,17,KATWA JN.,KWAE,AZIMGANJ JN.,AZ,08:05,10:20,28.89
53006,110.0,1.83,72,16,AZIMGANJ JN.,AZ,KATWA JN.,KWAE,03:30,05:20,39.34
53007,270.0,4.5,131,28,KATWA JN.,KWAE,RAMPUR HAT,RPH,09:00,13:30,29.11
53008,330.0,5.5,131,29,RAMPUR HAT,RPH,KATWA JN.,KWAE,09:00,14:30,23.82
53009,125.0,2.08,65,18,KATWA JN.,KWAE,AZIMGANJ JN.,AZ,11:55,14:00,31.25
53010,130.0,2.17,72,19,AZIMGANJ JN.,AZ,KATWA JN.,KWAE,04:40,06:50,33.18
53011,120.0,2.0,65,15,KATWA JN.,KWAE,AZIMGANJ JN.,AZ,13:50,15:50,32.5
53012,135.0,2.25,72,20,AZIMGANJ JN.,AZ,KATWA JN.,KWAE,07:20,09:35,32.0
53013,120.0,2.0,72,17,KATWA JN.,KWAE,AZIMGANJ JN.,AZ,16:00,18:00,36.0
53014,120.0,2.0,72,17,AZIMGANJ JN.,AZ,KATWA JN.,KWAE,08:55,10:55,36.0
53015,120.0,2.0,65,16,KATWA JN.,KWAE,AZIMGANJ JN.,AZ,18:45,20:45,32.5
53016,140.0,2.33,72,16,AZIMGANJ JN.,AZ,KATWA JN.,KWAE,13:05,15:25,30.9
53017,135.0,2.25,72,17,KATWA JN.,KWAE,AZIMGANJ JN.,AZ,19:20,21:35,32.0
53018,133.0,2.22,72,20,AZIMGANJ JN.,AZ,KATWA JN.,KWAE,15:15,17:28,32.43
53019,110.0,1.83,65,13,KATWA JN.,KWAE,AZIMGANJ JN.,AZ,21:55,23:45,35.52
53020,122.0,2.03,65,15,AZIMGANJ JN.,AZ,KATWA JN.,KWAE,16:40,18:42,32.02
53021,310.0,5.17,142,25,AZIMGANJ JN.,AZ,SAHIBGANJ,SBG,03:15,08:25,27.47
53022,315.0,5.25,142,25,SAHIBGANJ,SBG,AZIMGANJ JN.,AZ,14:15,19:30,27.05
53023,115.0,1.92,59,11,AZIMGANJ JN.,AZ,RAMPUR HAT,RPH,05:40,07:35,30.73
53024,100.0,1.67,59,10,RAMPUR HAT,RPH,AZIMGANJ JN.,AZ,22:25,00:05,35.33
53025,110.0,1.83,59,11,AZIMGANJ JN.,AZ,RAMPUR HAT,RPH,09:15,11:05,32.24
53026,130.0,2.17,59,11,RAMPUR HAT,RPH,AZIMGANJ JN.,AZ,17:50,20:00,27.19
53027,220.0,3.67,112,22,AZIMGANJ JN.,AZ,MALDA TOWN,MLDT,16:05,19:45,30.52
53028,230.0,3.83,112,22,MALDA TOWN,MLDT,AZIMGANJ JN.,AZ,07:10,11:00,29.24
53029,535.0,8.92,217,42,AZIMGANJ JN.,AZ,BHAGALPUR,BGP,16:25,01:20,24.33
53030,490.0,8.17,217,41,BHAGALPUR,BGP,AZIMGANJ JN.,AZ,04:45,12:55,26.56
53031,120.0,2.0,59,11,AZIMGANJ JN.,AZ,RAMPUR HAT,RPH,18:25,20:25,29.5
53034,105.0,1.75,59,11,RAMPUR HAT,RPH,AZIMGANJ JN.,AZ,15:45,17:30,33.71
53035,255.0,4.25,87,18,AZIMGANJ JN.,AZ,BARHARWA JN.,BHW,21:20,01:35,20.47
53036,165.0,2.75,87,20,BARHARWA JN.,BHW,AZIMGANJ JN.,AZ,03:45,06:30,31.64
53037,140.0,2.33,74,14,SAHIBGANJ,SBG,BHAGALPUR,BGP,08:45,11:05,31.76
53038,145.0,2.42,74,14,BHAGALPUR,BGP,SAHIBGANJ,SBG,11:40,14:05,30.58
53041,320.0,5.33,718,118,HOWRAH JN.,HWH,JAYNAGAR,JYG,07:15,12:35,134.71
53043,1425.0,23.75,653,83,HOWRAH JN.,HWH,RAJGIR,RGD,11:10,10:55,27.49
53044,1420.0,23.67,653,73,RAJGIR,RGD,HOWRAH JN.,HWH,12:30,12:10,27.59
53045,350.0,5.83,286,21,HOWRAH JN.,HWH,RAMPUR HAT,RPH,16:25,22:15,49.06
53046,365.0,6.08,287,20,RAMPUR HAT,RPH,HOWRAH JN.,HWH,05:30,11:35,47.2
53047,285.0,4.75,218,23,HOWRAH JN.,HWH,RAMPUR HAT,RPH,16:40,21:25,45.89
53048,300.0,5.0,218,23,RAMPUR HAT,RPH,HOWRAH JN.,HWH,05:10,10:10,43.6
53049,720.0,12.0,453,53,HOWRAH JN.,HWH,MOKAMA JN.,MKA,23:10,11:10,37.75
53050,890.0,14.83,454,50,MOKAMA JN.,MKA,HOWRAH JN.,HWH,12:10,03:00,30.61
53061,715.0,11.92,348,50,BARDDHAMAN J,BWN,HATIA,HTE,06:15,18:10,29.19
53062,775.0,12.92,346,50,HATIA,HTE,BARDDHAMAN J,BWN,07:55,20:50,26.78
53063,300.0,5.0,194,31,BARDDHAMAN J,BWN,BARHARWA JN.,BHW,06:30,11:30,38.8
53064,355.0,5.92,194,31,BARHARWA JN.,BHW,BARDDHAMAN J,BWN,14:45,20:40,32.77
53068,155.0,2.58,111,19,RAMPUR HAT,RPH,BARDDHAMAN J,BWN,09:35,12:10,43.02
53069,160.0,2.67,111,19,BARDDHAMAN J,BWN,RAMPUR HAT,RPH,20:15,22:55,41.57
53073,215.0,3.58,137,22,RAMPUR HAT,RPH,SAHIBGANJ,SBG,20:45,00:20,38.27
53074,215.0,3.58,137,22,SAHIBGANJ,SBG,RAMPUR HAT,RPH,04:45,08:20,38.27
53075,115.0,1.92,82,13,RAMPUR HAT,RPH,BARHARWA JN.,BHW,23:00,00:55,42.71
53076,130.0,2.17,82,13,BARHARWA JN.,BHW,RAMPUR HAT,RPH,02:10,04:20,37.79
53081,100.0,1.67,64,8,RAMPUR HAT,RPH,DUMKA,DUMK,11:30,13:10,38.32
53131,1105.0,18.42,571,70,SEALDAH,SDAH,MUZAFFARPUR,MFP,05:50,00:15,31.0
53132,1185.0,19.75,572,70,MUZAFFARPUR,MFP,SEALDAH,SDAH,07:40,03:25,28.96
53137,115.0,1.92,82,13,RAMPUR HAT,RPH,BARHARWA JN.,BHW,04:40,06:35,42.71
53138,130.0,2.17,82,13,BARHARWA JN.,BHW,RAMPUR HAT,RPH,09:50,12:00,37.79
53139,445.0,7.42,324,18,KOLKATA,KOAA,JASIDIH JN.,JSME,22:25,05:50,43.67
53140,395.0,6.58,325,18,JASIDIH JN.,JSME,KOLKATA,KOAA,07:00,13:35,49.39
53171,350.0,5.83,231,40,SEALDAH,SDAH,LALGOLA,LGL,03:45,09:35,39.62
53172,390.0,6.5,229,38,LALGOLA,LGL,SEALDAH,SDAH,22:00,04:30,35.23
53175,350.0,5.83,231,35,SEALDAH,SDAH,LALGOLA,LGL,12:40,18:30,39.62
53176,347.0,5.78,229,36,LALGOLA,LGL,SEALDAH,SDAH,06:50,12:37,39.62
53177,320.0,5.33,230,29,SEALDAH,SDAH,LALGOLA,LGL,16:40,22:00,43.15
53178,370.0,6.17,229,36,LALGOLA,LGL,SEALDAH,SDAH,09:00,15:10,37.12
53179,335.0,5.58,223,35,KOLKATA,KOAA,LALGOLA,LGL,14:00,19:35,39.96
53180,365.0,6.08,222,39,LALGOLA,LGL,KOLKATA,KOAA,14:15,20:20,36.51
53181,340.0,5.67,230,34,SEALDAH,SDAH,LALGOLA,LGL,23:30,05:10,40.56
53186,325.0,5.42,229,33,LALGOLA,LGL,SEALDAH,SDAH,07:20,12:45,42.25
53207,140.0,2.33,42,5,ISLAMPUR,IPR,FATUHA,FUT,14:00,16:20,18.03
53208,95.0,1.58,42,5,FATUHA,FUT,ISLAMPUR,IPR,11:30,13:05,26.58
53209,210.0,3.5,71,8,RAJGIR,RGD,FATUHA,FUT,07:00,10:30,20.29
53210,230.0,3.83,71,8,FATUHA,FUT,RAJGIR,RGD,17:20,21:10,18.54
53211,270.0,4.5,146,13,PATNA JN.,PNBE,SASARAM,SSM,15:10,19:40,32.44
53212,350.0,5.83,146,13,SASARAM,SSM,PATNA JN.,PNBE,05:30,11:20,25.04
53213,185.0,3.08,94,26,PATNA JN.,PNBE,GAYA JN.,GAYA,14:00,17:05,30.52
53214,190.0,3.17,88,25,GAYA JN.,GAYA,PATNA JN.,PNBE,18:00,21:10,27.76
53221,150.0,2.5,53,8,RAJGIR,RGD,BAKHTIYARPUR,BKP,21:40,00:10,21.2
53222,150.0,2.5,53,8,BAKHTIYARPUR,BKP,RAJGIR,RGD,16:00,18:30,21.2
53223,180.0,3.0,53,8,RAJGIR,RGD,BAKHTIYARPUR,BKP,09:30,12:30,17.67
53224,180.0,3.0,53,7,BAKHTIYARPUR,BKP,RAJGIR,RGD,05:45,08:45,17.67
53225,330.0,5.5,140,13,BAKHTIYARPUR,BKP,GAYA JN.,GAYA,14:05,19:35,25.45
53226,353.0,5.88,140,13,GAYA JN.,GAYA,BAKHTIYARPUR,BKP,08:07,14:00,23.81
53229,300.0,5.0,108,19,RAJGIR,RGD,DANAPUR,DNR,05:00,10:00,21.6
53230,295.0,4.92,108,18,DANAPUR,DNR,RAJGIR,RGD,18:20,23:15,21.95
53231,515.0,8.58,154,20,TILAIYA,TIA,DANAPUR,DNR,15:30,00:05,17.95
53232,385.0,6.42,154,20,DANAPUR,DNR,TILAIYA,TIA,08:35,15:00,23.99
53323,80.0,1.33,27,7,SINDRI TOWN,SNDT,DHANBAD JN.,DHN,08:30,09:50,20.3
53324,85.0,1.42,27,7,DHANBAD JN.,DHN,SINDRI TOWN,SNDT,06:10,07:35,19.01
53327,125.0,2.08,56,12,SINDRI TOWN,SNDT,NSC BOSE J G,GMO,13:40,15:45,26.92
53328,135.0,2.25,56,12,NSC BOSE J G,GMO,SINDRI TOWN,SNDT,16:15,18:30,24.89
53333,90.0,1.5,27,6,SINDRI TOWN,SNDT,DHANBAD JN.,DHN,19:35,21:05,18.0
53334,70.0,1.17,27,6,DHANBAD JN.,DHN,SINDRI TOWN,SNDT,12:00,13:10,23.08
53343,800.0,13.33,460,59,NSC BOSE J G,GMO,CHOPAN,CPU,05:40,19:00,34.51
53344,790.0,13.17,460,58,CHOPAN,CPU,NSC BOSE J G,GMO,06:35,19:45,34.93
53345,515.0,8.58,223,23,CHOPAN,CPU,ALLAHABAD JN,ALD,04:20,12:55,25.99
53346,475.0,7.92,223,23,ALLAHABAD JN,ALD,CHOPAN,CPU,14:50,22:45,28.16
53347,420.0,7.0,258,36,NSC BOSE J G,GMO,BARWADIH JN,BRWD,09:50,16:50,36.86
53348,485.0,8.08,258,35,BARWADIH JN,BRWD,NSC BOSE J G,GMO,05:50,13:55,31.93
53349,255.0,4.25,159,24,BARWADIH JN,BRWD,DEHRI-ON-SON,DOS,17:20,21:35,37.41
53350,275.0,4.58,159,24,DEHRI-ON-SON,DOS,BARWADIH JN,BRWD,05:35,10:10,34.72
53351,535.0,8.92,304,31,BARWADIH JN,BRWD,CHUNAR JN.,CAR,03:00,11:55,34.08
53352,560.0,9.33,304,31,CHUNAR JN.,CAR,BARWADIH JN,BRWD,14:00,23:20,32.58
53357,490.0,8.17,316,43,BARKAKANA,BRKA,DEHRI-ON-SON,DOS,06:50,15:00,38.68
53358,495.0,8.25,316,42,DEHRI-ON-SON,DOS,BARKAKANA,BRKA,15:40,23:55,38.3
53363,125.0,2.08,85,14,GAYA JN.,GAYA,DEHRI-ON-SON,DOS,10:10,12:15,40.87
53364,130.0,2.17,85,14,DEHRI-ON-SON,DOS,GAYA JN.,GAYA,13:20,15:30,39.17
53365,150.0,2.5,87,9,KAWAR,KWAR,KODERMA,KQR,09:30,12:00,34.8
53366,150.0,2.5,87,9,KODERMA,KQR,KAWAR,KWAR,06:00,08:30,34.8
53369,150.0,2.5,87,9,KAWAR,KWAR,KODERMA,KQR,18:15,20:45,34.8
53370,150.0,2.5,87,9,KODERMA,KQR,KAWAR,KWAR,14:45,17:15,34.8
53371,270.0,4.5,139,16,KODERMA,KQR,BARKAKANA,BRKA,06:00,10:30,30.89
53372,260.0,4.33,139,16,BARKAKANA,BRKA,KODERMA,KQR,06:00,10:20,32.1
53373,250.0,4.17,139,16,KODERMA,KQR,BARKAKANA,BRKA,12:50,17:00,33.33
53374,260.0,4.33,139,16,BARKAKANA,BRKA,KODERMA,KQR,18:00,22:20,32.1
53401,195.0,3.25,103,19,SAHIBGANJ,SBG,MALDA TOWN,MLDT,06:00,09:15,31.69
53402,185.0,3.08,103,19,MALDA TOWN,MLDT,SAHIBGANJ,SBG,16:20,19:25,33.44
53403,1102.0,18.37,433,66,RAMPUR HAT,RPH,GAYA JN.,GAYA,05:40,00:02,23.57
53404,390.0,6.5,174,21,GAYA JN.,GAYA,JAMALPUR JN.,JMP,06:20,12:50,26.77
53405,206.0,3.43,137,22,RAMPUR HAT,RPH,SAHIBGANJ,SBG,07:45,11:11,39.94
53406,245.0,4.08,137,22,SAHIBGANJ,SBG,RAMPUR HAT,RPH,19:25,23:30,33.58
53408,525.0,8.75,259,46,JAMALPUR JN.,JMP,RAMPUR HAT,RPH,13:05,21:50,29.6
53411,90.0,1.5,54,10,BARHARWA JN.,BHW,SAHIBGANJ,SBG,12:30,14:00,36.0
53412,90.0,1.5,54,10,SAHIBGANJ,SBG,BARHARWA JN.,BHW,12:10,13:40,36.0
53415,270.0,4.5,127,31,SAHIBGANJ,SBG,JAMALPUR JN.,JMP,15:25,19:55,28.22
53416,245.0,4.08,127,31,JAMALPUR JN.,JMP,SAHIBGANJ,SBG,07:30,11:35,31.13
53417,360.0,6.0,233,39,BARDDHAMAN J,BWN,MALDA TOWN,MLDT,05:00,11:00,38.83
53418,400.0,6.67,233,39,MALDA TOWN,MLDT,BARDDHAMAN J,BWN,15:00,21:40,34.93
53423,75.0,1.25,45,13,JAMALPUR JN.,JMP,KIUL JN.,KIUL,12:00,13:15,36.0
53424,85.0,1.42,44,13,KIUL JN.,KIUL,JAMALPUR JN.,JMP,13:45,15:10,30.99
53431,290.0,4.83,127,31,SAHIBGANJ,SBG,JAMALPUR JN.,JMP,07:05,11:55,26.29
53432,235.0,3.92,127,31,JAMALPUR JN.,JMP,SAHIBGANJ,SBG,15:30,19:25,32.4
53433,195.0,3.25,87,19,AZIMGANJ JN.,AZ,BARHARWA JN.,BHW,08:40,11:55,26.77
53434,165.0,2.75,87,19,BARHARWA JN.,BHW,AZIMGANJ JN.,AZ,14:20,17:05,31.64
53435,140.0,2.33,65,19,KATWA JN.,KWAE,AZIMGANJ JN.,AZ,06:00,08:20,27.9
53436,145.0,2.42,65,18,AZIMGANJ JN.,AZ,KATWA JN.,KWAE,18:40,21:05,26.86
53441,175.0,2.92,71,16,HANSDIHA,HSDA,BHAGALPUR,BGP,10:40,13:35,24.32
53442,175.0,2.92,72,16,BHAGALPUR,BGP,HANSDIHA,HSDA,04:00,06:55,24.66
53443,165.0,2.75,71,16,HANSDIHA,HSDA,BHAGALPUR,BGP,15:30,18:15,25.82
53444,180.0,3.0,73,18,BHAGALPUR,BGP,HANSDIHA,HSDA,12:05,15:05,24.33
53445,180.0,3.0,71,16,HANSDIHA,HSDA,BHAGALPUR,BGP,22:00,01:00,23.67
53446,175.0,2.92,72,16,BHAGALPUR,BGP,HANSDIHA,HSDA,18:45,21:40,24.66
53447,135.0,2.25,50,15,BANKA,BAKA,BHAGALPUR,BGP,19:40,21:55,22.22
53448,140.0,2.33,51,15,BHAGALPUR,BGP,BANKA,BAKA,16:45,19:05,21.89
53449,135.0,2.25,50,15,BANKA,BAKA,BHAGALPUR,BGP,09:25,11:40,22.22
53450,140.0,2.33,51,15,BHAGALPUR,BGP,BANKA,BAKA,06:40,09:00,21.89
53451,80.0,1.33,41,6,DUMKA,DUMK,HANSDIHA,HSDA,09:15,10:35,30.83
53452,85.0,1.42,41,6,HANSDIHA,HSDA,DUMKA,DUMK,07:00,08:25,28.87
53479,80.0,1.33,45,13,JAMALPUR JN.,JMP,KIUL JN.,KIUL,05:20,06:40,33.83
53480,85.0,1.42,44,13,KIUL JN.,KIUL,JAMALPUR JN.,JMP,07:40,09:05,30.99
53481,25.0,0.42,11,2,TINPAHAR JN.,TPH,RAJMAHAL,RJL,03:50,04:15,26.19
53482,25.0,0.42,11,2,RAJMAHAL,RJL,TINPAHAR JN.,TPH,02:00,02:25,26.19
53483,25.0,0.42,11,2,TINPAHAR JN.,TPH,RAJMAHAL,RJL,05:45,06:10,26.19
53484,25.0,0.42,11,2,RAJMAHAL,RJL,TINPAHAR JN.,TPH,04:35,05:00,26.19
53485,28.0,0.47,11,2,TINPAHAR JN.,TPH,RAJMAHAL,RJL,09:50,10:18,23.4
53486,25.0,0.42,11,2,RAJMAHAL,RJL,TINPAHAR JN.,TPH,06:30,06:55,26.19
53487,28.0,0.47,11,2,TINPAHAR JN.,TPH,RAJMAHAL,RJL,13:47,14:15,23.4
53488,25.0,0.42,11,2,RAJMAHAL,RJL,TINPAHAR JN.,TPH,12:00,12:25,26.19
53489,25.0,0.42,11,2,TINPAHAR JN.,TPH,RAJMAHAL,RJL,16:20,16:45,26.19
53490,25.0,0.42,11,2,RAJMAHAL,RJL,TINPAHAR JN.,TPH,14:55,15:20,26.19
53491,25.0,0.42,11,2,TINPAHAR JN.,TPH,RAJMAHAL,RJL,19:10,19:35,26.19
53492,28.0,0.47,11,2,RAJMAHAL,RJL,TINPAHAR JN.,TPH,17:10,17:38,23.4
53493,25.0,0.42,11,2,TINPAHAR JN.,TPH,RAJMAHAL,RJL,21:30,21:55,26.19
53494,25.0,0.42,11,2,RAJMAHAL,RJL,TINPAHAR JN.,TPH,20:00,20:25,26.19
53495,25.0,0.42,11,2,TINPAHAR JN.,TPH,RAJMAHAL,RJL,23:30,23:55,26.19
53496,25.0,0.42,11,2,RAJMAHAL,RJL,TINPAHAR JN.,TPH,22:20,22:45,26.19
53497,100.0,1.67,52,18,BHAGALPUR,BGP,JAMALPUR JN.,JMP,21:25,23:05,31.14
53498,127.0,2.12,52,18,JAMALPUR JN.,JMP,BHAGALPUR,BGP,18:58,21:05,24.53
53511,60.0,1.0,38,7,MADHUPUR JN.,MDP,GIRDIH,GRD,03:20,04:20,38.0
53512,55.0,0.92,37,7,GIRDIH,GRD,MADHUPUR JN.,MDP,04:50,05:45,40.22
53513,60.0,1.0,38,7,MADHUPUR JN.,MDP,GIRDIH,GRD,08:00,09:00,38.0
53514,60.0,1.0,37,7,GIRDIH,GRD,MADHUPUR JN.,MDP,09:20,10:20,37.0
53515,60.0,1.0,38,7,MADHUPUR JN.,MDP,GIRDIH,GRD,12:15,13:15,38.0
53516,60.0,1.0,37,7,GIRDIH,GRD,MADHUPUR JN.,MDP,13:35,14:35,37.0
53517,60.0,1.0,38,7,MADHUPUR JN.,MDP,GIRDIH,GRD,16:20,17:20,38.0
53518,55.0,0.92,37,7,GIRDIH,GRD,MADHUPUR JN.,MDP,17:40,18:35,40.22
53519,55.0,0.92,38,7,MADHUPUR JN.,MDP,GIRDIH,GRD,21:35,22:30,41.3
53520,55.0,0.92,37,7,GIRDIH,GRD,MADHUPUR JN.,MDP,22:50,23:45,40.22
53523,375.0,6.25,188,35,ASANSOL MAIN,ASN,BARKAKANA,BRKA,16:30,22:45,30.08
53524,410.0,6.83,188,35,BARKAKANA,BRKA,ASANSOL MAIN,ASN,03:00,09:50,27.53
53525,820.0,13.67,453,63,BARKAKANA,BRKA,VARANASI JN.,BSB,04:00,17:40,33.14
53526,810.0,13.5,453,62,VARANASI JN.,BSB,BARKAKANA,BRKA,07:00,20:30,33.56
53551,100.0,1.67,70,9,DUMKA,DUMK,JASIDIH JN.,JSME,09:25,11:05,41.92
53552,100.0,1.67,70,9,JASIDIH JN.,JSME,DUMKA,DUMK,07:25,09:05,41.92
53553,100.0,1.67,70,9,DUMKA,DUMK,JASIDIH JN.,JSME,13:25,15:05,41.92
53554,100.0,1.67,70,9,JASIDIH JN.,JSME,DUMKA,DUMK,11:25,13:05,41.92
53555,105.0,1.75,70,9,DUMKA,DUMK,JASIDIH JN.,JSME,18:00,19:45,40.0
53556,105.0,1.75,70,9,JASIDIH JN.,JSME,DUMKA,DUMK,15:50,17:35,40.0
53611,275.0,4.58,159,24,BARWADIH JN,BRWD,DEHRI-ON-SON,DOS,05:30,10:05,34.72
53612,285.0,4.75,159,24,DEHRI-ON-SON,DOS,BARWADIH JN,BRWD,19:05,23:50,33.47
53615,365.0,6.08,174,19,JAMALPUR JN.,JMP,GAYA JN.,GAYA,08:15,14:20,28.62
53616,320.0,5.33,174,19,GAYA JN.,GAYA,JAMALPUR JN.,JMP,15:00,20:20,32.65
53623,385.0,6.42,183,20,JHAJHA,JAJ,GAYA JN.,GAYA,14:00,20:25,28.5
53624,475.0,7.92,183,21,GAYA JN.,GAYA,JHAJHA,JAJ,05:05,13:00,23.11
53625,315.0,5.25,129,13,KIUL JN.,KIUL,GAYA JN.,GAYA,04:55,10:10,24.57
53626,290.0,4.83,129,13,GAYA JN.,GAYA,KIUL JN.,KIUL,07:20,12:10,26.71
53627,325.0,5.42,129,12,KIUL JN.,KIUL,GAYA JN.,GAYA,06:10,11:35,23.8
53628,345.0,5.75,129,12,GAYA JN.,GAYA,KIUL JN.,KIUL,11:15,17:00,22.43
53629,285.0,4.75,129,12,KIUL JN.,KIUL,GAYA JN.,GAYA,13:15,18:00,27.16
53630,285.0,4.75,129,13,GAYA JN.,GAYA,KIUL JN.,KIUL,19:00,23:45,27.16
53631,245.0,4.08,129,12,KIUL JN.,KIUL,GAYA JN.,GAYA,18:00,22:05,31.62
53632,275.0,4.58,129,12,GAYA JN.,GAYA,KIUL JN.,KIUL,20:55,01:30,28.17
53641,145.0,2.42,53,9,DILDARNAGAR,DLN,MUGHAL SARAI,MGS,19:20,21:45,21.9
53642,90.0,1.5,53,9,MUGHAL SARAI,MGS,DILDARNAGAR,DLN,06:35,08:05,35.33
53643,60.0,1.0,18,4,DILDARNAGAR,DLN,TARIGHAT,TRG,08:15,09:15,18.0
53644,60.0,1.0,18,4,TARIGHAT,TRG,DILDARNAGAR,DLN,09:45,10:45,18.0
53645,60.0,1.0,18,4,DILDARNAGAR,DLN,TARIGHAT,TRG,12:10,13:10,18.0
53646,60.0,1.0,18,4,TARIGHAT,TRG,DILDARNAGAR,DLN,13:40,14:40,18.0
53647,60.0,1.0,18,4,DILDARNAGAR,DLN,TARIGHAT,TRG,16:30,17:30,18.0
53648,60.0,1.0,18,4,TARIGHAT,TRG,DILDARNAGAR,DLN,18:00,19:00,18.0
54001,160.0,2.67,73,20,TILAK BRIDGE,TKJ,ROHTAK JN.,ROK,18:35,21:15,27.34
54002,148.0,2.47,73,20,ROHTAK JN.,ROK,TILAK BRIDGE,TKJ,06:15,08:43,29.55
54005,235.0,3.92,119,23,DELHI JN.,DLI,BHIWANI JN.,BNW,04:15,08:10,30.36
54006,275.0,4.58,141,25,JIND JN,JIND,ROHTAK JN.,ROK,04:35,09:10,30.79
54007,260.0,4.33,141,25,ROHTAK JN.,ROK,JIND JN,JIND,09:30,13:50,32.56
54008,250.0,4.17,141,25,JIND JN,JIND,ROHTAK JN.,ROK,10:00,14:10,33.81
54009,280.0,4.67,141,25,ROHTAK JN.,ROK,JIND JN,JIND,17:50,22:30,30.19
54010,45.0,0.75,33,5,NARWANA JN.,NRW,JIND JN,JIND,22:50,23:35,44.0
54011,400.0,6.67,227,39,TILAK BRIDGE,TKJ,SADULPUR JN,SDLP,17:45,00:25,34.03
54012,388.0,6.47,227,39,SADULPUR JN,SDLP,TILAK BRIDGE,TKJ,02:40,09:08,35.09
54013,65.0,1.08,49,7,ROHTAK JN.,ROK,BHIWANI JN.,BNW,14:05,15:10,45.37
54014,95.0,1.58,49,7,BHIWANI JN.,BNW,ROHTAK JN.,ROK,07:25,09:00,31.01
54015,95.0,1.58,49,7,ROHTAK JN.,ROK,BHIWANI JN.,BNW,17:45,19:20,31.01
54016,75.0,1.25,49,7,BHIWANI JN.,BNW,ROHTAK JN.,ROK,09:50,11:05,39.2
54018,85.0,1.42,49,7,BHIWANI JN.,BNW,ROHTAK JN.,ROK,15:55,17:20,34.51
54019,100.0,1.67,81,8,REWARI JN.,RE,ROHTAK JN.,ROK,05:05,06:45,48.5
54023,80.0,1.33,57,9,ROHTAK JN.,ROK,JIND JN,JIND,07:00,08:20,42.86
54024,275.0,4.58,127,25,JIND JN,JIND,DELHI JN.,DLI,17:40,22:15,27.73
54025,165.0,2.75,60,6,ROHTAK JN.,ROK,PANIPAT JN.,PNP,11:15,14:00,21.82
54026,105.0,1.75,71,6,PANIPAT JN.,PNP,ROHTAK JN.,ROK,14:50,16:35,40.57
54031,215.0,3.58,127,25,DELHI JN.,DLI,JIND JN,JIND,11:45,15:20,35.47
54032,220.0,3.67,127,25,JIND JN,JIND,DELHI JN.,DLI,07:20,11:00,34.6
54033,300.0,5.0,160,29,DELHI JN.,DLI,NARWANA JN.,NRW,17:25,22:25,32.0
54034,235.0,3.92,127,25,JIND JN,JIND,DELHI JN.,DLI,15:50,19:45,32.4
54035,360.0,6.0,199,35,DELHI JN.,DLI,JAKHAL JN.,JHL,15:40,21:40,33.17
54036,335.0,5.58,199,35,JAKHAL JN.,JHL,DELHI JN.,DLI,04:45,10:20,35.66
54037,205.0,3.42,120,17,KURUKSHETRA,KKDE,JIND JN,JIND,07:45,11:10,35.09
54038,180.0,3.0,119,17,JIND JN,JIND,KURUKSHETRA,KKDE,04:15,07:15,39.67
54039,195.0,3.25,120,17,KURUKSHETRA,KKDE,JIND JN,JIND,12:25,15:40,36.92
54040,185.0,3.08,119,17,JIND JN,JIND,KURUKSHETRA,KKDE,08:25,11:30,38.64
54041,185.0,3.08,120,17,KURUKSHETRA,KKDE,JIND JN,JIND,18:20,21:25,38.96
54042,190.0,3.17,119,17,JIND JN,JIND,KURUKSHETRA,KKDE,13:05,16:15,37.54
54043,480.0,8.0,327,40,JIND JN,JIND,HISAR JN,HSR,16:40,00:40,40.88
54044,590.0,9.83,327,40,HISAR JN,HSR,JIND JN,JIND,05:00,14:50,33.27
54045,550.0,9.17,257,34,JIND JN,JIND,FIROZPUR CAN,FZR,03:25,12:35,28.03
54046,440.0,7.33,257,36,FIROZPUR CAN,FZR,JIND JN,JIND,14:40,22:00,35.06
54047,175.0,2.92,120,10,KURUKSHETRA,KKDE,JIND JN,JIND,21:50,00:45,41.1
54048,200.0,3.33,119,17,JIND JN,JIND,KURUKSHETRA,KKDE,17:45,21:05,35.74
54049,260.0,4.33,141,25,ROHTAK JN.,ROK,JIND JN,JIND,04:05,08:25,32.56
54050,255.0,4.25,141,25,JIND JN,JIND,ROHTAK JN.,ROK,16:05,20:20,33.18
54051,185.0,3.08,123,14,LUDHIANA JN.,LDH,FIROZPUR CAN,FZR,10:05,13:10,39.94
54052,170.0,2.83,123,14,FIROZPUR CAN,FZR,LUDHIANA JN.,LDH,14:00,16:50,43.46
54053,195.0,3.25,128,19,JAKHAL JN.,JHL,LUDHIANA JN.,LDH,05:20,08:35,39.38
54054,215.0,3.58,128,19,LUDHIANA JN.,LDH,JAKHAL JN.,JHL,18:50,22:25,35.75
54055,355.0,5.92,160,26,MORADABAD JN,MB,DELHI JN.,DLI,16:15,22:10,27.03
54056,335.0,5.58,160,26,DELHI JN.,DLI,MORADABAD JN,MB,10:00,15:35,28.67
54057,220.0,3.67,93,24,DELHI JN.,DLI,SHAMLI,SMQL,21:00,00:40,25.34
54058,220.0,3.67,93,24,SHAMLI,SMQL,DELHI JN.,DLI,03:15,06:55,25.34
54059,150.0,2.5,90,16,DELHI JN.,DLI,SHAMLI,SMQL,23:05,01:35,36.0
54060,220.0,3.67,93,24,SHAMLI,SMQL,DELHI JN.,DLI,06:30,10:10,25.34
54075,795.0,13.25,408,40,SITAPUR CITY,SPC,DELHI JN.,DLI,14:25,03:40,30.79
54076,825.0,13.75,408,44,DELHI JN.,DLI,SITAPUR CITY,SPC,23:50,13:35,29.67
54077,265.0,4.42,110,18,BAREILLY JN.,BE,MORADABAD JN,MB,17:55,22:20,24.89
54078,290.0,4.83,110,19,MORADABAD JN,MB,BAREILLY JN.,BE,04:45,09:35,22.77
54085,160.0,2.67,82,18,DELHI JN.,DLI,REWARI JN.,RE,06:55,09:35,30.71
54086,190.0,3.17,82,18,REWARI JN.,RE,DELHI JN.,DLI,10:25,13:35,25.87
54091,50.0,0.83,24,3,NAJIBABAD JN,NBD,KOTDWARA,KTW,20:05,20:55,28.92
54092,50.0,0.83,24,3,KOTDWARA,KTW,NAJIBABAD JN,NBD,07:00,07:50,28.92
54101,375.0,6.25,208,34,PRAYAG JN.,PRG,KANPUR CENTR,CNB,16:55,23:10,33.28
54102,365.0,6.08,208,34,KANPUR CENTR,CNB,PRAYAG JN.,PRG,02:55,09:00,34.21
54103,185.0,3.08,120,16,CHUNAR JN.,CAR,ALLAHABAD JN,ALD,06:10,09:15,38.96
54104,190.0,3.17,120,16,ALLAHABAD JN,ALD,CHUNAR JN.,CAR,18:30,21:40,37.85
54107,310.0,5.17,113,19,ALLAHABAD JN,ALD,JAUNPUR JN.,JNU,17:00,22:10,21.86
54108,275.0,4.58,113,19,JAUNPUR JN.,JNU,ALLAHABAD JN,ALD,05:35,10:10,24.67
54109,415.0,6.92,214,33,MUGHAL SARAI,MGS,FAIZABAD JN.,FD,16:25,23:20,30.92
54110,425.0,7.08,214,33,FAIZABAD JN.,FD,MUGHAL SARAI,MGS,03:20,10:25,30.23
54152,165.0,2.75,77,13,KANPUR CENTR,CNB,FATEHPUR,FTP,18:05,20:50,28.0
54153,350.0,5.83,167,27,RAE BARELI J,RBL,KANPUR CENTR,CNB,02:50,08:40,28.64
54154,338.0,5.63,167,27,KANPUR CENTR,CNB,RAE BARELI J,RBL,16:32,22:10,29.66
54155,265.0,4.42,138,27,KANPUR CENTR,CNB,FARRUKHABAD,FBD,12:40,17:05,31.22
54156,250.0,4.17,139,27,FARRUKHABAD,FBD,KANPUR CENTR,CNB,10:10,14:20,33.33
54158,220.0,3.67,136,26,FARRUKHABAD,FBD,KANPUR ANWAR,CPA,20:55,00:35,37.06
54159,695.0,11.58,397,44,JHANSI JN,JHS,ALLAHABAD JN,ALD,07:10,18:45,34.28
54161,395.0,6.58,261,27,KHAJAURAHO,KURJ,KANPUR CENTR,CNB,04:05,10:40,39.67
54162,400.0,6.67,261,28,KANPUR CENTR,CNB,KHAJAURAHO,KURJ,16:20,23:00,39.13
54201,65.0,1.08,37,7,LUCKNOW JN.,LKO,RAHIMABAD,RBD,13:30,14:35,34.26
54211,260.0,4.33,128,23,RAE BARELI J,RBL,KANPUR CENTR,CNB,06:15,10:35,29.56
54212,280.0,4.67,128,23,KANPUR CENTR,CNB,RAE BARELI J,RBL,14:20,19:00,27.41
54221,110.0,1.83,57,10,RAE BARELI J,RBL,RAGHURAJ SIN,RRS,05:05,06:55,31.15
54222,135.0,2.25,57,10,RAGHURAJ SIN,RRS,RAE BARELI J,RBL,07:25,09:40,25.33
54223,145.0,2.42,57,10,RAE BARELI J,RBL,RAGHURAJ SIN,RRS,17:30,19:55,23.55
54224,120.0,2.0,57,10,RAGHURAJ SIN,RRS,RAE BARELI J,RBL,20:40,22:40,28.5
54225,50.0,0.83,37,5,UNCHAHAR JN.,UCR,RAE BARELI J,RBL,09:55,10:45,44.58
54226,50.0,0.83,37,5,RAE BARELI J,RBL,UNCHAHAR JN.,UCR,08:35,09:25,44.58
54227,75.0,1.25,37,5,UNCHAHAR JN.,UCR,RAE BARELI J,RBL,17:15,18:30,29.6
54228,50.0,0.83,37,5,RAE BARELI J,RBL,UNCHAHAR JN.,UCR,15:45,16:35,44.58
54231,220.0,3.67,127,18,FAIZABAD JN.,FD,LUCKNOW JN.,LKO,05:40,09:20,34.6
54232,255.0,4.25,127,18,LUCKNOW JN.,LKO,FAIZABAD JN.,FD,04:40,08:55,29.88
54233,190.0,3.17,127,18,FAIZABAD JN.,FD,LUCKNOW JN.,LKO,16:00,19:10,40.06
54234,260.0,4.33,127,18,LUCKNOW JN.,LKO,FAIZABAD JN.,FD,17:05,21:25,29.33
54237,90.0,1.5,46,7,MANKAPUR JN.,MUR,FAIZABAD JN.,FD,20:20,21:50,30.67
54238,90.0,1.5,45,7,FAIZABAD JN.,FD,MANKAPUR JN.,MUR,04:45,06:15,30.0
54239,60.0,1.0,38,5,MANKAPUR JN.,MUR,AYODHYA,AY,08:25,09:25,38.0
54240,55.0,0.92,38,5,AYODHYA,AY,MANKAPUR JN.,MUR,09:55,10:50,41.3
54243,60.0,1.0,38,5,MANKAPUR JN.,MUR,AYODHYA,AY,17:10,18:10,38.0
54244,65.0,1.08,38,5,AYODHYA,AY,MANKAPUR JN.,MUR,18:45,19:50,35.19
54251,1370.0,22.83,508,74,LUCKNOW JN.,LKO,SAHARANPUR J,SRE,20:00,18:50,22.25
54252,1190.0,19.83,518,75,SAHARANPUR J,SRE,LUCKNOW JN.,LKO,08:15,04:05,26.12
54253,550.0,9.17,225,32,PRAYAG JN.,PRG,LUCKNOW JN.,LKO,15:05,00:15,24.54
54254,440.0,7.33,225,32,LUCKNOW JN.,LKO,PRAYAG JN.,PRG,04:50,12:10,30.7
54255,535.0,8.92,301,43,VARANASI JN.,BSB,LUCKNOW JN.,LKO,06:00,14:55,33.74
54256,610.0,10.17,301,42,LUCKNOW JN.,LKO,VARANASI JN.,BSB,11:10,21:20,29.6
54261,180.0,3.0,75,14,MUGHAL SARAI,MGS,JAUNPUR JN.,JNU,19:30,22:30,25.0
54262,120.0,2.0,57,11,JAUNPUR JN.,JNU,VARANASI JN.,BSB,03:15,05:15,28.5
54263,210.0,3.5,143,21,VARANASI JN.,BSB,SULTANPUR JN,SLN,07:00,10:30,40.86
54264,220.0,3.67,143,21,SULTANPUR JN,SLN,VARANASI JN.,BSB,06:35,10:15,38.96
54265,235.0,3.92,143,21,VARANASI JN.,BSB,SULTANPUR JN,SLN,16:15,20:10,36.48
54266,255.0,4.25,143,21,SULTANPUR JN,SLN,VARANASI JN.,BSB,18:30,22:45,33.65
54267,50.0,0.83,18,4,MUGHAL SARAI,MGS,VARANASI JN.,BSB,08:55,09:45,21.69
54268,50.0,0.83,18,4,VARANASI JN.,BSB,MUGHAL SARAI,MGS,07:40,08:30,21.69
54270,47.0,0.78,18,4,VARANASI JN.,BSB,MUGHAL SARAI,MGS,18:25,19:12,23.08
54271,430.0,7.17,198,31,ARA,ARA,MUGHAL SARAI,MGS,12:00,19:10,27.62
54272,348.0,5.8,198,31,MUGHAL SARAI,MGS,ARA,ARA,19:22,01:10,34.14
54273,205.0,3.42,97,17,ARA,ARA,SASARAM,SSM,03:10,06:35,28.36
54274,260.0,4.33,97,17,SASARAM,SSM,ARA,ARA,07:00,11:20,22.4
54281,245.0,4.08,139,19,SULTANPUR JN,SLN,LUCKNOW JN.,LKO,05:30,09:35,34.07
54282,255.0,4.25,139,18,LUCKNOW JN.,LKO,SULTANPUR JN,SLN,06:05,10:20,32.71
54283,310.0,5.17,139,18,SULTANPUR JN,SLN,LUCKNOW JN.,LKO,19:30,00:40,26.89
54284,230.0,3.83,139,18,LUCKNOW JN.,LKO,SULTANPUR JN,SLN,18:55,22:45,36.29
54291,220.0,3.67,128,18,VARANASI JN.,BSB,PARTAPGARH J,PBH,17:15,20:55,34.88
54292,255.0,4.25,128,18,PARTAPGARH J,PBH,VARANASI JN.,BSB,05:05,09:20,30.12
54293,335.0,5.58,172,25,PARTAPGARH J,PBH,LUCKNOW JN.,LKO,06:35,12:10,30.82
54294,395.0,6.58,172,27,LUCKNOW JN.,LKO,PARTAPGARH J,PBH,13:50,20:25,26.14
54303,510.0,8.5,266,41,DELHI JN.,DLI,KALKA,KLK,15:20,23:50,31.29
54304,755.0,12.58,331,47,KALKA,KLK,DELHI JN.,DLI,07:05,19:40,26.31
54307,370.0,6.17,160,23,MORADABAD JN,MB,DELHI JN.,DLI,17:00,23:10,25.93
54308,380.0,6.33,160,23,DELHI JN.,DLI,MORADABAD JN,MB,01:40,08:00,25.28
54309,170.0,2.83,82,18,DELHI JN.,DLI,REWARI JN.,RE,05:20,08:10,28.98
54310,170.0,2.83,82,18,REWARI JN.,RE,DELHI JN.,DLI,09:30,12:20,28.98
54311,210.0,3.5,110,20,BAREILLY JN.,BE,MORADABAD JN,MB,12:20,15:50,31.43
54312,225.0,3.75,110,20,MORADABAD JN,MB,BAREILLY JN.,BE,07:50,11:35,29.33
54313,115.0,1.92,43,9,CHANDAUSI JN,CH,MORADABAD JN,MB,18:55,20:50,22.4
54314,105.0,1.75,43,9,MORADABAD JN,MB,CHANDAUSI JN,CH,16:30,18:15,24.57
54321,293.0,4.88,64,13,BALAMAU JN.,BLM,SITAPUR CANT,SCC,07:40,12:33,13.11
54322,170.0,2.83,64,13,SITAPUR CANT,SCC,BALAMAU JN.,BLM,18:15,21:05,22.61
54323,145.0,2.42,98,11,BURHWAL JN.,BUW,SITAPUR CANT,SCC,15:40,18:05,40.5
54324,140.0,2.33,97,14,SITAPUR CANT,SCC,BURHWAL JN.,BUW,12:40,15:00,41.63
54325,545.0,9.08,176,30,SITAPUR CITY,SPC,KANPUR CENTR,CNB,11:00,20:05,19.38
54326,540.0,9.0,176,30,KANPUR CENTR,CNB,SITAPUR CITY,SPC,05:15,14:15,19.56
54327,170.0,2.83,86,11,SITAPUR CITY,SPC,SHAHJAHANPUR,SPN,17:40,20:30,30.39
54328,140.0,2.33,86,11,SHAHJAHANPUR,SPN,SITAPUR CITY,SPC,07:05,09:25,36.91
54329,205.0,3.42,95,16,BALAMAU JN.,BLM,SHAHJAHANPUR,SPN,17:50,21:15,27.78
54330,195.0,3.25,95,16,SHAHJAHANPUR,SPN,BALAMAU JN.,BLM,08:20,11:35,29.23
54331,145.0,2.42,68,11,LUCKNOW JN.,LKO,BALAMAU JN.,BLM,17:05,19:30,28.1
54332,145.0,2.42,68,10,BALAMAU JN.,BLM,LUCKNOW JN.,LKO,07:20,09:45,28.1
54333,750.0,12.5,323,46,VARANASI JN.,BSB,LUCKNOW JN.,LKO,03:45,16:15,25.84
54334,640.0,10.67,323,46,LUCKNOW JN.,LKO,VARANASI JN.,BSB,11:00,21:40,30.27
54335,230.0,3.83,117,20,BALAMAU JN.,BLM,KANPUR CENTR,CNB,07:00,10:50,30.55
54336,235.0,3.92,117,20,KANPUR CENTR,CNB,BALAMAU JN.,BLM,14:40,18:35,29.85
54341,385.0,6.42,131,21,SAHARANPUR J,SRE,DEHRA DUN,DDN,14:10,20:35,20.4
54342,320.0,5.33,131,21,DEHRA DUN,DDN,SAHARANPUR J,SRE,07:45,13:05,24.58
54351,370.0,6.17,164,27,ALIGARH JN.,ALJN,BAREILLY JN.,BE,11:30,17:40,26.58
54352,345.0,5.75,164,27,BAREILLY JN.,BE,ALIGARH JN.,ALJN,04:30,10:15,28.52
54353,350.0,5.83,164,22,ALIGARH JN.,ALJN,BAREILLY JN.,BE,17:45,23:35,28.13
54354,350.0,5.83,164,27,BAREILLY JN.,BE,ALIGARH JN.,ALJN,09:00,14:50,28.13
54355,135.0,2.25,78,13,ROZA JN,ROZA,BAREILLY JN.,BE,06:05,08:20,34.67
54356,190.0,3.17,78,13,BAREILLY JN.,BE,ROZA JN,ROZA,18:40,21:50,24.61
54371,405.0,6.75,150,21,PRAYAG JN.,PRG,FAIZABAD JN.,FD,04:00,10:45,22.22
54372,310.0,5.17,150,21,FAIZABAD JN.,FD,PRAYAG JN.,PRG,13:20,18:30,29.01
54373,295.0,4.92,150,21,PRAYAG JN.,PRG,FAIZABAD JN.,FD,07:45,12:40,30.49
54374,330.0,5.5,150,21,FAIZABAD JN.,FD,PRAYAG JN.,PRG,17:45,23:15,27.27
54375,245.0,4.08,107,18,PRAYAG JN.,PRG,JAUNPUR JN.,JNU,06:50,10:55,26.23
54376,235.0,3.92,107,18,JAUNPUR JN.,JNU,PRAYAG JN.,PRG,17:00,20:55,27.3
54377,870.0,14.5,429,62,PRAYAG JN.,PRG,BAREILLY JN.,BE,00:55,15:25,29.59
54378,930.0,15.5,429,62,BAREILLY JN.,BE,PRAYAG JN.,PRG,08:05,23:35,27.68
54381,225.0,3.75,106,17,GAJRAULA JN.,GJL,NAJIBABAD JN,NBD,07:55,11:40,28.27
54382,275.0,4.58,106,18,NAJIBABAD JN,NBD,GAJRAULA JN.,GJL,08:15,12:50,23.14
54383,240.0,4.0,106,18,GAJRAULA JN.,GJL,NAJIBABAD JN,NBD,14:45,18:45,26.5
54384,230.0,3.83,106,17,NAJIBABAD JN,NBD,GAJRAULA JN.,GJL,17:05,20:55,27.68
54385,50.0,0.83,24,3,NAJIBABAD JN,NBD,KOTDWARA,KTW,08:55,09:45,28.92
54386,50.0,0.83,24,3,KOTDWARA,KTW,NAJIBABAD JN,NBD,10:10,11:00,28.92
54387,50.0,0.83,24,3,NAJIBABAD JN,NBD,KOTDWARA,KTW,11:25,12:15,28.92
54388,50.0,0.83,24,3,KOTDWARA,KTW,NAJIBABAD JN,NBD,12:40,13:30,28.92
54389,50.0,0.83,24,3,NAJIBABAD JN,NBD,KOTDWARA,KTW,17:15,18:05,28.92
54390,50.0,0.83,24,3,KOTDWARA,KTW,NAJIBABAD JN,NBD,18:30,19:20,28.92
54391,275.0,4.58,142,24,ALIGARH JN.,ALJN,MORADABAD JN,MB,04:55,09:30,31.0
54392,285.0,4.75,142,24,MORADABAD JN,MB,ALIGARH JN.,ALJN,17:20,22:05,29.89
54393,130.0,2.17,53,9,MORADABAD JN,MB,GAJRAULA JN.,GJL,10:00,12:10,24.42
54394,140.0,2.33,53,9,GAJRAULA JN.,GJL,MORADABAD JN,MB,14:15,16:35,22.75
54395,375.0,6.25,159,23,MORADABAD JN,MB,NAJIBABAD JN,NBD,19:10,01:25,25.44
54396,330.0,5.5,159,23,NAJIBABAD JN,NBD,MORADABAD JN,MB,03:35,09:05,28.91
54397,160.0,2.67,47,9,SAMBAHAL HAT,SHTS,MORADABAD JN,MB,16:05,18:45,17.6
54398,140.0,2.33,47,9,MORADABAD JN,MB,SAMBAHAL HAT,SHTS,13:20,15:40,20.17
54401,215.0,3.58,92,14,KHURJA JN,KRJ,MEERUT CITY,MTC,06:00,09:35,25.7
54402,260.0,4.33,92,14,MEERUT CITY,MTC,KHURJA JN,KRJ,05:40,10:00,21.25
54403,190.0,3.17,92,14,KHURJA JN,KRJ,MEERUT CITY,MTC,12:55,16:05,29.02
54404,175.0,2.92,92,14,MEERUT CITY,MTC,KHURJA JN,KRJ,10:45,13:40,31.51
54405,210.0,3.5,92,14,KHURJA JN,KRJ,MEERUT CITY,MTC,17:40,21:10,26.29
54406,175.0,2.92,92,13,MEERUT CITY,MTC,KHURJA JN,KRJ,17:55,20:50,31.51
54411,345.0,5.75,160,37,REWARI JN.,RE,MEERUT CANT,MUT,14:55,20:40,27.83
54412,325.0,5.42,160,37,MEERUT CANT,MUT,REWARI JN.,RE,06:45,12:10,29.52
54413,150.0,2.5,82,18,DELHI JN.,DLI,REWARI JN.,RE,03:15,05:45,32.8
54414,155.0,2.58,82,18,REWARI JN.,RE,DELHI JN.,DLI,07:05,09:40,31.78
54416,150.0,2.5,82,18,REWARI JN.,RE,DELHI JN.,DLI,13:10,15:40,32.8
54417,155.0,2.58,82,18,DELHI JN.,DLI,REWARI JN.,RE,16:10,18:45,31.78
54420,175.0,2.92,82,18,REWARI JN.,RE,DELHI JN.,DLI,19:25,22:20,28.08
54421,190.0,3.17,82,18,DELHI JN.,DLI,REWARI JN.,RE,11:15,14:25,25.87
54423,215.0,3.58,119,23,DELHI JN.,DLI,BHIWANI JN.,BNW,17:00,20:35,33.24
54424,220.0,3.67,119,23,BHIWANI JN.,BNW,DELHI JN.,DLI,05:00,08:40,32.43
54461,940.0,15.67,415,55,BANDIKUI JN.,BKI,BAREILLY JN.,BE,14:50,06:30,26.48
54462,885.0,14.75,416,56,BAREILLY JN.,BE,BANDIKUI JN.,BKI,21:15,12:00,28.2
54463,580.0,9.67,233,38,CHANDAUSI JN,CH,RISHIKESH,RKSH,04:20,14:00,24.1
54464,670.0,11.17,233,36,RISHIKESH,RKSH,CHANDAUSI JN,CH,11:45,22:55,20.86
54465,250.0,4.17,142,21,FARRUKHABAD,FBD,TUNDLA JN,TDL,15:45,19:55,34.05
54466,275.0,4.58,142,21,TUNDLA JN,TDL,FARRUKHABAD,FBD,05:45,10:20,31.0
54467,140.0,2.33,73,10,TUNDLA JN,TDL,ETAH,ETAH,05:40,08:00,31.33
54468,100.0,1.67,73,10,ETAH,ETAH,TUNDLA JN,TDL,08:30,10:10,43.71
54469,110.0,1.83,73,10,TUNDLA JN,TDL,ETAH,ETAH,10:50,12:40,39.89
54470,110.0,1.83,73,10,ETAH,ETAH,TUNDLA JN,TDL,16:00,17:50,39.89
54471,665.0,11.08,283,45,DELHI JN.,DLI,RISHIKESH,RKSH,17:35,04:40,25.54
54472,715.0,11.92,283,46,RISHIKESH,RKSH,DELHI JN.,DLI,05:55,17:50,23.74
54473,355.0,5.92,189,33,DELHI JN.,DLI,SAHARANPUR J,SRE,18:15,00:10,31.93
54474,305.0,5.08,189,28,SAHARANPUR J,SRE,DELHI JN.,DLI,03:55,09:00,37.2
54475,720.0,12.0,243,50,DELHI JN.,DLI,HARIDWAR JN,HW,09:50,21:50,20.25
54476,710.0,11.83,243,50,HARIDWAR JN,HW,DELHI JN.,DLI,04:20,16:10,20.54
54481,65.0,1.08,22,5,HARIDWAR JN,HW,RISHIKESH,RKSH,04:10,05:15,20.37
54482,60.0,1.0,22,5,RISHIKESH,RKSH,HARIDWAR JN,HW,07:00,08:00,22.0
54483,60.0,1.0,22,5,HARIDWAR JN,HW,RISHIKESH,RKSH,10:15,11:15,22.0
54484,70.0,1.17,22,5,RISHIKESH,RKSH,HARIDWAR JN,HW,14:35,15:45,18.8
54485,70.0,1.17,22,5,HARIDWAR JN,HW,RISHIKESH,RKSH,16:50,18:00,18.8
54486,55.0,0.92,22,5,RISHIKESH,RKSH,HARIDWAR JN,HW,18:30,19:25,23.91
54531,110.0,1.83,69,8,AMBALA CANTT,UMB,KALKA,KLK,18:30,20:20,37.7
54532,100.0,1.67,69,8,KALKA,KLK,AMBALA CANTT,UMB,13:05,14:45,41.32
54539,675.0,11.25,272,42,HAZRAT NIZAM,NZM,AMBALA CANTT,UMB,03:00,14:15,24.18
54540,625.0,10.42,272,40,AMBALA CANTT,UMB,HAZRAT NIZAM,NZM,14:35,01:00,26.1
54541,355.0,5.92,194,28,MEERUT CITY,MTC,AMBALA CANTT,UMB,05:15,11:10,32.77
54542,425.0,7.08,194,28,AMBALA CANTT,UMB,MEERUT CITY,MTC,16:25,23:30,27.4
54551,305.0,5.08,201,26,AMBALA CANTT,UMB,BATHINDA JN,BTI,11:00,16:05,39.57
54552,315.0,5.25,201,26,BATHINDA JN,BTI,AMBALA CANTT,UMB,07:30,12:45,38.29
54553,150.0,2.5,106,14,AMBALA CANTT,UMB,DHURI JN.,DUI,15:55,18:25,42.4
54555,140.0,2.33,95,13,DHURI JN.,DUI,BATHINDA JN,BTI,06:15,08:35,40.77
54556,320.0,5.33,201,24,BATHINDA JN,BTI,AMBALA CANTT,UMB,17:50,23:10,37.71
54557,80.0,1.33,53,7,AMBALA CANTT,UMB,PATIALA,PTA,07:40,09:00,39.85
54558,80.0,1.33,53,7,PATIALA,PTA,AMBALA CANTT,UMB,17:15,18:35,39.85
54559,180.0,3.0,116,12,BATHINDA JN,BTI,FAZILKA JN.,FKA,09:25,12:25,38.67
54560,185.0,3.08,116,12,FAZILKA JN.,FKA,BATHINDA JN,BTI,12:45,15:50,37.66
54561,125.0,2.08,87,13,BATHINDA JN,BTI,FIROZPUR CAN,FZR,06:50,08:55,41.83
54562,145.0,2.42,87,13,FIROZPUR CAN,FZR,BATHINDA JN,BTI,06:35,09:00,35.95
54563,130.0,2.17,87,13,BATHINDA JN,BTI,FIROZPUR CAN,FZR,14:10,16:20,40.09
54564,140.0,2.33,87,13,FIROZPUR CAN,FZR,BATHINDA JN,BTI,17:40,20:00,37.34
54571,205.0,3.42,123,20,LUDHIANA JN.,LDH,FIROZPUR CAN,FZR,17:20,20:45,35.96
54572,230.0,3.83,123,20,FIROZPUR CAN,FZR,LUDHIANA JN.,LDH,11:00,14:50,32.11
54575,145.0,2.42,77,15,LUDHIANA JN.,LDH,LOHIAN KHAS,LNK,19:10,21:35,31.82
54576,150.0,2.5,77,15,LOHIAN KHAS,LNK,LUDHIANA JN.,LDH,05:50,08:20,30.8
54581,70.0,1.17,43,7,NANGAL DAM,NLDM,AMB  ANDAURA,AADR,18:00,19:10,36.75
54582,75.0,1.25,43,7,AMB  ANDAURA,AADR,NANGAL DAM,NLDM,09:15,10:30,34.4
54601,560.0,9.33,345,38,HISAR JN,HSR,AMRITSAR JN.,ASR,00:40,10:00,36.98
54602,750.0,12.5,415,39,AMRITSAR JN.,ASR,SADULPUR JN,SDLP,16:30,05:00,33.2
54603,345.0,5.75,209,29,HISAR JN,HSR,LUDHIANA JN.,LDH,04:30,10:15,36.35
54604,335.0,5.58,209,29,LUDHIANA JN.,LDH,HISAR JN,HSR,14:35,20:10,37.46
54605,465.0,7.75,279,35,SADULPUR JN,SDLP,LUDHIANA JN.,LDH,06:30,14:15,36.0
54606,345.0,5.75,209,29,LUDHIANA JN.,LDH,HISAR JN,HSR,17:15,23:00,36.35
54611,175.0,2.92,106,16,AMRITSAR JN.,ASR,PATHANKOT JN,PTK,04:40,07:35,36.3
54612,175.0,2.92,106,17,PATHANKOT JN,PTK,AMRITSAR JN.,ASR,05:15,08:10,36.3
54613,180.0,3.0,106,17,AMRITSAR JN.,ASR,PATHANKOT JN,PTK,06:45,09:45,35.33
54614,180.0,3.0,106,17,PATHANKOT JN,PTK,AMRITSAR JN.,ASR,08:00,11:00,35.33
54615,200.0,3.33,106,17,AMRITSAR JN.,ASR,PATHANKOT JN,PTK,17:35,20:55,31.83
54616,185.0,3.08,106,17,PATHANKOT JN,PTK,AMRITSAR JN.,ASR,17:15,20:20,34.42
54621,180.0,3.0,115,18,JALANDHAR CI,JUC,PATHANKOT JN,PTK,17:30,20:30,38.33
54622,200.0,3.33,115,18,PATHANKOT JN,PTK,JALANDHAR CI,JUC,08:25,11:45,34.53
54625,195.0,3.25,87,17,JAIJON DOABA,JJJ,JALANDHAR CI,JUC,05:00,08:15,26.77
54626,200.0,3.33,87,17,JALANDHAR CI,JUC,JAIJON DOABA,JJJ,17:10,20:30,26.13
54631,330.0,5.5,207,24,BHIWANI JN.,BNW,DHURI JN.,DUI,16:05,21:35,37.64
54632,375.0,6.25,229,27,DHURI JN.,DUI,SIRSA,SSA,05:00,11:15,36.64
54633,425.0,7.08,291,36,SIRSA,SSA,LUDHIANA JN.,LDH,11:40,18:45,41.1
54634,495.0,8.25,269,34,LUDHIANA JN.,LDH,BHIWANI JN.,BNW,05:30,13:45,32.61
54635,365.0,6.08,209,28,HISAR JN,HSR,LUDHIANA JN.,LDH,16:00,22:05,34.38
54636,335.0,5.58,209,29,LUDHIANA JN.,LDH,HISAR JN,HSR,09:35,15:10,37.46
54637,90.0,1.5,42,7,HOSHIARPUR,HSX,JALANDHAR CI,JUC,12:00,13:30,28.0
54638,70.0,1.17,42,7,JALANDHAR CI,JUC,HOSHIARPUR,HSX,10:25,11:35,35.9
54641,745.0,12.42,384,60,DELHI JN.,DLI,FIROZPUR CAN,FZR,07:10,19:35,30.92
54642,680.0,11.33,384,59,FIROZPUR CAN,FZR,DELHI JN.,DLI,11:30,22:50,33.89
54643,210.0,3.5,117,18,JALANDHAR CI,JUC,FIROZPUR CAN,FZR,14:50,18:20,33.43
54644,205.0,3.42,117,18,FIROZPUR CAN,FZR,JALANDHAR CI,JUC,06:25,09:50,34.21
54645,170.0,2.83,123,14,LUDHIANA JN.,LDH,FIROZPUR CAN,FZR,20:25,23:15,43.46
54646,205.0,3.42,123,20,FIROZPUR CAN,FZR,LUDHIANA JN.,LDH,05:10,08:35,35.96
54651,80.0,1.33,53,6,JAMMU TAWI,JAT,UDHAMPUR,UHP,10:55,12:15,39.85
54654,90.0,1.5,53,6,UDHAMPUR,UHP,JAMMU TAWI,JAT,18:25,19:55,35.33
54701,450.0,7.5,319,31,BATHINDA JN,BTI,LALGARH JN.,LGH,10:45,18:15,42.53
54702,610.0,10.17,394,39,LALGARH JN.,LGH,ABOHAR,ABS,08:30,18:40,38.74
54703,1100.0,18.33,661,60,ABOHAR,ABS,JODHPUR JN.,JU,19:10,13:30,36.06
54704,890.0,14.83,601,56,JODHPUR JN.,JU,BATHINDA JN,BTI,14:35,05:25,40.53
54751,695.0,11.58,413,48,REWARI JN.,RE,SHRI GANGANA,SGNR,13:25,01:00,35.66
54752,645.0,10.75,412,48,SHRI GANGANA,SGNR,REWARI JN.,RE,01:25,12:10,38.33
54753,190.0,3.17,126,18,BATHINDA JN,BTI,SHRI GANGANA,SGNR,10:40,13:50,39.75
54754,185.0,3.08,126,18,SHRI GANGANA,SGNR,BATHINDA JN,BTI,06:15,09:20,40.91
54755,185.0,3.08,126,18,BATHINDA JN,BTI,SHRI GANGANA,SGNR,07:15,10:20,40.91
54756,190.0,3.17,126,18,SHRI GANGANA,SGNR,BATHINDA JN,BTI,16:10,19:20,39.75
54757,570.0,9.5,327,43,AMBALA CANTT,UMB,SHRI GANGANA,SGNR,06:25,15:55,34.42
54758,520.0,8.67,327,43,SHRI GANGANA,SGNR,AMBALA CANTT,UMB,10:55,19:35,37.72
54759,180.0,3.0,137,17,SHRI GANGANA,SGNR,SURATGARH JN,SOG,09:00,12:00,45.67
54760,175.0,2.92,125,16,SURATGARH JN,SOG,SHRI GANGANA,SGNR,12:30,15:25,42.81
54761,180.0,3.0,125,16,SHRI GANGANA,SGNR,SURATGARH JN,SOG,16:30,19:30,41.67
54762,180.0,3.0,125,16,SURATGARH JN,SOG,SHRI GANGANA,SGNR,07:45,10:45,41.67
54763,370.0,6.17,190,31,SADULPUR JN,SDLP,SHRI GANGANA,SGNR,11:25,17:35,30.79
54764,345.0,5.75,190,26,SHRI GANGANA,SGNR,SADULPUR JN,SDLP,05:00,10:45,33.04
54765,135.0,2.25,95,11,DHURI JN.,DUI,BATHINDA JN,BTI,03:45,06:00,42.22
54766,160.0,2.67,95,11,BATHINDA JN,BTI,DHURI JN.,DUI,19:40,22:20,35.58
54781,500.0,8.33,300,38,BATHINDA JN,BTI,REWARI JN.,RE,17:30,01:50,36.01
54782,460.0,7.67,300,42,REWARI JN.,RE,BATHINDA JN,BTI,09:10,16:50,39.11
54783,735.0,12.25,422,60,FAZILKA JN.,FKA,REWARI JN.,RE,08:35,20:50,34.45
54784,685.0,11.42,423,60,REWARI JN.,RE,FAZILKA JN.,FKA,04:40,16:05,37.04
54785,155.0,2.58,88,14,FIROZPUR CAN,FZR,FAZILKA JN.,FKA,05:35,08:10,34.11
54786,145.0,2.42,88,14,FAZILKA JN.,FKA,FIROZPUR CAN,FZR,17:20,19:45,36.36
54787,120.0,2.0,82,13,BHIWANI JN.,BNW,REWARI JN.,RE,06:40,08:40,41.0
54788,110.0,1.83,82,10,REWARI JN.,RE,BHIWANI JN.,BNW,21:45,23:35,44.81
54789,520.0,8.67,384,45,REWARI JN.,RE,BIKANER JN.,BKN,04:45,13:25,44.29
54790,525.0,8.75,384,45,BIKANER JN.,BKN,REWARI JN.,RE,14:10,22:55,43.89
54791,450.0,7.5,279,32,MATHURA JN.,MTJ,BHIWANI JN.,BNW,13:30,21:00,37.2
54792,485.0,8.08,279,34,BHIWANI JN.,BNW,MATHURA JN.,MTJ,04:35,12:40,34.53
54793,365.0,6.08,212,22,SAWAI MADHOP,SWM,MATHURA JN.,MTJ,05:05,11:10,34.87
54794,345.0,5.75,212,23,MATHURA JN.,MTJ,SAWAI MADHOP,SWM,14:00,19:45,36.87
54803,770.0,12.83,457,58,JODHPUR JN.,JU,AHMEDABAD,ADI,08:45,21:35,35.62
54804,850.0,14.17,455,58,AHMEDABAD,ADI,JODHPUR JN.,JU,06:15,20:25,32.11
54805,1400.0,23.33,618,86,AHMEDABAD,ADI,JAIPUR JN.,JP,23:30,22:50,26.49
54806,1330.0,22.17,621,81,JAIPUR JN.,JP,AHMEDABAD,ADI,05:35,03:45,28.01
54809,775.0,12.92,542,64,REWARI JN.,RE,JODHPUR JN.,JU,12:55,01:50,41.95
54810,815.0,13.58,543,64,JODHPUR JN.,JU,REWARI JN.,RE,01:10,14:45,39.99
54813,290.0,4.83,208,24,JODHPUR JN.,JU,BARMER,BME,09:00,13:50,43.06
54819,420.0,7.0,300,22,JAISALMER,JSM,JODHPUR JN.,JU,15:00,22:00,42.86
54820,450.0,7.5,300,22,JODHPUR JN.,JU,JAISALMER,JSM,07:00,14:30,40.0
54822,60.0,1.0,21,2,MAKRANA JN.,MKN,PARVATSAR CI,PBC,09:15,10:15,21.0
54825,195.0,3.25,88,12,JODHPUR JN.,JU,BILARA,BARA,18:00,21:15,27.08
54826,225.0,3.75,87,12,BILARA,BARA,JODHPUR JN.,JU,05:00,08:45,23.2
54833,580.0,9.67,367,41,JAIPUR JN.,JP,HISAR JN,HSR,18:25,04:05,37.95
54834,580.0,9.67,367,41,HISAR JN,HSR,JAIPUR JN.,JP,23:35,09:15,37.95
54835,220.0,3.67,142,21,HISAR JN,HSR,REWARI JN.,RE,06:30,10:10,38.69
54836,225.0,3.75,143,21,REWARI JN.,RE,HISAR JN,HSR,17:45,21:30,38.13
54881,130.0,2.17,118,8,BARMER,BME,MUNABAO,MBF,07:30,09:40,54.38
54882,135.0,2.25,118,8,MUNABAO,MBF,BARMER,BME,10:30,12:45,52.44
55001,335.0,5.58,164,26,GORAKHPUR JN,GKP,AYODHYA,AY,07:40,13:15,29.39
55002,310.0,5.17,164,24,AYODHYA,AY,GORAKHPUR JN,GKP,13:45,18:55,31.72
55007,645.0,10.75,290,50,PATLIPUTRA,PPTA,GORAKHPUR JN,GKP,17:45,04:30,26.98
55008,567.0,9.45,290,50,GORAKHPUR JN,GKP,PATLIPUTRA,PPTA,01:20,10:47,30.69
55009,170.0,2.83,108,17,CHHAPRA JN.,CPR,BHATNI JN.,BTT,17:45,20:35,38.16
55010,225.0,3.75,109,17,BHATNI JN.,BTT,CHHAPRA JN.,CPR,06:10,09:55,29.07
55011,225.0,3.75,118,18,SIWAN JN.,SV,GORAKHPUR JN,GKP,05:30,09:15,31.47
55012,230.0,3.83,119,18,GORAKHPUR JN,GKP,SIWAN JN.,SV,18:30,22:20,31.07
55013,490.0,8.17,200,33,CHHAPRA JN.,CPR,VARANASI CIT,BCY,13:25,21:35,24.48
55014,490.0,8.17,201,33,VARANASI CIT,BCY,CHHAPRA JN.,CPR,04:50,13:00,24.6
55017,255.0,4.25,132,23,CHHAPRA JN.,CPR,MAU JN.,MAU,17:25,21:40,31.06
55018,281.0,4.68,134,23,MAU JN.,MAU,CHHAPRA JN.,CPR,04:59,09:40,28.63
55019,345.0,5.75,178,27,CHHAPRA JN.,CPR,GORAKHPUR JN,GKP,11:20,17:05,30.96
55020,350.0,5.83,179,27,GORAKHPUR JN,GKP,CHHAPRA JN.,CPR,08:30,14:20,30.7
55021,440.0,7.33,225,40,SAMASTIPUR J,SPJ,SIWAN JN.,SV,16:00,23:20,30.7
55022,480.0,8.0,225,40,SIWAN JN.,SV,SAMASTIPUR J,SPJ,04:00,12:00,28.12
55025,280.0,4.67,152,25,GORAKHPUR JN,GKP,GONDA JN.,GD,05:20,10:00,32.55
55026,310.0,5.17,153,25,GONDA JN.,GD,GORAKHPUR JN,GKP,04:15,09:25,29.59
55027,330.0,5.5,152,25,GORAKHPUR JN,GKP,GONDA JN.,GD,18:15,23:45,27.64
55028,240.0,4.0,153,25,GONDA JN.,GD,GORAKHPUR JN,GKP,17:20,21:20,38.25
55029,290.0,4.83,150,21,NARKATIAGANJ,NKE,GORAKHPUR JN,GKP,19:15,00:05,31.06
55030,330.0,5.5,150,21,GORAKHPUR JN,GKP,NARKATIAGANJ,NKE,18:05,23:35,27.27
55031,815.0,13.58,339,58,NAKAHA JUNGL,JEA,LUCKNOW JN.,LJN,07:45,21:20,24.96
55032,710.0,11.83,332,55,DALIGANJ JN,DAL,NAKAHA JUNGL,JEA,17:25,05:15,28.06
55033,230.0,3.83,160,24,GONDA JN.,GD,SITAPUR CANT,SCC,11:20,15:10,41.78
55034,310.0,5.17,163,25,SITAPUR CITY,SPC,GONDA JN.,GD,06:15,11:25,31.53
55035,255.0,4.25,159,22,GONDA JN.,GD,SITAPUR CANT,SCC,04:50,09:05,37.41
55036,260.0,4.33,158,22,SITAPUR CANT,SCC,GONDA JN.,GD,18:10,22:30,36.49
55037,175.0,2.92,103,16,BURHWAL JN.,BUW,SITAPUR CITY,SPC,19:00,21:55,35.27
55038,140.0,2.33,97,14,SITAPUR CANT,SCC,BURHWAL JN.,BUW,15:35,17:55,41.63
55041,255.0,4.25,150,16,NARKATIAGANJ,NKE,GORAKHPUR JN,GKP,01:50,06:05,35.29
55042,335.0,5.58,189,26,GORAKHPUR JN,GKP,BETTIAH,BTH,02:40,08:15,33.87
55043,195.0,3.25,81,19,GORAKHPUR JN,GKP,NAUTANWA,NTV,18:20,21:35,24.92
55044,200.0,3.33,81,19,NAUTANWA,NTV,GORAKHPUR JN,GKP,06:15,09:35,24.32
55045,235.0,3.92,90,14,SITAPUR CANT,SCC,SHAHJAHANPUR,SPN,09:15,13:10,22.96
55046,195.0,3.25,90,13,SHAHJAHANPUR,SPN,SITAPUR CANT,SCC,14:45,18:00,27.69
55049,635.0,10.58,332,55,NAKAHA JUNGL,JEA,DALIGANJ JN,DAL,22:45,09:20,31.38
55050,765.0,12.75,340,58,LUCKNOW JN.,LJN,NAKAHA JUNGL,JEA,05:15,18:00,26.67
55051,190.0,3.17,81,19,GORAKHPUR JN,GKP,NAUTANWA,NTV,15:15,18:25,25.55
55052,185.0,3.08,81,19,NAUTANWA,NTV,GORAKHPUR JN,GKP,19:55,23:00,26.3
55055,135.0,2.25,39,6,KAPTANGANJ J,CPJ,GORAKHPUR JN,GKP,12:15,14:30,17.33
55056,60.0,1.0,38,6,GORAKHPUR JN,GKP,KAPTANGANJ J,CPJ,09:45,10:45,38.0
55071,300.0,5.0,150,21,NARKATIAGANJ,NKE,GORAKHPUR JN,GKP,15:30,20:30,30.0
55072,295.0,4.92,150,21,GORAKHPUR JN,GKP,NARKATIAGANJ,NKE,07:10,12:05,30.49
55073,300.0,5.0,150,21,NARKATIAGANJ,NKE,GORAKHPUR JN,GKP,04:30,09:30,30.0
55074,270.0,4.5,150,14,GORAKHPUR JN,GKP,NARKATIAGANJ,NKE,23:00,03:30,33.33
55075,390.0,6.5,166,28,SIWAN JN.,SV,GORAKHPUR JN,GKP,03:30,10:00,25.54
55076,365.0,6.08,166,28,GORAKHPUR JN,GKP,SIWAN JN.,SV,19:15,01:20,27.3
55077,235.0,3.92,112,22,GORAKHPUR JN,GKP,BARHNI,BNY,10:35,14:30,28.57
55078,210.0,3.5,112,22,BARHNI,BNY,GORAKHPUR JN,GKP,15:20,18:50,32.0
55079,375.0,6.25,189,28,BETTIAH,BTH,GORAKHPUR JN,GKP,08:45,15:00,30.24
55080,285.0,4.75,150,21,GORAKHPUR JN,GKP,NARKATIAGANJ,NKE,12:30,17:15,31.58
55081,370.0,6.17,150,16,NARKATIAGANJ,NKE,GORAKHPUR JN,GKP,23:00,05:10,24.31
55082,290.0,4.83,150,21,GORAKHPUR JN,GKP,NARKATIAGANJ,NKE,17:25,22:15,31.06
55101,70.0,1.17,30,7,BHATNI JN.,BTT,BARHAJ BAZAR,BHJ,05:10,06:20,25.64
55102,95.0,1.58,30,7,BARHAJ BAZAR,BHJ,BHATNI JN.,BTT,10:50,12:25,18.99
55103,80.0,1.33,30,7,BHATNI JN.,BTT,BARHAJ BAZAR,BHJ,15:30,16:50,22.56
55104,75.0,1.25,30,7,BARHAJ BAZAR,BHJ,BHATNI JN.,BTT,20:00,21:15,24.0
55105,55.0,0.92,20,5,SALEMPUR JN.,SRU,BARHAJ BAZAR,BHJ,09:00,09:55,21.74
55106,55.0,0.92,20,5,BARHAJ BAZAR,BHJ,SALEMPUR JN.,SRU,06:50,07:45,21.74
55107,50.0,0.83,28,5,SIWAN JN.,SV,THAWE JN.,THE,06:25,07:15,33.73
55108,50.0,0.83,28,5,THAWE JN.,THE,SIWAN JN.,SV,08:00,08:50,33.73
55109,60.0,1.0,28,5,SIWAN JN.,SV,THAWE JN.,THE,09:30,10:30,28.0
55110,55.0,0.92,28,5,THAWE JN.,THE,SIWAN JN.,SV,13:30,14:25,30.43
55111,50.0,0.83,28,5,SIWAN JN.,SV,THAWE JN.,THE,15:40,16:30,33.73
55112,50.0,0.83,28,5,THAWE JN.,THE,SIWAN JN.,SV,17:20,18:10,33.73
55113,55.0,0.92,28,5,SIWAN JN.,SV,THAWE JN.,THE,18:55,19:50,30.43
55114,55.0,0.92,28,5,THAWE JN.,THE,SIWAN JN.,SV,20:35,21:30,30.43
55115,250.0,4.17,108,17,CHHAPRA JN.,CPR,BHATNI JN.,BTT,07:40,11:50,25.9
55116,195.0,3.25,109,17,BHATNI JN.,BTT,CHHAPRA JN.,CPR,17:30,20:45,33.54
55119,500.0,8.33,227,34,GORAKHPUR JN,GKP,VARANASI CIT,BCY,15:10,23:30,27.25
55120,600.0,10.0,227,34,VARANASI CIT,BCY,GORAKHPUR JN,GKP,11:25,21:25,22.7
55122,330.0,5.5,164,26,MANDUADIH,MUV,BHATNI JN.,BTT,06:30,12:00,29.82
55123,325.0,5.42,156,24,BHATNI JN.,BTT,VARANASI CIT,BCY,14:05,19:30,28.78
55125,240.0,4.0,118,22,MANDUADIH,MUV,ALLAHABAD CI,ALY,06:05,10:05,29.5
55126,245.0,4.08,118,22,ALLAHABAD CI,ALY,MANDUADIH,MUV,06:35,10:40,28.92
55127,245.0,4.08,118,22,MANDUADIH,MUV,ALLAHABAD CI,ALY,12:10,16:15,28.92
55128,240.0,4.0,118,22,ALLAHABAD CI,ALY,MANDUADIH,MUV,12:20,16:20,29.5
55129,200.0,3.33,118,22,MANDUADIH,MUV,ALLAHABAD CI,ALY,17:50,21:10,35.44
55130,250.0,4.17,118,22,ALLAHABAD CI,ALY,MANDUADIH,MUV,18:00,22:10,28.3
55131,480.0,8.0,200,33,CHHAPRA JN.,CPR,VARANASI CIT,BCY,07:30,15:30,25.0
55132,445.0,7.42,201,33,VARANASI CIT,BCY,CHHAPRA JN.,CPR,12:45,20:10,27.09
55133,220.0,3.67,136,22,BALLIA,BUI,VARANASI CIT,BCY,05:45,09:25,37.06
55134,275.0,4.58,136,22,VARANASI CIT,BCY,BALLIA,BUI,16:10,20:45,29.69
55135,295.0,4.92,131,20,AZAMGARH,AMH,VARANASI CIT,BCY,05:00,09:55,26.63
55136,280.0,4.67,131,20,VARANASI CIT,BCY,AZAMGARH,AMH,18:10,22:50,28.05
55137,350.0,5.83,167,26,BALLIA,BUI,SHAHGANJ JN.,SHG,05:25,11:15,28.64
55138,285.0,4.75,168,26,SHAHGANJ JN.,SHG,BALLIA,BUI,06:10,10:55,35.37
55139,305.0,5.08,167,26,BALLIA,BUI,SHAHGANJ JN.,SHG,17:10,22:15,32.87
55140,430.0,7.17,168,26,SHAHGANJ JN.,SHG,BALLIA,BUI,15:20,22:30,23.43
55141,190.0,3.17,81,19,GORAKHPUR JN,GKP,NAUTANWA,NTV,08:00,11:10,25.55
55142,165.0,2.75,81,19,NAUTANWA,NTV,GORAKHPUR JN,GKP,11:45,14:30,29.45
55143,105.0,1.75,56,9,AUNRIHAR JN.,ARJ,JAUNPUR JN.,JNU,07:30,09:15,32.0
55144,90.0,1.5,58,9,JAUNPUR JN.,JNU,AUNRIHAR JN.,ARJ,18:30,20:00,38.67
55145,50.0,0.83,20,5,SALEMPUR JN.,SRU,BARHAJ BAZAR,BHJ,18:40,19:30,24.1
55146,55.0,0.92,20,5,BARHAJ BAZAR,BHJ,SALEMPUR JN.,SRU,17:20,18:15,21.74
55149,425.0,7.08,227,27,GORAKHPUR JN,GKP,VARANASI CIT,BCY,23:20,06:25,32.06
55150,450.0,7.5,227,28,VARANASI CIT,BCY,GORAKHPUR JN,GKP,23:55,07:25,30.27
55159,105.0,1.75,56,9,AUNRIHAR JN.,ARJ,JAUNPUR JN.,JNU,15:25,17:10,32.0
55160,90.0,1.5,58,9,JAUNPUR JN.,JNU,AUNRIHAR JN.,ARJ,09:45,11:15,38.67
55163,355.0,5.92,157,24,SHAHGANJ JN.,SHG,AUNRIHAR JN.,ARJ,23:45,05:40,26.52
55164,355.0,5.92,157,24,AUNRIHAR JN.,ARJ,SHAHGANJ JN.,SHG,22:50,04:45,26.52
55165,70.0,1.17,43,8,CHHAPRA JN.,CPR,DURAUNDHA JN,DDA,05:45,06:55,36.75
55166,100.0,1.67,43,8,DURAUNDHA JN,DDA,CHHAPRA JN.,CPR,20:20,22:00,25.75
55167,25.0,0.42,17,3,DURAUNDHA JN,DDA,SIWAN JN.,SV,09:40,10:05,40.48
55168,25.0,0.42,17,3,SIWAN JN.,SV,DURAUNDHA JN,DDA,10:40,11:05,40.48
55169,30.0,0.5,17,3,DURAUNDHA JN,DDA,SIWAN JN.,SV,16:55,17:25,34.0
55170,20.0,0.33,17,3,SIWAN JN.,SV,DURAUNDHA JN,DDA,18:15,18:35,51.52
55171,25.0,0.42,6,2,DURAUNDHA JN,DDA,MAHARAJGANJ,MGZ,07:35,08:00,14.29
55172,25.0,0.42,6,2,MAHARAJGANJ,MGZ,DURAUNDHA JN,DDA,08:30,08:55,14.29
55173,25.0,0.42,6,2,DURAUNDHA JN,DDA,MAHARAJGANJ,MGZ,11:25,11:50,14.29
55174,25.0,0.42,6,2,MAHARAJGANJ,MGZ,DURAUNDHA JN,DDA,12:20,12:45,14.29
55175,25.0,0.42,6,2,DURAUNDHA JN,DDA,MAHARAJGANJ,MGZ,13:15,13:40,14.29
55176,25.0,0.42,6,2,MAHARAJGANJ,MGZ,DURAUNDHA JN,DDA,14:10,14:35,14.29
55177,25.0,0.42,6,2,DURAUNDHA JN,DDA,MAHARAJGANJ,MGZ,15:05,15:30,14.29
55178,25.0,0.42,6,2,MAHARAJGANJ,MGZ,DURAUNDHA JN,DDA,16:00,16:25,14.29
55179,20.0,0.33,6,2,DURAUNDHA JN,DDA,MAHARAJGANJ,MGZ,18:45,19:05,18.18
55180,25.0,0.42,6,2,MAHARAJGANJ,MGZ,DURAUNDHA JN,DDA,19:30,19:55,14.29
55181,215.0,3.58,106,27,THAWE JN.,THE,CHHAPRA KACH,CI,09:15,12:50,29.61
55182,215.0,3.58,106,27,CHHAPRA KACH,CI,THAWE JN.,THE,05:00,08:35,29.61
55183,220.0,3.67,106,27,THAWE JN.,THE,CHHAPRA KACH,CI,18:30,22:10,28.88
55184,220.0,3.67,106,27,CHHAPRA KACH,CI,THAWE JN.,THE,14:10,17:50,28.88
55207,257.0,4.28,159,19,MUZAFFARPUR,MFP,NARKATIAGANJ,NKE,02:10,06:27,37.15
55208,305.0,5.08,159,24,NARKATIAGANJ,NKE,MUZAFFARPUR,MFP,20:00,01:05,31.3
55209,360.0,6.0,159,18,MUZAFFARPUR,MFP,NARKATIAGANJ,NKE,15:30,21:30,26.5
55211,280.0,4.67,129,22,MUZAFFARPUR,MFP,RAXAUL JN.,RXL,08:35,13:15,27.62
55212,285.0,4.75,129,15,RAXAUL JN.,RXL,MUZAFFARPUR,MFP,14:15,19:00,27.16
55213,370.0,6.17,159,19,MUZAFFARPUR,MFP,NARKATIAGANJ,NKE,12:50,19:00,25.77
55214,315.0,5.25,159,19,NARKATIAGANJ,NKE,MUZAFFARPUR,MFP,22:45,04:00,30.29
55215,155.0,2.58,74,15,MUZAFFARPUR,MFP,PATLIPUTRA,PPTA,07:55,10:30,28.68
55216,190.0,3.17,74,15,PATLIPUTRA,PPTA,MUZAFFARPUR,MFP,18:20,21:30,23.34
55217,160.0,2.67,74,14,MUZAFFARPUR,MFP,PATLIPUTRA,PPTA,15:00,17:40,27.72
55218,190.0,3.17,74,14,PATLIPUTRA,PPTA,MUZAFFARPUR,MFP,11:15,14:25,23.34
55220,365.0,6.08,159,19,NARKATIAGANJ,NKE,MUZAFFARPUR,MFP,08:25,14:30,26.15
55221,280.0,4.67,179,24,KATIHAR JN.,KIR,BARAUNI JN.,BJU,17:35,22:15,38.33
55222,345.0,5.75,179,25,BARAUNI JN.,BJU,KATIHAR JN.,KIR,03:25,09:10,31.13
55223,582.0,9.7,267,41,KATIHAR JN.,KIR,DARBHANGA JN,DBG,12:15,21:57,27.53
55224,627.0,10.45,267,41,DARBHANGA JN,DBG,KATIHAR JN.,KIR,03:15,13:42,25.55
55225,255.0,4.25,129,21,MUZAFFARPUR,MFP,RAXAUL JN.,RXL,18:30,22:45,30.35
55226,290.0,4.83,129,20,RAXAUL JN.,RXL,MUZAFFARPUR,MFP,05:55,10:45,26.71
55227,78.0,1.3,51,10,SAMASTIPUR J,SPJ,MUZAFFARPUR,MFP,06:32,07:50,39.23
55228,100.0,1.67,51,9,MUZAFFARPUR,MFP,SAMASTIPUR J,SPJ,21:35,23:15,30.54
55229,235.0,3.92,108,22,BARAUNI JN.,BJU,PATLIPUTRA,PPTA,06:15,10:10,27.55
55230,270.0,4.5,108,22,PATLIPUTRA,PPTA,BARAUNI JN.,BJU,17:05,21:35,24.0
55231,90.0,1.5,12,4,PATLIPUTRA,PPTA,PATNA JN.,PNBE,11:30,13:00,8.0
55232,60.0,1.0,12,4,PATNA JN.,PNBE,PATLIPUTRA,PPTA,15:50,16:50,12.0
55237,110.0,1.83,50,9,BARAUNI JN.,BJU,SAMASTIPUR J,SPJ,06:50,08:40,27.32
55238,90.0,1.5,50,9,SAMASTIPUR J,SPJ,BARAUNI JN.,BJU,20:30,22:00,33.33
55239,130.0,2.17,51,9,SAMASTIPUR J,SPJ,MUZAFFARPUR,MFP,14:15,16:25,23.5
55240,120.0,2.0,51,10,MUZAFFARPUR,MFP,SAMASTIPUR J,SPJ,17:55,19:55,25.5
55301,245.0,4.08,116,13,MORADABAD JN,MB,KATHGODAM,KGM,14:15,18:20,28.43
55302,315.0,5.25,116,13,KATHGODAM,KGM,MORADABAD JN,MB,07:20,12:35,22.1
55303,335.0,5.58,125,14,MORADABAD JN,MB,KATHGODAM,KGM,06:30,12:05,22.4
55304,340.0,5.67,125,13,KATHGODAM,KGM,MORADABAD JN,MB,16:35,22:15,22.05
55305,120.0,2.0,76,7,MORADABAD JN,MB,RAMNAGAR,RMR,04:30,06:30,38.0
55306,150.0,2.5,85,12,RAMNAGAR,RMR,MORADABAD JN,MB,07:20,09:50,34.0
55307,135.0,2.25,76,8,MORADABAD JN,MB,RAMNAGAR,RMR,10:25,12:40,33.78
55308,140.0,2.33,85,12,RAMNAGAR,RMR,MORADABAD JN,MB,11:15,13:35,36.48
55309,150.0,2.5,85,12,MORADABAD JN,MB,RAMNAGAR,RMR,17:30,20:00,34.0
55310,130.0,2.17,76,8,RAMNAGAR,RMR,MORADABAD JN,MB,13:55,16:05,35.02
55311,95.0,1.58,58,9,MORADABAD JN,MB,KASHIPUR JN,KPV,13:40,15:15,36.71
55312,100.0,1.67,58,9,KASHIPUR JN,KPV,MORADABAD JN,MB,17:50,19:30,34.73
55313,35.0,0.58,27,4,KASHIPUR JN,KPV,RAMNAGAR,RMR,15:35,16:10,46.55
55314,35.0,0.58,27,4,RAMNAGAR,RMR,KASHIPUR JN,KPV,17:00,17:35,46.55
55315,80.0,1.33,54,7,LALKUA JN.,LKU,KASHIPUR JN,KPV,08:45,10:05,40.6
55316,80.0,1.33,54,7,KASHIPUR JN,KPV,LALKUA JN.,LKU,05:45,07:05,40.6
55317,80.0,1.33,54,7,LALKUA JN.,LKU,KASHIPUR JN,KPV,14:00,15:20,40.6
55318,75.0,1.25,54,7,KASHIPUR JN,KPV,LALKUA JN.,LKU,12:05,13:20,43.2
55319,75.0,1.25,54,6,LALKUA JN.,LKU,KASHIPUR JN,KPV,20:45,22:00,43.2
55320,90.0,1.5,54,6,KASHIPUR JN,KPV,LALKUA JN.,LKU,18:20,19:50,36.0
55321,135.0,2.25,85,12,MORADABAD JN,MB,RAMNAGAR,RMR,07:20,09:35,37.78
55322,145.0,2.42,76,7,RAMNAGAR,RMR,MORADABAD JN,MB,20:55,23:20,31.4
55323,135.0,2.25,76,6,MORADABAD JN,MB,RAMNAGAR,RMR,20:45,23:00,33.78
55324,120.0,2.0,76,6,RAMNAGAR,RMR,MORADABAD JN,MB,03:45,05:45,38.0
55325,615.0,10.25,319,55,LUCKNOW JN.,LJN,KASGANJ JN.,KSJ,04:30,14:45,31.12
55326,595.0,9.92,320,55,KASGANJ JN.,KSJ,LUCKNOW JN.,LJN,15:05,01:00,32.26
55327,235.0,3.92,138,27,KANPUR CENTR,CNB,FARRUKHABAD,FBD,19:00,22:55,35.2
55328,245.0,4.08,139,27,FARRUKHABAD,FBD,KANPUR CENTR,CNB,05:25,09:30,34.07
55329,455.0,7.58,213,33,SHIKOHABAD J,SKB,KASGANJ JN.,KSJ,16:00,23:35,28.1
55330,350.0,5.83,214,33,KASGANJ JN.,KSJ,SHIKOHABAD J,SKB,05:00,10:50,36.71
55331,155.0,2.58,107,17,FARRUKHABAD,FBD,KASGANJ JN.,KSJ,05:00,07:35,41.47
55332,170.0,2.83,107,17,KASGANJ JN.,KSJ,FARRUKHABAD,FBD,17:35,20:25,37.81
55333,285.0,4.75,166,22,KASGANJ JN.,KSJ,AGRA  FORT,AF,07:45,12:30,34.95
55334,305.0,5.08,166,22,AGRA  FORT,AF,KASGANJ JN.,KSJ,15:35,20:40,32.68
55335,135.0,2.25,81,10,BAREILLY CIT,BC,LALKUA JN.,LKU,06:20,08:35,36.0
55336,135.0,2.25,81,10,LALKUA JN.,LKU,BAREILLY CIT,BC,20:30,22:45,36.0
55337,240.0,4.0,139,18,KASGANJ JN.,KSJ,ACHHNERA JN.,AH,05:10,09:10,34.75
55338,240.0,4.0,139,18,ACHHNERA JN.,AH,KASGANJ JN.,KSJ,10:40,14:40,34.75
55339,155.0,2.58,105,14,KASGANJ JN.,KSJ,MATHURA JN.,MTJ,12:10,14:45,40.7
55340,145.0,2.42,105,7,MATHURA JN.,MTJ,KASGANJ JN.,KSJ,21:05,23:30,43.39
55341,325.0,5.42,167,22,KASGANJ JN.,KSJ,BHARATPUR JN,BTE,17:35,23:00,30.81
55342,335.0,5.58,167,22,BHARATPUR JN,BTE,KASGANJ JN.,KSJ,05:35,11:10,29.93
55343,210.0,3.5,141,19,KASGANJ JN.,KSJ,BAREILLY CIT,BC,06:00,09:30,40.29
55344,210.0,3.5,141,19,BAREILLY CIT,BC,KASGANJ JN.,KSJ,07:30,11:00,40.29
55345,210.0,3.5,141,19,KASGANJ JN.,KSJ,BAREILLY CIT,BC,09:35,13:05,40.29
55346,220.0,3.67,141,19,BAREILLY CIT,BC,KASGANJ JN.,KSJ,10:00,13:40,38.42
55347,150.0,2.5,81,10,BAREILLY CIT,BC,LALKUA JN.,LKU,10:30,13:00,32.4
55348,135.0,2.25,81,10,LALKUA JN.,LKU,BAREILLY CIT,BC,07:30,09:45,36.0
55349,150.0,2.5,81,10,BAREILLY CIT,BC,LALKUA JN.,LKU,17:25,19:55,32.4
55350,145.0,2.42,81,10,LALKUA JN.,LKU,BAREILLY CIT,BC,13:50,16:15,33.47
55351,145.0,2.42,81,10,BAREILLY CIT,BC,LALKUA JN.,LKU,14:05,16:30,33.47
55352,150.0,2.5,81,10,LALKUA JN.,LKU,BAREILLY CIT,BC,10:15,12:45,32.4
55353,135.0,2.25,105,7,KASGANJ JN.,KSJ,MATHURA JN.,MTJ,21:15,23:30,46.67
55354,150.0,2.5,105,14,MATHURA JN.,MTJ,KASGANJ JN.,KSJ,06:00,08:30,42.0
55355,215.0,3.58,141,19,KASGANJ JN.,KSJ,BAREILLY CIT,BC,12:55,16:30,39.39
55356,200.0,3.33,141,19,BAREILLY CIT,BC,KASGANJ JN.,KSJ,13:30,16:50,42.34
55357,200.0,3.33,141,19,KASGANJ JN.,KSJ,BAREILLY CIT,BC,17:10,20:30,42.34
55358,225.0,3.75,141,19,BAREILLY CIT,BC,KASGANJ JN.,KSJ,17:10,20:55,37.6
55359,165.0,2.75,119,8,KASGANJ JN.,KSJ,BAREILLY CIT,BC,21:45,00:30,43.27
55360,180.0,3.0,119,8,BAREILLY CIT,BC,KASGANJ JN.,KSJ,20:45,23:45,39.67
55361,120.0,2.0,55,9,BAREILLY CIT,BC,PILIBHIT JN.,PBE,07:10,09:10,27.5
55362,115.0,1.92,55,9,PILIBHIT JN.,PBE,BAREILLY CIT,BC,07:20,09:15,28.65
55363,120.0,2.0,55,9,BAREILLY CIT,BC,PILIBHIT JN.,PBE,11:05,13:05,27.5
55364,115.0,1.92,55,9,PILIBHIT JN.,PBE,BAREILLY CIT,BC,10:00,11:55,28.65
55365,120.0,2.0,55,9,BAREILLY CIT,BC,PILIBHIT JN.,PBE,14:45,16:45,27.5
55366,115.0,1.92,55,9,PILIBHIT JN.,PBE,BAREILLY CIT,BC,13:45,15:40,28.65
55367,120.0,2.0,55,9,BAREILLY CIT,BC,PILIBHIT JN.,PBE,18:00,20:00,27.5
55368,120.0,2.0,55,9,PILIBHIT JN.,PBE,BAREILLY CIT,BC,18:15,20:15,27.5
55369,100.0,1.67,55,7,BAREILLY CIT,BC,PILIBHIT JN.,PBE,21:30,23:10,32.93
55370,110.0,1.83,55,7,PILIBHIT JN.,PBE,BAREILLY CIT,BC,21:35,23:25,30.05
55371,45.0,0.75,25,3,PILIBHIT JN.,PBE,MAJHOLA PAKA,MJZ,07:15,08:00,33.33
55372,45.0,0.75,25,3,MAJHOLA PAKA,MJZ,PILIBHIT JN.,PBE,08:30,09:15,33.33
55373,45.0,0.75,25,3,PILIBHIT JN.,PBE,MAJHOLA PAKA,MJZ,10:30,11:15,33.33
55374,45.0,0.75,25,3,MAJHOLA PAKA,MJZ,PILIBHIT JN.,PBE,12:40,13:25,33.33
55375,45.0,0.75,25,3,PILIBHIT JN.,PBE,MAJHOLA PAKA,MJZ,17:15,18:00,33.33
55376,45.0,0.75,25,3,MAJHOLA PAKA,MJZ,PILIBHIT JN.,PBE,18:45,19:30,33.33
55421,175.0,2.92,106,14,MALDA TOWN,MLDT,BALURGHAT,BLGT,07:15,10:10,36.3
55422,185.0,3.08,106,14,BALURGHAT,BLGT,MALDA TOWN,MLDT,17:15,20:20,34.42
55465,155.0,2.58,72,14,ALIPUR DUAR,APDJ,BAMANHAT,BXT,06:15,08:50,27.91
55466,165.0,2.75,72,14,BAMANHAT,BXT,ALIPUR DUAR,APDJ,16:00,18:45,26.18
55467,495.0,8.25,233,34,SILIGURI JN.,SGUJ,BAMANHAT,BXT,07:15,15:30,28.24
55468,530.0,8.83,233,34,BAMANHAT,BXT,SILIGURI JN.,SGUJ,09:20,18:10,26.39
55513,240.0,4.0,105,16,SAMASTIPUR J,SPJ,JAYNAGAR,JYG,18:15,22:15,26.25
55514,240.0,4.0,105,23,JAYNAGAR,JYG,SAMASTIPUR J,SPJ,07:35,11:35,26.25
55517,210.0,3.5,68,9,DARBHANGA JN,DBG,JAYNAGAR,JYG,17:30,21:00,19.43
55518,180.0,3.0,68,9,JAYNAGAR,JYG,DARBHANGA JN,DBG,12:55,15:55,22.67
55519,235.0,3.92,105,16,SAMASTIPUR J,SPJ,JAYNAGAR,JYG,06:05,10:00,26.79
55520,225.0,3.75,105,16,JAYNAGAR,JYG,SAMASTIPUR J,SPJ,17:15,21:00,28.0
55525,100.0,1.67,50,10,BARAUNI JN.,BJU,SAMASTIPUR J,SPJ,07:55,09:35,29.94
55526,120.0,2.0,50,10,SAMASTIPUR J,SPJ,BARAUNI JN.,BJU,18:35,20:35,25.0
55527,660.0,11.0,266,37,JAYNAGAR,JYG,PATNA JN.,PNBE,03:15,14:15,24.18
55528,620.0,10.33,266,37,PATNA JN.,PNBE,JAYNAGAR,JYG,15:30,01:50,25.75
55533,285.0,4.75,138,23,SAHARSA JN.,SHC,SAMASTIPUR J,SPJ,07:30,12:15,29.05
55534,285.0,4.75,139,23,SAMASTIPUR J,SPJ,SAHARSA JN.,SHC,22:00,02:45,29.26
55537,450.0,7.5,230,34,KATIHAR JN.,KIR,SAMASTIPUR J,SPJ,08:30,16:00,30.67
55538,450.0,7.5,230,35,SAMASTIPUR J,SPJ,KATIHAR JN.,KIR,12:45,20:15,30.67
55539,685.0,11.42,267,44,KATIHAR JN.,KIR,HAJIPUR JN.,HJP,04:00,15:25,23.38
55540,595.0,9.92,267,43,HAJIPUR JN.,HJP,KATIHAR JN.,KIR,14:10,00:05,26.92
55541,385.0,6.42,159,28,HAJIPUR JN.,HJP,BATHUA BAZAR,BHBR,15:35,22:00,24.77
55542,458.0,7.63,159,28,BATHUA BAZAR,BHBR,HAJIPUR JN.,HJP,06:15,13:53,20.84
55549,300.0,5.0,87,17,BARAUNI JN.,BJU,HAJIPUR JN.,HJP,22:30,03:30,17.4
55550,185.0,3.08,87,18,HAJIPUR JN.,HJP,BARAUNI JN.,BJU,04:15,07:20,28.25
55553,320.0,5.33,138,23,SAHARSA JN.,SHC,SAMASTIPUR J,SPJ,21:55,03:15,25.89
55554,265.0,4.42,139,23,SAMASTIPUR J,SPJ,SAHARSA JN.,SHC,13:35,18:00,31.45
55555,245.0,4.08,139,20,SAHARSA JN.,SHC,SAMASTIPUR J,SPJ,05:30,09:35,34.07
55556,345.0,5.75,139,23,SAMASTIPUR J,SPJ,SAHARSA JN.,SHC,15:30,21:15,24.17
55559,330.0,5.5,139,19,SAHARSA JN.,SHC,SAMASTIPUR J,SPJ,13:45,19:15,25.27
55560,280.0,4.67,139,23,SAMASTIPUR J,SPJ,SAHARSA JN.,SHC,08:30,13:10,29.76
55563,225.0,3.75,100,13,PURNEA JN.,PRNA,SAHARSA JN.,SHC,06:00,09:45,26.67
55564,210.0,3.5,100,13,SAHARSA JN.,SHC,PURNEA JN.,PRNA,01:15,04:45,28.57
55565,285.0,4.75,139,19,SAHARSA JN.,SHC,SAMASTIPUR J,SPJ,18:15,23:00,29.26
55566,305.0,5.08,139,19,SAMASTIPUR J,SPJ,SAHARSA JN.,SHC,04:30,09:35,27.36
55567,335.0,5.58,139,19,SAHARSA JN.,SHC,SAMASTIPUR J,SPJ,10:25,16:00,24.91
55568,330.0,5.5,139,19,SAMASTIPUR J,SPJ,SAHARSA JN.,SHC,18:15,23:45,25.27
55569,45.0,0.75,21,3,DAURAM MADHE,DMH,SAHARSA JN.,SHC,11:05,11:50,28.0
55570,40.0,0.67,21,3,SAHARSA JN.,SHC,DAURAM MADHE,DMH,10:00,10:40,31.34
55571,235.0,3.92,100,13,PURNEA JN.,PRNA,SAHARSA JN.,SHC,10:15,14:10,25.51
55572,225.0,3.75,100,13,SAHARSA JN.,SHC,PURNEA JN.,PRNA,05:45,09:30,26.67
55575,150.0,2.5,54,5,DARBHANGA JN,DBG,BIRAUL,BIRL,08:15,10:45,21.6
55576,180.0,3.0,54,5,BIRAUL,BIRL,DARBHANGA JN,DBG,18:45,21:45,18.0
55577,140.0,2.33,54,5,DARBHANGA JN,DBG,BIRAUL,BIRL,16:00,18:20,23.18
55578,165.0,2.75,54,5,BIRAUL,BIRL,DARBHANGA JN,DBG,12:00,14:45,19.64
55583,200.0,3.33,100,13,PURNEA JN.,PRNA,SAHARSA JN.,SHC,19:15,22:35,30.03
55584,195.0,3.25,100,13,SAHARSA JN.,SHC,PURNEA JN.,PRNA,14:45,18:00,30.77
55601,355.0,5.92,181,26,GUWAHATI,GHY,LUMDING JN.,LMG,06:20,12:15,30.57
55602,405.0,6.75,180,26,LUMDING JN.,LMG,GUWAHATI,GHY,14:25,21:10,26.67
55603,300.0,5.0,160,29,GUWAHATI,GHY,MAIRABARI,MBO,18:10,23:10,32.0
55604,300.0,5.0,160,29,MAIRABARI,MBO,GUWAHATI,GHY,04:35,09:35,32.0
55615,845.0,14.08,380,33,GUWAHATI,GHY,SILCHAR,SCL,23:55,14:00,26.99
55616,795.0,13.25,379,33,SILCHAR,SCL,GUWAHATI,GHY,07:00,20:15,28.6
55661,170.0,2.83,60,12,MAISHASHAN,MSSN,SILCHAR,SCL,18:45,21:35,21.2
55662,145.0,2.42,60,12,SILCHAR,SCL,MAISHASHAN,MSSN,06:00,08:25,24.79
55663,555.0,9.25,256,35,AGARTALA,AGTL,SILCHAR,SCL,10:45,20:00,27.68
55664,510.0,8.5,255,35,SILCHAR,SCL,AGARTALA,AGTL,08:30,17:00,30.0
55665,150.0,2.5,67,10,SILCHAR,SCL,VANGAICHUNGP,VNGP,11:00,13:30,26.8
55666,140.0,2.33,56,9,JIRIBAM,JRBM,SILCHAR,SCL,13:55,16:15,24.03
55667,245.0,4.08,103,14,SILCHAR,SCL,BHAIRABI,BHRB,16:45,20:50,25.25
55668,230.0,3.83,103,14,BHAIRABI,BHRB,SILCHAR,SCL,05:30,09:20,26.89
55675,240.0,4.0,140,14,AGARTALA,AGTL,DHARMANAGAR,DMR,17:45,21:45,35.0
55676,240.0,4.0,140,14,DHARMANAGAR,DMR,AGARTALA,AGTL,05:45,09:45,35.0
55677,315.0,5.25,115,22,SILCHAR,SCL,DHARMANAGAR,DMR,17:30,22:45,21.9
55678,290.0,4.83,115,22,DHARMANAGAR,DMR,SILCHAR,SCL,05:30,10:20,23.81
55679,225.0,3.75,140,14,AGARTALA,AGTL,DHARMANAGAR,DMR,06:15,10:00,37.33
55680,255.0,4.25,140,14,DHARMANAGAR,DMR,AGARTALA,AGTL,15:45,20:00,32.94
55681,75.0,1.25,42,5,UDAIPUR,UDPU,AGARTALA,AGTL,08:45,10:00,33.6
55682,70.0,1.17,42,5,AGARTALA,AGTL,UDAIPUR,UDPU,06:30,07:40,35.9
55683,75.0,1.25,42,5,UDAIPUR,UDPU,AGARTALA,AGTL,20:00,21:15,33.6
55684,65.0,1.08,42,5,AGARTALA,AGTL,UDAIPUR,UDPU,17:45,18:50,38.89
55685,175.0,2.92,60,12,MAISHASHAN,MSSN,SILCHAR,SCL,09:00,11:55,20.55
55686,160.0,2.67,60,12,SILCHAR,SCL,MAISHASHAN,MSSN,15:25,18:05,22.47
55687,280.0,4.67,101,10,DULLABCHERRA,DLCR,SILCHAR,SCL,17:25,22:05,21.63
55688,225.0,3.75,101,10,SILCHAR,SCL,DULLABCHERRA,DLCR,05:00,08:45,26.93
55689,225.0,3.75,71,15,DULLABCHERRA,DLCR,BADARPUR JN.,BPB,09:10,12:55,18.93
55690,180.0,3.0,71,15,BADARPUR JN.,BPB,DULLABCHERRA,DLCR,13:45,16:45,23.67
55701,225.0,3.75,90,20,MALDA TOWN,MLDT,KATIHAR JN.,KIR,07:00,10:45,24.0
55702,180.0,3.0,90,20,KATIHAR JN.,KIR,MALDA TOWN,MLDT,14:30,17:30,30.0
55703,194.0,3.23,90,20,MALDA COURT,MLFC,KATIHAR JN.,KIR,14:00,17:14,27.86
55704,200.0,3.33,90,20,KATIHAR JN.,KIR,MALDA COURT,MLFC,08:15,11:35,27.03
55707,225.0,3.75,109,24,RADHIKAPUR,RDP,KATIHAR JN.,KIR,05:00,08:45,29.07
55708,225.0,3.75,109,24,KATIHAR JN.,KIR,RADHIKAPUR,RDP,18:35,22:20,29.07
55709,70.0,1.17,24,4,SINGHABAD,SQB,OLD MALDA,OMLF,08:30,09:40,20.51
55710,65.0,1.08,24,4,OLD MALDA,OMLF,SINGHABAD,SQB,06:15,07:20,22.22
55711,450.0,7.5,232,41,MALDA TOWN,MLDT,NEW JALPAIGU,NJP,15:30,23:00,30.93
55712,480.0,8.0,232,41,NEW JALPAIGU,NJP,MALDA TOWN,MLDT,06:00,14:00,29.0
55713,900.0,15.0,363,45,NEW JALPAIGU,NJP,RANGIYA JN.,RNY,07:20,22:20,24.2
55714,745.0,12.42,363,45,RANGIYA JN.,RNY,NEW JALPAIGU,NJP,03:35,16:00,29.23
55719,130.0,2.17,49,8,DEKARGAON,DKGN,BHALUKPONG,BHNG,11:00,13:10,22.58
55720,130.0,2.17,49,8,BHALUKPONG,BHNG,DEKARGAON,DKGN,13:50,16:00,22.58
55721,270.0,4.5,95,18,RANGIYA JN.,RNY,DEKARGAON,DKGN,06:00,10:30,21.11
55722,270.0,4.5,94,18,DEKARGAON,DKGN,RANGIYA JN.,RNY,16:45,21:15,20.89
55725,335.0,5.58,168,23,NEW JALPAIGU,NJP,ALIPUR DUAR,APDJ,17:40,23:15,30.11
55726,305.0,5.08,168,23,ALIPUR DUAR,APDJ,NEW JALPAIGU,NJP,05:00,10:05,33.07
55727,180.0,3.0,93,20,KATIHAR JN.,KIR,RADHIKAPUR,RDP,06:15,09:15,31.0
55728,175.0,2.92,94,20,RADHIKAPUR,RDP,KATIHAR JN.,KIR,10:15,13:10,32.19
55729,180.0,3.0,93,20,KATIHAR JN.,KIR,RADHIKAPUR,RDP,14:00,17:00,31.0
55730,200.0,3.33,94,20,RADHIKAPUR,RDP,KATIHAR JN.,KIR,18:30,21:50,28.23
55733,170.0,2.83,108,15,KATIHAR JN.,KIR,JOGBANI,JBN,03:00,05:50,38.16
55734,185.0,3.08,108,19,JOGBANI,JBN,KATIHAR JN.,KIR,06:30,09:35,35.06
55735,175.0,2.92,107,19,KATIHAR JN.,KIR,JOGBANI,JBN,07:00,09:55,36.64
55736,180.0,3.0,108,19,JOGBANI,JBN,KATIHAR JN.,KIR,10:35,13:35,36.0
55740,180.0,3.0,108,19,JOGBANI,JBN,KATIHAR JN.,KIR,15:20,18:20,36.0
55741,165.0,2.75,108,15,KATIHAR JN.,KIR,JOGBANI,JBN,14:30,17:15,39.27
55742,180.0,3.0,108,15,JOGBANI,JBN,KATIHAR JN.,KIR,18:00,21:00,36.0
55743,180.0,3.0,107,19,KATIHAR JN.,KIR,JOGBANI,JBN,17:45,20:45,35.67
55744,175.0,2.92,108,15,JOGBANI,JBN,KATIHAR JN.,KIR,04:30,07:25,36.99
55749,105.0,1.75,56,10,NEW JALPAIGU,NJP,HALDIBARI,HDB,09:00,10:45,32.0
55750,110.0,1.83,56,10,HALDIBARI,HDB,NEW JALPAIGU,NJP,11:55,13:45,30.6
55751,100.0,1.67,56,10,NEW JALPAIGU,NJP,HALDIBARI,HDB,14:45,16:25,33.53
55752,95.0,1.58,56,10,HALDIBARI,HDB,NEW JALPAIGU,NJP,17:10,18:45,35.44
55753,520.0,8.67,268,34,ALIPUR DUAR,APDJ,GUWAHATI,GHY,02:45,11:25,30.91
55754,470.0,7.83,268,34,GUWAHATI,GHY,ALIPUR DUAR,APDJ,14:20,22:10,34.23
55755,185.0,3.08,107,19,KATIHAR JN.,KIR,JOGBANI,JBN,09:00,12:05,34.74
55756,185.0,3.08,108,19,JOGBANI,JBN,KATIHAR JN.,KIR,03:00,06:05,35.06
55763,180.0,3.0,107,19,KATIHAR JN.,KIR,JOGBANI,JBN,20:30,23:30,35.67
55764,180.0,3.0,108,15,JOGBANI,JBN,KATIHAR JN.,KIR,12:45,15:45,36.0
55769,225.0,3.75,90,20,MALDA COURT,MLFC,KATIHAR JN.,KIR,16:45,20:30,24.0
55770,200.0,3.33,90,20,KATIHAR JN.,KIR,MALDA COURT,MLFC,06:05,09:25,27.03
55771,105.0,1.75,61,9,MALDA COURT,MLFC,BUNIYADPUR,BNDP,10:30,12:15,34.86
55772,105.0,1.75,60,9,BUNIYADPUR,BNDP,MALDA COURT,MLFC,14:15,16:00,34.29
55801,265.0,4.42,156,22,NEW BONGAIGA,NBQ,GUWAHATI,GHY,04:50,09:15,35.29
55802,270.0,4.5,156,22,GUWAHATI,GHY,NEW BONGAIGA,NBQ,17:30,22:00,34.67
55803,275.0,4.58,208,19,NEW BONGAIGA,NBQ,GUWAHATI,GHY,17:05,21:40,45.41
55804,280.0,4.67,208,19,GUWAHATI,GHY,NEW BONGAIGA,NBQ,07:20,12:00,44.54
55809,280.0,4.67,156,22,NEW BONGAIGA,NBQ,GUWAHATI,GHY,16:40,21:20,33.4
55810,305.0,5.08,156,22,GUWAHATI,GHY,NEW BONGAIGA,NBQ,05:00,10:05,30.71
55811,490.0,8.17,309,21,DHUBRI,DBB,KAMAKHYA JN,KYQ,07:00,15:10,37.82
55812,500.0,8.33,309,21,KAMAKHYA JN,KYQ,DHUBRI,DBB,22:00,06:20,37.09
55813,580.0,9.67,343,42,DEKARGAON,DKGN,MURKEONG SEL,MZS,04:05,13:45,35.47
55814,580.0,9.67,343,42,MURKEONG SEL,MZS,DEKARGAON,DKGN,14:45,00:25,35.47
55817,345.0,5.75,156,17,NEW BONGAIGA,NBQ,GUWAHATI,GHY,14:30,20:15,27.13
55818,295.0,4.92,156,17,GUWAHATI,GHY,NEW BONGAIGA,NBQ,08:30,13:25,31.71
55819,280.0,4.67,126,14,MENDIPATHAR,MNDP,GUWAHATI,GHY,07:00,11:40,26.98
55820,230.0,3.83,126,14,GUWAHATI,GHY,MENDIPATHAR,MNDP,16:20,20:10,32.9
55823,40.0,0.67,6,4,RANGAPARA NO,RPAN,DEKARGAON,DKGN,06:00,06:40,8.96
55824,40.0,0.67,6,4,DEKARGAON,DKGN,RANGAPARA NO,RPAN,22:00,22:40,8.96
55861,250.0,4.17,95,18,RANGIYA JN.,RNY,DEKARGAON,DKGN,12:30,16:40,22.78
55862,270.0,4.5,94,18,DEKARGAON,DKGN,RANGIYA JN.,RNY,07:15,11:45,20.89
55893,185.0,3.08,89,15,RANGIYA JN.,RNY,RANGAPARA NO,RPAN,18:20,21:25,28.9
55894,165.0,2.75,88,15,RANGAPARA NO,RPAN,RANGIYA JN.,RNY,05:00,07:45,32.0
55895,725.0,12.08,426,53,RANGIYA JN.,RNY,MURKEONG SEL,MZS,08:15,20:20,35.26
55896,705.0,11.75,425,53,MURKEONG SEL,MZS,RANGIYA JN.,RNY,06:00,17:45,36.17
55901,810.0,13.5,336,49,LUMDING JN.,LMG,TINSUKIA JN.,TSK,06:30,20:00,24.89
55902,820.0,13.67,335,49,TINSUKIA JN.,TSK,LUMDING JN.,LMG,07:50,21:30,24.51
55903,360.0,6.0,155,23,DIMAPUR,DMV,MARIANI JN.,MXN,14:40,20:40,25.83
55904,360.0,6.0,155,23,MARIANI JN.,MXN,DIMAPUR,DMV,06:30,12:30,25.83
55909,160.0,2.67,102,13,SIMALUGURI J,SLGR,DIBRUGARH TO,DBRT,06:35,09:15,38.2
55910,160.0,2.67,102,13,DIBRUGARH TO,DBRT,SIMALUGURI J,SLGR,16:30,19:10,38.2
55913,385.0,6.42,176,27,JORHAT TOWN,JTTN,TINSUKIA JN.,TSK,05:30,11:55,27.41
55914,365.0,6.08,176,27,TINSUKIA JN.,TSK,JORHAT TOWN,JTTN,14:40,20:45,28.95
56001,90.0,1.5,68,6,CHENNAI CENT,MAS,ARAKKONAM JN,AJJ,13:10,14:40,45.33
56002,95.0,1.58,68,5,ARAKKONAM JN,AJJ,CHENNAI CENT,MAS,22:15,23:50,43.04
56003,85.0,1.42,62,6,ARAKKONAM JN,AJJ,CHENGALPATTU,CGL,05:50,07:15,43.66
56004,95.0,1.58,62,3,CHENGALPATTU,CGL,ARAKKONAM JN,AJJ,20:25,22:00,39.24
56005,100.0,1.67,62,6,ARAKKONAM JN,AJJ,CHENGALPATTU,CGL,17:30,19:10,37.13
56006,95.0,1.58,62,6,CHENGALPATTU,CGL,ARAKKONAM JN,AJJ,08:20,09:55,39.24
56007,105.0,1.75,60,8,ARAKKONAM JN,AJJ,KATPADI JN,KPD,21:00,22:45,34.29
56008,110.0,1.83,60,10,KATPADI JN,KPD,ARAKKONAM JN,AJJ,04:35,06:25,32.79
56009,115.0,1.92,70,13,ARAKKONAM JN,AJJ,VELLORE CANT,VLR,07:10,09:05,36.46
56010,130.0,2.17,70,13,VELLORE CANT,VLR,ARAKKONAM JN,AJJ,16:35,18:45,32.26
56011,335.0,5.58,193,27,ARAKKONAM JN,AJJ,CUDDAPAH,HX,07:05,12:40,34.59
56012,370.0,6.17,193,27,CUDDAPAH,HX,ARAKKONAM JN,AJJ,14:45,20:55,31.28
56013,140.0,2.33,70,14,ARAKKONAM JN,AJJ,VELLORE CANT,VLR,13:05,15:25,30.04
56014,135.0,2.25,70,14,VELLORE CANT,VLR,ARAKKONAM JN,AJJ,09:40,11:55,31.11
56033,135.0,2.25,76,11,MAYILADUTURA,MV,MANNARGUDI,MQ,16:40,18:55,33.78
56034,150.0,2.5,76,11,MANNARGUDI,MQ,MAYILADUTURA,MV,08:30,11:00,30.4
56035,105.0,1.75,61,12,TIRUCHENDUR,TCN,TIRUNELVELI,TEN,09:15,11:00,34.86
56036,100.0,1.67,61,12,TIRUNELVELI,TEN,TIRUCHENDUR,TCN,16:00,17:40,36.53
56037,260.0,4.33,196,18,CHENNAI EGMO,MS,PONDICHERRY,PDY,06:35,10:55,45.27
56038,275.0,4.58,196,17,PONDICHERRY,PDY,CHENNAI EGMO,MS,15:35,20:10,42.79
56041,585.0,9.75,279,33,TIRUPATI,TPTY,PONDICHERRY,PDY,04:25,14:10,28.62
56042,565.0,9.42,284,31,PONDICHERRY,PDY,TIRUPATI,TPTY,13:20,22:45,30.15
56043,30.0,0.5,22,3,GURUVAYUR,GUV,TRICHUR,TCR,17:10,17:40,44.0
56044,35.0,0.58,22,3,TRICHUR,TCR,GURUVAYUR,GUV,18:55,19:30,37.93
56100,205.0,3.42,99,11,ERODE JN.,ED,METTUR DAM,MTDM,05:00,08:25,28.95
56101,185.0,3.08,99,11,METTUR DAM,MTDM,ERODE JN.,ED,19:00,22:05,32.14
56102,65.0,1.08,40,4,SALEM JN.,SA,METTUR DAM,MTDM,17:30,18:35,37.04
56103,65.0,1.08,40,4,METTUR DAM,MTDM,SALEM JN.,SA,08:50,09:55,37.04
56105,130.0,2.17,84,9,SALEM JN.,SA,KARUR JN.,KRR,06:05,08:15,38.71
56106,130.0,2.17,85,7,KARUR JN.,KRR,SALEM JN.,SA,08:35,10:45,39.17
56107,120.0,2.0,85,7,SALEM JN.,SA,KARUR JN.,KRR,17:30,19:30,42.5
56108,120.0,2.0,85,7,KARUR JN.,KRR,SALEM JN.,SA,19:50,21:50,42.5
56109,230.0,3.83,141,25,TIRUCHIRAPPA,TPJ,ERODE JN.,ED,16:10,20:00,36.81
56110,240.0,4.0,141,22,ERODE JN.,ED,TIRUCHIRAPPA,TPJ,07:50,11:50,35.25
56111,275.0,4.58,178,23,JOLARPETTAI,JTJ,ERODE JN.,ED,15:10,19:45,38.86
56112,360.0,6.0,180,23,ERODE JN.,ED,JOLARPETTAI,JTJ,06:25,12:25,30.0
56113,205.0,3.42,120,26,MAYILADUTURA,MV,TIRUCHIRAPPA,TPJ,06:15,09:40,35.09
56114,195.0,3.25,120,26,TIRUCHIRAPPA,TPJ,MAYILADUTURA,MV,18:05,21:20,36.92
56115,120.0,2.0,70,17,MAYILADUTURA,MV,THANJAVUR JN,TJ,07:15,09:15,35.0
56116,135.0,2.25,70,17,THANJAVUR JN,TJ,MAYILADUTURA,MV,18:15,20:30,31.11
56136,290.0,4.83,45,7,METTUPALAIYA,MTP,UDHAGAMANDAL,UAM,07:10,12:00,9.32
56137,215.0,3.58,45,7,UDHAGAMANDAL,UAM,METTUPALAIYA,MTP,14:00,17:35,12.57
56138,75.0,1.25,18,6,COONOOR,ONR,UDHAGAMANDAL,UAM,16:00,17:15,14.4
56139,70.0,1.17,18,6,UDHAGAMANDAL,UAM,COONOOR,ONR,09:15,10:25,15.38
56140,70.0,1.17,18,6,UDHAGAMANDAL,UAM,COONOOR,ONR,17:30,18:40,15.38
56141,80.0,1.33,18,6,COONOOR,ONR,UDHAGAMANDAL,UAM,07:45,09:05,13.53
56142,65.0,1.08,18,6,UDHAGAMANDAL,UAM,COONOOR,ONR,12:15,13:20,16.67
56143,75.0,1.25,18,6,COONOOR,ONR,UDHAGAMANDAL,UAM,12:35,13:50,14.4
56144,50.0,0.83,35,4,COIMBATORE,CBE,METTUPALAIYA,MTP,17:55,18:45,42.17
56145,50.0,0.83,35,4,METTUPALAIYA,MTP,COIMBATORE,CBE,08:15,09:05,42.17
56146,50.0,0.83,35,4,COIMBATORE,CBE,METTUPALAIYA,MTP,09:30,10:20,42.17
56147,50.0,0.83,35,4,METTUPALAIYA,MTP,COIMBATORE,CBE,10:40,11:30,42.17
56148,50.0,0.83,35,4,COIMBATORE,CBE,METTUPALAIYA,MTP,11:50,12:40,42.17
56149,55.0,0.92,35,4,METTUPALAIYA,MTP,COIMBATORE,CBE,13:00,13:55,38.04
56150,50.0,0.83,35,4,COIMBATORE,CBE,METTUPALAIYA,MTP,15:15,16:05,42.17
56151,50.0,0.83,35,4,METTUPALAIYA,MTP,COIMBATORE,CBE,16:30,17:20,42.17
56201,100.0,1.67,60,13,CHAMRAJANAGA,CMNR,MYSORE JN.,MYS,20:50,22:30,35.93
56202,100.0,1.67,60,13,MYSORE JN.,MYS,CHAMRAJANAGA,CMNR,05:00,06:40,35.93
56203,105.0,1.75,60,13,CHAMRAJANAGA,CMNR,MYSORE JN.,MYS,10:40,12:25,34.29
56204,110.0,1.83,60,13,MYSORE JN.,MYS,CHAMRAJANAGA,CMNR,07:20,09:10,32.79
56205,55.0,0.92,25,7,NANJANGUD TO,NTW,MYSORE JN.,MYS,10:15,11:10,27.17
56206,50.0,0.83,25,7,MYSORE JN.,MYS,NANJANGUD TO,NTW,09:00,09:50,30.12
56207,100.0,1.67,60,13,CHAMRAJANAGA,CMNR,MYSORE JN.,MYS,16:55,18:35,35.93
56208,110.0,1.83,60,13,MYSORE JN.,MYS,CHAMRAJANAGA,CMNR,14:50,16:40,32.79
56209,110.0,1.83,60,13,CHAMRAJANAGA,CMNR,MYSORE JN.,MYS,18:00,19:50,32.79
56210,105.0,1.75,60,13,MYSORE JN.,MYS,CHAMRAJANAGA,CMNR,12:30,14:15,34.29
56215,435.0,7.25,294,34,YESVANTPUR J,YPR,MYSORE JN.,MYS,12:45,20:00,40.55
56216,435.0,7.25,294,34,MYSORE JN.,MYS,YESVANTPUR J,YPR,08:30,15:45,40.55
56217,150.0,2.5,96,7,TALGUPPA,TLGP,SHIMOGA TOWN,SMET,10:00,12:30,38.4
56218,170.0,2.83,96,7,SHIMOGA TOWN,SMET,TALGUPPA,TLGP,13:40,16:30,33.92
56221,105.0,1.75,69,14,KRANTIVIRA S,SBC,TUMKUR,TK,09:20,11:05,39.43
56222,105.0,1.75,69,14,TUMKUR,TK,KRANTIVIRA S,SBC,11:35,13:20,39.43
56223,270.0,4.5,165,29,KRANTIVIRA S,SBC,ARSIKERE JN.,ASK,18:20,22:50,36.67
56224,250.0,4.17,165,29,ARSIKERE JN.,ASK,KRANTIVIRA S,SBC,05:00,09:10,39.57
56225,125.0,2.08,69,14,KRANTIVIRA S,SBC,TUMKUR,TK,13:50,15:55,33.17
56226,110.0,1.83,69,14,TUMKUR,TK,KRANTIVIRA S,SBC,16:25,18:15,37.7
56227,425.0,7.08,273,41,KRANTIVIRA S,SBC,SHIMOGA TOWN,SMET,16:30,23:35,38.56
56228,440.0,7.33,273,41,SHIMOGA TOWN,SMET,KRANTIVIRA S,SBC,04:00,11:20,37.24
56231,205.0,3.42,138,20,MYSORE JN.,MYS,KRANTIVIRA S,SBC,05:50,09:15,40.35
56232,195.0,3.25,138,22,KRANTIVIRA S,SBC,MYSORE JN.,MYS,09:20,12:35,42.46
56237,200.0,3.33,138,22,MYSORE JN.,MYS,KRANTIVIRA S,SBC,14:45,18:05,41.44
56238,200.0,3.33,138,21,KRANTIVIRA S,SBC,MYSORE JN.,MYS,19:00,22:20,41.44
56241,325.0,5.42,220,22,SALEM JN.,SA,YESVANTPUR J,YPR,05:20,10:45,40.59
56242,335.0,5.58,219,22,YESVANTPUR J,YPR,SALEM JN.,SA,16:05,21:40,39.25
56261,645.0,10.75,290,43,ARAKKONAM JN,AJJ,KRANTIVIRA S,SBC,08:00,18:45,26.98
56262,510.0,8.5,290,41,KRANTIVIRA S,SBC,ARAKKONAM JN,AJJ,09:15,17:45,34.12
56263,260.0,4.33,138,17,MYSORE JN.,MYS,KRANTIVIRA S,SBC,23:55,04:15,31.87
56264,245.0,4.08,138,17,KRANTIVIRA S,SBC,MYSORE JN.,MYS,23:55,04:00,33.82
56265,235.0,3.92,167,21,ARSIKERE JN.,ASK,MYSORE JN.,MYS,17:30,21:25,42.6
56266,235.0,3.92,167,21,MYSORE JN.,MYS,ARSIKERE JN.,ASK,07:15,11:10,42.6
56267,265.0,4.42,167,21,ARSIKERE JN.,ASK,MYSORE JN.,MYS,05:00,09:25,37.78
56268,250.0,4.17,167,21,MYSORE JN.,MYS,ARSIKERE JN.,ASK,18:20,22:30,40.05
56269,370.0,6.17,275,16,SHIMOGA TOWN,SMET,MYSORE JN.,MYS,10:20,16:30,44.57
56270,380.0,6.33,275,16,MYSORE JN.,MYS,SHIMOGA TOWN,SMET,10:20,16:40,43.44
56271,190.0,3.17,114,11,SHIMOGA TOWN,SMET,CHIKMAGALURU,CMGR,18:15,21:25,35.96
56272,170.0,2.83,114,11,CHIKMAGALURU,CMGR,SHIMOGA TOWN,SMET,06:40,09:30,40.28
56273,495.0,8.25,305,36,ARSIKERE JN.,ASK,HUBLI JN.,UBL,04:50,13:05,36.97
56274,435.0,7.25,303,36,HUBLI JN.,UBL,ARSIKERE JN.,ASK,15:25,22:40,41.79
56275,555.0,9.25,372,32,TALGUPPA,TLGP,MYSORE JN.,MYS,05:15,14:30,40.22
56276,545.0,9.08,372,31,MYSORE JN.,MYS,TALGUPPA,TLGP,13:10,22:15,40.97
56277,395.0,6.58,244,20,CHIKMAGALURU,CMGR,YESVANTPUR J,YPR,07:40,14:15,37.08
56278,405.0,6.75,244,20,YESVANTPUR J,YPR,CHIKMAGALURU,CMGR,15:30,22:15,36.15
56281,315.0,5.25,198,27,CHAMRAJANAGA,CMNR,KRANTIVIRA S,SBC,07:00,12:15,37.71
56282,305.0,5.08,198,27,KRANTIVIRA S,SBC,CHAMRAJANAGA,CMNR,15:30,20:35,38.98
56300,130.0,2.17,84,14,QUILON,QLN,ALLEPPEY,ALLP,03:30,05:40,38.71
56301,120.0,2.0,85,14,ALLEPPEY,ALLP,QUILON,QLN,17:20,19:20,42.5
56302,95.0,1.58,56,12,ALLEPPEY,ALLP,ERNAKULAM. J,ERS,07:20,08:55,35.44
56303,95.0,1.58,56,12,ERNAKULAM. J,ERS,ALLEPPEY,ALLP,15:40,17:15,35.44
56304,450.0,7.5,231,44,NAGERCOIL JN,NCJ,KOTTAYAM,KTYM,12:20,19:50,30.8
56305,160.0,2.67,96,14,KOTTAYAM,KTYM,QUILON,QLN,05:35,08:15,35.96
56307,125.0,2.08,64,18,QUILON,QLN,TRIVANDRUM C,TVC,06:55,09:00,30.77
56308,120.0,2.0,64,18,TRIVANDRUM C,TVC,QUILON,QLN,18:00,20:00,32.0
56309,110.0,1.83,64,18,QUILON,QLN,TRIVANDRUM C,TVC,15:15,17:05,34.97
56310,120.0,2.0,71,14,NAGERCOIL JN,NCJ,TRIVANDRUM C,TVC,06:30,08:30,35.5
56311,120.0,2.0,72,14,TRIVANDRUM C,TVC,NAGERCOIL JN,NCJ,06:50,08:50,36.0
56313,110.0,1.83,72,14,TRIVANDRUM C,TVC,NAGERCOIL JN,NCJ,18:05,19:55,39.34
56315,120.0,2.0,72,14,TRIVANDRUM C,TVC,NAGERCOIL JN,NCJ,17:15,19:15,36.0
56316,115.0,1.92,71,14,NAGERCOIL JN,NCJ,TRIVANDRUM C,TVC,18:20,20:15,36.98
56317,165.0,2.75,78,16,KOCHUVELI,KCVL,NAGERCOIL JN,NCJ,13:10,15:55,28.36
56318,145.0,2.42,77,16,NAGERCOIL JN,NCJ,KOCHUVELI,KCVL,07:55,10:20,31.82
56319,820.0,13.67,531,39,NAGERCOIL JN,NCJ,COIMBATORE,CBE,07:10,20:50,38.84
56320,780.0,13.0,532,46,COIMBATORE,CBE,NAGERCOIL JN,NCJ,07:20,20:20,40.92
56323,680.0,11.33,404,54,COIMBATORE,CBE,MANGALORE CE,MAQ,07:30,18:50,35.66
56324,720.0,12.0,404,54,MANGALORE CE,MAQ,COIMBATORE,CBE,07:35,19:35,33.67
56331,80.0,1.33,44,10,PUNALUR,PUU,QUILON,QLN,08:15,09:35,33.08
56332,85.0,1.42,44,10,QUILON,QLN,PUNALUR,PUU,06:30,07:55,30.99
56333,120.0,2.0,52,11,EDAMANN,EDN,QUILON,QLN,11:00,13:00,26.0
56334,110.0,1.83,52,11,QUILON,QLN,EDAMANN,EDN,08:40,10:30,28.42
56335,115.0,1.92,52,11,EDAMANN,EDN,QUILON,QLN,13:45,15:40,27.08
56336,105.0,1.75,52,11,QUILON,QLN,EDAMANN,EDN,11:20,13:05,29.71
56337,85.0,1.42,44,10,PUNALUR,PUU,QUILON,QLN,19:10,20:35,30.99
56338,85.0,1.42,44,10,QUILON,QLN,PUNALUR,PUU,17:25,18:50,30.99
56361,190.0,3.17,107,22,SHORANUR JN.,SRR,ERNAKULAM. J,ERS,04:20,07:30,33.75
56362,335.0,5.58,173,33,ERNAKULAM. J,ERS,NILAMBUR ROA,NIL,07:25,13:00,31.0
56363,310.0,5.17,173,33,NILAMBUR ROA,NIL,ERNAKULAM. J,ERS,14:55,20:05,33.46
56364,210.0,3.5,107,22,ERNAKULAM. J,ERS,SHORANUR JN.,SRR,17:35,21:05,30.57
56365,565.0,9.42,302,43,GURUVAYUR,GUV,EDAMANN,EDN,05:55,15:20,32.06
56366,635.0,10.58,302,43,EDAMANN,EDN,GURUVAYUR,GUV,16:35,03:10,28.54
56370,160.0,2.67,96,18,ERNAKULAM. J,ERS,GURUVAYUR,GUV,06:00,08:40,35.96
56371,155.0,2.58,96,17,GURUVAYUR,GUV,ERNAKULAM. J,ERS,06:45,09:20,37.21
56373,30.0,0.5,22,3,GURUVAYUR,GUV,TRICHUR,TCR,09:05,09:35,44.0
56374,35.0,0.58,22,3,TRICHUR,TCR,GURUVAYUR,GUV,10:55,11:30,37.93
56375,175.0,2.92,96,18,GURUVAYUR,GUV,ERNAKULAM. J,ERS,13:05,16:00,32.88
56376,165.0,2.75,96,17,ERNAKULAM. J,ERS,GURUVAYUR,GUV,19:40,22:25,34.91
56377,65.0,1.08,43,8,ALLEPPEY,ALLP,KAYANKULAM J,KYJ,07:05,08:10,39.81
56378,65.0,1.08,43,6,KAYANKULAM J,KYJ,ALLEPPEY,ALLP,22:20,23:25,39.81
56379,105.0,1.75,56,12,ERNAKULAM. J,ERS,ALLEPPEY,ALLP,07:45,09:30,32.0
56380,155.0,2.58,100,19,KAYANKULAM J,KYJ,ERNAKULAM. J,ERS,08:35,11:10,38.76
56381,145.0,2.42,100,11,ERNAKULAM. J,ERS,KAYANKULAM J,KYJ,10:05,12:30,41.32
56382,145.0,2.42,100,12,KAYANKULAM J,KYJ,ERNAKULAM. J,ERS,13:10,15:35,41.32
56383,175.0,2.92,100,19,ERNAKULAM. J,ERS,KAYANKULAM J,KYJ,18:05,21:00,34.25
56384,95.0,1.58,56,12,ALLEPPEY,ALLP,ERNAKULAM. J,ERS,17:55,19:30,35.44
56385,105.0,1.75,58,12,ERNAKULAM. J,ERS,KOTTAYAM,KTYM,07:15,09:00,33.14
56386,105.0,1.75,59,9,KOTTAYAM,KTYM,ERNAKULAM. J,ERS,05:05,06:50,33.71
56387,175.0,2.92,114,14,ERNAKULAM. J,ERS,KAYANKULAM J,KYJ,12:00,14:55,39.04
56388,175.0,2.92,114,17,KAYANKULAM J,KYJ,ERNAKULAM. J,ERS,17:10,20:05,39.04
56389,110.0,1.83,58,10,ERNAKULAM. J,ERS,KOTTAYAM,KTYM,20:40,22:30,31.69
56390,110.0,1.83,59,9,KOTTAYAM,KTYM,ERNAKULAM. J,ERS,17:10,19:00,32.24
56391,260.0,4.33,155,25,ERNAKULAM. J,ERS,QUILON,QLN,18:30,22:50,35.8
56392,275.0,4.58,155,25,QUILON,QLN,ERNAKULAM. J,ERS,04:00,08:35,33.84
56393,155.0,2.58,96,14,KOTTAYAM,KTYM,QUILON,QLN,17:50,20:25,37.21
56394,150.0,2.5,95,14,QUILON,QLN,KOTTAYAM,KTYM,08:35,11:05,38.0
56501,1345.0,22.42,693,66,VIJAYWADA JN,BZA,HUBLI JN.,UBL,07:10,05:35,30.91
56502,1180.0,19.67,691,68,HUBLI JN.,UBL,VIJAYWADA JN,BZA,23:30,19:10,35.13
56503,1355.0,22.58,747,78,BANGALORE CA,BNC,VIJAYWADA JN,BZA,07:20,05:55,33.08
56504,1230.0,20.5,749,79,VIJAYWADA JN,BZA,BANGALORE CA,BNC,20:40,17:10,36.54
56505,35.0,0.58,17,6,BANGARPET JN,BWT,MARIKUPPAM,MKM,13:00,13:35,29.31
56506,35.0,0.58,16,6,MARIKUPPAM,MKM,BANGARPET JN,BWT,09:50,10:25,27.59
56507,185.0,3.08,84,17,MARIKUPPAM,MKM,KRANTIVIRA S,SBC,06:20,09:25,27.27
56508,155.0,2.58,85,17,KRANTIVIRA S,SBC,MARIKUPPAM,MKM,18:00,20:35,32.95
56509,180.0,3.0,84,17,MARIKUPPAM,MKM,KRANTIVIRA S,SBC,14:00,17:00,28.0
56510,150.0,2.5,85,17,KRANTIVIRA S,SBC,MARIKUPPAM,MKM,07:00,09:30,34.0
56511,35.0,0.58,17,6,BANGARPET JN,BWT,MARIKUPPAM,MKM,05:30,06:05,29.31
56512,35.0,0.58,16,6,MARIKUPPAM,MKM,BANGARPET JN,BWT,20:50,21:25,27.59
56513,920.0,15.33,568,57,KARAIKAL,KIK,KRANTIVIRA S,SBC,03:40,19:00,37.05
56514,915.0,15.25,567,58,KRANTIVIRA S,SBC,KARAIKAL,KIK,07:15,22:30,37.18
56515,780.0,13.0,470,63,KRANTIVIRA S,SBC,HUBLI JN.,UBL,07:45,20:45,36.15
56516,790.0,13.17,469,63,HUBLI JN.,UBL,KRANTIVIRA S,SBC,07:00,20:10,35.61
56517,150.0,2.5,93,13,CHITRADURG,CTA,HARIHAR JN.,HRR,18:10,20:40,37.2
56518,155.0,2.58,93,12,HARIHAR JN.,HRR,CHITRADURG,CTA,07:10,09:45,36.05
56519,75.0,1.25,33,5,CHIKJAJUR JN,JRU,CHITRADURG,CTA,15:30,16:45,26.4
56520,60.0,1.0,33,5,CHITRADURG,CTA,CHIKJAJUR JN,JRU,11:00,12:00,33.0
56600,140.0,2.33,85,16,CALICUT,CLT,SHORANUR JN.,SRR,05:05,07:25,36.48
56601,135.0,2.25,85,16,SHORANUR JN.,SRR,CALICUT,CLT,17:45,20:00,37.78
56602,355.0,5.92,175,35,KANNUR,CAN,SHORANUR JN.,SRR,14:45,20:40,29.56
56603,380.0,6.33,207,41,TRICHUR,TCR,KANNUR,CAN,05:55,12:15,32.7
56604,170.0,2.83,98,14,SHORANUR JN.,SRR,COIMBATORE,CBE,08:00,10:50,34.63
56605,245.0,4.08,131,20,COIMBATORE,CBE,TRICHUR,TCR,16:40,20:45,32.11
56610,220.0,3.67,110,19,NILAMBUR ROA,NIL,PALAKKAD JN,PGT,17:05,20:45,29.97
56611,165.0,2.75,109,19,PALAKKAD JN,PGT,NILAMBUR ROA,NIL,05:55,08:40,39.64
56612,100.0,1.67,66,12,NILAMBUR ROA,NIL,SHORANUR JN.,SRR,06:50,08:30,39.52
56613,95.0,1.58,66,12,SHORANUR JN.,SRR,NILAMBUR ROA,NIL,09:20,10:55,41.77
56614,95.0,1.58,66,12,NILAMBUR ROA,NIL,SHORANUR JN.,SRR,09:10,10:45,41.77
56616,100.0,1.67,66,12,NILAMBUR ROA,NIL,SHORANUR JN.,SRR,11:15,12:55,39.52
56617,95.0,1.58,66,12,SHORANUR JN.,SRR,NILAMBUR ROA,NIL,15:05,16:40,41.77
56619,95.0,1.58,66,12,SHORANUR JN.,SRR,NILAMBUR ROA,NIL,17:10,18:45,41.77
56620,100.0,1.67,66,12,NILAMBUR ROA,NIL,SHORANUR JN.,SRR,19:10,20:50,39.52
56621,100.0,1.67,66,12,SHORANUR JN.,SRR,NILAMBUR ROA,NIL,19:30,21:10,39.52
56640,410.0,6.83,326,30,MANGALORE CE,MAQ,MADGOAN JN.,MAO,05:50,12:40,47.73
56641,475.0,7.92,324,30,MADGOAN JN.,MAO,MANGALORE CE,MAQ,13:00,20:55,40.91
56642,90.0,1.5,49,5,KABAKA PUTTU,KBPR,MANGALORE CE,MAQ,07:55,09:25,32.67
56643,85.0,1.42,48,5,MANGALORE CE,MAQ,KABAKA PUTTU,KBPR,06:05,07:30,33.8
56644,90.0,1.5,49,4,KABAKA PUTTU,KBPR,MANGALORE CE,MAQ,20:10,21:40,32.67
56645,80.0,1.33,48,4,MANGALORE CE,MAQ,KABAKA PUTTU,KBPR,18:20,19:40,36.09
56646,160.0,2.67,91,11,SUBRAHMANYA,SBHR,MANGALORE CE,MAQ,13:25,16:05,34.08
56647,140.0,2.33,90,11,MANGALORE CE,MAQ,SUBRAHMANYA,SBHR,10:05,12:25,38.63
56650,465.0,7.75,273,40,KANNUR,CAN,COIMBATORE,CBE,05:40,13:25,35.23
56651,445.0,7.42,273,40,COIMBATORE,CBE,KANNUR,CAN,14:10,21:35,36.79
56652,165.0,2.75,89,20,KANNUR,CAN,CALICUT,CLT,17:20,20:05,32.36
56653,145.0,2.42,89,20,CALICUT,CLT,KANNUR,CAN,06:40,09:05,36.78
56654,360.0,6.0,220,40,MANGALORE CE,MAQ,CALICUT,CLT,05:35,11:35,36.67
56655,200.0,3.33,131,22,KANNUR,CAN,MANGALORE CE,MAQ,07:15,10:35,39.34
56656,205.0,3.42,131,23,MANGALORE CE,MAQ,KANNUR,CAN,16:30,19:55,38.3
56657,135.0,2.25,89,20,CALICUT,CLT,KANNUR,CAN,14:05,16:20,39.56
56659,70.0,1.17,48,11,KANNUR,CAN,CHERVATTUR,CHV,17:10,18:20,41.03
56661,130.0,2.17,83,13,CHERVATTUR,CHV,MANGALORE CE,MAQ,06:20,08:30,38.25
56663,230.0,3.83,118,22,TRICHUR,TCR,CALICUT,CLT,17:35,21:25,30.81
56664,205.0,3.42,119,22,CALICUT,CLT,TRICHUR,TCR,07:20,10:45,34.8
56665,315.0,5.25,182,20,KASARAGOD,KGQ,BYNDOOR,BYNR,06:35,11:50,34.67
56666,305.0,5.08,179,20,BYNDOOR,BYNR,KASARAGOD,KGQ,13:05,18:10,35.24
56700,710.0,11.83,410,46,MADURAI JN,MDU,PUNALUR,PUU,23:15,11:05,34.66
56701,895.0,14.92,409,49,PUNALUR,PUU,MADURAI JN,MDU,15:50,06:45,27.41
56703,145.0,2.42,93,12,TIRUCHIRAPPA,TPJ,DINDIGUL JN,DG,18:25,20:50,38.43
56704,135.0,2.25,94,11,DINDIGUL JN,DG,TIRUCHIRAPPA,TPJ,06:15,08:30,41.78
56705,550.0,9.17,333,43,VILLUPURAM J,VM,MADURAI JN,MDU,15:30,00:40,36.31
56706,505.0,8.42,334,42,MADURAI JN,MDU,VILLUPURAM J,VM,03:00,11:25,39.67
56707,80.0,1.33,62,8,DINDIGUL JN,DG,MADURAI JN,MDU,07:55,09:15,46.62
56708,90.0,1.5,62,8,MADURAI JN,MDU,DINDIGUL JN,DG,18:20,19:50,41.33
56709,205.0,3.42,120,12,PALANI,PLNI,MADURAI JN,MDU,16:45,20:10,35.09
56710,175.0,2.92,120,12,MADURAI JN,MDU,PALANI,PLNI,07:45,10:40,41.1
56711,300.0,5.0,145,26,KARAIKAL,KIK,TIRUCHIRAPPA,TPJ,12:30,17:30,29.0
56714,305.0,5.08,145,18,TIRUCHIRAPPA,TPJ,KARAIKAL,KIK,06:10,11:15,28.54
56715,350.0,5.83,196,19,PUNALUR,PUU,KANNIYAKUMAR,CAPE,06:15,12:05,33.62
56716,335.0,5.58,188,19,KANNIYAKUMAR,CAPE,PUNALUR,PUU,14:35,20:10,33.69
56717,145.0,2.42,88,9,KANNIYAKUMAR,CAPE,TIRUNELVELI,TEN,18:15,20:40,36.36
56718,115.0,1.92,73,8,TIRUNELVELI,TEN,NAGERCOIL JN,NCJ,06:55,08:50,38.02
56719,20.0,0.33,15,2,NAGERCOIL JN,NCJ,KANNIYAKUMAR,CAPE,13:25,13:45,45.45
56721,235.0,3.92,161,17,MADURAI JN,MDU,RAMESWARAM,RMM,12:40,16:35,41.07
56722,230.0,3.83,161,17,RAMESWARAM,RMM,MADURAI JN,MDU,11:20,15:10,42.04
56723,220.0,3.67,161,17,MADURAI JN,MDU,RAMESWARAM,RMM,06:50,10:30,43.87
56724,230.0,3.83,161,17,RAMESWARAM,RMM,MADURAI JN,MDU,05:30,09:20,42.04
56725,270.0,4.5,161,17,MADURAI JN,MDU,RAMESWARAM,RMM,18:10,22:40,35.78
56726,240.0,4.0,161,17,RAMESWARAM,RMM,MADURAI JN,MDU,18:00,22:00,40.25
56731,210.0,3.5,173,14,MADURAI JN,MDU,SENGOTTAI JN,SCT,07:15,10:45,49.43
56732,225.0,3.75,173,14,SENGOTTAI JN,SCT,MADURAI JN,MDU,07:00,10:45,46.13
56733,220.0,3.67,173,14,MADURAI JN,MDU,SENGOTTAI JN,SCT,11:30,15:10,47.14
56734,225.0,3.75,173,14,SENGOTTAI JN,SCT,MADURAI JN,MDU,12:00,15:45,46.13
56735,250.0,4.17,173,14,MADURAI JN,MDU,SENGOTTAI JN,SCT,17:00,21:10,41.49
56736,235.0,3.92,173,14,SENGOTTAI JN,SCT,MADURAI JN,MDU,15:40,19:35,44.13
56741,170.0,2.83,59,10,TUTICORIN,TN,TIRUNELVELI,TEN,17:50,20:40,20.85
56742,125.0,2.08,60,10,TIRUNELVELI,TEN,TUTICORIN,TN,07:30,09:35,28.85
56761,105.0,1.75,61,12,TIRUNELVELI,TEN,TIRUCHENDUR,TCN,07:10,08:55,34.86
56762,105.0,1.75,61,12,TIRUCHENDUR,TCN,TIRUNELVELI,TEN,07:20,09:05,34.86
56763,90.0,1.5,61,12,TIRUNELVELI,TEN,TIRUCHENDUR,TCN,09:30,11:00,40.67
56764,95.0,1.58,61,12,TIRUCHENDUR,TCN,TIRUNELVELI,TEN,16:20,17:55,38.61
56765,115.0,1.92,61,12,TIRUNELVELI,TEN,TIRUCHENDUR,TCN,18:35,20:30,31.77
56766,105.0,1.75,61,12,TIRUCHENDUR,TCN,TIRUNELVELI,TEN,17:55,19:40,34.86
56767,265.0,4.42,121,20,TUTICORIN,TN,TIRUCHENDUR,TCN,08:45,13:10,27.38
56768,250.0,4.17,121,20,TIRUCHENDUR,TCN,TUTICORIN,TN,14:20,18:30,29.02
56769,690.0,11.5,459,43,PALAKKAD JN,PGT,TIRUCHENDUR,TCN,04:30,16:00,39.91
56770,680.0,11.33,458,43,TIRUCHENDUR,TCN,PALAKKAD JN,PGT,11:10,22:30,40.42
56796,125.0,2.08,72,17,SENGOTTAI JN,SCT,TIRUNELVELI,TEN,06:35,08:40,34.62
56797,155.0,2.58,78,18,TIRUNELVELI,TEN,BAGAVATHIPUR,BJM,09:15,11:50,30.23
56798,180.0,3.0,78,18,BAGAVATHIPUR,BJM,TIRUNELVELI,TEN,14:45,17:45,26.0
56799,135.0,2.25,72,17,TIRUNELVELI,TEN,SENGOTTAI JN,SCT,18:25,20:40,32.0
56800,135.0,2.25,72,17,SENGOTTAI JN,SCT,TIRUNELVELI,TEN,10:15,12:30,32.0
56801,140.0,2.33,72,17,TIRUNELVELI,TEN,SENGOTTAI JN,SCT,07:25,09:45,30.9
56802,135.0,2.25,72,17,SENGOTTAI JN,SCT,TIRUNELVELI,TEN,17:55,20:10,32.0
56803,160.0,2.67,72,17,TIRUNELVELI,TEN,SENGOTTAI JN,SCT,13:50,16:30,26.97
56811,210.0,3.5,120,25,MAYILADUTURA,MV,TIRUCHIRAPPA,TPJ,06:15,09:45,34.29
56812,195.0,3.25,120,25,TIRUCHIRAPPA,TPJ,MAYILADUTURA,MV,18:05,21:20,36.92
56819,70.0,1.17,39,10,KUMBAKONAM,KMU,THANJAVUR JN,TJ,08:05,09:15,33.33
56820,80.0,1.33,39,10,THANJAVUR JN,TJ,KUMBAKONAM,KMU,18:10,19:30,29.32
56821,295.0,4.92,214,20,MAYILADUTURA,MV,DINDIGUL JN,DG,11:25,16:20,43.5
56822,310.0,5.17,214,20,DINDIGUL JN,DG,MAYILADUTURA,MV,12:05,17:15,41.39
56823,220.0,3.67,120,24,MAYILADUTURA,MV,TIRUCHIRAPPA,TPJ,20:00,23:40,32.7
56824,215.0,3.58,120,24,TIRUCHIRAPPA,TPJ,MAYILADUTURA,MV,07:10,10:45,33.52
56825,575.0,9.58,358,28,ERODE JN.,ED,TIRUNELVELI,TEN,13:05,22:40,37.37
56826,550.0,9.17,358,28,TIRUNELVELI,TEN,ERODE JN.,ED,05:30,14:40,39.04
56829,365.0,6.08,263,25,TIRUCHIRAPPA,TPJ,RAMESWARAM,RMM,06:40,12:45,43.26
56830,390.0,6.5,264,25,RAMESWARAM,RMM,TIRUCHIRAPPA,TPJ,13:55,20:25,40.62
56839,265.0,4.42,178,23,JOLARPETTAI,JTJ,ERODE JN.,ED,15:20,19:45,40.27
56840,365.0,6.08,180,23,ERODE JN.,ED,JOLARPETTAI,JTJ,06:25,12:30,29.61
56841,260.0,4.33,141,25,TIRUCHIRAPPA,TPJ,ERODE JN.,ED,06:50,11:10,32.56
56842,220.0,3.67,141,25,ERODE JN.,ED,TIRUCHIRAPPA,TPJ,16:35,20:15,38.42
56843,230.0,3.83,141,22,TIRUCHIRAPPA,TPJ,ERODE JN.,ED,16:10,20:00,36.81
56844,225.0,3.75,141,22,ERODE JN.,ED,TIRUCHIRAPPA,TPJ,07:50,11:35,37.6
56845,305.0,5.08,178,23,JOLARPETTAI,JTJ,ERODE JN.,ED,05:30,10:35,35.04
56846,310.0,5.17,180,23,ERODE JN.,ED,JOLARPETTAI,JTJ,16:10,21:20,34.82
56859,180.0,3.0,133,11,TAMBARAM,TBM,VILLUPURAM J,VM,18:10,21:10,44.33
56860,185.0,3.08,133,11,VILLUPURAM J,VM,TAMBARAM,TBM,05:25,08:30,43.18
56861,50.0,0.83,37,5,VILLUPURAM J,VM,PONDICHERRY,PDY,06:55,07:45,44.58
56862,45.0,0.75,37,5,PONDICHERRY,PDY,VILLUPURAM J,VM,08:10,08:55,49.33
56863,50.0,0.83,37,5,VILLUPURAM J,VM,PONDICHERRY,PDY,14:15,15:05,44.58
56864,55.0,0.92,37,5,PONDICHERRY,PDY,VILLUPURAM J,VM,16:00,16:55,40.22
56865,45.0,0.75,37,5,VILLUPURAM J,VM,PONDICHERRY,PDY,17:45,18:30,49.33
56866,50.0,0.83,37,5,PONDICHERRY,PDY,VILLUPURAM J,VM,19:35,20:25,44.58
56871,65.0,1.08,38,6,MAYILADUTURA,MV,THIRUVARUR J,TVR,06:20,07:25,35.19
56872,65.0,1.08,38,6,THIRUVARUR J,TVR,MAYILADUTURA,MV,08:10,09:15,35.19
56873,195.0,3.25,121,22,VILLUPURAM J,VM,MAYILADUTURA,MV,05:55,09:10,37.23
56874,210.0,3.5,121,22,MAYILADUTURA,MV,VILLUPURAM J,VM,05:40,09:10,34.57
56875,190.0,3.17,121,22,VILLUPURAM J,VM,MAYILADUTURA,MV,14:30,17:40,38.17
56876,180.0,3.0,121,22,MAYILADUTURA,MV,VILLUPURAM J,VM,15:45,18:45,40.33
56877,195.0,3.25,121,22,VILLUPURAM J,VM,MAYILADUTURA,MV,17:40,20:55,37.23
56878,185.0,3.08,121,22,MAYILADUTURA,MV,VILLUPURAM J,VM,17:45,20:50,39.29
56879,60.0,1.0,38,6,MAYILADUTURA,MV,THIRUVARUR J,TVR,18:10,19:10,38.0
56880,60.0,1.0,38,6,THIRUVARUR J,TVR,MAYILADUTURA,MV,19:45,20:45,38.0
56881,260.0,4.33,160,14,KATPADI JN,KPD,VILLUPURAM J,VM,04:55,09:15,36.95
56882,470.0,7.83,264,30,VILLUPURAM J,VM,TIRUPATI,TPTY,04:50,12:40,33.72
56883,270.0,4.5,160,14,KATPADI JN,KPD,VILLUPURAM J,VM,06:40,11:10,35.56
56884,425.0,7.08,264,27,VILLUPURAM J,VM,TIRUPATI,TPTY,16:35,23:40,37.29
56885,430.0,7.17,264,27,TIRUPATI,TPTY,VILLUPURAM J,VM,13:50,21:00,36.82
56886,250.0,4.17,160,15,VILLUPURAM J,VM,KATPADI JN,KPD,18:50,23:00,38.37
56889,165.0,2.75,104,13,TIRUPATI,TPTY,KATPADI JN,KPD,02:45,05:30,37.82
56902,50.0,0.83,20,5,DHARWAD,DWR,HUBLI JN.,UBL,08:40,09:30,24.1
56903,570.0,9.5,378,33,SOLAPUR,SUR,DHARWAD,DWR,00:40,10:10,39.79
56904,590.0,9.83,377,34,DHARWAD,DWR,SOLAPUR,SUR,17:40,03:30,38.35
56905,555.0,9.25,357,40,SOLAPUR,SUR,HUBLI JN.,UBL,04:45,14:00,38.59
56906,580.0,9.67,356,40,HUBLI JN.,UBL,SOLAPUR,SUR,13:00,22:40,36.81
56907,40.0,0.67,20,5,HUBLI JN.,UBL,DHARWAD,DWR,18:55,19:35,29.85
56909,805.0,13.42,516,36,KRANTIVIRA S,SBC,HOSPET JN.,HPT,22:15,11:40,38.45
56910,915.0,15.25,516,35,HOSPET JN.,HPT,KRANTIVIRA S,SBC,14:00,05:15,33.84
56911,290.0,4.83,191,19,CHIKJAJUR JN,JRU,HUBLI JN.,UBL,05:25,10:15,39.54
56912,310.0,5.17,189,19,HUBLI JN.,UBL,CHIKJAJUR JN,JRU,17:30,22:40,36.56
56913,735.0,12.25,470,44,KRANTIVIRA S,SBC,HUBLI JN.,UBL,06:30,18:45,38.37
56914,720.0,12.0,468,44,HUBLI JN.,UBL,KRANTIVIRA S,SBC,09:15,21:15,39.0
56915,295.0,4.92,191,22,CHIKJAJUR JN,JRU,HUBLI JN.,UBL,04:15,09:10,38.82
56916,300.0,5.0,189,22,HUBLI JN.,UBL,CHIKJAJUR JN,JRU,18:50,23:50,37.8
56917,85.0,1.42,62,5,BIRUR JN.,RRB,SHIMOGA TOWN,SMET,11:40,13:05,43.66
56918,78.0,1.3,62,5,SHIMOGA TOWN,SMET,BIRUR JN.,RRB,14:00,15:18,47.69
56921,210.0,3.5,141,12,HUBLI JN.,UBL,BELGAUM,BGM,18:00,21:30,40.29
56922,220.0,3.67,141,10,BELGAUM,BGM,HUBLI JN.,UBL,06:00,09:40,38.42
56925,80.0,1.33,69,7,KRANTIVIRA S,SBC,TUMKUR,TK,05:30,06:50,51.88
56926,100.0,1.67,69,6,TUMKUR,TK,KRANTIVIRA S,SBC,08:15,09:55,41.32
56961,110.0,1.83,61,11,KULEM,QLM,VASCO-DA-GAM,VSG,06:30,08:20,33.33
56962,90.0,1.5,58,11,VASCO-DA-GAM,VSG,KULEM,QLM,07:35,09:05,38.67
56963,105.0,1.75,61,12,KULEM,QLM,VASCO-DA-GAM,VSG,12:20,14:05,34.86
56964,110.0,1.83,58,12,VASCO-DA-GAM,VSG,KULEM,QLM,13:10,15:00,31.69
56965,105.0,1.75,61,12,KULEM,QLM,VASCO-DA-GAM,VSG,17:15,19:00,34.86
56966,100.0,1.67,58,12,VASCO-DA-GAM,VSG,KULEM,QLM,17:30,19:10,34.73
57121,330.0,5.5,243,26,KAZIPET JN.,KZJ,BALHARSHAH,BPQ,05:00,10:30,44.18
57122,285.0,4.75,191,21,SIRPUR TOWN,SRUR,KAZIPET JN.,KZJ,15:15,20:00,40.21
57123,540.0,9.0,332,39,BHADRACHALAM,BDCR,SIRPUR TOWN,SRUR,05:45,14:45,36.89
57124,615.0,10.25,381,44,BALHARSHAH,BPQ,BHADRACHALAM,BDCR,11:00,21:15,37.17
57129,855.0,14.25,455,63,BIJAPUR JN,BJP,BOLARUM,BMO,18:30,08:45,31.93
57130,925.0,15.42,445,53,HYDERABAD DE,HYB,BIJAPUR JN,BJP,19:45,11:10,28.86
57131,70.0,1.17,22,12,BOLARUM,BMO,HYDERABAD DE,HYB,09:05,10:15,18.8
57133,585.0,9.75,366,42,BIJAPUR JN,BJP,RAICHUR,RC,12:25,22:10,37.54
57134,630.0,10.5,366,38,RAICHUR,RC,BIJAPUR JN,BJP,07:00,17:30,34.86
57135,750.0,12.5,450,47,AJNI,AJNI,KAZIPET JN.,KZJ,21:20,09:50,36.0
57136,850.0,14.17,453,48,KAZIPET JN.,KZJ,AJNI,AJNI,21:15,11:25,31.97
57145,80.0,1.33,56,8,DORNAKAL JN.,DKJ,BHADRACHALAM,BDCR,08:50,10:10,42.11
57146,80.0,1.33,56,8,BHADRACHALAM,BDCR,DORNAKAL JN.,DKJ,17:30,18:50,42.11
57155,425.0,7.08,223,29,GULBARGA,GR,HYDERABAD DE,HYB,03:45,10:50,31.5
57156,345.0,5.75,223,29,HYDERABAD DE,HYB,GULBARGA,GR,17:25,23:10,38.78
57225,635.0,10.58,350,58,VIJAYWADA JN,BZA,VISAKHAPATNA,VSKP,08:25,19:00,33.08
57226,555.0,9.25,350,55,VISAKHAPATNA,VSKP,VIJAYWADA JN,BZA,09:40,18:55,37.84
57229,700.0,11.67,372,35,MACHILIPATNA,MTM,VISAKHAPATNA,VSKP,21:10,08:50,31.88
57230,730.0,12.17,371,36,VISAKHAPATNA,VSKP,MACHILIPATNA,MTM,20:05,08:15,30.48
57231,305.0,5.08,217,27,VIJAYWADA JN,BZA,KAKINADA POR,COA,17:25,22:30,42.72
57232,345.0,5.75,217,27,KAKINADA POR,COA,VIJAYWADA JN,BZA,04:45,10:30,37.74
57237,315.0,5.25,225,28,KAZIPET JN.,KZJ,VIJAYWADA JN,BZA,04:00,09:15,42.86
57238,365.0,6.08,226,29,VIJAYWADA JN,BZA,KAZIPET JN.,KZJ,13:00,19:05,37.17
57239,380.0,6.33,137,21,CHENNAI CENT,MAS,GUDUR JN.,GDR,16:00,22:20,21.64
57240,440.0,7.33,209,31,BITRAGUNTA,BTTR,CHENNAI CENT,MAS,05:15,12:35,28.51
57241,315.0,5.25,220,35,BITRAGUNTA,BTTR,VIJAYWADA JN,BZA,04:00,09:15,41.9
57242,330.0,5.5,220,35,VIJAYWADA JN,BZA,BITRAGUNTA,BTTR,15:15,20:45,40.0
57255,315.0,5.25,168,23,KAKINADA POR,COA,VISAKHAPATNA,VSKP,04:30,09:45,32.0
57256,270.0,4.5,168,23,VISAKHAPATNA,VSKP,KAKINADA POR,COA,17:10,21:40,37.33
57257,1180.0,19.67,602,92,TIRUPATI,TPTY,KAKINADA POR,COA,01:05,20:45,30.6
57258,1185.0,19.75,603,90,KAKINADA POR,COA,TIRUPATI,TPTY,07:00,02:45,30.53
57264,65.0,1.08,29,7,NARASAPUR,NS,BHIMAVARAM J,BVRM,23:05,00:10,26.85
57265,75.0,1.25,29,7,BHIMAVARAM J,BVRM,NARASAPUR,NS,03:50,05:05,23.2
57271,1045.0,17.42,535,68,VIJAYWADA JN,BZA,RAYAGADA JN.,RGDA,21:00,14:25,30.71
57272,1065.0,17.75,535,71,RAYAGADA JN.,RGDA,VIJAYWADA JN,BZA,15:15,09:00,30.14
57273,945.0,15.75,578,59,HUBLI JN.,UBL,TIRUPATI,TPTY,06:00,21:45,36.7
57274,910.0,15.17,577,60,TIRUPATI,TPTY,HUBLI JN.,UBL,06:05,21:15,38.04
57277,405.0,6.75,292,45,GUDUR JN.,GDR,VIJAYWADA JN,BZA,06:10,12:55,43.26
57278,315.0,5.25,220,34,VIJAYWADA JN,BZA,BITRAGUNTA,BTTR,18:15,23:30,41.9
57305,1085.0,18.08,622,78,KACHEGUDA,KCG,GUNTUR JN.,GNT,14:40,08:45,34.4
57306,975.0,16.25,622,56,GUNTUR JN.,GNT,KACHEGUDA,KCG,17:30,09:45,38.28
57307,85.0,1.42,32,18,KACHEGUDA,KCG,MEDCHAL,MED,10:05,11:30,22.54
57308,90.0,1.5,32,18,MEDCHAL,MED,KACHEGUDA,KCG,12:40,14:10,21.33
57317,225.0,3.75,130,17,GUNTUR JN.,GNT,MACHERLA,MCLA,08:00,11:45,34.67
57320,195.0,3.25,130,17,MACHERLA,MCLA,GUNTUR JN.,GNT,16:30,19:45,40.0
57323,60.0,1.0,35,4,NADIKUDE JN.,NDKD,MACHERLA,MCLA,15:00,16:00,35.0
57324,60.0,1.0,35,4,MACHERLA,MCLA,NADIKUDE JN.,NDKD,13:05,14:05,35.0
57325,1040.0,17.33,622,77,KACHEGUDA,KCG,GUNTUR JN.,GNT,05:10,22:30,35.89
57326,1080.0,18.0,622,79,GUNTUR JN.,GNT,KACHEGUDA,KCG,05:15,23:15,34.56
57327,530.0,8.83,333,36,DHONE JN,DHNE,GUNTUR JN.,GNT,06:30,15:20,37.71
57328,555.0,9.25,333,36,GUNTUR JN.,GNT,DHONE JN,DHNE,12:10,21:25,36.0
57329,720.0,12.0,379,49,TIRUPATI,TPTY,GUNTUR JN.,GNT,15:00,03:00,31.58
57330,650.0,10.83,380,49,GUNTUR JN.,GNT,TIRUPATI,TPTY,01:00,11:50,35.09
57381,365.0,6.08,171,31,GUNTUR JN.,GNT,NARASAPUR,NS,16:35,22:40,28.12
57382,335.0,5.58,171,26,NARASAPUR,NS,GUNTUR JN.,GNT,06:05,11:40,30.65
57401,165.0,2.75,104,13,TIRUPATI,TPTY,KATPADI JN,KPD,06:45,09:30,37.82
57402,215.0,3.58,104,13,KATPADI JN,KPD,TIRUPATI,TPTY,14:40,18:15,29.05
57403,170.0,2.83,104,14,TIRUPATI,TPTY,KATPADI JN,KPD,19:30,22:20,36.75
57404,175.0,2.92,104,14,KATPADI JN,KPD,TIRUPATI,TPTY,06:15,09:10,35.62
57405,180.0,3.0,104,13,TIRUPATI,TPTY,KATPADI JN,KPD,11:00,14:00,34.67
57406,235.0,3.92,104,13,KATPADI JN,KPD,TIRUPATI,TPTY,18:15,22:10,26.53
57411,135.0,2.25,83,7,RENIGUNTA JN,RU,GUDUR JN.,GDR,13:45,16:00,36.89
57412,95.0,1.58,83,7,GUDUR JN.,GDR,RENIGUNTA JN,RU,10:55,12:30,52.53
57425,580.0,9.67,358,50,KACHEGUDA,KCG,GUNTAKAL JN.,GTL,09:40,19:20,37.02
57426,605.0,10.08,356,49,GUNTAKAL JN.,GTL,KACHEGUDA,KCG,05:45,15:50,35.32
57429,160.0,2.67,92,12,TIRUPATI,TPTY,GUDUR JN.,GDR,06:30,09:10,34.46
57430,140.0,2.33,93,12,GUDUR JN.,GDR,TIRUPATI,TPTY,17:30,19:50,39.91
57435,365.0,6.08,236,24,KACHEGUDA,KCG,KURNOOL TOWN,KRNT,17:35,23:40,38.82
57436,350.0,5.83,236,41,KURNOOL TOWN,KRNT,KACHEGUDA,KCG,07:00,12:50,40.48
57447,155.0,2.58,105,15,KACHEGUDA,KCG,MAHBUBNAGAR,MBNR,13:10,15:45,40.7
57448,365.0,6.08,182,43,MAHBUBNAGAR,MBNR,MIRZAPALI,MZL,16:10,22:15,29.93
57451,435.0,7.25,234,22,CHIKJAJUR JN,JRU,GUNTAKAL JN.,GTL,14:30,21:45,32.28
57452,365.0,6.08,234,22,GUNTAKAL JN.,GTL,CHIKJAJUR JN,JRU,07:05,13:10,38.49
57456,145.0,2.42,105,20,MAHBUBNAGAR,MBNR,KACHEGUDA,KCG,14:10,16:35,43.39
57473,405.0,6.75,191,40,KACHEGUDA,KCG,BODHAN,BDHN,16:10,22:55,28.3
57474,530.0,8.83,297,62,BODHAN,BDHN,MAHBUBNAGAR,MBNR,04:45,13:35,33.64
57475,720.0,12.0,370,39,TIRUPATI,TPTY,GUNTAKAL JN.,GTL,08:15,20:15,30.83
57476,605.0,10.08,370,40,GUNTAKAL JN.,GTL,TIRUPATI,TPTY,07:10,17:15,36.71
57477,810.0,13.5,473,42,TIRUPATI,TPTY,RAYA DRUG,RDG,22:30,12:00,35.04
57478,955.0,15.92,474,42,RAYA DRUG,RDG,TIRUPATI,TPTY,14:25,06:20,29.77
57486,170.0,2.83,77,27,MIRZAPALI,MZL,KACHEGUDA,KCG,05:50,08:40,27.21
57501,60.0,1.0,26,5,NIZAMABAD,NZB,BODHAN,BDHN,06:35,07:35,26.0
57502,210.0,3.5,114,16,BODHAN,BDHN,MIRZAPALI,MZL,07:55,11:25,32.57
57503,210.0,3.5,114,16,MIRZAPALI,MZL,BODHAN,BDHN,15:30,19:00,32.57
57504,65.0,1.08,26,5,BODHAN,BDHN,NIZAMABAD,NZB,19:40,20:45,24.07
57512,125.0,2.08,58,8,PARBHANI JN.,PBN,NANDED,NED,09:40,11:45,27.88
57515,925.0,15.42,581,57,DAUND JN.,DD,NANDED,NED,13:00,04:25,37.68
57516,905.0,15.08,581,58,NANDED,NED,DAUND JN.,DD,20:50,11:55,38.53
57517,165.0,2.75,115,15,HYDERABAD DE,HYB,TANDUR,TDU,12:15,15:00,41.82
57518,175.0,2.92,114,15,TANDUR,TDU,HYDERABAD DE,HYB,16:15,19:10,39.04
57521,165.0,2.75,92,11,PARLI VAIJNA,PRLI,PURNA  JN.,PAU,20:45,23:30,33.45
57522,165.0,2.75,92,11,PURNA  JN.,PAU,PARLI VAIJNA,PRLI,16:15,19:00,33.45
57539,505.0,8.42,298,36,AKOLA JN.,AK,PARLI VAIJNA,PRLI,14:15,22:40,35.39
57540,475.0,7.92,299,36,PARLI VAIJNA,PRLI,AKOLA JN.,AK,13:15,21:10,37.75
57541,600.0,10.0,325,34,NAGARSOL,NSL,NANDED,NED,05:20,15:20,32.5
57542,595.0,9.92,347,36,NANDED,NED,MANMAD JN.,MMR,18:45,04:40,34.98
57547,790.0,13.17,435,48,HYDERABAD DE,HYB,PURNA  JN.,PAU,07:55,21:05,33.03
57548,755.0,12.58,435,47,PURNA  JN.,PAU,HYDERABAD DE,HYB,07:30,20:05,34.58
57549,1000.0,16.67,583,59,HYDERABAD DE,HYB,AURANGABAD,AWB,21:35,14:15,34.97
57550,930.0,15.5,583,57,AURANGABAD,AWB,HYDERABAD DE,HYB,15:35,07:05,37.61
57551,325.0,5.42,223,30,PURNA  JN.,PAU,ADILABAD,ADB,18:25,23:50,41.14
57552,330.0,5.5,225,30,ADILABAD,ADB,PURNA  JN.,PAU,15:15,20:45,40.91
57553,505.0,8.42,316,41,PARLI VAIJNA,PRLI,ADILABAD,ADB,04:30,12:55,37.53
57554,555.0,9.25,317,41,ADILABAD,ADB,PARLI VAIJNA,PRLI,03:30,12:45,34.27
57557,230.0,3.83,110,16,NIZAMABAD,NZB,NANDED,NED,06:05,09:55,28.72
57558,170.0,2.83,110,16,NANDED,NED,NIZAMABAD,NZB,18:15,21:05,38.87
57561,1090.0,18.17,623,88,KACHEGUDA,KCG,MANMAD JN.,MMR,04:50,23:00,34.29
57562,1045.0,17.42,620,87,MANMAD JN.,MMR,KACHEGUDA,KCG,05:20,22:45,35.59
57563,635.0,10.58,340,45,HYDERABAD DE,HYB,PARBHANI JN.,PBN,22:40,09:15,32.14
57564,495.0,8.25,279,29,NANDED,NED,HYDERABAD DE,HYB,23:30,07:45,33.82
57581,290.0,4.83,206,26,AKOLA JN.,AK,PURNA  JN.,PAU,06:30,11:20,42.65
57582,330.0,5.5,206,26,PURNA  JN.,PAU,AKOLA JN.,AK,07:00,12:30,37.45
57583,375.0,6.25,206,26,AKOLA JN.,AK,PURNA  JN.,PAU,22:15,04:30,32.96
57584,300.0,5.0,206,26,PURNA  JN.,PAU,AKOLA JN.,AK,22:00,03:00,41.2
57590,65.0,1.08,19,3,MANMAD JN.,MMR,NAGARSOL,NSL,23:15,00:20,17.59
57593,430.0,7.17,243,36,MEDCHAL,MED,NANDED,NED,15:10,22:20,33.89
57594,435.0,7.25,243,36,NANDED,NED,MEDCHAL,MED,04:55,12:10,33.52
57601,275.0,4.58,165,23,KACHEGUDA,KCG,NIZAMABAD,NZB,06:00,10:35,36.03
57602,250.0,4.17,165,21,NIZAMABAD,NZB,KACHEGUDA,KCG,18:50,23:00,39.57
57605,130.0,2.17,72,11,SECUNDERABAD,SC,VIKRABAD JN.,VKB,08:10,10:20,33.18
57606,170.0,2.83,79,12,VIKRABAD JN.,VKB,KACHEGUDA,KCG,10:55,13:45,27.92
57625,590.0,9.83,341,37,SECUNDERABAD,SC,MANUGURU,MUGR,18:40,04:30,34.69
57626,580.0,9.67,341,37,MANUGURU,MUGR,SECUNDERABAD,SC,23:45,09:25,35.26
57628,200.0,3.33,112,15,GULBARGA,GR,SOLAPUR,SUR,16:10,19:30,33.63
57631,550.0,9.17,377,37,SOLAPUR,SUR,GUNTAKAL JN.,GTL,03:50,13:00,41.11
57632,370.0,6.17,265,31,GUNTAKAL JN.,GTL,GULBARGA,GR,15:30,21:40,42.95
57641,470.0,7.83,299,37,SOLAPUR,SUR,GADAG JN.,GDG,11:50,19:40,38.19
57642,450.0,7.5,299,25,GADAG JN.,GDG,SOLAPUR,SUR,02:00,09:30,39.87
57649,50.0,0.83,36,5,GULBARGA,GR,WADI JN.,WADI,22:55,23:45,43.37
57650,240.0,4.0,149,19,WADI JN.,WADI,SOLAPUR,SUR,06:45,10:45,37.25
57651,560.0,9.33,341,40,SECUNDERABAD,SC,REPALLE,RAL,10:50,20:10,36.55
57652,600.0,10.0,341,40,REPALLE,RAL,SECUNDERABAD,SC,07:00,17:00,34.1
57657,335.0,5.58,209,23,MANUGURU,MUGR,KAZIPET JN.,KZJ,06:15,11:50,37.46
57658,325.0,5.42,209,23,KAZIPET JN.,KZJ,MANUGURU,MUGR,13:05,18:30,38.56
57659,560.0,9.33,347,52,SOLAPUR,SUR,FALAKNUMA,FM,10:25,19:45,37.19
57660,460.0,7.67,235,38,FALAKNUMA,FM,GULBARGA,GR,05:00,12:40,30.64
57685,160.0,2.67,108,10,SOLAPUR,SUR,BIJAPUR JN,BJP,20:10,22:50,40.45
57686,155.0,2.58,108,8,BIJAPUR JN,BJP,SOLAPUR,SUR,00:05,02:40,41.86
57687,245.0,4.08,165,14,NIZAMABAD,NZB,KACHEGUDA,KCG,14:25,18:30,40.44
57688,290.0,4.83,165,11,KACHEGUDA,KCG,NIZAMABAD,NZB,18:55,23:45,34.16
57689,265.0,4.42,165,12,NIZAMABAD,NZB,KACHEGUDA,KCG,05:00,09:25,37.33
57690,245.0,4.08,165,16,KACHEGUDA,KCG,NIZAMABAD,NZB,09:50,13:55,40.44
58001,925.0,15.42,526,91,HOWRAH JN.,HWH,PURI,PURI,00:05,15:30,34.11
58002,960.0,16.0,518,90,PURI,PURI,SANTRAGACHI,SRC,09:40,01:40,32.38
58003,425.0,7.08,299,38,HOWRAH JN.,HWH,BHADRAKH,BHC,15:25,22:30,42.23
58004,415.0,6.92,298,39,BHADRAKH,BHC,HOWRAH JN.,HWH,04:35,11:30,43.06
58005,455.0,7.58,366,32,KHARAGPUR,KGP,KHURDA ROAD,KUR,04:40,12:15,48.28
58006,450.0,7.5,366,32,KHURDA ROAD,KUR,KHARAGPUR,KGP,16:20,23:50,48.8
58007,265.0,4.42,182,28,KHARAGPUR,KGP,BHADRAKH,BHC,06:35,11:00,41.18
58008,240.0,4.0,182,28,BHADRAKH,BHC,KHARAGPUR,KGP,16:00,20:00,45.5
58009,380.0,6.33,226,36,KHARAGPUR,KGP,JAJPUR KEONJ,JJKR,15:55,22:15,35.7
58010,325.0,5.42,226,36,JAJPUR KEONJ,JJKR,KHARAGPUR,KGP,05:45,11:10,41.7
58011,615.0,10.25,442,45,HOWRAH JN.,HWH,CHAKARADHARP,CKP,23:05,09:20,43.12
58012,670.0,11.17,441,45,CHAKARADHARP,CKP,HOWRAH JN.,HWH,17:10,04:20,39.48
58013,175.0,2.92,82,12,ADRA,ADRA,BOKARO STEEL,BKSC,06:05,09:00,28.08
58014,145.0,2.42,82,12,BOKARO STEEL,BKSC,ADRA,ADRA,19:15,21:40,33.88
58015,335.0,5.58,284,28,HOWRAH JN.,HWH,ADRA,ADRA,17:45,23:20,50.9
58016,340.0,5.67,284,28,ADRA,ADRA,HOWRAH JN.,HWH,04:30,10:10,50.09
58017,350.0,5.83,209,31,KHARAGPUR,KGP,ASANSOL MAIN,ASN,05:30,11:20,35.85
58018,320.0,5.33,210,31,ASANSOL MAIN,ASN,KHARAGPUR,KGP,17:05,22:25,39.4
58019,85.0,1.42,41,9,ADRA,ADRA,ASANSOL MAIN,ASN,14:30,15:55,28.87
58020,75.0,1.25,41,9,ASANSOL MAIN,ASN,ADRA,ADRA,12:10,13:25,32.8
58021,235.0,3.92,137,18,KHARAGPUR,KGP,TATANAGAR JN,TATA,09:15,13:10,34.95
58022,170.0,2.83,137,19,TATANAGAR JN,TATA,KHARAGPUR,KGP,18:20,21:10,48.41
58023,360.0,6.0,161,26,TATANAGAR JN,TATA,BARKAKANA,BRKA,15:00,21:00,26.83
58024,360.0,6.0,162,26,BARKAKANA,BRKA,TATANAGAR JN,TATA,04:30,10:30,27.0
58025,650.0,10.83,339,44,KHARAGPUR,KGP,HATIA,HTE,08:40,19:30,31.3
58026,535.0,8.92,336,44,HATIA,HTE,KHARAGPUR,KGP,09:00,17:55,37.67
58029,115.0,1.92,62,10,BALASORE,BLS,BHADRAKH,BHC,13:40,15:35,32.29
58030,85.0,1.42,62,10,BHADRAKH,BHC,BALASORE,BLS,11:45,13:10,43.66
58031,90.0,1.5,69,9,CHAKULIA,CKU,TATANAGAR JN,TATA,13:40,15:10,46.0
58032,85.0,1.42,69,9,TATANAGAR JN,TATA,CHAKULIA,CKU,11:20,12:45,48.59
58033,200.0,3.33,117,15,BOKARO STEEL,BKSC,RANCHI,RNC,09:10,12:30,35.14
58034,190.0,3.17,114,15,RANCHI,RNC,BOKARO STEEL,BKSC,15:45,18:55,35.96
58103,250.0,4.17,148,18,TATANAGAR JN,TATA,BARBIL,BBN,17:00,21:10,35.49
58104,275.0,4.58,148,18,BARBIL,BBN,TATANAGAR JN,TATA,05:20,09:55,32.31
58109,240.0,4.0,147,19,TATANAGAR JN,TATA,GUA,GUA,07:30,11:30,36.75
58110,345.0,5.75,147,19,GUA,GUA,TATANAGAR JN,TATA,13:30,19:15,25.57
58113,790.0,13.17,470,60,TATANAGAR JN,TATA,BILASPUR JN.,BSP,17:45,06:55,35.69
58114,870.0,14.5,469,61,BILASPUR JN.,BSP,TATANAGAR JN,TATA,19:20,09:50,32.34
58117,845.0,14.08,503,65,JHARSUGUDA J,JSG,GONDIA JN.,G,07:15,21:20,35.72
58118,835.0,13.92,496,64,GONDIA JN.,G,JHARSUGUDA J,JSG,05:05,19:00,35.63
58131,930.0,15.5,520,78,ROURKELA,ROU,PURI,PURI,08:00,23:30,33.55
58132,960.0,16.0,526,78,PURI,PURI,ROURKELA,ROU,04:25,20:25,32.88
58133,140.0,2.33,101,15,ROURKELA,ROU,JHARSUGUDA J,JSG,14:50,17:10,43.35
58134,185.0,3.08,101,15,JHARSUGUDA J,JSG,ROURKELA,ROU,09:10,12:15,32.79
58135,77.0,1.28,48,9,JHARSUGUDA J,JSG,SAMBALPUR JN,SBP,04:38,05:55,37.5
58136,90.0,1.5,48,9,SAMBALPUR JN,SBP,JHARSUGUDA J,JSG,07:30,09:00,32.0
58137,82.0,1.37,48,9,JHARSUGUDA J,JSG,SAMBALPUR JN,SBP,17:23,18:45,35.04
58138,80.0,1.33,48,9,SAMBALPUR JN,SBP,JHARSUGUDA J,JSG,19:15,20:35,36.09
58143,360.0,6.0,175,26,TATANAGAR JN,TATA,HATIA,HTE,05:30,11:30,29.17
58151,195.0,3.25,96,12,BIRMITRAPUR,BRMP,BARSUAN,BXF,07:15,10:30,29.54
58152,195.0,3.25,96,12,BARSUAN,BXF,BIRMITRAPUR,BRMP,14:35,17:50,29.54
58161,455.0,7.58,261,35,HATIA,HTE,JHARSUGUDA J,JSG,11:45,19:20,34.43
58162,460.0,7.67,261,34,JHARSUGUDA J,JSG,HATIA,HTE,06:20,14:00,34.03
58163,435.0,7.25,272,23,GARBETA,GBA,RANCHI,RNC,05:45,13:00,37.52
58164,358.0,5.97,269,23,RANCHI,RNC,GARBETA,GBA,15:22,21:20,45.06
58201,160.0,2.67,112,15,BILASPUR JN.,BSP,RAIPUR JN.,R,07:05,09:45,41.95
58202,185.0,3.08,111,15,RAIPUR JN.,R,BILASPUR JN.,BSP,19:25,22:30,36.04
58203,305.0,5.08,209,29,GEVRA-ROAD,GAD,RAIPUR JN.,R,07:55,13:00,41.14
58204,335.0,5.58,209,29,RAIPUR JN.,R,GEVRA-ROAD,GAD,18:20,23:55,37.46
58205,455.0,7.58,310,42,RAIPUR JN.,R,ITWARI JN.,ITR,13:30,21:05,40.9
58206,600.0,10.0,302,43,ITWARI JN.,ITR,RAIPUR JN.,R,07:30,17:30,30.2
58207,490.0,8.17,305,30,RAIPUR JN.,R,JUNAGARH ROA,JNRD,15:15,23:25,37.33
58208,500.0,8.33,305,30,JUNAGARH ROA,JNRD,RAIPUR JN.,R,01:55,10:15,36.61
58209,155.0,2.58,96,12,GEVRA-ROAD,GAD,BILASPUR JN.,BSP,11:15,13:50,37.21
58210,170.0,2.83,97,15,BILASPUR JN.,BSP,GEVRA-ROAD,GAD,07:35,10:25,34.28
58212,160.0,2.67,97,15,BILASPUR JN.,BSP,GEVRA-ROAD,GAD,14:20,17:00,36.33
58213,800.0,13.33,431,48,TITLA GARH J,TIG,BILASPUR JN.,BSP,08:30,21:50,32.33
58214,720.0,12.0,433,48,BILASPUR JN.,BSP,TITLA GARH J,TIG,06:50,18:50,36.08
58217,300.0,5.0,204,13,TITLA GARH J,TIG,RAIPUR JN.,R,19:30,00:30,40.8
58218,325.0,5.42,204,14,RAIPUR JN.,R,TITLA GARH J,TIG,02:00,07:25,37.64
58219,530.0,8.83,237,29,BILASPUR JN.,BSP,CHIRMIRI,CHRM,23:00,07:50,26.84
58220,540.0,9.0,237,29,CHIRMIRI,CHRM,BILASPUR JN.,BSP,20:30,05:30,26.33
58221,325.0,5.42,214,20,CHIRMIRI,CHRM,CHANDIA ROAD,CHD,08:30,13:55,39.48
58222,325.0,5.42,213,20,CHANDIA ROAD,CHD,CHIRMIRI,CHRM,14:15,19:40,39.3
58223,275.0,4.58,143,15,MANENDRAGARH,MDGR,AMBIKAPUR,ABKP,07:25,12:00,31.22
58224,270.0,4.5,174,20,AMBIKAPUR,ABKP,ANUPPUR JN.,APR,12:30,17:00,38.67
58227,135.0,2.25,64,9,ANUPPUR JN.,APR,MANENDRAGARH,MDGR,17:45,20:00,28.44
58301,915.0,15.25,494,41,SAMBALPUR JN,SBP,KORAPUT JN.,KRPU,07:15,22:30,32.39
58302,900.0,15.0,494,41,KORAPUT JN.,KRPU,SAMBALPUR JN,SBP,03:00,18:00,32.93
58303,125.0,2.08,54,6,LANJI GARH R,LJR,JUNAGARH ROA,JNRD,13:00,15:05,25.96
58304,90.0,1.5,54,6,JUNAGARH ROA,JNRD,LANJI GARH R,LJR,09:45,11:15,36.0
58401,110.0,1.83,82,14,CUTTACK JN.,CTC,PARADEEP,PRDP,19:00,20:50,44.81
58402,110.0,1.83,82,14,PARADEEP,PRDP,CUTTACK JN.,CTC,06:30,08:20,44.81
58403,90.0,1.5,43,11,KHURDA ROAD,KUR,PURI,PURI,07:00,08:30,28.67
58404,75.0,1.25,43,11,PURI,PURI,KHURDA ROAD,KUR,17:45,19:00,34.4
58405,95.0,1.58,82,11,CUTTACK JN.,CTC,PARADEEP,PRDP,15:00,16:35,51.9
58406,105.0,1.75,82,11,PARADEEP,PRDP,CUTTACK JN.,CTC,10:45,12:30,46.86
58408,215.0,3.58,142,30,BHUBANESWAR,BBS,BHADRAKH,BHC,17:50,21:25,39.66
58409,75.0,1.25,43,11,KHURDA ROAD,KUR,PURI,PURI,12:30,13:45,34.4
58410,75.0,1.25,43,11,PURI,PURI,KHURDA ROAD,KUR,23:00,00:15,34.4
58411,260.0,4.33,165,27,BHUBANESWAR,BBS,BERHAMPUR,BAM,09:55,14:15,38.11
58412,230.0,3.83,165,27,BERHAMPUR,BAM,BHUBANESWAR,BBS,14:45,18:35,43.08
58413,370.0,6.17,202,42,TALCHER,TLHR,PURI,PURI,05:30,11:40,32.74
58414,345.0,5.75,202,43,PURI,PURI,TALCHER,TLHR,16:30,22:15,35.13
58415,170.0,2.83,90,21,CUTTACK JN.,CTC,PURI,PURI,16:50,19:40,31.8
58416,185.0,3.08,90,21,PURI,PURI,CUTTACK JN.,CTC,08:00,11:05,29.22
58417,760.0,12.67,380,59,PURI,PURI,GUNUPUR,GNPR,07:35,20:15,29.99
58418,680.0,11.33,380,59,GUNUPUR,GNPR,PURI,PURI,06:25,17:45,33.54
58419,380.0,6.33,239,36,BHUBANESWAR,BBS,PALASA,PSA,19:00,01:20,37.76
58420,340.0,5.67,239,36,PALASA,PSA,BHUBANESWAR,BBS,05:45,11:25,42.15
58421,340.0,5.67,196,30,ANGUL,ANGL,PURI,PURI,05:15,10:55,34.57
58422,325.0,5.42,196,30,PURI,PURI,ANGUL,ANGL,16:15,21:40,36.16
58423,195.0,3.25,115,23,BHADRAKH,BHC,CUTTACK JN.,CTC,13:45,17:00,35.38
58424,205.0,3.42,115,23,CUTTACK JN.,CTC,BHADRAKH,BHC,09:05,12:30,33.63
58425,310.0,5.17,214,22,KENDUJHAR,KDJR,BHUBANESWAR,BBS,06:30,11:40,41.39
58426,305.0,5.08,214,22,BHUBANESWAR,BBS,KENDUJHAR,KDJR,16:00,21:05,42.13
58427,175.0,2.92,88,9,PALASA,PSA,GUNUPUR,GNPR,03:00,05:55,30.14
58428,230.0,3.83,88,8,GUNUPUR,GNPR,PALASA,PSA,20:45,00:35,22.98
58429,105.0,1.75,65,7,KHURDA ROAD,KUR,NAYAGARHTOWN,NYGT,19:30,21:15,37.14
58430,105.0,1.75,65,7,NAYAGARHTOWN,NYGT,KHURDA ROAD,KUR,05:00,06:45,37.14
58431,95.0,1.58,65,7,KHURDA ROAD,KUR,NAYAGARHTOWN,NYGT,07:15,08:50,41.14
58432,105.0,1.75,65,7,NAYAGARHTOWN,NYGT,KHURDA ROAD,KUR,09:20,11:05,37.14
58433,235.0,3.92,192,18,CUTTACK JN.,CTC,BERHAMPUR,BAM,17:30,21:25,48.98
58434,225.0,3.75,192,17,BERHAMPUR,BAM,CUTTACK JN.,CTC,07:30,11:15,51.2
58435,180.0,3.0,115,23,BHADRAKH,BHC,CUTTACK JN.,CTC,15:30,18:30,38.33
58436,215.0,3.58,115,23,CUTTACK JN.,CTC,BHADRAKH,BHC,11:35,15:10,32.12
58501,835.0,13.92,471,53,VISAKHAPATNA,VSKP,KIRANDUL,KRDL,06:50,20:45,33.84
58502,835.0,13.92,471,53,KIRANDUL,KRDL,VISAKHAPATNA,VSKP,06:15,20:10,33.84
58503,260.0,4.33,184,25,RAYAGADA JN.,RGDA,VISAKHAPATNA,VSKP,05:00,09:20,42.49
58504,245.0,4.08,184,25,VISAKHAPATNA,VSKP,RAYAGADA JN.,RGDA,16:55,21:00,45.1
58505,525.0,8.75,267,28,GUNUPUR,GNPR,VISAKHAPATNA,VSKP,12:35,21:20,30.51
58506,405.0,6.75,267,28,VISAKHAPATNA,VSKP,GUNUPUR,GNPR,05:20,12:05,39.56
58525,355.0,5.92,202,27,PALASA,PSA,VISAKHAPATNA,VSKP,08:50,14:45,34.12
58526,340.0,5.67,202,26,VISAKHAPATNA,VSKP,PALASA,PSA,11:35,17:15,35.63
58527,965.0,16.08,528,56,RAIPUR JN.,R,VISAKHAPATNA,VSKP,05:30,21:35,32.84
58528,995.0,16.58,528,56,VISAKHAPATNA,VSKP,RAIPUR JN.,R,02:55,19:30,31.85
58529,1045.0,17.42,570,64,DURG,DURG,VISAKHAPATNA,VSKP,18:30,11:55,32.72
58530,945.0,15.75,571,64,VISAKHAPATNA,VSKP,DURG,DURG,21:40,13:25,36.25
58531,275.0,4.58,202,27,PALASA,PSA,VISAKHAPATNA,VSKP,05:25,10:00,44.1
58532,295.0,4.92,202,27,VISAKHAPATNA,VSKP,PALASA,PSA,18:35,23:30,41.06
58533,445.0,7.42,266,43,CUTTACK JN.,CTC,PALASA,PSA,16:15,23:40,35.85
58534,385.0,6.42,266,43,PALASA,PSA,CUTTACK JN.,CTC,04:25,10:50,41.43
58535,110.0,1.83,82,14,CUTTACK JN.,CTC,PARADEEP,PRDP,11:15,13:05,44.81
58536,110.0,1.83,82,14,PARADEEP,PRDP,CUTTACK JN.,CTC,13:30,15:20,44.81
58537,595.0,9.92,357,39,KORAPUT JN.,KRPU,VISAKHAPATNA,VSKP,05:50,15:45,35.99
58538,555.0,9.25,357,39,VISAKHAPATNA,VSKP,KORAPUT JN.,KRPU,07:05,16:20,38.59
58601,230.0,3.83,168,22,KHARAGPUR,KGP,ADRA,ADRA,17:20,21:10,43.86
58602,295.0,4.92,168,22,ADRA,ADRA,KHARAGPUR,KGP,05:35,10:30,34.15
58603,465.0,7.75,248,40,KHARAGPUR,KGP,NSC BOSE J G,GMO,14:15,22:00,32.0
58604,440.0,7.33,249,40,NSC BOSE J G,GMO,KHARAGPUR,KGP,06:40,14:00,33.97
58621,315.0,5.25,157,22,ADRA,ADRA,BARKAKANA,BRKA,04:45,10:00,29.9
58622,385.0,6.42,157,22,BARKAKANA,BRKA,ADRA,ADRA,14:15,20:40,24.45
58651,90.0,1.5,66,10,RANCHI,RNC,LOHARDAGA  B,LAD,05:00,06:30,44.0
58652,90.0,1.5,67,10,LOHARDAGA  B,LAD,RANCHI,RNC,07:00,08:30,44.67
58653,155.0,2.58,110,12,RANCHI,RNC,TORI,TORI,08:55,11:30,42.64
58654,155.0,2.58,111,12,TORI,TORI,RANCHI,RNC,12:00,14:35,43.02
58655,90.0,1.5,66,10,RANCHI,RNC,LOHARDAGA  B,LAD,15:00,16:30,44.0
58656,90.0,1.5,67,10,LOHARDAGA  B,LAD,RANCHI,RNC,17:00,18:30,44.67
58657,90.0,1.5,66,10,RANCHI,RNC,LOHARDAGA  B,LAD,18:55,20:25,44.0
58658,80.0,1.33,67,7,LOHARDAGA  B,LAD,RANCHI,RNC,20:55,22:15,50.38
58659,330.0,5.5,160,21,HATIA,HTE,ROURKELA,ROU,16:40,22:10,29.09
58660,360.0,6.0,160,21,ROURKELA,ROU,HATIA,HTE,04:40,10:40,26.67
58661,375.0,6.25,222,29,TATANAGAR JN,TATA,HATIA,HTE,11:30,17:45,35.52
58662,380.0,6.33,219,29,HATIA,HTE,TATANAGAR JN,TATA,04:20,10:40,34.6
58701,345.0,5.75,215,24,SHAHDOL,SDL,AMBIKAPUR,ABKP,14:25,20:10,37.39
58702,340.0,5.67,215,24,AMBIKAPUR,ABKP,SHAHDOL,SDL,08:25,14:05,37.92
58711,140.0,2.33,51,8,KENDRI,KDRI,DHAMTARI,DTR,07:50,10:10,21.89
58712,130.0,2.17,50,8,DHAMTARI,DTR,KENDRI,KDRI,06:30,08:40,23.04
58713,145.0,2.42,51,8,KENDRI,KDRI,DHAMTARI,DTR,13:30,15:55,21.07
58714,130.0,2.17,50,8,DHAMTARI,DTR,KENDRI,KDRI,12:15,14:25,23.04
58715,145.0,2.42,51,8,KENDRI,KDRI,DHAMTARI,DTR,19:25,21:50,21.07
58716,130.0,2.17,50,8,DHAMTARI,DTR,KENDRI,KDRI,18:10,20:20,23.04
58717,75.0,1.25,22,4,KENDRI,KDRI,RAJIM,RIM,17:05,18:20,17.6
58718,70.0,1.17,22,4,RAJIM,RIM,KENDRI,KDRI,09:35,10:45,18.8
58719,50.0,0.83,17,3,ABHANPUR JN.,AVP,RAJIM,RIM,08:30,09:20,20.48
58720,50.0,0.83,16,3,RAJIM,RIM,ABHANPUR JN.,AVP,06:55,07:45,19.28
58721,50.0,0.83,17,3,ABHANPUR JN.,AVP,RAJIM,RIM,20:15,21:05,20.48
58722,50.0,0.83,16,3,RAJIM,RIM,ABHANPUR JN.,AVP,18:35,19:25,19.28
58801,375.0,6.25,249,28,BALHARSHAH,BPQ,GONDIA JN.,G,14:15,20:30,39.84
58802,405.0,6.75,249,28,GONDIA JN.,G,BALHARSHAH,BPQ,07:00,13:45,36.89
58803,380.0,6.33,249,28,BALHARSHAH,BPQ,GONDIA JN.,G,05:45,12:05,39.34
58804,345.0,5.75,249,28,GONDIA JN.,G,BALHARSHAH,BPQ,17:15,23:00,43.3
58805,365.0,6.08,238,27,CHANDAFORT,CAF,GONDIA JN.,G,10:20,16:25,39.14
58806,150.0,2.5,103,14,GONDIA JN.,G,WADSA,WSA,19:10,21:40,41.2
58808,155.0,2.58,135,14,WADSA,WSA,CHANDAFORT,CAF,07:20,09:55,52.33
58809,75.0,1.25,38,7,RAMTEK,RTK,ITWARI JN.,ITR,07:30,08:45,30.4
58810,90.0,1.5,42,8,NAGPUR JN.(C,NGP,RAMTEK,RTK,05:40,07:10,28.0
58811,105.0,1.75,43,8,RAMTEK,RTK,NAGPUR JN.(C,NGP,21:25,23:10,24.57
58812,80.0,1.33,38,7,ITWARI JN.,ITR,RAMTEK,RTK,19:10,20:30,28.57
58813,100.0,1.67,38,7,RAMTEK,RTK,ITWARI JN.,ITR,14:00,15:40,22.75
58814,75.0,1.25,38,7,ITWARI JN.,ITR,RAMTEK,RTK,12:00,13:15,30.4
58815,240.0,4.0,123,20,ITWARI JN.,ITR,TIRODI,TRDI,13:10,17:10,30.75
58816,210.0,3.5,124,20,TIRODI,TRDI,ITWARI JN.,ITR,08:05,11:35,35.43
58817,95.0,1.58,47,9,TUMSAR RD,TMR,TIRODI,TRDI,05:45,07:20,29.75
58818,80.0,1.33,46,9,TIRODI,TRDI,TUMSAR RD,TMR,17:35,18:55,34.59
58843,280.0,4.67,104,17,ITWARI JN.,ITRN,NAGBHIR JN.,NABN,06:10,10:50,22.27
58844,255.0,4.25,104,17,NAGBHIR JN.,NABN,ITWARI JN.,ITRN,06:15,10:30,24.47
58845,270.0,4.5,104,17,ITWARI JN.,ITRN,NAGBHIR JN.,NABN,10:40,15:10,23.11
58846,270.0,4.5,104,17,NAGBHIR JN.,NABN,ITWARI JN.,ITRN,12:30,17:00,23.11
58847,265.0,4.42,104,17,ITWARI JN.,ITRN,NAGBHIR JN.,NABN,18:10,22:35,23.53
58848,255.0,4.25,104,17,NAGBHIR JN.,NABN,ITWARI JN.,ITRN,16:45,21:00,24.47
58877,320.0,5.33,104,17,ITWARI JN.,ITRN,NAGBHIR JN.,NABN,14:00,19:20,19.51
58878,315.0,5.25,104,17,NAGBHIR JN.,NABN,ITWARI JN.,ITRN,08:00,13:15,19.81
59013,580.0,9.67,334,31,SURAT,ST,BHUSAVAL JN.,BSL,23:35,09:15,34.54
59014,585.0,9.75,335,31,BHUSAVAL JN.,BSL,SURAT,ST,18:25,04:10,34.36
59023,285.0,4.75,193,20,MUMBAI CENTR,BCT,VALSAD,BL,18:10,22:55,40.63
59024,265.0,4.42,193,21,VALSAD,BL,MUMBAI CENTR,BCT,04:50,09:15,43.67
59037,400.0,6.67,206,30,VIRAR,VR,SURAT,ST,17:10,23:50,30.88
59038,340.0,5.67,206,31,SURAT,ST,VIRAR,VR,04:15,09:55,36.33
59039,185.0,3.08,138,18,VIRAR,VR,VALSAD,BL,11:25,14:30,44.81
59040,140.0,2.33,114,14,VAPI,VAPI,VIRAR,VR,13:55,16:15,48.93
59045,230.0,3.83,158,20,BANDRA TERMI,BDTS,VAPI,VAPI,09:25,13:15,41.25
59046,280.0,4.67,182,23,VALSAD,BL,BANDRA TERMI,BDTS,16:30,21:10,38.97
59048,105.0,1.75,68,13,SURAT,ST,VALSAD,BL,18:20,20:05,38.86
59049,845.0,14.08,362,62,VALSAD,BL,VIRAMGAM JN,VG,06:05,20:10,25.71
59050,775.0,12.92,362,62,VIRAMGAM JN,VG,VALSAD,BL,07:50,20:45,28.02
59075,720.0,12.0,334,44,SURAT,ST,BHUSAVAL JN.,BSL,07:20,19:20,27.83
59076,660.0,11.0,335,44,BHUSAVAL JN.,BSL,SURAT,ST,08:45,19:45,30.45
59077,545.0,9.08,334,30,SURAT,ST,BHUSAVAL JN.,BSL,16:45,01:50,36.78
59078,620.0,10.33,335,31,BHUSAVAL JN.,BSL,SURAT,ST,21:15,07:35,32.43
59101,210.0,3.5,62,11,VADODARA JN.,BRC,KATHANA,KTNA,15:55,19:25,17.71
59102,205.0,3.42,62,11,KATHANA,KTNA,VADODARA JN.,BRC,05:10,08:35,18.13
59103,215.0,3.58,62,11,VADODARA JN.,BRC,KATHANA,KTNA,09:15,12:50,17.32
59104,205.0,3.42,62,11,KATHANA,KTNA,VADODARA JN.,BRC,14:00,17:25,18.13
59117,150.0,2.5,99,18,PRATAP NAGAR,PRTN,CHHOTA UDEPU,CTD,07:20,09:50,39.6
59118,170.0,2.83,105,19,CHHOTA UDEPU,CTD,VADODARA JN.,BRC,06:15,09:05,37.1
59119,170.0,2.83,105,19,VADODARA JN.,BRC,CHHOTA UDEPU,CTD,17:50,20:40,37.1
59120,150.0,2.5,99,18,CHHOTA UDEPU,CTD,PRATAP NAGAR,PRTN,17:05,19:35,39.6
59121,170.0,2.83,105,19,VADODARA JN.,BRC,CHHOTA UDEPU,CTD,09:50,12:40,37.1
59122,175.0,2.92,105,19,CHHOTA UDEPU,CTD,VADODARA JN.,BRC,10:45,13:40,35.96
59151,200.0,3.33,104,10,NADIAD JN.,ND,MODASA,MDSA,18:25,21:45,31.23
59152,200.0,3.33,104,10,MODASA,MDSA,NADIAD JN.,ND,06:00,09:20,31.23
59153,210.0,3.5,104,10,NADIAD JN.,ND,MODASA,MDSA,10:00,13:30,29.71
59154,210.0,3.5,104,10,MODASA,MDSA,NADIAD JN.,ND,14:15,17:45,29.71
59161,195.0,3.25,105,20,BHARUCH JN.,BH,ANAND JN.,ANND,05:45,09:00,32.31
59162,195.0,3.25,105,20,ANAND JN.,ANND,BHARUCH JN.,BH,17:45,21:00,32.31
59163,60.0,1.0,13,3,ANAND JN.,ANND,VADTAL SWAMI,VTL,12:15,13:15,13.0
59164,65.0,1.08,13,3,VADTAL SWAMI,VTL,ANAND JN.,ANND,10:00,11:05,12.04
59167,165.0,2.75,62,14,ANKLESHWAR J,AKV,RAJPIPLA,RAJ,16:30,19:15,22.55
59168,165.0,2.75,62,14,RAJPIPLA,RAJ,ANKLESHWAR J,AKV,06:15,09:00,22.55
59169,60.0,1.0,13,3,ANAND JN.,ANND,VADTAL SWAMI,VTL,07:30,08:30,13.0
59170,65.0,1.08,13,3,VADTAL SWAMI,VTL,ANAND JN.,ANND,16:05,17:10,12.04
59201,80.0,1.33,47,8,PALITANA,PIT,BHAVNAGAR TE,BVC,11:40,13:00,35.34
59202,85.0,1.42,47,8,BHAVNAGAR TE,BVC,PALITANA,PIT,09:55,11:20,33.1
59203,235.0,3.92,169,22,SURENDRANAGA,SUNR,BHAVNAGAR TE,BVC,17:05,21:00,43.11
59204,235.0,3.92,169,22,BHAVNAGAR TE,BVC,SURENDRANAGA,SUNR,11:35,15:30,43.11
59205,155.0,2.58,114,11,KANALUS,KNLS,PORBANDAR,PBR,14:15,16:50,44.19
59206,135.0,2.25,108,11,PORBANDAR,PBR,KANALUS,KNLS,10:10,12:25,48.0
59207,930.0,15.5,535,60,BHAVNAGAR TE,BVC,OKHA,OKHA,21:35,13:05,34.52
59208,895.0,14.92,535,59,OKHA,OKHA,BHAVNAGAR TE,BVC,14:45,05:40,35.86
59211,350.0,5.83,222,21,RAJKOT,RJT,PORBANDAR,PBR,14:10,20:00,38.08
59212,395.0,6.58,216,21,PORBANDAR,PBR,RAJKOT,RJT,07:00,13:35,32.83
59213,70.0,1.17,52,8,BHANVAD,BNVD,PORBANDAR,PBR,08:40,09:50,44.44
59214,80.0,1.33,52,7,PORBANDAR,PBR,BHANVAD,BNVD,06:20,07:40,39.1
59215,80.0,1.33,52,7,BHANVAD,BNVD,PORBANDAR,PBR,21:15,22:35,39.1
59216,80.0,1.33,52,8,PORBANDAR,PBR,BHANVAD,BNVD,19:05,20:25,39.1
59225,300.0,5.0,201,25,BHAVNAGAR TE,BVC,MAHUVA,MHV,09:10,14:10,40.2
59226,305.0,5.08,201,25,MAHUVA,MHV,BHAVNAGAR TE,BVC,14:20,19:25,39.57
59227,125.0,2.08,91,12,BOTAD,BTD,BHAVNAGAR TE,BVC,21:20,23:25,43.75
59228,125.0,2.08,91,12,BHAVNAGAR TE,BVC,BOTAD,BTD,05:00,07:05,43.75
59229,320.0,5.33,206,23,DHRANGADHRA,DHG,BHAVNAGAR TE,BVC,03:40,09:00,38.65
59230,310.0,5.17,206,24,BHAVNAGAR TE,BVC,DHRANGADHRA,DHG,18:55,00:05,39.85
59231,105.0,1.75,78,10,SURENDRANAGA,SUNR,BOTAD,BTD,18:50,20:35,44.57
59232,115.0,1.92,78,10,BOTAD,BTD,SURENDRANAGA,SUNR,07:15,09:10,40.62
59233,260.0,4.33,169,20,SURENDRANAGA,SUNR,BHAVNAGAR TE,BVC,09:35,13:55,39.03
59234,230.0,3.83,169,20,BHAVNAGAR TE,BVC,SURENDRANAGA,SUNR,14:25,18:15,44.13
59235,205.0,3.42,152,22,DHOLA JN,DLJ,MAHUVA,MHV,06:25,09:50,44.44
59236,215.0,3.58,152,22,MAHUVA,MHV,DHOLA JN,DLJ,17:20,20:55,42.46
59243,75.0,1.25,38,7,RAJULA CITY,RJU,MAHUVA,MHV,11:40,12:55,30.4
59244,75.0,1.25,38,7,MAHUVA,MHV,RAJULA CITY,RJU,10:10,11:25,30.4
59267,90.0,1.5,47,8,PALITANA,PIT,BHAVNAGAR TE,BVC,08:10,09:40,31.33
59268,80.0,1.33,47,8,BHAVNAGAR TE,BVC,PALITANA,PIT,06:30,07:50,35.34
59269,80.0,1.33,47,8,PALITANA,PIT,BHAVNAGAR TE,BVC,18:50,20:10,35.34
59270,80.0,1.33,47,8,BHAVNAGAR TE,BVC,PALITANA,PIT,17:05,18:25,35.34
59271,260.0,4.33,169,18,SURENDRANAGA,SUNR,BHAVNAGAR TE,BVC,13:35,17:55,39.03
59272,245.0,4.08,169,18,BHAVNAGAR TE,BVC,SURENDRANAGA,SUNR,08:20,12:25,41.42
59295,80.0,1.33,47,8,PALITANA,PIT,BHAVNAGAR TE,BVC,15:20,16:40,35.34
59296,80.0,1.33,47,8,BHAVNAGAR TE,BVC,PALITANA,PIT,13:30,14:50,35.34
59297,345.0,5.75,236,23,PORBANDAR,PBR,SOMNATH,SMNH,06:00,11:45,41.04
59298,395.0,6.58,236,23,SOMNATH,SMNH,PORBANDAR,PBR,14:20,20:55,35.87
59306,135.0,2.25,78,10,UJJAIN JN,UJN,INDORE BG,INDB,08:05,10:20,34.67
59307,125.0,2.08,78,10,INDORE BG,INDB,UJJAIN JN,UJN,18:00,20:05,37.5
59317,95.0,1.58,54,8,NAGDA JN,NAD,UJJAIN JN,UJN,18:00,19:35,34.18
59318,90.0,1.5,54,8,UJJAIN JN,UJN,NAGDA JN,NAD,07:00,08:30,36.0
59319,310.0,5.17,183,25,UJJAIN JN,UJN,BHOPAL,BPL,17:05,22:15,35.4
59320,265.0,4.42,183,25,BHOPAL,BPL,UJJAIN JN,UJN,06:40,11:05,41.4
59341,710.0,11.83,428,44,NAGDA JN,NAD,BINA,BINA,11:35,23:25,36.18
59342,660.0,11.0,428,44,BINA,BINA,NAGDA JN,NAD,04:00,15:00,38.91
59345,60.0,1.0,44,6,RATLAM JN,RTM,NAGDA JN,NAD,10:20,11:20,44.0
59346,55.0,0.92,44,6,NAGDA JN,NAD,RATLAM JN,RTM,08:50,09:45,47.83
59353,90.0,1.5,54,8,NAGDA JN,NAD,UJJAIN JN,UJN,23:30,01:00,36.0
59354,95.0,1.58,54,8,UJJAIN JN,UJN,NAGDA JN,NAD,20:40,22:15,34.18
59355,1005.0,16.75,585,65,RATLAM JN,RTM,MATHURA JN.,MTJ,07:00,23:45,34.93
59356,975.0,16.25,585,65,MATHURA JN.,MTJ,RATLAM JN,RTM,05:00,21:15,36.0
59357,175.0,2.92,86,16,BAYANA,BXN,YAMUNA BRIDG,JAB,09:10,12:05,29.45
59358,195.0,3.25,86,16,YAMUNA BRIDG,JAB,BAYANA,BXN,13:45,17:00,26.46
59359,115.0,1.92,75,9,BAYANA,BXN,MATHURA JN.,MTJ,17:20,19:15,39.06
59360,120.0,2.0,75,9,MATHURA JN.,MTJ,BAYANA,BXN,06:40,08:40,37.5
59379,125.0,2.08,74,7,INDORE BG,INDB,MAKSI JN,MKC,05:20,07:25,35.58
59380,110.0,1.83,74,7,MAKSI JN,MKC,INDORE BG,INDB,10:30,12:20,40.44
59385,930.0,15.5,553,49,INDORE BG,INDB,CHHINWARA JN,CWA,13:00,04:30,35.68
59386,970.0,16.17,553,48,CHHINWARA JN,CWA,INDORE BG,INDB,21:05,13:15,34.2
59387,255.0,4.25,133,17,NAGDA JN,NAD,INDORE BG,INDB,15:15,19:30,31.29
59388,280.0,4.67,133,17,INDORE BG,INDB,NAGDA JN,NAD,08:05,12:45,28.48
59393,610.0,10.17,397,50,DAHOD,DHD,BHOPAL,BPL,05:40,15:50,39.04
59394,650.0,10.83,398,50,BHOPAL,BPL,DAHOD,DHD,12:10,23:00,36.75
59395,385.0,6.42,133,13,BETUL,BZU,CHHINWARA JN,CWA,13:35,20:00,20.72
59396,305.0,5.08,137,15,CHHINWARA JN,CWA,BETUL,BZU,08:00,13:05,26.97
59421,280.0,4.67,184,21,RAJKOT,RJT,VERAVAL,VRL,07:50,12:30,39.4
59422,310.0,5.17,189,22,SOMNATH,SMNH,RAJKOT,RJT,04:20,09:30,36.56
59423,325.0,5.42,189,22,RAJKOT,RJT,SOMNATH,SMNH,18:15,23:40,34.87
59424,280.0,4.67,184,21,VERAVAL,VRL,RAJKOT,RJT,17:25,22:05,39.4
59425,540.0,9.0,358,38,NEW BHUJ,BHUJ,PALANPUR JN,PNU,06:25,15:25,39.78
59426,520.0,8.67,358,38,PALANPUR JN,PNU,NEW BHUJ,BHUJ,13:30,22:10,41.29
59439,945.0,15.75,490,72,MUMBAI CENTR,BCT,AHMEDABAD,ADI,12:15,04:00,31.11
59440,950.0,15.83,490,66,AHMEDABAD,ADI,MUMBAI CENTR,BCT,23:10,15:00,30.95
59441,975.0,16.25,490,74,MUMBAI CENTR,BCT,AHMEDABAD,ADI,22:40,14:55,30.15
59442,955.0,15.92,490,74,AHMEDABAD,ADI,MUMBAI CENTR,BCT,12:40,04:35,30.78
59473,220.0,3.67,111,15,AHMEDABAD,ADI,PATAN,PTN,03:30,07:10,30.25
59474,235.0,3.92,111,15,PATAN,PTN,AHMEDABAD,ADI,20:00,23:55,28.32
59475,55.0,0.92,40,6,MAHESANA JN,MSH,PATAN,PTN,09:45,10:40,43.48
59476,65.0,1.08,40,6,PATAN,PTN,MAHESANA JN,MSH,12:05,13:10,37.04
59477,55.0,0.92,40,6,MAHESANA JN,MSH,PATAN,PTN,15:20,16:15,43.48
59478,55.0,0.92,40,6,PATAN,PTN,MAHESANA JN,MSH,17:05,18:00,43.48
59481,55.0,0.92,40,6,MAHESANA JN,MSH,PATAN,PTN,18:30,19:25,43.48
59482,55.0,0.92,40,6,PATAN,PTN,MAHESANA JN,MSH,07:30,08:25,43.48
59483,65.0,1.08,40,6,MAHESANA JN,MSH,PATAN,PTN,06:05,07:10,37.04
59484,55.0,0.92,40,6,PATAN,PTN,MAHESANA JN,MSH,20:00,20:55,43.48
59503,730.0,12.17,429,48,VIRAMGAM JN,VG,OKHA,OKHA,12:40,00:50,35.25
59504,840.0,14.0,429,48,OKHA,OKHA,VIRAMGAM JN,VG,02:45,16:45,30.64
59507,295.0,4.92,189,18,RAJKOT,RJT,SOMNATH,SMNH,05:10,10:05,38.41
59508,300.0,5.0,189,18,SOMNATH,SMNH,RAJKOT,RJT,11:00,16:00,37.8
59509,100.0,1.67,64,8,MAHESANA JN,MSH,VIRAMGAM JN,VG,08:30,10:10,38.32
59510,95.0,1.58,64,8,VIRAMGAM JN,VG,MAHESANA JN,MSH,06:00,07:35,40.51
59511,95.0,1.58,64,8,MAHESANA JN,MSH,VIRAMGAM JN,VG,20:00,21:35,40.51
59512,100.0,1.67,64,8,VIRAMGAM JN,VG,MAHESANA JN,MSH,17:35,19:15,38.32
59547,1050.0,17.5,495,49,AHMEDABAD,ADI,OKHA,OKHA,12:00,05:30,28.29
59548,960.0,16.0,495,45,OKHA,OKHA,AHMEDABAD,ADI,22:10,14:10,30.94
59549,140.0,2.33,99,8,VADODARA JN.,BRC,AHMEDABAD,ADI,08:20,10:40,42.49
59550,140.0,2.33,99,8,AHMEDABAD,ADI,VADODARA JN.,BRC,15:10,17:30,42.49
59601,230.0,3.83,139,19,MARWAR JN.,MJ,AJMER JN.,AII,05:10,09:00,36.29
59602,210.0,3.5,139,19,AJMER JN.,AII,MARWAR JN.,MJ,18:20,21:50,39.71
59603,610.0,10.17,306,39,MADAR JN,MDJN,UDAIPUR CITY,UDZ,07:00,17:10,30.09
59604,560.0,9.33,306,39,UDAIPUR CITY,UDZ,MADAR JN,MDJN,09:30,18:50,32.8
59605,170.0,2.83,114,13,CHITTAURGARH,COR,UDAIPUR CITY,UDZ,05:45,08:35,40.28
59606,185.0,3.08,114,13,UDAIPUR CITY,UDZ,CHITTAURGARH,COR,19:30,22:35,37.01
59607,60.0,1.0,31,5,AJMER JN.,AII,PUSHKAR TERM,PUHT,09:50,10:50,31.0
59608,60.0,1.0,31,5,PUSHKAR TERM,PUHT,AJMER JN.,AII,16:20,17:20,31.0
59705,900.0,15.0,563,55,SURATGARH JN,SOG,JAIPUR JN.,JP,06:00,21:00,37.53
59706,790.0,13.17,562,55,JAIPUR JN.,JP,SURATGARH JN,SOG,05:00,18:10,42.67
59707,115.0,1.92,77,10,ANUPGARH,APH,SURATGARH JN,SOG,10:30,12:25,40.1
59708,105.0,1.75,66,9,SURATGARH JN,SOG,ANUPGARH,APH,08:25,10:10,37.71
59709,125.0,2.08,66,10,ANUPGARH,APH,SURATGARH JN,SOG,16:50,18:55,31.73
59710,120.0,2.0,77,11,SURATGARH JN,SOG,ANUPGARH,APH,14:30,16:30,38.5
59711,220.0,3.67,142,17,BATHINDA JN,BTI,SURATGARH JN,SOG,14:15,17:55,38.69
59712,220.0,3.67,143,17,SURATGARH JN,SOG,BATHINDA JN,BTI,08:50,12:30,38.96
59713,75.0,1.25,54,10,PHULERA JN.,FL,JAIPUR JN.,JP,07:00,08:15,43.2
59714,95.0,1.58,54,10,JAIPUR JN.,JP,PHULERA JN.,FL,18:45,20:20,34.18
59715,300.0,5.0,215,28,PHULERA JN.,FL,REWARI JN.,RE,03:30,08:30,43.0
59716,315.0,5.25,215,28,REWARI JN.,RE,PHULERA JN.,FL,05:30,10:45,40.95
59717,315.0,5.25,215,28,PHULERA JN.,FL,REWARI JN.,RE,17:25,22:40,40.95
59718,315.0,5.25,215,28,REWARI JN.,RE,PHULERA JN.,FL,19:40,00:55,40.95
59719,300.0,5.0,215,28,PHULERA JN.,FL,REWARI JN.,RE,11:30,16:30,43.0
59720,320.0,5.33,215,28,REWARI JN.,RE,PHULERA JN.,FL,09:05,14:25,40.34
59721,500.0,8.33,367,42,JAIPUR JN.,JP,HISAR JN,HSR,05:15,13:35,44.06
59722,510.0,8.5,367,42,HISAR JN,HSR,JAIPUR JN.,JP,14:05,22:35,43.18
59727,355.0,5.92,213,25,SIKAR JN.,SIKR,REWARI JN.,RE,07:40,13:35,35.98
59728,300.0,5.0,213,17,REWARI JN.,RE,SIKAR JN.,SIKR,23:40,04:40,42.6
59729,335.0,5.58,213,17,SIKAR JN.,SIKR,REWARI JN.,RE,20:25,02:00,38.17
59730,310.0,5.17,213,25,REWARI JN.,RE,SIKAR JN.,SIKR,14:50,20:00,41.2
59731,110.0,1.83,66,10,ANUPGARH,APH,SURATGARH JN,SOG,06:30,08:20,36.07
59732,105.0,1.75,66,10,SURATGARH JN,SOG,ANUPGARH,APH,04:25,06:10,37.71
59733,105.0,1.75,66,9,ANUPGARH,APH,SURATGARH JN,SOG,20:30,22:15,37.71
59734,110.0,1.83,66,9,SURATGARH JN,SOG,ANUPGARH,APH,18:20,20:10,36.07
59735,60.0,1.0,47,4,FATEHPUR-SHE,FPS,SIKAR JN.,SIKR,06:20,07:20,47.0
59736,60.0,1.0,47,4,SIKAR JN.,SIKR,FATEHPUR-SHE,FPS,05:00,06:00,47.0
59803,385.0,6.42,265,24,RATLAM JN,RTM,KOTA,KOTA,13:20,19:45,41.28
59804,420.0,7.0,265,24,KOTA,KOTA,RATLAM JN,RTM,05:55,12:55,37.86
59805,375.0,6.25,268,23,JAIPUR JN.,JP,BAYANA,BXN,06:40,12:55,42.88
59806,385.0,6.42,268,22,BAYANA,BXN,JAIPUR JN.,JP,13:35,20:00,41.74
59811,1285.0,21.42,688,71,RATLAM JN,RTM,AGRA  FORT,AF,08:35,06:00,32.12
59812,1255.0,20.92,691,71,YAMUNA BRIDG,JAB,RATLAM JN,RTM,18:40,15:35,33.03
59813,620.0,10.33,330,42,KOTA,KOTA,YAMUNA BRIDG,JAB,07:15,17:35,31.95
59814,570.0,9.5,328,41,AGRA  FORT,AF,KOTA,KOTA,07:45,17:15,34.53
59821,995.0,16.58,499,42,KOTA,KOTA,BHIND,BIX,22:05,14:40,30.1
59822,935.0,15.58,499,47,BHIND,BIX,KOTA,KOTA,18:10,09:45,32.03
59823,150.0,2.5,87,14,GWALIOR JN,GWL,BHIND,BIX,06:20,08:50,34.8
59824,150.0,2.5,87,14,BHIND,BIX,GWALIOR JN,GWL,09:55,12:25,34.8
59825,145.0,2.42,87,14,GWALIOR JN,GWL,BHIND,BIX,14:30,16:55,35.95
59826,155.0,2.58,87,14,BHIND,BIX,GWALIOR JN,GWL,18:50,21:25,33.72
59827,65.0,1.08,36,3,BHIND,BIX,ETAWAH,ETW,15:00,16:05,33.33
59828,60.0,1.0,36,3,ETAWAH,ETW,BHIND,BIX,17:30,18:30,36.0
59831,905.0,15.08,527,64,VADODARA JN.,BRC,KOTA,KOTA,07:25,22:30,34.95
59832,925.0,15.42,527,63,KOTA,KOTA,VADODARA JN.,BRC,09:45,01:10,34.18
59833,430.0,7.17,227,15,KOTA,KOTA,NIMACH,NMH,22:45,05:55,31.66
59834,375.0,6.25,227,15,NIMACH,NMH,KOTA,KOTA,22:30,04:45,36.32
59835,295.0,4.92,169,20,NIMACH,NMH,UDAIPUR CITY,UDZ,06:50,11:45,34.35
59836,350.0,5.83,169,20,UDAIPUR CITY,UDZ,NIMACH,NMH,14:15,20:05,28.99
59837,145.0,2.42,85,11,JHALAWAR CIT,JLWC,KOTA,KOTA,09:45,12:10,35.12
59838,140.0,2.33,85,11,KOTA,KOTA,JHALAWAR CIT,JLWC,07:00,09:20,36.48
59839,135.0,2.25,85,11,JHALAWAR CIT,JLWC,KOTA,KOTA,18:30,20:45,37.78
59840,140.0,2.33,85,11,KOTA,KOTA,JHALAWAR CIT,JLWC,15:45,18:05,36.48
61631,200.0,3.33,138,16,BHOPAL,BPL,BINA,BINA,09:00,12:20,41.44
61632,200.0,3.33,138,16,BINA,BINA,BHOPAL,BPL,17:45,21:05,41.44
63105,285.0,4.75,230,31,SEALDAH,SDAH,LALGOLA,LGL,20:20,01:05,48.42
63108,327.0,5.45,229,34,LALGOLA,LGL,SEALDAH,SDAH,04:30,09:57,42.02
63141,360.0,6.0,228,30,SEALDAH,SDAH,RAMPUR HAT,RPH,12:05,18:05,38.0
63142,325.0,5.42,228,36,RAMPUR HAT,RPH,SEALDAH,SDAH,14:25,19:50,42.07
63151,20.0,0.33,6,3,JASIDIH JN.,JSME,BAIDYANATHDH,BDME,05:40,06:00,18.18
63153,20.0,0.33,6,3,JASIDIH JN.,JSME,BAIDYANATHDH,BDME,08:45,09:05,18.18
63154,20.0,0.33,6,3,BAIDYANATHDH,BDME,JASIDIH JN.,JSME,09:30,09:50,18.18
63155,20.0,0.33,6,3,JASIDIH JN.,JSME,BAIDYANATHDH,BDME,10:00,10:20,18.18
63156,20.0,0.33,6,3,BAIDYANATHDH,BDME,JASIDIH JN.,JSME,10:50,11:10,18.18
63157,20.0,0.33,6,3,JASIDIH JN.,JSME,BAIDYANATHDH,BDME,12:30,12:50,18.18
63158,20.0,0.33,6,3,BAIDYANATHDH,BDME,JASIDIH JN.,JSME,13:05,13:25,18.18
63159,20.0,0.33,6,3,JASIDIH JN.,JSME,BAIDYANATHDH,BDME,14:40,15:00,18.18
63160,20.0,0.33,6,3,BAIDYANATHDH,BDME,JASIDIH JN.,JSME,15:15,15:35,18.18
63161,20.0,0.33,6,3,JASIDIH JN.,JSME,BAIDYANATHDH,BDME,16:40,17:00,18.18
63162,20.0,0.33,6,3,BAIDYANATHDH,BDME,JASIDIH JN.,JSME,17:10,17:30,18.18
63163,20.0,0.33,6,3,JASIDIH JN.,JSME,BAIDYANATHDH,BDME,17:45,18:05,18.18
63164,20.0,0.33,6,3,BAIDYANATHDH,BDME,JASIDIH JN.,JSME,18:25,18:45,18.18
63165,20.0,0.33,6,3,JASIDIH JN.,JSME,BAIDYANATHDH,BDME,19:50,20:10,18.18
63166,20.0,0.33,6,3,BAIDYANATHDH,BDME,JASIDIH JN.,JSME,20:30,20:50,18.18
63167,15.0,0.25,6,2,JASIDIH JN.,JSME,BAIDYANATHDH,BDME,22:50,23:05,24.0
63168,15.0,0.25,6,2,BAIDYANATHDH,BDME,JASIDIH JN.,JSME,23:30,23:45,24.0
63169,15.0,0.25,6,3,JASIDIH JN.,JSME,BAIDYANATHDH,BDME,03:35,03:50,24.0
63203,105.0,1.75,34,8,KIUL JN.,KIUL,MOKAMA JN.,MKA,04:10,05:55,19.43
63204,110.0,1.83,34,8,MOKAMA JN.,MKA,KIUL JN.,KIUL,20:50,22:40,18.58
63205,290.0,4.83,123,25,KIUL JN.,KIUL,PATNA JN.,PNBE,02:10,07:00,25.47
63206,350.0,5.83,123,22,PATNA JN.,PNBE,KIUL JN.,KIUL,19:50,01:40,21.1
63207,430.0,7.17,177,30,JHAJHA,JAJ,PATNA JN.,PNBE,05:35,12:45,24.69
63208,435.0,7.25,221,34,PATNA JN.,PNBE,JASIDIH JN.,JSME,08:40,15:55,30.48
63209,410.0,6.83,177,29,JHAJHA,JAJ,PATNA JN.,PNBE,08:10,15:00,25.92
63210,375.0,6.25,177,30,PATNA JN.,PNBE,JHAJHA,JAJ,11:05,17:20,28.32
63211,530.0,8.83,221,34,JASIDIH JN.,JSME,PATNA JN.,PNBE,16:15,01:05,25.03
63212,365.0,6.08,177,29,PATNA JN.,PNBE,JHAJHA,JAJ,14:30,20:35,29.11
63213,95.0,1.58,49,11,PATNA JN.,PNBE,ARA,ARA,17:15,18:50,31.01
63214,90.0,1.5,49,13,ARA,ARA,PATNA JN.,PNBE,07:05,08:35,32.67
63217,220.0,3.67,98,18,MOKAMA JN.,MKA,DANAPUR,DNR,06:05,09:45,26.7
63218,215.0,3.58,98,18,DANAPUR,DNR,MOKAMA JN.,MKA,17:55,21:30,27.37
63219,150.0,2.5,75,14,DANAPUR,DNR,RAGHUNATHPUR,RPR,09:55,12:25,30.0
63220,200.0,3.33,85,17,RAGHUNATHPUR,RPR,PATNA JN.,PNBE,16:15,19:35,25.53
63221,135.0,2.25,89,7,MOKAMA JN.,MKA,PATNA JN.,PNBE,05:30,07:45,39.56
63222,150.0,2.5,89,7,PATNA JN.,PNBE,MOKAMA JN.,MKA,18:10,20:40,35.6
63223,125.0,2.08,49,10,PATNA JN.,PNBE,ARA,ARA,21:50,23:55,23.56
63224,90.0,1.5,49,10,ARA,ARA,PATNA JN.,PNBE,03:30,05:00,32.67
63225,430.0,7.17,207,34,PATNA JN.,PNBE,MUGHAL SARAI,MGS,12:05,19:15,28.87
63226,445.0,7.42,225,39,VARANASI JN.,BSB,PATNA JN.,PNBE,13:40,21:05,30.32
63227,435.0,7.25,207,37,PATNA JN.,PNBE,MUGHAL SARAI,MGS,08:00,15:15,28.55
63228,475.0,7.92,207,31,MUGHAL SARAI,MGS,PATNA JN.,PNBE,15:35,23:30,26.14
63231,475.0,7.92,207,33,PATNA JN.,PNBE,MUGHAL SARAI,MGS,19:55,03:50,26.14
63232,260.0,4.33,117,18,BUXAR,BXR,PATNA JN.,PNBE,06:40,11:00,27.02
63233,485.0,8.08,225,35,PATNA JN.,PNBE,VARANASI JN.,BSB,05:15,13:20,27.85
63234,575.0,9.58,207,29,MUGHAL SARAI,MGS,PATNA JN.,PNBE,07:30,17:05,21.61
63235,155.0,2.58,89,11,BUXAR,BXR,MUGHAL SARAI,MGS,04:00,06:35,34.5
63237,280.0,4.67,152,21,MUGHAL SARAI,MGS,ALLAHABAD JN,ALD,04:30,09:10,32.55
63238,270.0,4.5,152,20,ALLAHABAD JN,ALD,MUGHAL SARAI,MGS,18:30,23:00,33.78
63240,235.0,3.92,89,11,MUGHAL SARAI,MGS,BUXAR,BXR,20:20,00:15,22.7
63241,185.0,3.08,94,26,PATNA JN.,PNBE,GAYA JN.,GAYA,05:00,08:05,30.52
63242,180.0,3.0,91,13,GAYA JN.,GAYA,PATNA JN.,PNBE,05:00,08:00,30.33
63243,180.0,3.0,94,26,PATNA JN.,PNBE,GAYA JN.,GAYA,06:15,09:15,31.33
63244,180.0,3.0,94,26,GAYA JN.,GAYA,PATNA JN.,PNBE,05:45,08:45,31.33
63245,180.0,3.0,91,17,PATNA JN.,PNBE,GAYA JN.,GAYA,08:30,11:30,30.33
63246,180.0,3.0,91,17,GAYA JN.,GAYA,PATNA JN.,PNBE,08:30,11:30,30.33
63247,180.0,3.0,91,13,PATNA JN.,PNBE,GAYA JN.,GAYA,09:15,12:15,30.33
63248,170.0,2.83,94,26,GAYA JN.,GAYA,PATNA JN.,PNBE,09:30,12:20,33.22
63249,165.0,2.75,91,16,PATNA JN.,PNBE,GAYA JN.,GAYA,12:00,14:45,33.09
63250,155.0,2.58,85,14,GAYA JN.,GAYA,PATNA JN.,PNBE,11:45,14:20,32.95
63251,180.0,3.0,91,18,PATNA JN.,PNBE,GAYA JN.,GAYA,13:00,16:00,30.33
63252,160.0,2.67,91,17,GAYA JN.,GAYA,PATNA JN.,PNBE,12:45,15:25,34.08
63253,180.0,3.0,91,15,PATNA JN.,PNBE,GAYA JN.,GAYA,15:30,18:30,30.33
63254,165.0,2.75,94,24,GAYA JN.,GAYA,PATNA JN.,PNBE,15:15,18:00,34.18
63255,180.0,3.0,91,13,PATNA JN.,PNBE,GAYA JN.,GAYA,18:30,21:30,30.33
63256,180.0,3.0,91,13,GAYA JN.,GAYA,PATNA JN.,PNBE,16:30,19:30,30.33
63257,180.0,3.0,94,26,PATNA JN.,PNBE,GAYA JN.,GAYA,20:00,23:00,31.33
63258,180.0,3.0,94,26,GAYA JN.,GAYA,PATNA JN.,PNBE,19:00,22:00,31.33
63259,185.0,3.08,91,18,PATNA JN.,PNBE,GAYA JN.,GAYA,22:30,01:35,29.55
63260,180.0,3.0,94,21,GAYA JN.,GAYA,PATNA JN.,PNBE,22:00,01:00,31.33
63261,450.0,7.5,139,27,FATUHA,FUT,BUXAR,BXR,16:20,23:50,18.53
63262,320.0,5.33,139,24,BUXAR,BXR,FATUHA,FUT,04:55,10:15,26.08
63263,255.0,4.25,117,20,PATNA JN.,PNBE,BUXAR,BXR,14:50,19:05,27.53
63264,580.0,9.67,207,31,MUGHAL SARAI,MGS,PATNA JN.,PNBE,05:10,14:50,21.41
63271,220.0,3.67,89,15,MOKAMA JN.,MKA,PATNA JN.,PNBE,15:30,19:10,24.25
63272,280.0,4.67,89,15,PATNA JN.,PNBE,MOKAMA JN.,MKA,05:05,09:45,19.06
63273,75.0,1.25,20,6,BARAUNI JN.,BJU,MOKAMA JN.,MKA,11:30,12:45,16.0
63274,70.0,1.17,18,7,MOKAMA JN.,MKA,BARAUNI JN.,BJU,09:50,11:00,15.38
63275,75.0,1.25,20,6,BARAUNI JN.,BJU,MOKAMA JN.,MKA,13:00,14:15,16.0
63276,65.0,1.08,18,7,MOKAMA JN.,MKA,BARAUNI JN.,BJU,13:00,14:05,16.67
63279,175.0,2.92,93,20,BARAUNI JN.,BJU,SONPUR JN.,SEE,17:30,20:25,31.85
63280,375.0,6.25,120,25,PATNA JN.,PNBE,BARAUNI JN.,BJU,20:10,02:25,19.2
63283,285.0,4.75,120,25,BARAUNI JN.,BJU,PATNA JN.,PNBE,15:00,19:45,25.26
63284,255.0,4.25,120,25,PATNA JN.,PNBE,BARAUNI JN.,BJU,08:10,12:25,28.24
63285,285.0,4.75,120,24,BARAUNI JN.,BJU,PATNA JN.,PNBE,03:30,08:15,25.26
63286,185.0,3.08,93,20,SONPUR JN.,SEE,BARAUNI JN.,BJU,07:05,10:10,30.19
63289,125.0,2.08,85,14,GAYA JN.,GAYA,DEHRI-ON-SON,DOS,11:55,14:00,40.87
63290,125.0,2.08,85,14,DEHRI-ON-SON,DOS,GAYA JN.,GAYA,15:00,17:05,40.87
63291,125.0,2.08,85,14,GAYA JN.,GAYA,DEHRI-ON-SON,DOS,07:30,09:35,40.87
63292,139.0,2.32,85,14,DEHRI-ON-SON,DOS,GAYA JN.,GAYA,18:16,20:35,36.64
63293,165.0,2.75,118,18,DEHRI-ON-SON,DOS,MUGHAL SARAI,MGS,09:45,12:30,42.91
63294,131.0,2.18,118,18,MUGHAL SARAI,MGS,DEHRI-ON-SON,DOS,16:00,18:11,54.13
63295,330.0,5.5,203,28,GAYA JN.,GAYA,MUGHAL SARAI,MGS,17:55,23:25,36.91
63296,375.0,6.25,203,28,MUGHAL SARAI,MGS,GAYA JN.,GAYA,04:00,10:15,32.48
63501,110.0,1.83,106,3,HOWRAH JN.,HWH,BARDDHAMAN J,BWN,01:50,03:40,57.92
63502,137.0,2.28,106,34,BARDDHAMAN J,BWN,HOWRAH JN.,HWH,21:58,00:15,46.49
63505,115.0,1.92,104,14,BARDDHAMAN J,BWN,ASANSOL MAIN,ASN,04:00,05:55,54.17
63506,105.0,1.75,105,14,ASANSOL MAIN,ASN,BARDDHAMAN J,BWN,04:55,06:40,60.0
63507,110.0,1.83,104,14,BARDDHAMAN J,BWN,ASANSOL MAIN,ASN,05:15,07:05,56.83
63508,110.0,1.83,105,14,ASANSOL MAIN,ASN,BARDDHAMAN J,BWN,05:45,07:35,57.38
63509,105.0,1.75,104,14,BARDDHAMAN J,BWN,ASANSOL MAIN,ASN,07:30,09:15,59.43
63510,106.0,1.77,105,14,ASANSOL MAIN,ASN,BARDDHAMAN J,BWN,06:20,08:06,59.32
63511,115.0,1.92,104,14,BARDDHAMAN J,BWN,ASANSOL MAIN,ASN,08:40,10:35,54.17
63512,116.0,1.93,105,14,ASANSOL MAIN,ASN,BARDDHAMAN J,BWN,07:42,09:38,54.4
63513,110.0,1.83,104,14,BARDDHAMAN J,BWN,ASANSOL MAIN,ASN,09:50,11:40,56.83
63514,110.0,1.83,105,14,ASANSOL MAIN,ASN,BARDDHAMAN J,BWN,09:00,10:50,57.38
63515,110.0,1.83,104,14,BARDDHAMAN J,BWN,ASANSOL MAIN,ASN,12:05,13:55,56.83
63516,120.0,2.0,105,14,ASANSOL MAIN,ASN,BARDDHAMAN J,BWN,10:20,12:20,52.5
63517,110.0,1.83,104,14,BARDDHAMAN J,BWN,ASANSOL MAIN,ASN,13:15,15:05,56.83
63518,110.0,1.83,105,14,ASANSOL MAIN,ASN,BARDDHAMAN J,BWN,12:40,14:30,57.38
63519,115.0,1.92,104,14,BARDDHAMAN J,BWN,ASANSOL MAIN,ASN,15:20,17:15,54.17
63520,115.0,1.92,105,14,ASANSOL MAIN,ASN,BARDDHAMAN J,BWN,14:05,16:00,54.69
63521,110.0,1.83,104,14,BARDDHAMAN J,BWN,ASANSOL MAIN,ASN,16:05,17:55,56.83
63522,115.0,1.92,105,14,ASANSOL MAIN,ASN,BARDDHAMAN J,BWN,16:10,18:05,54.69
63523,115.0,1.92,104,14,BARDDHAMAN J,BWN,ASANSOL MAIN,ASN,17:25,19:20,54.17
63524,110.0,1.83,105,14,ASANSOL MAIN,ASN,BARDDHAMAN J,BWN,16:55,18:45,57.38
63525,115.0,1.92,104,14,BARDDHAMAN J,BWN,ASANSOL MAIN,ASN,20:05,22:00,54.17
63526,120.0,2.0,105,14,ASANSOL MAIN,ASN,BARDDHAMAN J,BWN,21:50,23:50,52.5
63527,43.0,0.72,42,6,DURGAPUR,DGR,ASANSOL MAIN,ASN,22:25,23:08,58.33
63528,45.0,0.75,42,6,ASANSOL MAIN,ASN,DURGAPUR,DGR,20:25,21:10,56.0
63529,145.0,2.42,100,18,ANDAL JN.,UDL,RAMPUR HAT,RPH,05:40,08:05,41.32
63530,145.0,2.42,101,17,RAMPUR HAT,RPH,ANDAL JN.,UDL,08:30,10:55,41.74
63531,110.0,1.83,72,14,ANDAL JN.,UDL,SAINTHIA JN.,SNT,08:10,10:00,39.34
63532,110.0,1.83,73,14,SAINTHIA JN.,SNT,ANDAL JN.,UDL,04:00,05:50,39.89
63533,110.0,1.83,72,14,ANDAL JN.,UDL,SAINTHIA JN.,SNT,14:00,15:50,39.34
63534,110.0,1.83,73,14,SAINTHIA JN.,SNT,ANDAL JN.,UDL,10:40,12:30,39.89
63535,110.0,1.83,72,13,ANDAL JN.,UDL,SAINTHIA JN.,SNT,17:10,19:00,39.34
63536,110.0,1.83,73,14,SAINTHIA JN.,SNT,ANDAL JN.,UDL,16:40,18:30,39.89
63537,110.0,1.83,72,14,ANDAL JN.,UDL,SAINTHIA JN.,SNT,19:05,20:55,39.34
63538,110.0,1.83,73,14,SAINTHIA JN.,SNT,ANDAL JN.,UDL,20:00,21:50,39.89
63541,120.0,2.0,88,18,ASANSOL MAIN,ASN,NSC BOSE J G,GMO,05:10,07:10,44.0
63542,120.0,2.0,88,18,NSC BOSE J G,GMO,ASANSOL MAIN,ASN,07:20,09:20,44.0
63543,125.0,2.08,88,18,ASANSOL MAIN,ASN,NSC BOSE J G,GMO,18:10,20:15,42.31
63544,140.0,2.33,88,17,NSC BOSE J G,GMO,ASANSOL MAIN,ASN,20:45,23:05,37.77
63545,80.0,1.33,58,13,ASANSOL MAIN,ASN,DHANBAD JN.,DHN,14:00,15:20,43.61
63546,80.0,1.33,58,12,DHANBAD JN.,DHN,ASANSOL MAIN,ASN,09:50,11:10,43.61
63547,114.0,1.9,74,15,DHANBAD JN.,DHN,HAZARIBAGH R,HZD,15:30,17:24,38.95
63548,105.0,1.75,76,14,GAYA JN.,GAYA,KODERMA,KQR,05:15,07:00,43.43
63549,193.0,3.22,124,22,HAZARIBAGH R,HZD,GAYA JN.,GAYA,17:27,20:40,38.51
63550,145.0,2.42,122,23,KODERMA,KQR,DHANBAD JN.,DHN,07:20,09:45,50.41
63551,80.0,1.33,58,13,ASANSOL MAIN,ASN,DHANBAD JN.,DHN,23:00,00:20,43.61
63552,93.0,1.55,58,13,DHANBAD JN.,DHN,ASANSOL MAIN,ASN,03:12,04:45,37.42
63553,895.0,14.92,479,83,ASANSOL MAIN,ASN,VARANASI JN.,BSB,06:30,21:25,32.1
63554,965.0,16.08,479,83,VARANASI JN.,BSB,ASANSOL MAIN,ASN,04:15,20:20,29.79
63561,125.0,2.08,110,16,ASANSOL MAIN,ASN,JASIDIH JN.,JSME,07:30,09:35,52.88
63562,160.0,2.67,116,16,BAIDYANATHDH,BDME,ASANSOL MAIN,ASN,04:00,06:40,43.45
63563,130.0,2.17,110,16,ASANSOL MAIN,ASN,JASIDIH JN.,JSME,20:30,22:40,50.69
63564,130.0,2.17,110,16,JASIDIH JN.,JSME,ASANSOL MAIN,ASN,17:40,19:50,50.69
63565,55.0,0.92,43,5,JASIDIH JN.,JSME,JHAJHA,JAJ,10:00,10:55,46.74
63566,60.0,1.0,43,5,JHAJHA,JAJ,JASIDIH JN.,JSME,11:25,12:25,43.0
63567,200.0,3.33,154,20,ASANSOL MAIN,ASN,JHAJHA,JAJ,09:35,12:55,46.25
63568,195.0,3.25,154,20,JHAJHA,JAJ,ASANSOL MAIN,ASN,13:20,16:35,47.38
63569,135.0,2.25,110,14,ASANSOL MAIN,ASN,JASIDIH JN.,JSME,17:25,19:40,48.89
63570,160.0,2.67,116,16,BAIDYANATHDH,BDME,ASANSOL MAIN,ASN,06:10,08:50,43.45
63571,275.0,4.58,131,20,JASIDIH JN.,JSME,MOKAMA JN.,MKA,20:10,00:45,28.6
63572,250.0,4.17,131,20,MOKAMA JN.,MKA,JASIDIH JN.,JSME,04:30,08:40,31.41
63573,130.0,2.17,97,13,JASIDIH JN.,JSME,KIUL JN.,KIUL,11:20,13:30,44.7
63574,155.0,2.58,97,13,KIUL JN.,KIUL,JASIDIH JN.,JSME,14:10,16:45,37.6
63581,150.0,2.5,111,19,BARDDHAMAN J,BWN,RAMPUR HAT,RPH,09:10,11:40,44.4
63582,147.0,2.45,111,19,RAMPUR HAT,RPH,BARDDHAMAN J,BWN,06:20,08:47,45.31
63583,155.0,2.58,111,19,BARDDHAMAN J,BWN,RAMPUR HAT,RPH,17:40,20:15,43.02
63584,150.0,2.5,111,19,RAMPUR HAT,RPH,BARDDHAMAN J,BWN,13:15,15:45,44.4
63591,190.0,3.17,137,21,BOKARO STEEL,BKSC,ASANSOL MAIN,ASN,15:40,18:50,43.22
63592,240.0,4.0,137,21,ASANSOL MAIN,ASN,BOKARO STEEL,BKSC,07:05,11:05,34.25
63593,160.0,2.67,80,15,PURULIA JN.,PRR,ASANSOL MAIN,ASN,14:05,16:45,29.96
63594,133.0,2.22,80,15,ASANSOL MAIN,ASN,PURULIA JN.,PRR,10:52,13:05,36.04
63595,310.0,5.17,193,26,BOKARO STEEL,BKSC,ASANSOL MAIN,ASN,03:40,08:50,37.33
63596,310.0,5.17,193,26,ASANSOL MAIN,ASN,BOKARO STEEL,BKSC,18:00,23:10,37.33
63597,310.0,5.17,198,29,RANCHI,RNC,ASANSOL MAIN,ASN,12:30,17:40,38.3
63598,380.0,6.33,200,29,ASANSOL MAIN,ASN,RANCHI,RNC,05:20,11:40,31.6
64001,135.0,2.25,88,18,DELHI JN.,DLI,PANIPAT JN.,PNP,19:25,21:40,39.11
64002,138.0,2.3,88,18,PANIPAT JN.,PNP,DELHI JN.,DLI,06:20,08:38,38.26
64003,70.0,1.17,44,10,NEW DELHI,NDLS,SONIPAT,SNP,05:00,06:10,37.61
64004,115.0,1.92,56,14,SONIPAT,SNP,SAHIBABAD,SBB,06:35,08:30,29.17
64011,125.0,2.08,65,16,PALWAL,PWL,SHAKUR BASTI,SSB,06:15,08:20,31.25
64012,125.0,2.08,65,16,SHAKUR BASTI,SSB,PALWAL,PWL,10:05,12:10,31.25
64013,125.0,2.08,65,16,PALWAL,PWL,SHAKUR BASTI,SSB,12:35,14:40,31.25
64014,140.0,2.33,65,16,SHAKUR BASTI,SSB,PALWAL,PWL,13:10,15:30,27.9
64015,125.0,2.08,65,16,PALWAL,PWL,SHAKUR BASTI,SSB,14:35,16:40,31.25
64016,145.0,2.42,65,16,SHAKUR BASTI,SSB,PALWAL,PWL,14:30,16:55,26.86
64017,130.0,2.17,65,16,PALWAL,PWL,SHAKUR BASTI,SSB,15:35,17:45,29.95
64018,37.0,0.62,11,6,SHAKUR BASTI,SSB,NEW DELHI,NDLS,17:15,17:52,17.74
64019,160.0,2.67,65,15,PALWAL,PWL,SHAKUR BASTI,SSB,22:20,01:00,24.34
64031,90.0,1.5,36,13,GHAZIABAD JN,GZB,SHAKUR BASTI,SSB,09:00,10:30,24.0
64032,85.0,1.42,36,12,SHAKUR BASTI,SSB,GHAZIABAD JN,GZB,15:00,16:25,25.35
64034,85.0,1.42,36,12,SHAKUR BASTI,SSB,GHAZIABAD JN,GZB,20:25,21:50,25.35
64036,85.0,1.42,36,10,SHAKUR BASTI,SSB,GHAZIABAD JN,GZB,22:50,00:15,25.35
64051,160.0,2.67,77,16,PALWAL,PWL,GHAZIABAD JN,GZB,23:15,01:55,28.84
64052,155.0,2.58,77,17,GHAZIABAD JN,GZB,PALWAL,PWL,11:30,14:05,29.84
64053,140.0,2.33,79,17,PALWAL,PWL,GHAZIABAD JN,GZB,06:00,08:20,33.91
64055,165.0,2.75,79,18,PALWAL,PWL,GHAZIABAD JN,GZB,08:20,11:05,28.73
64057,155.0,2.58,77,17,PALWAL,PWL,GHAZIABAD JN,GZB,10:55,13:30,29.84
64061,110.0,1.83,57,13,PALWAL,PWL,DELHI JN.,DLI,17:30,19:20,31.15
64062,115.0,1.92,57,13,DELHI JN.,DLI,PALWAL,PWL,05:15,07:10,29.69
64064,100.0,1.67,57,13,DELHI JN.,DLI,PALWAL,PWL,19:45,21:25,34.13
64071,95.0,1.58,44,14,BALLABGARH,BVH,SHAKUR BASTI,SSB,08:10,09:45,27.85
64073,145.0,2.42,94,16,KOSI KALAN,KSV,NEW DELHI,NDLS,19:45,22:10,38.84
64074,125.0,2.08,96,16,NEW DELHI,NDLS,KOSI KALAN,KSV,04:45,06:50,46.15
64075,95.0,1.58,53,11,PALWAL,PWL,NEW DELHI,NDLS,07:15,08:50,33.54
64076,80.0,1.33,53,11,NEW DELHI,NDLS,PALWAL,PWL,00:15,01:35,39.85
64077,95.0,1.58,53,11,PALWAL,PWL,NEW DELHI,NDLS,07:55,09:30,33.54
64078,90.0,1.5,53,11,NEW DELHI,NDLS,PALWAL,PWL,08:45,10:15,35.33
64080,85.0,1.42,53,11,NEW DELHI,NDLS,PALWAL,PWL,17:05,18:30,37.32
64082,90.0,1.5,53,11,NEW DELHI,NDLS,PALWAL,PWL,18:00,19:30,35.33
64084,80.0,1.33,53,11,NEW DELHI,NDLS,PALWAL,PWL,21:25,22:45,39.85
64087,68.0,1.13,28,17,HAZRAT NIZAM,NZM,NEW DELHI,NDLS,18:27,19:35,24.78
64088,27.0,0.45,7,4,HAZRAT NIZAM,NZM,NEW DELHI,NDLS,20:38,21:05,15.56
64089,100.0,1.67,35,21,HAZRAT NIZAM,NZM,HAZRAT NIZAM,NZM,16:45,18:25,20.96
64090,100.0,1.67,35,21,HAZRAT NIZAM,NZM,HAZRAT NIZAM,NZM,09:15,10:55,20.96
64091,105.0,1.75,43,23,HAZRAT NIZAM,NZM,HAZRAT NIZAM,NZM,08:00,09:45,24.57
64092,105.0,1.75,35,21,HAZRAT NIZAM,NZM,HAZRAT NIZAM,NZM,18:50,20:35,20.0
64093,48.0,0.8,25,14,HAZRAT NIZAM,NZM,SHAKUR BASTI,SSB,09:47,10:35,31.25
64094,43.0,0.72,25,14,SHAKUR BASTI,SSB,HAZRAT NIZAM,NZM,08:30,09:13,34.72
64095,70.0,1.17,32,18,NEW DELHI,NDLS,SHAKUR BASTI,SSB,09:50,11:00,27.35
64096,50.0,0.83,25,14,SHAKUR BASTI,SSB,HAZRAT NIZAM,NZM,10:55,11:45,30.12
64097,35.0,0.58,11,6,NEW DELHI,NDLS,SHAKUR BASTI,SSB,19:45,20:20,18.97
64098,48.0,0.8,25,14,SHAKUR BASTI,SSB,HAZRAT NIZAM,NZM,18:00,18:48,31.25
64101,195.0,3.25,125,21,ALIGARH JN.,ALJN,DELHI JN.,DLI,01:55,05:10,38.46
64102,185.0,3.08,125,21,DELHI JN.,DLI,ALIGARH JN.,ALJN,18:15,21:20,40.58
64103,180.0,3.0,125,21,ALIGARH JN.,ALJN,DELHI JN.,DLI,06:10,09:10,41.67
64104,95.0,1.58,54,10,DELHI JN.,DLI,DANKAUR,DKDE,05:10,06:45,34.18
64105,190.0,3.17,131,24,ALIGARH JN.,ALJN,NEW DELHI,NDLS,06:20,09:30,41.32
64106,140.0,2.33,82,15,DELHI JN.,DLI,KHURJA JN,KRJ,17:25,19:45,35.19
64107,95.0,1.58,54,10,DANKAUR,DKDE,DELHI JN.,DLI,15:00,16:35,34.18
64108,150.0,2.5,82,15,DELHI JN.,DLI,KHURJA JN,KRJ,20:30,23:00,32.8
64109,140.0,2.33,71,18,DANKAUR,DKDE,SHAKUR BASTI,SSB,07:00,09:20,30.47
64110,185.0,3.08,131,24,NEW DELHI,NDLS,ALIGARH JN.,ALJN,17:40,20:45,42.53
64111,180.0,3.0,92,19,KHURJA JN,KRJ,SHAKUR BASTI,SSB,06:00,09:00,30.67
64112,150.0,2.5,64,14,SHAKUR BASTI,SSB,DANKAUR,DKDE,11:20,13:50,25.6
64113,165.0,2.75,99,22,KHURJA JN,KRJ,SHAKUR BASTI,SSB,19:50,22:35,36.0
64114,180.0,3.0,131,24,NEW DELHI,NDLS,ALIGARH JN.,ALJN,18:05,21:05,43.67
64151,175.0,2.92,125,21,ALIGARH JN.,ALJN,DELHI JN.,DLI,14:05,17:00,42.81
64152,190.0,3.17,125,21,DELHI JN.,DLI,ALIGARH JN.,ALJN,08:50,12:00,39.43
64153,180.0,3.0,139,16,KANPUR CENTR,CNB,ETAWAH,ETW,06:35,09:35,46.33
64154,85.0,1.42,78,11,ALIGARH JN.,ALJN,TUNDLA JN,TDL,12:30,13:55,54.93
64155,135.0,2.25,86,11,ETAWAH,ETW,TUNDLA JN,TDL,10:05,12:20,38.22
64156,180.0,3.0,139,16,ETAWAH,ETW,KANPUR CENTR,CNB,16:25,19:25,46.33
64157,220.0,3.67,114,16,ETAWAH,ETW,AGRA CANTT,AGC,05:40,09:20,31.06
64158,90.0,1.5,86,11,TUNDLA JN,TDL,ETAWAH,ETW,14:25,15:55,57.33
64159,100.0,1.67,83,10,KANPUR CENTR,CNB,PHAPHUND,PHD,18:10,19:50,49.7
64160,225.0,3.75,115,18,AGRA CANTT,AGC,ETAWAH,ETW,16:20,20:05,30.67
64161,140.0,2.33,106,13,PHAPHUND,PHD,SHIKOHABAD J,SKB,20:20,22:40,45.49
64162,100.0,1.67,83,12,PHAPHUND,PHD,KANPUR CENTR,CNB,08:15,09:55,49.7
64163,25.0,0.42,12,3,KANPUR CENTR,CNB,PANKI,PNK,04:35,05:00,28.57
64164,115.0,1.92,106,13,SHIKOHABAD J,SKB,PHAPHUND,PHD,05:50,07:45,55.21
64165,120.0,2.0,78,11,TUNDLA JN,TDL,ALIGARH JN.,ALJN,09:40,11:40,39.0
64167,365.0,6.08,185,32,PALWAL,PWL,ALIGARH JN.,ALJN,03:50,09:55,30.43
64168,310.0,5.17,185,32,ALIGARH JN.,ALJN,PALWAL,PWL,16:40,21:50,35.78
64201,105.0,1.75,73,13,LUCKNOW JN.,LKO,KANPUR CENTR,CNB,04:10,05:55,41.71
64202,120.0,2.0,73,13,KANPUR CENTR,CNB,LUCKNOW JN.,LKO,05:00,07:00,36.5
64203,100.0,1.67,73,13,LUCKNOW JN.,LKO,KANPUR CENTR,CNB,07:20,09:00,43.71
64204,115.0,1.92,73,13,KANPUR CENTR,CNB,LUCKNOW JN.,LKO,07:20,09:15,38.02
64205,100.0,1.67,73,13,LUCKNOW JN.,LKO,KANPUR CENTR,CNB,09:35,11:15,43.71
64206,105.0,1.75,73,13,KANPUR CENTR,CNB,LUCKNOW JN.,LKO,09:10,10:55,41.71
64207,100.0,1.67,73,13,LUCKNOW JN.,LKO,KANPUR CENTR,CNB,11:20,13:00,43.71
64208,105.0,1.75,73,13,KANPUR CENTR,CNB,LUCKNOW JN.,LKO,10:50,12:35,41.71
64209,135.0,2.25,73,14,LUCKNOW JN.,LKO,KANPUR CENTR,CNB,14:00,16:15,32.44
64210,100.0,1.67,73,13,KANPUR CENTR,CNB,LUCKNOW JN.,LKO,11:55,13:35,43.71
64211,100.0,1.67,73,13,LUCKNOW JN.,LKO,KANPUR CENTR,CNB,16:00,17:40,43.71
64212,100.0,1.67,73,13,KANPUR CENTR,CNB,LUCKNOW JN.,LKO,14:05,15:45,43.71
64213,105.0,1.75,73,13,LUCKNOW JN.,LKO,KANPUR CENTR,CNB,20:20,22:05,41.71
64214,130.0,2.17,85,16,KALIANPUR,KAP,LUCKNOW JN.,LKO,17:45,19:55,39.17
64216,140.0,2.33,85,16,KALIANPUR,KAP,LUCKNOW JN.,LKO,21:05,23:25,36.48
64221,310.0,5.17,164,22,LUCKNOW JN.,LKO,SHAHJAHANPUR,SPN,19:10,00:20,31.72
64222,285.0,4.75,164,22,SHAHJAHANPUR,SPN,LUCKNOW JN.,LKO,06:30,11:15,34.53
64231,60.0,1.0,28,5,BARA BANKI J,BBK,LUCKNOW JN.,LKO,10:10,11:10,28.0
64232,65.0,1.08,28,5,LUCKNOW JN.,LKO,BARA BANKI J,BBK,11:30,12:35,25.93
64234,50.0,0.83,28,5,LUCKNOW JN.,LKO,BARA BANKI J,BBK,13:45,14:35,33.73
64235,200.0,3.33,101,17,BARA BANKI J,BBK,KANPUR CENTR,CNB,06:50,10:10,30.33
64236,155.0,2.58,101,17,KANPUR CENTR,CNB,BARA BANKI J,BBK,18:50,21:25,39.15
64251,90.0,1.5,73,13,LUCKNOW JN.,LJN,KANPUR CENTR,CNB,05:40,07:10,48.67
64252,105.0,1.75,73,13,KANPUR CENTR,CNB,LUCKNOW JN.,LJN,16:20,18:05,41.71
64253,140.0,2.33,84,16,LUCKNOW JN.,LJN,KALIANPUR,KAP,15:15,17:35,36.05
64254,110.0,1.83,73,13,KANPUR CENTR,CNB,LUCKNOW JN.,LJN,22:15,00:05,39.89
64255,145.0,2.42,84,16,LUCKNOW JN.,LJN,KALIANPUR,KAP,18:30,20:55,34.71
64257,105.0,1.75,73,13,LUCKNOW JN.,LJN,KANPUR CENTR,CNB,22:10,23:55,41.71
64260,140.0,2.33,86,15,PANKI,PNK,LUCKNOW JN.,LJN,06:00,08:20,36.91
64271,90.0,1.5,36,10,BARA BANKI J,BBK,LUCKNOW JN.,LJN,13:20,14:50,24.0
64272,80.0,1.33,36,10,LUCKNOW JN.,LJN,BARA BANKI J,BBK,08:30,09:50,27.07
64273,95.0,1.58,36,10,BARA BANKI J,BBK,LUCKNOW JN.,LJN,16:35,18:10,22.78
64274,90.0,1.5,36,10,LUCKNOW JN.,LJN,BARA BANKI J,BBK,18:15,19:45,24.0
64275,110.0,1.83,36,10,BARA BANKI J,BBK,LUCKNOW JN.,LJN,19:55,21:45,19.67
64281,210.0,3.5,139,18,SULTANPUR JN,SLN,LUCKNOW JN.,LKO,07:30,11:00,39.71
64282,260.0,4.33,139,18,LUCKNOW JN.,LKO,SULTANPUR JN,SLN,16:45,21:05,32.1
64401,45.0,0.75,19,5,GHAZIABAD JN,GZB,DELHI JN.,DLI,10:25,11:10,25.33
64402,50.0,0.83,19,5,DELHI JN.,DLI,GHAZIABAD JN,GZB,07:10,08:00,22.89
64403,45.0,0.75,19,5,GHAZIABAD JN,GZB,DELHI JN.,DLI,17:15,18:00,25.33
64404,60.0,1.0,19,5,DELHI JN.,DLI,GHAZIABAD JN,GZB,09:40,10:40,19.0
64406,50.0,0.83,19,5,DELHI JN.,DLI,GHAZIABAD JN,GZB,09:20,10:10,22.89
64407,45.0,0.75,19,5,GHAZIABAD JN,GZB,DELHI JN.,DLI,18:20,19:05,25.33
64408,50.0,0.83,19,5,DELHI JN.,DLI,GHAZIABAD JN,GZB,10:10,11:00,22.89
64409,65.0,1.08,23,7,GHAZIABAD JN,GZB,NEW DELHI,NDLS,22:40,23:45,21.3
64410,50.0,0.83,25,8,NEW DELHI,NDLS,GHAZIABAD JN,GZB,18:25,19:15,30.12
64411,60.0,1.0,21,8,SAHIBABAD,SBB,DELHI JN.,DLI,09:00,10:00,21.0
64412,45.0,0.75,19,5,DELHI JN.,DLI,GHAZIABAD JN,GZB,20:20,21:05,25.33
64414,50.0,0.83,19,5,DELHI JN.,DLI,GHAZIABAD JN,GZB,08:40,09:30,22.89
64415,45.0,0.75,25,6,GHAZIABAD JN,GZB,NEW DELHI,NDLS,23:00,23:45,33.33
64417,75.0,1.25,28,10,GHAZIABAD JN,GZB,DELHI JN.,DLI,07:10,08:25,22.4
64418,75.0,1.25,28,10,DELHI JN.,DLI,GHAZIABAD JN,GZB,18:45,20:00,22.4
64419,85.0,1.42,30,10,HAZRAT NIZAM,NZM,GHAZIABAD JN,GZB,15:45,17:10,21.13
64420,85.0,1.42,30,9,GHAZIABAD JN,GZB,HAZRAT NIZAM,NZM,00:10,01:35,21.13
64421,45.0,0.75,25,6,GHAZIABAD JN,GZB,NEW DELHI,NDLS,04:10,04:55,33.33
64422,50.0,0.83,25,6,NEW DELHI,NDLS,GHAZIABAD JN,GZB,00:10,01:00,30.12
64423,45.0,0.75,25,7,GHAZIABAD JN,GZB,NEW DELHI,NDLS,09:50,10:35,33.33
64424,45.0,0.75,25,7,NEW DELHI,NDLS,GHAZIABAD JN,GZB,09:10,09:55,33.33
64425,50.0,0.83,25,8,GHAZIABAD JN,GZB,NEW DELHI,NDLS,12:50,13:40,30.12
64426,60.0,1.0,25,8,NEW DELHI,NDLS,GHAZIABAD JN,GZB,09:50,10:50,25.0
64427,50.0,0.83,25,8,GHAZIABAD JN,GZB,NEW DELHI,NDLS,15:10,16:00,30.12
64428,55.0,0.92,25,7,NEW DELHI,NDLS,GHAZIABAD JN,GZB,09:35,10:30,27.17
64429,50.0,0.83,25,8,GHAZIABAD JN,GZB,NEW DELHI,NDLS,16:30,17:20,30.12
64430,50.0,0.83,25,7,NEW DELHI,NDLS,GHAZIABAD JN,GZB,10:50,11:40,30.12
64431,50.0,0.83,25,7,GHAZIABAD JN,GZB,NEW DELHI,NDLS,16:40,17:30,30.12
64432,50.0,0.83,25,7,NEW DELHI,NDLS,GHAZIABAD JN,GZB,14:00,14:50,30.12
64433,55.0,0.92,25,8,GHAZIABAD JN,GZB,NEW DELHI,NDLS,16:50,17:45,27.17
64434,70.0,1.17,28,10,DELHI JN.,DLI,GHAZIABAD JN,GZB,11:20,12:30,23.93
64437,63.0,1.05,28,9,GHAZIABAD JN,GZB,DELHI JN.,DLI,06:05,07:08,26.67
64439,68.0,1.13,28,9,GHAZIABAD JN,GZB,DELHI JN.,DLI,08:10,09:18,24.78
64441,50.0,0.83,25,7,GHAZIABAD JN,GZB,NEW DELHI,NDLS,17:20,18:10,30.12
64443,90.0,1.5,28,10,GHAZIABAD JN,GZB,DELHI JN.,DLI,18:30,20:00,18.67
64445,40.0,0.67,19,5,GHAZIABAD JN,GZB,DELHI JN.,DLI,19:25,20:05,28.36
64449,50.0,0.83,25,8,GHAZIABAD JN,GZB,NEW DELHI,NDLS,08:30,09:20,30.12
64450,50.0,0.83,25,8,NEW DELHI,NDLS,GHAZIABAD JN,GZB,17:50,18:40,30.12
64451,155.0,2.58,88,18,DELHI JN.,DLI,PANIPAT JN.,PNP,16:40,19:15,34.11
64452,220.0,3.67,155,28,KURUKSHETRA,KKDE,DELHI JN.,DLI,05:55,09:35,42.23
64453,130.0,2.17,88,18,DELHI JN.,DLI,PANIPAT JN.,PNP,17:40,19:50,40.55
64454,265.0,4.42,155,28,KURUKSHETRA,KKDE,DELHI JN.,DLI,12:45,17:10,35.07
64461,255.0,4.25,164,32,HAZRAT NIZAM,NZM,KURUKSHETRA,KKDE,18:10,22:25,38.59
64462,250.0,4.17,164,32,KURUKSHETRA,KKDE,HAZRAT NIZAM,NZM,05:35,09:45,39.33
64463,200.0,3.33,156,18,NEW DELHI,NDLS,KURUKSHETRA,KKDE,01:20,04:40,46.85
64464,140.0,2.33,89,19,PANIPAT JN.,PNP,NEW DELHI,NDLS,05:10,07:30,38.2
64465,235.0,3.92,156,29,NEW DELHI,NDLS,KURUKSHETRA,KKDE,08:10,12:05,39.8
64466,175.0,2.92,89,19,PANIPAT JN.,PNP,NEW DELHI,NDLS,21:10,00:05,30.48
64470,135.0,2.25,89,19,PANIPAT JN.,PNP,NEW DELHI,NDLS,06:40,08:55,39.56
64471,195.0,3.25,114,26,GHAZIABAD JN,GZB,PANIPAT JN.,PNP,17:05,20:20,35.08
64472,195.0,3.25,114,26,PANIPAT JN.,PNP,GHAZIABAD JN,GZB,06:00,09:15,35.08
64481,170.0,2.83,108,17,PANIPAT JN.,PNP,AMBALA CANTT,UMB,20:00,22:50,38.16
64482,55.0,0.92,41,7,AMBALA CANTT,UMB,KURUKSHETRA,KKDE,04:35,05:30,44.57
64483,65.0,1.08,41,7,KURUKSHETRA,KKDE,AMBALA CANTT,UMB,22:55,00:00,37.96
64491,95.0,1.58,53,11,PALWAL,PWL,NEW DELHI,NDLS,08:25,10:00,33.54
64492,90.0,1.5,53,11,NEW DELHI,NDLS,PALWAL,PWL,17:50,19:20,35.33
64493,65.0,1.08,46,8,PALWAL,PWL,HAZRAT NIZAM,NZM,16:35,17:40,42.59
64494,75.0,1.25,46,8,HAZRAT NIZAM,NZM,PALWAL,PWL,10:15,11:30,36.8
64496,135.0,2.25,89,14,HAZRAT NIZAM,NZM,KOSI KALAN,KSV,21:15,23:30,39.56
64501,100.0,1.67,81,13,SAHARANPUR J,SRE,AMBALA CANTT,UMB,05:30,07:10,48.5
64502,105.0,1.75,81,13,AMBALA CANTT,UMB,SAHARANPUR J,SRE,12:10,13:55,46.29
64504,100.0,1.67,81,13,AMBALA CANTT,UMB,SAHARANPUR J,SRE,19:30,21:10,48.5
64511,350.0,5.83,238,32,SAHARANPUR J,SRE,NANGAL DAM,NLDM,06:40,12:30,40.82
64512,360.0,6.0,238,32,NANGAL DAM,NLDM,SAHARANPUR J,SRE,14:00,20:00,39.67
64513,355.0,5.92,238,32,SAHARANPUR J,SRE,NANGAL DAM,NLDM,16:40,22:35,40.2
64514,215.0,3.58,157,20,NANGAL DAM,NLDM,AMBALA CANTT,UMB,05:55,09:30,43.85
64515,240.0,4.0,157,20,AMBALA CANTT,UMB,NANGAL DAM,NLDM,06:10,10:10,39.25
64516,260.0,4.33,157,20,NANGAL DAM,NLDM,AMBALA CANTT,UMB,11:30,15:50,36.26
64517,230.0,3.83,157,20,AMBALA CANTT,UMB,NANGAL DAM,NLDM,11:40,15:30,40.99
64518,255.0,4.25,157,20,NANGAL DAM,NLDM,AMBALA CANTT,UMB,16:50,21:05,36.94
64521,145.0,2.42,113,14,AMBALA CANTT,UMB,LUDHIANA JN.,LDH,05:50,08:15,46.69
64522,145.0,2.42,113,14,LUDHIANA JN.,LDH,AMBALA CANTT,UMB,16:20,18:45,46.69
64523,175.0,2.92,113,14,AMBALA CANTT,UMB,LUDHIANA JN.,LDH,08:35,11:30,38.7
64524,140.0,2.33,113,14,LUDHIANA JN.,LDH,AMBALA CANTT,UMB,17:50,20:10,48.5
64531,130.0,2.17,88,17,DELHI JN.,DLI,PANIPAT JN.,PNP,05:45,07:55,40.55
64532,160.0,2.67,108,17,AMBALA CANTT,UMB,PANIPAT JN.,PNP,06:50,09:30,40.45
64533,135.0,2.25,88,18,DELHI JN.,DLI,PANIPAT JN.,PNP,12:50,15:05,39.11
64534,210.0,3.5,114,26,PANIPAT JN.,PNP,GHAZIABAD JN,GZB,17:30,21:00,32.57
64536,160.0,2.67,88,18,PANIPAT JN.,PNP,DELHI JN.,DLI,09:55,12:35,32.96
64541,155.0,2.58,108,17,PANIPAT JN.,PNP,AMBALA CANTT,UMB,05:45,08:20,41.86
64542,140.0,2.33,108,17,AMBALA CANTT,UMB,PANIPAT JN.,PNP,20:50,23:10,46.35
64543,170.0,2.83,108,17,PANIPAT JN.,PNP,AMBALA CANTT,UMB,17:50,20:40,38.16
64545,75.0,1.25,41,7,KURUKSHETRA,KKDE,AMBALA CANTT,UMB,10:20,11:35,32.8
64546,70.0,1.17,41,7,AMBALA CANTT,UMB,KURUKSHETRA,KKDE,07:45,08:55,35.04
64547,80.0,1.33,41,7,KURUKSHETRA,KKDE,AMBALA CANTT,UMB,17:50,19:10,30.83
64548,55.0,0.92,41,7,AMBALA CANTT,UMB,KURUKSHETRA,KKDE,16:10,17:05,44.57
64551,225.0,3.75,135,21,LUDHIANA JN.,LDH,AMRITSAR JN.,ASR,08:25,12:10,36.0
64552,255.0,4.25,135,19,AMRITSAR JN.,ASR,LUDHIANA JN.,LDH,13:25,17:40,31.76
64553,245.0,4.08,153,24,MORADABAD JN,MB,ANAND VIHAR,ANVT,05:35,09:40,37.5
64554,285.0,4.75,153,24,ANAND VIHAR,ANVT,MORADABAD JN,MB,17:45,22:30,32.21
64555,120.0,2.0,59,11,ANAND VIHAR,ANVT,MEERUT CITY,MTC,09:55,11:55,29.5
64556,120.0,2.0,59,11,MEERUT CITY,MTC,ANAND VIHAR,ANVT,14:15,16:15,29.5
64557,305.0,5.08,180,28,DELHI JN.,DLI,SAHARANPUR J,SRE,16:45,21:50,35.43
64558,270.0,4.5,180,28,SAHARANPUR J,SRE,DELHI JN.,DLI,04:25,08:55,40.0
64559,350.0,5.83,180,28,DELHI JN.,DLI,SAHARANPUR J,SRE,13:20,19:10,30.87
64560,275.0,4.58,180,28,SAHARANPUR J,SRE,DELHI JN.,DLI,04:55,09:30,39.3
64561,475.0,7.92,261,40,DELHI JN.,DLI,AMBALA CANTT,UMB,11:25,19:20,32.95
64562,530.0,8.83,261,40,AMBALA CANTT,UMB,DELHI JN.,DLI,06:00,14:50,29.56
64563,305.0,5.08,215,23,AMBALA CANTT,UMB,AMB  ANDAURA,AADR,07:35,12:40,42.32
64564,400.0,6.67,215,23,AMB  ANDAURA,AADR,AMBALA CANTT,UMB,13:00,19:40,32.23
64565,315.0,5.25,192,30,MORADABAD JN,MB,SAHARANPUR J,SRE,17:55,23:10,36.57
64566,315.0,5.25,192,30,SAHARANPUR J,SRE,MORADABAD JN,MB,04:20,09:35,36.57
64567,218.0,3.63,103,20,BULANDSHAHR,BSC,TILAK BRIDGE,TKJ,05:45,09:23,28.37
64568,220.0,3.67,103,20,TILAK BRIDGE,TKJ,BULANDSHAHR,BSC,18:10,21:50,28.07
64569,210.0,3.5,87,13,KOSI KALAN,KSV,HAZRAT NIZAM,NZM,12:55,16:25,24.86
64570,135.0,2.25,89,13,HAZRAT NIZAM,NZM,KOSI KALAN,KSV,09:30,11:45,39.56
64581,245.0,4.08,161,26,HATHRAS QILA,HRF,DELHI JN.,DLI,05:55,10:00,39.46
64582,240.0,4.0,161,26,DELHI JN.,DLI,HATHRAS QILA,HRF,17:45,21:45,40.25
64583,390.0,6.5,203,31,TUNDLA JN,TDL,DELHI JN.,DLI,06:30,13:00,31.23
64584,315.0,5.25,203,32,DELHI JN.,DLI,TUNDLA JN,TDL,12:55,18:10,38.67
64585,25.0,0.42,5,2,HATHRAS QILA,HRF,HATHRAS JN.,HRS,22:00,22:25,11.9
64586,25.0,0.42,5,2,HATHRAS JN.,HRS,HATHRAS QILA,HRF,05:00,05:25,11.9
64587,380.0,6.33,225,29,KANPUR CENTR,CNB,TUNDLA JN,TDL,14:05,20:25,35.55
64588,380.0,6.33,225,29,TUNDLA JN,TDL,KANPUR CENTR,CNB,06:45,13:05,35.55
64589,105.0,1.75,78,12,KANPUR CENTR,CNB,PHAPHUND,PHD,19:10,20:55,44.57
64590,125.0,2.08,78,12,PHAPHUND,PHD,KANPUR CENTR,CNB,06:00,08:05,37.5
64591,300.0,5.0,194,31,ALLAHABAD JN,ALD,KANPUR CENTR,CNB,06:30,11:30,38.8
64592,305.0,5.08,194,31,KANPUR CENTR,CNB,ALLAHABAD JN,ALD,14:40,19:45,38.19
64593,125.0,2.08,77,13,FATEHPUR,FTP,KANPUR CENTR,CNB,07:20,09:25,37.02
64594,150.0,2.5,77,13,KANPUR CENTR,CNB,FATEHPUR,FTP,18:15,20:45,30.8
64595,255.0,4.25,152,20,MUGHAL SARAI,MGS,ALLAHABAD JN,ALD,16:00,20:15,35.76
64596,225.0,3.75,152,20,ALLAHABAD JN,ALD,MUGHAL SARAI,MGS,07:25,11:10,40.53
64901,240.0,4.0,118,22,KOSI KALAN,KSV,GHAZIABAD JN,GZB,08:00,12:00,29.5
64902,205.0,3.42,119,22,GHAZIABAD JN,GZB,KOSI KALAN,KSV,15:00,18:25,34.8
64903,275.0,4.58,158,27,MATHURA JN.,MTJ,GHAZIABAD JN,GZB,05:45,10:20,34.5
64904,260.0,4.33,160,27,GHAZIABAD JN,GZB,MATHURA JN.,MTJ,16:05,20:25,36.95
64905,200.0,3.33,134,21,MATHURA JN.,MTJ,NEW DELHI,NDLS,05:00,08:20,40.24
64906,170.0,2.83,77,17,GHAZIABAD JN,GZB,PALWAL,PWL,16:50,19:40,27.21
64908,105.0,1.75,44,14,SHAKUR BASTI,SSB,BALLABGARH,BVH,05:50,07:35,25.14
64910,230.0,3.83,148,26,SHAKUR BASTI,SSB,MATHURA JN.,MTJ,18:20,22:10,38.64
64911,125.0,2.08,71,17,NEW DELHI,NDLS,ROHTAK JN.,ROK,09:25,11:30,34.13
64912,125.0,2.08,71,17,ROHTAK JN.,ROK,NEW DELHI,NDLS,07:10,09:15,34.13
64913,120.0,2.0,69,17,DELHI JN.,DLI,ROHTAK JN.,ROK,05:00,07:00,34.5
64914,135.0,2.25,69,17,ROHTAK JN.,ROK,DELHI JN.,DLI,13:30,15:45,30.67
64915,130.0,2.17,69,17,DELHI JN.,DLI,ROHTAK JN.,ROK,10:10,12:20,31.8
64916,130.0,2.17,69,17,ROHTAK JN.,ROK,DELHI JN.,DLI,21:00,23:10,31.8
64931,140.0,2.33,69,17,DELHI JN.,DLI,ROHTAK JN.,ROK,18:35,20:55,29.61
64932,140.0,2.33,69,17,ROHTAK JN.,ROK,DELHI JN.,DLI,15:50,18:10,29.61
64951,190.0,3.17,83,15,BAYANA,BXN,AGRA CANTT,AGC,14:10,17:20,26.18
64952,185.0,3.08,83,15,AGRA CANTT,AGC,BAYANA,BXN,10:40,13:45,26.95
64953,285.0,4.75,180,26,AGRA CANTT,AGC,HAZRAT NIZAM,NZM,16:15,21:00,37.89
64955,105.0,1.75,28,8,AGRA CANTT,AGC,TUNDLA JN,TDL,07:45,09:30,16.0
64956,95.0,1.58,28,8,TUNDLA JN,TDL,AGRA CANTT,AGC,13:30,15:05,17.72
64957,195.0,3.25,133,19,AGRA CANTT,AGC,PALWAL,PWL,18:15,21:30,40.92
64958,170.0,2.83,137,19,PALWAL,PWL,AGRA CANTT,AGC,04:25,07:15,48.41
64959,175.0,2.92,94,14,KOSI KALAN,KSV,AGRA CANTT,AGC,07:30,10:25,32.19
66000,45.0,0.75,21,7,AVADI,AVD,MOOR MARKET,MMCC,04:40,05:25,28.0
66001,80.0,1.33,41,11,MOOR MARKET,MMCC,TIRUVALLUR,TRL,20:40,22:00,30.83
66002,45.0,0.75,21,7,AVADI,AVD,MOOR MARKET,MMCC,06:15,07:00,28.0
66003,45.0,0.75,20,7,MOOR MARKET,MMCC,AVADI,AVD,21:05,21:50,26.67
66004,45.0,0.75,21,7,AVADI,AVD,MOOR MARKET,MMCC,06:40,07:25,28.0
66005,45.0,0.75,20,7,MOOR MARKET,MMCC,AVADI,AVD,21:50,22:35,26.67
66006,45.0,0.75,21,11,AVADI,AVD,MOOR MARKET,MMCC,18:15,19:00,28.0
66007,45.0,0.75,20,7,MOOR MARKET,MMCC,AVADI,AVD,23:00,23:45,26.67
66008,125.0,2.08,68,14,ARAKKONAM JN,AJJ,MOOR MARKET,MMCC,10:50,12:55,32.69
66009,125.0,2.08,68,14,MOOR MARKET,MMCC,ARAKKONAM JN,AJJ,22:45,00:50,32.69
66010,120.0,2.0,68,14,ARAKKONAM JN,AJJ,MOOR MARKET,MMCC,19:55,21:55,34.0
66011,120.0,2.0,68,14,MOOR MARKET,MMCC,ARAKKONAM JN,AJJ,15:50,17:50,34.0
66012,80.0,1.33,41,11,TIRUVALLUR,TRL,MOOR MARKET,MMCC,18:30,19:50,30.83
66013,95.0,1.58,68,9,MOOR MARKET,MMCC,ARAKKONAM JN,AJJ,17:45,19:20,43.04
66014,150.0,2.5,77,11,TIRUPATI,TPTY,ARAKKONAM JN,AJJ,16:05,18:35,30.8
66015,105.0,1.75,68,14,MOOR MARKET,MMCC,ARAKKONAM JN,AJJ,07:20,09:05,38.86
66016,115.0,1.92,70,12,ARAKKONAM JN,AJJ,CHENNAI BEAC,MSB,06:25,08:20,36.46
66017,205.0,3.42,140,18,CHENNAI BEAC,MSB,VELLORE CANT,VLR,18:00,21:25,40.94
66018,215.0,3.58,140,18,VELLORE CANT,VLR,CHENNAI BEAC,MSB,06:00,09:35,39.11
66019,310.0,5.17,202,27,KATPADI JN,KPD,SALEM JN.,SA,06:05,11:15,39.07
66020,315.0,5.25,204,27,SALEM JN.,SA,KATPADI JN,KPD,15:30,20:45,38.86
66021,85.0,1.42,68,6,MOOR MARKET,MMCC,ARAKKONAM JN,AJJ,19:10,20:35,47.89
66022,110.0,1.83,62,13,ARAKKONAM JN,AJJ,MOOR MARKET,MMCC,07:20,09:10,33.88
66025,135.0,2.25,82,16,MOOR MARKET,MMCC,SULLURUPETTA,SPE,05:30,07:45,36.44
66026,120.0,2.0,82,21,SULLURUPETTA,SPE,MOOR MARKET,MMCC,12:00,14:00,41.0
66027,130.0,2.17,82,16,MOOR MARKET,MMCC,SULLURUPETTA,SPE,13:40,15:50,37.79
66028,120.0,2.0,82,21,SULLURUPETTA,SPE,MOOR MARKET,MMCC,19:55,21:55,41.0
66029,105.0,1.75,93,12,SULLURUPETTA,SPE,NELLORE,NLR,08:00,09:45,53.14
66030,105.0,1.75,93,12,NELLORE,NLR,SULLURUPETTA,SPE,10:00,11:45,53.14
66031,100.0,1.67,93,12,SULLURUPETTA,SPE,NELLORE,NLR,15:45,17:25,55.69
66032,120.0,2.0,93,12,NELLORE,NLR,SULLURUPETTA,SPE,17:50,19:50,46.5
66033,200.0,3.33,131,16,TIRUPATI,TPTY,NELLORE,NLR,11:30,14:50,39.34
66034,205.0,3.42,131,16,NELLORE,NLR,TIRUPATI,TPTY,12:30,15:55,38.3
66035,130.0,2.17,82,16,MOOR MARKET,MMCC,SULLURUPETTA,SPE,07:45,09:55,37.79
66036,130.0,2.17,82,21,SULLURUPETTA,SPE,MOOR MARKET,MMCC,18:35,20:45,37.79
66037,115.0,1.92,93,10,SULLURUPETTA,SPE,NELLORE,NLR,10:05,12:00,48.44
66038,140.0,2.33,93,12,NELLORE,NLR,SULLURUPETTA,SPE,16:00,18:20,39.91
66039,120.0,2.0,78,12,ARAKKONAM JN,AJJ,TIRUPATI,TPTY,09:15,11:15,39.0
66040,110.0,1.83,68,14,ARAKKONAM JN,AJJ,MOOR MARKET,MMCC,18:40,20:30,37.16
66041,195.0,3.25,108,15,CHENNAI BEAC,MSB,TIRUMALPUR,TMLP,09:50,13:05,33.23
66042,175.0,2.92,108,11,TIRUMALPUR,TMLP,CHENNAI BEAC,MSB,13:45,16:40,36.99
66043,160.0,2.67,95,11,CHENNAI BEAC,MSB,MELMARUVATHU,MLMR,08:25,11:05,35.58
66044,140.0,2.33,95,14,MELMARUVATHU,MLMR,CHENNAI BEAC,MSB,15:30,17:50,40.77
66045,95.0,1.58,67,5,MELMARUVATHU,MLMR,VILLUPURAM J,VM,11:30,13:05,42.41
66046,80.0,1.33,67,5,VILLUPURAM J,VM,MELMARUVATHU,MLMR,13:55,15:15,50.38
66047,195.0,3.25,148,14,MOOR MARKET,MMCC,TIRUPATI,TPTY,09:50,13:05,45.54
66048,215.0,3.58,146,15,TIRUPATI,TPTY,MOOR MARKET,MMCC,13:30,17:05,40.78
66049,165.0,2.75,78,12,ARAKKONAM JN,AJJ,TIRUPATI,TPTY,20:40,23:25,28.36
66050,120.0,2.0,77,12,TIRUPATI,TPTY,ARAKKONAM JN,AJJ,05:10,07:10,38.5
66051,40.0,0.67,20,7,MOOR MARKET,MMCC,AVADI,AVD,14:05,14:45,29.85
66052,45.0,0.75,21,7,AVADI,AVD,MOOR MARKET,MMCC,14:50,15:35,28.0
66053,90.0,1.5,42,12,CHENNAI BEAC,MSB,TIRUVALLUR,TRL,16:40,18:10,28.0
66054,30.0,0.5,20,5,TIRUVALLUR,TRL,AVADI,AVD,22:10,22:40,40.0
66300,255.0,4.25,155,25,QUILON,QLN,ERNAKULAM. J,ERS,07:45,12:00,36.47
66301,255.0,4.25,155,25,ERNAKULAM. J,ERS,QUILON,QLN,14:40,18:55,36.47
66302,210.0,3.5,140,25,QUILON,QLN,ERNAKULAM. J,ERS,08:50,12:20,40.0
66303,210.0,3.5,142,25,ERNAKULAM. J,ERS,QUILON,QLN,12:25,15:55,40.57
66304,280.0,4.67,151,32,QUILON,QLN,KANNIYAKUMAR,CAPE,09:40,14:20,32.33
66305,310.0,5.17,151,32,KANNIYAKUMAR,CAPE,QUILON,QLN,16:30,21:40,29.21
66307,240.0,4.0,155,25,ERNAKULAM. J,ERS,QUILON,QLN,05:50,09:50,38.75
66308,255.0,4.25,155,25,QUILON,QLN,ERNAKULAM. J,ERS,11:10,15:25,36.47
66309,220.0,3.67,142,17,ERNAKULAM. J,ERS,QUILON,QLN,19:40,23:20,38.69
66310,215.0,3.58,140,17,QUILON,QLN,ERNAKULAM. J,ERS,20:50,00:25,39.11
66511,165.0,2.75,85,17,KRANTIVIRA S,SBC,MARIKUPPAM,MKM,12:20,15:05,30.91
66512,150.0,2.5,86,16,MARIKUPPAM,MKM,KRANTIVIRA S,SBC,08:00,10:30,34.4
66513,35.0,0.58,17,6,BANGARPET JN,BWT,MARIKUPPAM,MKM,07:10,07:45,29.31
66514,115.0,1.92,73,15,MARIKUPPAM,MKM,BAIYYAPPANAH,BYPL,15:15,17:10,38.02
66515,110.0,1.83,74,14,BAIYYAPPANAH,BYPL,MARIKUPPAM,MKM,17:25,19:15,40.44
66516,30.0,0.5,16,6,MARIKUPPAM,MKM,BANGARPET JN,BWT,19:25,19:55,32.0
66517,35.0,0.58,16,6,MARIKUPPAM,MKM,BANGARPET JN,BWT,22:40,23:15,27.59
66518,35.0,0.58,17,6,BANGARPET JN,BWT,MARIKUPPAM,MKM,04:00,04:35,29.31
66519,175.0,2.92,86,11,MARIKUPPAM,MKM,KRANTIVIRA S,SBC,04:45,07:40,29.45
66520,135.0,2.25,87,11,KRANTIVIRA S,SBC,MARIKUPPAM,MKM,20:15,22:30,38.67
66523,160.0,2.67,98,16,KRANTIVIRA S,SBC,HINDUPUR,HUP,17:45,20:25,36.7
66524,175.0,2.92,98,16,HINDUPUR,HUP,KRANTIVIRA S,SBC,06:30,09:25,33.56
66527,45.0,0.75,34,5,KUPPAM,KPN,BANGARPET JN,BWT,21:35,22:20,45.33
66528,45.0,0.75,34,5,BANGARPET JN,BWT,KUPPAM,KPN,05:50,06:35,45.33
66529,175.0,2.92,102,16,KUPPAM,KPN,KRANTIVIRA S,SBC,06:45,09:40,34.93
66530,85.0,1.42,68,12,KRANTIVIRA S,SBC,BANGARPET JN,BWT,09:50,11:15,47.89
66531,100.0,1.67,68,12,BANGARPET JN,BWT,KRANTIVIRA S,SBC,12:40,14:20,40.72
66532,145.0,2.42,85,17,KRANTIVIRA S,SBC,MARIKUPPAM,MKM,14:45,17:10,35.12
66533,115.0,1.92,73,14,MARIKUPPAM,MKM,BAIYYAPPANAH,BYPL,17:20,19:15,38.02
66534,115.0,1.92,92,13,BAIYYAPPANAH,BYPL,KUPPAM,KPN,19:30,21:25,47.92
66535,65.0,1.08,44,8,KRANTIVIRA S,SBC,RAMANAGARAM,RMGM,05:00,06:05,40.74
66536,65.0,1.08,44,9,RAMANAGARAM,RMGM,KRANTIVIRA S,SBC,07:35,08:40,40.74
66537,65.0,1.08,44,9,KRANTIVIRA S,SBC,RAMANAGARAM,RMGM,17:25,18:30,40.74
66538,65.0,1.08,44,9,RAMANAGARAM,RMGM,KRANTIVIRA S,SBC,18:40,19:45,40.74
66539,65.0,1.08,44,9,KRANTIVIRA S,SBC,RAMANAGARAM,RMGM,19:55,21:00,40.74
66540,75.0,1.25,44,9,RAMANAGARAM,RMGM,KRANTIVIRA S,SBC,22:35,23:50,35.2
66541,40.0,0.67,21,7,WHITE FIELD,WFD,KRANTIVIRA S,SBC,10:30,11:10,31.34
66542,55.0,0.92,21,7,KRANTIVIRA S,SBC,WHITE FIELD,WFD,08:45,09:40,22.83
66543,150.0,2.5,102,17,KUPPAM,KPN,KRANTIVIRA S,SBC,14:45,17:15,40.8
66544,140.0,2.33,102,16,KRANTIVIRA S,SBC,KUPPAM,KPN,11:45,14:05,43.78
66600,145.0,2.42,100,15,COIMBATORE,CBE,ERODE JN.,ED,18:25,20:50,41.32
66601,165.0,2.75,100,15,ERODE JN.,ED,COIMBATORE,CBE,06:55,09:40,36.36
66602,235.0,3.92,159,22,COIMBATORE,CBE,SALEM JN.,SA,09:05,13:00,40.56
66603,250.0,4.17,159,22,SALEM JN.,SA,COIMBATORE,CBE,13:40,17:50,38.13
66604,165.0,2.75,98,14,SHORANUR JN.,SRR,COIMBATORE,CBE,14:55,17:40,35.64
66605,165.0,2.75,98,14,COIMBATORE,CBE,SHORANUR JN.,SRR,09:45,12:30,35.64
66606,95.0,1.58,58,8,PALGHAT TOWN,PGTN,COIMBATORE,CBE,07:15,08:50,36.71
66607,105.0,1.75,58,8,COIMBATORE,CBE,PALGHAT TOWN,PGTN,18:10,19:55,33.14
66608,275.0,4.58,158,22,PALGHAT TOWN,PGTN,ERODE JN.,ED,14:30,19:05,34.5
66609,280.0,4.67,159,22,ERODE JN.,ED,PALGHAT TOWN,PGTN,07:45,12:25,34.05
66611,245.0,4.08,149,28,PALAKKAD JN,PGT,ERNAKULAM. J,ERS,08:20,12:25,36.52
66612,255.0,4.25,150,28,ERNAKULAM. J,ERS,PALAKKAD JN,PGT,15:10,19:25,35.29
67247,205.0,3.42,121,17,RAVIKAMPADU,RVD,VISAKHAPATNA,VSKP,13:15,16:40,35.38
67248,155.0,2.58,103,18,TUNI,TUNI,RAJAHMUNDRY,RJY,20:45,23:20,39.92
67249,175.0,2.92,113,16,TANDUR,TDU,SECUNDERABAD,SC,06:15,09:10,38.7
67250,180.0,3.0,113,16,SECUNDERABAD,SC,TANDUR,TDU,18:00,21:00,37.67
67251,50.0,0.83,31,7,VIJAYWADA JN,BZA,TENALI JN.,TEL,05:00,05:50,37.35
67253,55.0,0.92,31,7,TENALI JN.,TEL,VIJAYWADA JN,BZA,06:10,07:05,33.7
67254,60.0,1.0,32,6,VIJAYWADA JN,BZA,GUNTUR JN.,GNT,08:20,09:20,32.0
67255,45.0,0.75,25,5,GUNTUR JN.,GNT,TENALI JN.,TEL,09:30,10:15,33.33
67256,155.0,2.58,106,20,TENALI JN.,TEL,ONGOLE,OGL,11:25,14:00,41.09
67257,200.0,3.33,106,20,ONGOLE,OGL,TENALI JN.,TEL,12:35,15:55,31.83
67258,70.0,1.17,25,5,TENALI JN.,TEL,GUNTUR JN.,GNT,16:50,18:00,21.37
67259,65.0,1.08,32,6,GUNTUR JN.,GNT,VIJAYWADA JN,BZA,18:30,19:35,29.63
67260,205.0,3.42,138,27,ONGOLE,OGL,VIJAYWADA JN,BZA,14:35,18:00,40.35
67261,240.0,4.0,149,26,VIJAYWADA JN,BZA,RAJAHMUNDRY,RJY,18:20,22:20,37.25
67262,230.0,3.83,149,24,RAJAHMUNDRY,RJY,VIJAYWADA JN,BZA,03:45,07:35,38.9
67263,220.0,3.67,138,27,VIJAYWADA JN,BZA,ONGOLE,OGL,08:00,11:40,37.6
67264,245.0,4.08,163,18,HYDERABAD DE,HYB,WARANGAL,WL,09:40,13:45,39.95
67265,235.0,3.92,163,18,WARANGAL,WL,HYDERABAD DE,HYB,05:15,09:10,41.58
67266,200.0,3.33,143,17,HYDERABAD DE,HYB,KAZIPET JN.,KZJ,18:40,22:00,42.94
67267,245.0,4.08,163,18,WARANGAL,WL,HYDERABAD DE,HYB,14:00,18:05,39.95
67269,120.0,2.0,104,12,KAZIPET JN.,KZJ,DORNAKAL JN.,DKJ,06:40,08:40,52.0
67270,140.0,2.33,104,12,DORNAKAL JN.,DKJ,KAZIPET JN.,KZJ,21:10,23:30,44.64
67271,190.0,3.17,121,16,DORNAKAL JN.,DKJ,VIJAYWADA JN,BZA,09:00,12:10,38.17
67272,160.0,2.67,122,18,VIJAYWADA JN,BZA,DORNAKAL JN.,DKJ,18:15,20:55,45.69
67273,60.0,1.0,32,6,VIJAYWADA JN,BZA,GUNTUR JN.,GNT,12:30,13:30,32.0
67274,60.0,1.0,32,6,GUNTUR JN.,GNT,VIJAYWADA JN,BZA,14:10,15:10,32.0
67275,105.0,1.75,59,16,FALAKNUMA,FM,BHONGIR,BG,06:15,08:00,33.71
67276,115.0,1.92,59,16,BHONGIR,BG,FALAKNUMA,FM,09:00,10:55,30.73
67277,165.0,2.75,96,21,FALAKNUMA,FM,JANGAON,ZN,14:10,16:55,34.91
67278,180.0,3.0,96,21,JANGAON,ZN,FALAKNUMA,FM,17:10,20:10,32.0
67279,190.0,3.17,154,19,GUDUR JN.,GDR,ONGOLE,OGL,15:05,18:15,48.58
67280,205.0,3.42,154,19,ONGOLE,OGL,GUDUR JN.,GDR,09:45,13:10,45.03
67282,155.0,2.58,142,18,PALASA,PSA,VIZIANAGARAM,VZM,13:00,15:35,55.04
67291,75.0,1.25,60,10,VIZIANAGARAM,VZM,VISAKHAPATNA,VSKP,06:15,07:30,48.0
67292,80.0,1.33,60,10,VISAKHAPATNA,VSKP,VIZIANAGARAM,VZM,18:05,19:25,45.11
67293,95.0,1.58,60,10,VIZIANAGARAM,VZM,VISAKHAPATNA,VSKP,16:05,17:40,37.97
67294,150.0,2.5,130,18,VISAKHAPATNA,VSKP,SRIKAKULAM R,CHE,08:05,10:35,52.0
67295,105.0,1.75,79,15,RAJAHMUNDRY,RJY,RAVIKAMPADU,RVD,11:15,13:00,45.14
67296,117.0,1.95,97,11,VISAKHAPATNA,VSKP,TUNI,TUNI,18:20,20:17,49.74
67297,225.0,3.75,138,25,ONGOLE,OGL,VIJAYWADA JN,BZA,18:35,22:20,36.8
67298,240.0,4.0,138,25,VIJAYWADA JN,BZA,ONGOLE,OGL,05:10,09:10,34.5
67299,290.0,4.83,149,27,RAJAHMUNDRY,RJY,VIJAYWADA JN,BZA,17:15,22:05,30.85
67300,265.0,4.42,149,28,VIJAYWADA JN,BZA,RAJAHMUNDRY,RJY,04:30,08:55,33.71
68001,170.0,2.83,148,14,SANTRAGACHI,SRC,JHARGRAM,JGM,06:45,09:35,52.3
68003,230.0,3.83,215,23,HOWRAH JN.,HWH,GHATSILA,GTS,10:00,13:50,56.14
68004,257.0,4.28,214,23,GHATSILA,GTS,HOWRAH JN.,HWH,14:05,18:22,50.0
68005,195.0,3.25,137,18,KHARAGPUR,KGP,TATANAGAR JN,TATA,15:20,18:35,42.15
68006,180.0,3.0,137,19,TATANAGAR JN,TATA,KHARAGPUR,KGP,08:50,11:50,45.67
68007,285.0,4.75,188,43,HOWRAH JN.,HWH,JALESWAR,JER,17:00,21:45,39.58
68008,157.0,2.62,147,14,JHARGRAM,JGM,SANTRAGACHI,SRC,09:50,12:27,56.11
68009,75.0,1.25,62,9,TATANAGAR JN,TATA,CHAKARADHARP,CKP,18:45,20:00,49.6
68010,100.0,1.67,62,9,CHAKARADHARP,CKP,TATANAGAR JN,TATA,06:00,07:40,37.13
68011,160.0,2.67,137,18,KHARAGPUR,KGP,TATANAGAR JN,TATA,18:20,21:00,51.31
68012,155.0,2.58,137,18,TATANAGAR JN,TATA,KHARAGPUR,KGP,03:15,05:50,53.1
68013,160.0,2.67,137,19,KHARAGPUR,KGP,TATANAGAR JN,TATA,05:40,08:20,51.31
68014,190.0,3.17,137,18,TATANAGAR JN,TATA,KHARAGPUR,KGP,14:00,17:10,43.22
68015,150.0,2.5,137,18,KHARAGPUR,KGP,TATANAGAR JN,TATA,21:05,23:35,54.8
68016,160.0,2.67,137,18,TATANAGAR JN,TATA,KHARAGPUR,KGP,04:20,07:00,51.31
68017,455.0,7.58,238,39,NSC BOSE J G,GMO,CHAKARADHARP,CKP,14:50,22:25,31.4
68018,460.0,7.67,238,39,CHAKARADHARP,CKP,NSC BOSE J G,GMO,05:20,13:00,31.03
68019,425.0,7.08,284,40,JHARGRAM,JGM,PHULWARTANR,PLJE,06:05,13:10,40.11
68020,365.0,6.08,284,41,PHULWARTANR,PLJE,JHARGRAM,JGM,15:20,21:25,46.71
68021,160.0,2.67,120,18,KHARAGPUR,KGP,BALASORE,BLS,09:25,12:05,44.94
68022,160.0,2.67,120,18,BALASORE,BLS,KHARAGPUR,KGP,12:30,15:10,44.94
68023,280.0,4.67,188,27,JHARGRAM,JGM,PURULIA JN.,PRR,04:40,09:20,40.26
68024,245.0,4.08,189,27,PURULIA JN.,PRR,JHARGRAM,JGM,09:50,13:55,46.32
68047,50.0,0.83,40,6,KHARAGPUR,KGP,BELDA,BLDA,21:30,22:20,48.19
68048,55.0,0.92,40,6,BELDA,BLDA,KHARAGPUR,KGP,06:10,07:05,43.48
68053,90.0,1.5,71,11,ADRA,ADRA,BARABHUM,BBM,15:05,16:35,47.33
68054,85.0,1.42,70,11,BARABHUM,BBM,ADRA,ADRA,16:45,18:10,49.3
68055,305.0,5.08,171,29,ASANSOL MAIN,ASN,TATANAGAR JN,TATA,08:25,13:30,33.66
68056,275.0,4.58,170,29,TATANAGAR JN,TATA,ASANSOL MAIN,ASN,08:45,13:20,37.12
68057,50.0,0.83,39,7,ADRA,ADRA,PURULIA JN.,PRR,05:45,06:35,46.99
68058,55.0,0.92,39,7,PURULIA JN.,PRR,ADRA,ADRA,07:15,08:10,42.39
68059,175.0,2.92,112,19,BARABHUM,BBM,ASANSOL MAIN,ASN,18:45,21:40,38.36
68060,200.0,3.33,112,19,ASANSOL MAIN,ASN,BARABHUM,BBM,15:05,18:25,33.63
68063,65.0,1.08,41,9,ADRA,ADRA,ASANSOL MAIN,ASN,05:05,06:10,37.96
68069,65.0,1.08,41,9,ADRA,ADRA,ASANSOL MAIN,ASN,18:40,19:45,37.96
68070,60.0,1.0,41,9,ASANSOL MAIN,ASN,ADRA,ADRA,22:35,23:35,41.0
68071,140.0,2.33,70,16,ADRA,ADRA,KHANODIH,KNF,07:15,09:35,30.04
68072,65.0,1.08,40,9,BHAGA JN,VAA,ADRA,ADRA,18:10,19:15,37.04
68073,25.0,0.42,11,5,BHOJUDIH JN.,BJE,BHAGA JN,VAA,16:30,16:55,26.19
68074,90.0,1.5,40,12,KHANODIH,KNF,BHOJUDIH JN.,BJE,09:45,11:15,26.67
68075,35.0,0.58,29,5,ADRA,ADRA,BHOJUDIH JN.,BJE,22:30,23:05,50.0
68076,40.0,0.67,29,5,BHOJUDIH JN.,BJE,ADRA,ADRA,03:40,04:20,43.28
68077,75.0,1.25,40,9,ADRA,ADRA,BHAGA JN,VAA,13:35,14:50,32.0
68078,65.0,1.08,40,9,BHAGA JN,VAA,ADRA,ADRA,15:00,16:05,37.04
68079,90.0,1.5,37,7,BHOJUDIH JN.,BJE,CHANDRAPURA,CRP,11:35,13:05,24.67
68080,105.0,1.75,37,7,CHANDRAPURA,CRP,BHOJUDIH JN.,BJE,14:35,16:20,21.14
68081,55.0,0.92,53,8,BANKURA,BQA,ADRA,ADRA,04:00,04:55,57.61
68082,95.0,1.58,84,13,ADRA,ADRA,BISHNUPUR,VSU,21:15,22:50,53.16
68088,230.0,3.83,121,19,DHANBAD JN.,DHN,BANKURA,BQA,14:00,17:50,31.59
68089,160.0,2.67,155,20,MIDNAPORE,MDN,ADRA,ADRA,11:40,14:20,58.05
68090,180.0,3.0,155,20,ADRA,ADRA,MIDNAPORE,MDN,08:20,11:20,51.67
68091,83.0,1.38,51,9,MIDNAPORE,MDN,JHARGRAM,JGM,16:37,18:00,36.96
68092,80.0,1.33,51,7,JHARGRAM,JGM,MIDNAPORE,MDN,06:55,08:15,38.35
68093,90.0,1.5,51,10,MIDNAPORE,MDN,JHARGRAM,JGM,03:00,04:30,34.0
68094,95.0,1.58,51,10,JHARGRAM,JGM,MIDNAPORE,MDN,14:10,15:45,32.28
68097,110.0,1.83,108,15,GARBETA,GBA,ADRA,ADRA,20:15,22:05,59.02
68098,115.0,1.92,108,15,ADRA,ADRA,GARBETA,GBA,17:35,19:30,56.25
68643,15.0,0.25,8,2,KHARAGPUR,KGP,HIJLI,HIJ,06:05,06:20,32.0
68644,15.0,0.25,8,2,HIJLI,HIJ,KHARAGPUR,KGP,06:30,06:45,32.0
68645,12.0,0.2,8,2,KHARAGPUR,KGP,HIJLI,HIJ,17:05,17:17,40.0
68646,15.0,0.25,8,2,HIJLI,HIJ,KHARAGPUR,KGP,17:35,17:50,32.0
68685,187.0,3.12,130,22,MECHEDA,MCA,DIGHA FS,DGHA,07:48,10:55,41.67
68686,145.0,2.42,117,18,DIGHA FS,DGHA,PANSKURA,PKU,05:40,08:05,48.35
68688,155.0,2.58,117,18,DIGHA FS,DGHA,PANSKURA,PKU,06:45,09:20,45.35
68689,153.0,2.55,117,18,PANSKURA,PKU,DIGHA FS,DGHA,19:32,22:05,45.88
68690,173.0,2.88,130,22,DIGHA FS,DGHA,MECHEDA,MCA,11:15,14:08,45.14
68701,55.0,0.92,48,10,RAIPUR JN.,R,DURG,DURG,04:50,05:45,52.17
68702,55.0,0.92,41,11,DURG,DURG,RAIPUR JN.,R,06:25,07:20,44.57
68703,55.0,0.92,48,10,RAIPUR JN.,R,DURG,DURG,07:35,08:30,52.17
68704,60.0,1.0,41,11,DURG,DURG,RAIPUR JN.,R,09:20,10:20,41.0
68705,130.0,2.17,109,18,RAIPUR JN.,R,DONGAR GARH,DGG,08:30,10:40,50.23
68706,395.0,6.58,214,33,DONGAR GARH,DGG,BILASPUR JN.,BSP,11:40,18:15,32.52
68707,60.0,1.0,48,10,RAIPUR JN.,R,DURG,DURG,12:35,13:35,48.0
68708,60.0,1.0,34,11,DURG,DURG,RAIPUR JN.,R,17:00,18:00,34.0
68709,135.0,2.25,109,18,RAIPUR JN.,R,DONGAR GARH,DGG,17:20,19:35,48.44
68710,135.0,2.25,102,19,DONGAR GARH,DGG,RAIPUR JN.,R,05:40,07:55,45.33
68711,90.0,1.5,73,9,DONGAR GARH,DGG,GONDIA JN.,G,05:05,06:35,48.67
68712,85.0,1.42,73,9,GONDIA JN.,G,DONGAR GARH,DGG,22:15,23:40,51.41
68713,160.0,2.67,127,17,GONDIA JN.,G,ITWARI JN.,ITR,06:45,09:25,47.57
68714,195.0,3.25,126,17,ITWARI JN.,ITR,GONDIA JN.,G,10:35,13:50,38.77
68715,150.0,2.5,127,17,GONDIA JN.,G,ITWARI JN.,ITR,15:10,17:40,50.8
68716,165.0,2.75,126,17,ITWARI JN.,ITR,GONDIA JN.,G,18:30,21:15,45.82
68717,55.0,0.92,48,10,RAIPUR JN.,R,DURG,DURG,18:25,19:20,52.17
68718,50.0,0.83,41,7,DURG,DURG,RAIPUR JN.,R,19:50,20:40,49.4
68719,140.0,2.33,112,15,BILASPUR JN.,BSP,RAIPUR JN.,R,16:45,19:05,48.07
68721,140.0,2.33,109,18,RAIPUR JN.,R,DONGAR GARH,DGG,19:10,21:30,46.78
68723,105.0,1.75,73,9,DONGAR GARH,DGG,GONDIA JN.,G,21:40,23:25,41.71
68724,260.0,4.33,175,27,GONDIA JN.,G,RAIPUR JN.,R,07:00,11:20,40.42
68725,60.0,1.0,48,10,RAIPUR JN.,R,DURG,DURG,20:50,21:50,48.0
68726,65.0,1.08,41,10,DURG,DURG,RAIPUR JN.,R,22:05,23:10,37.96
68727,145.0,2.42,112,15,BILASPUR JN.,BSP,RAIPUR JN.,R,19:05,21:30,46.28
68728,130.0,2.17,111,15,RAIPUR JN.,R,BILASPUR JN.,BSP,07:15,09:25,51.15
68729,125.0,2.08,109,18,RAIPUR JN.,R,DONGAR GARH,DGG,21:50,23:55,52.4
68730,150.0,2.5,102,19,DONGAR GARH,DGG,RAIPUR JN.,R,04:00,06:30,40.8
68731,135.0,2.25,97,15,GEVRA-ROAD,GAD,BILASPUR JN.,BSP,21:00,23:15,43.11
68732,135.0,2.25,97,15,BILASPUR JN.,BSP,GEVRA-ROAD,GAD,18:30,20:45,43.11
68733,140.0,2.33,97,15,GEVRA-ROAD,GAD,BILASPUR JN.,BSP,13:20,15:40,41.63
68734,135.0,2.25,97,15,BILASPUR JN.,BSP,GEVRA-ROAD,GAD,10:20,12:35,43.11
68735,150.0,2.5,135,18,RAIGARH,RIG,BILASPUR JN.,BSP,07:30,10:00,54.0
68736,150.0,2.5,135,17,BILASPUR JN.,BSP,RAIGARH,RIG,20:50,23:20,54.0
68737,175.0,2.92,135,18,RAIGARH,RIG,BILASPUR JN.,BSP,15:25,18:20,46.23
68738,145.0,2.42,133,15,BILASPUR JN.,BSP,RAIGARH,RIG,10:40,13:05,54.96
68739,160.0,2.67,100,13,PENDRA ROAD,PND,BILASPUR JN.,BSP,11:15,13:55,37.45
68740,175.0,2.92,100,13,BILASPUR JN.,BSP,PENDRA ROAD,PND,07:30,10:25,34.25
68741,170.0,2.83,133,17,DURG,DURG,GONDIA JN.,G,06:45,09:35,47.0
68742,180.0,3.0,133,17,GONDIA JN.,G,DURG,DURG,17:40,20:40,44.33
68743,170.0,2.83,127,17,GONDIA JN.,G,ITWARI JN.,ITR,09:40,12:30,44.88
68744,175.0,2.92,126,17,ITWARI JN.,ITR,GONDIA JN.,G,14:25,17:20,43.15
68745,315.0,5.25,209,29,GEVRA-ROAD,GAD,RAIPUR JN.,R,05:50,11:05,39.81
68746,290.0,4.83,209,28,RAIPUR JN.,R,GEVRA-ROAD,GAD,13:10,18:00,43.27
68747,500.0,8.33,320,37,BILASPUR JN.,BSP,KATNI,KTE,06:00,14:20,38.42
68748,475.0,7.92,318,37,KATNI,KTE,BILASPUR JN.,BSP,14:50,22:45,40.15
68749,340.0,5.67,215,25,SHAHDOL,SDL,AMBIKAPUR,ABKP,09:30,15:10,37.92
68750,345.0,5.75,215,25,AMBIKAPUR,ABKP,SHAHDOL,SDL,16:15,22:00,37.39
69101,175.0,2.92,99,20,VADODARA JN.,BRC,AHMEDABAD,ADI,05:55,08:50,33.9
69102,195.0,3.25,99,20,AHMEDABAD,ADI,VADODARA JN.,BRC,16:50,20:05,30.46
69104,90.0,1.5,35,9,ANAND JN.,ANND,VADODARA JN.,BRC,04:00,05:30,23.33
69105,125.0,2.08,63,13,ANAND JN.,ANND,AHMEDABAD,ADI,03:05,05:10,30.29
69106,95.0,1.58,63,13,AHMEDABAD,ADI,ANAND JN.,ANND,00:45,02:20,39.87
69107,190.0,3.17,99,20,VADODARA JN.,BRC,AHMEDABAD,ADI,20:20,23:30,31.23
69108,165.0,2.75,99,20,AHMEDABAD,ADI,VADODARA JN.,BRC,08:10,10:55,36.0
69109,210.0,3.5,128,23,SURAT,ST,VADODARA JN.,BRC,16:10,19:40,36.57
69110,190.0,3.17,128,24,VADODARA JN.,BRC,SURAT,ST,11:30,14:40,40.38
69111,190.0,3.17,128,23,SURAT,ST,VADODARA JN.,BRC,17:45,20:55,40.38
69112,200.0,3.33,128,23,VADODARA JN.,BRC,SURAT,ST,05:45,09:05,38.44
69113,180.0,3.0,99,20,VADODARA JN.,BRC,AHMEDABAD,ADI,19:50,22:50,33.0
69114,180.0,3.0,99,20,AHMEDABAD,ADI,VADODARA JN.,BRC,05:20,08:20,33.0
69115,170.0,2.83,99,20,VADODARA JN.,BRC,AHMEDABAD,ADI,08:45,11:35,34.98
69116,80.0,1.33,63,7,AHMEDABAD,ADI,ANAND JN.,ANND,02:25,03:45,47.37
69117,225.0,3.75,146,21,VADODARA JN.,BRC,DAHOD,DHD,11:10,14:55,38.93
69118,190.0,3.17,147,21,DAHOD,DHD,VADODARA JN.,BRC,16:20,19:30,46.37
69119,230.0,3.83,146,21,VADODARA JN.,BRC,DAHOD,DHD,18:20,22:10,38.12
69120,205.0,3.42,147,21,DAHOD,DHD,VADODARA JN.,BRC,06:15,09:40,42.98
69121,115.0,1.92,72,11,VADODARA JN.,BRC,GODHRA JN.,GDA,20:00,21:55,37.5
69122,115.0,1.92,72,11,GODHRA JN.,GDA,VADODARA JN.,BRC,05:55,07:50,37.5
69123,130.0,2.17,78,13,ANAND JN.,ANND,GODHRA JN.,GDA,10:00,12:10,35.94
69124,135.0,2.25,78,13,GODHRA JN.,GDA,ANAND JN.,ANND,04:15,06:30,34.67
69125,130.0,2.17,78,13,ANAND JN.,ANND,GODHRA JN.,GDA,19:10,21:20,35.94
69126,140.0,2.33,78,13,GODHRA JN.,GDA,ANAND JN.,ANND,13:00,15:20,33.48
69127,105.0,1.75,63,13,ANAND JN.,ANND,AHMEDABAD,ADI,17:00,18:45,36.0
69128,100.0,1.67,63,13,AHMEDABAD,ADI,ANAND JN.,ANND,13:40,15:20,37.72
69129,115.0,1.92,63,13,ANAND JN.,ANND,AHMEDABAD,ADI,05:40,07:35,32.81
69130,100.0,1.67,63,13,AHMEDABAD,ADI,ANAND JN.,ANND,19:10,20:50,37.72
69131,65.0,1.08,31,5,AHMEDABAD,ADI,GANDHINAGAR,GNC,12:10,13:15,28.7
69132,65.0,1.08,31,5,GANDHINAGAR,GNC,AHMEDABAD,ADI,15:00,16:05,28.7
69133,50.0,0.83,29,6,ANAND JN.,ANND,DAKOR,DK,07:30,08:20,34.94
69134,50.0,0.83,29,6,DAKOR,DK,ANAND JN.,ANND,08:35,09:25,34.94
69135,50.0,0.83,29,6,ANAND JN.,ANND,DAKOR,DK,16:40,17:30,34.94
69136,50.0,0.83,29,6,DAKOR,DK,ANAND JN.,ANND,17:45,18:35,34.94
69137,75.0,1.25,35,8,VADODARA JN.,BRC,ANAND JN.,ANND,22:55,00:10,28.0
69138,70.0,1.17,35,8,ANAND JN.,ANND,VADODARA JN.,BRC,21:15,22:25,29.91
69139,370.0,6.17,232,34,BORIVLI,BVI,SURAT,ST,06:50,13:00,37.6
69140,290.0,4.83,206,30,SURAT,ST,VIRAR,VR,18:20,23:10,42.65
69141,180.0,3.0,117,22,SANJAN,SJN,SURAT,ST,06:45,09:45,39.0
69142,180.0,3.0,117,22,SURAT,ST,SANJAN,SJN,17:25,20:25,39.0
69143,110.0,1.83,89,12,VIRAR,VR,SANJAN,SJN,04:40,06:30,48.63
69144,110.0,1.83,89,12,SANJAN,SJN,VIRAR,VR,20:40,22:30,48.63
69145,130.0,2.17,78,13,ANAND JN.,ANND,GODHRA JN.,GDA,05:00,07:10,35.94
69146,135.0,2.25,78,13,GODHRA JN.,GDA,ANAND JN.,ANND,08:30,10:45,34.67
69147,140.0,2.33,78,13,ANAND JN.,ANND,GODHRA JN.,GDA,14:20,16:40,33.48
69149,430.0,7.17,265,41,VIRAR,VR,BHARUCH JN.,BH,04:00,11:10,36.96
69150,445.0,7.42,265,42,BHARUCH JN.,BH,VIRAR,VR,14:05,21:30,35.71
69151,110.0,1.83,68,13,VALSAD,BL,SURAT,ST,15:25,17:15,37.16
69152,125.0,2.08,68,13,SURAT,ST,VALSAD,BL,09:20,11:25,32.69
69153,85.0,1.42,54,9,UMBERGAON RO,UBR,VALSAD,BL,13:50,15:15,38.03
69154,75.0,1.25,54,9,VALSAD,BL,UMBERGAON RO,UBR,11:40,12:55,43.2
69161,215.0,3.58,137,20,PANVEL,PNVL,DAHANU ROAD,DRD,18:50,22:25,38.27
69164,205.0,3.42,137,19,DAHANU ROAD,DRD,PANVEL,PNVL,05:30,08:55,40.06
69165,105.0,1.75,65,11,PANVEL,PNVL,VASAI ROAD,BSR,09:20,11:05,37.14
69166,100.0,1.67,65,11,VASAI ROAD,BSR,PANVEL,PNVL,16:45,18:25,38.92
69167,95.0,1.58,65,9,PANVEL,PNVL,VASAI ROAD,BSR,14:35,16:10,41.14
69168,95.0,1.58,65,11,VASAI ROAD,BSR,PANVEL,PNVL,12:10,13:45,41.14
69169,265.0,4.42,160,23,SURAT,ST,NANDURBAR,NDB,18:30,22:55,36.2
69171,95.0,1.58,58,11,SURAT,ST,BHARUCH JN.,BH,18:30,20:05,36.71
69172,110.0,1.83,58,12,BHARUCH JN.,BH,SURAT,ST,06:35,08:25,31.69
69173,76.0,1.27,63,8,VIRAR,VR,DAHANU ROAD,DRD,22:55,00:11,49.61
69174,100.0,1.67,89,10,DAHANU ROAD,DRD,BORIVLI,BVI,04:55,06:35,53.29
69181,130.0,2.17,114,14,DAHOD,DHD,RATLAM JN,RTM,16:35,18:45,52.53
69182,145.0,2.42,114,14,RATLAM JN,RTM,DAHOD,DHD,08:25,10:50,47.11
69183,55.0,0.92,44,6,RATLAM JN,RTM,NAGDA JN,NAD,18:55,19:50,47.83
69184,60.0,1.0,44,6,NAGDA JN,NAD,RATLAM JN,RTM,07:10,08:10,44.0
69185,85.0,1.42,54,8,NAGDA JN,NAD,UJJAIN JN,UJN,20:05,21:30,38.03
69186,85.0,1.42,54,8,UJJAIN JN,UJN,NAGDA JN,NAD,05:30,06:55,38.03
69187,185.0,3.08,114,14,DAHOD,DHD,RATLAM JN,RTM,22:20,01:25,37.01
69188,170.0,2.83,114,14,RATLAM JN,RTM,DAHOD,DHD,01:35,04:25,40.28
69189,245.0,4.08,152,23,ANAND JN.,ANND,DAHOD,DHD,11:30,15:35,37.25
69190,265.0,4.42,153,23,DAHOD,DHD,ANAND JN.,ANND,13:00,17:25,34.62
69191,195.0,3.25,95,17,ANAND JN.,ANND,GANDHINAGAR,GNC,18:10,21:25,29.23
69192,175.0,2.92,95,17,GANDHINAGAR,GNC,ANAND JN.,ANND,07:30,10:25,32.53
69195,95.0,1.58,61,6,BHARUCH JN.,BH,DAHEJ,DGFJ,06:35,08:10,38.61
69196,95.0,1.58,61,6,DAHEJ,DGFJ,BHARUCH JN.,BH,18:00,19:35,38.61
70101,170.0,2.83,115,12,PERNEM,PERN,KAWR,KAWR,17:35,20:25,40.64
70102,135.0,2.25,119,12,KAWR,KAWR,PERNEM,PERN,06:00,08:15,52.89
70103,200.0,3.33,115,12,PERNEM,PERN,KAWR,KAWR,09:30,12:50,34.53
70104,165.0,2.75,119,12,KAWR,KAWR,PERNEM,PERN,14:25,17:10,43.27
70105,425.0,7.08,324,30,MADGOAN JN.,MAO,MANGALORE CE,MAQ,05:00,12:05,45.76
70106,420.0,7.0,326,30,MANGALORE CE,MAQ,MADGOAN JN.,MAO,15:00,22:00,46.57
71081,60.0,1.0,41,6,VASAI ROAD,BSR,DIVA JN,DIVA,12:50,13:50,41.0
71082,146.0,2.43,86,13,DOMBIVLI CTL,DDCL,BOISAR,BOR,05:44,08:10,35.39
71083,60.0,1.0,41,6,VASAI ROAD,BSR,DIVA JN,DIVA,15:35,16:35,41.0
71084,52.0,0.87,41,6,DIVA JN,DIVA,VASAI ROAD,BSR,14:33,15:25,47.13
71085,52.0,0.87,41,6,VASAI ROAD,BSR,DIVA JN,DIVA,19:15,20:07,47.13
71086,60.0,1.0,41,6,DIVA JN,DIVA,VASAI ROAD,BSR,17:55,18:55,41.0
71088,70.0,1.17,51,8,BOISAR,BOR,VASAI ROAD,BSR,08:35,09:45,43.59
71089,185.0,3.08,105,13,DIVA JN,DIVA,ROHA,ROHA,09:10,12:15,34.09
71092,160.0,2.67,105,17,ROHA,ROHA,DIVA JN,DIVA,05:15,07:55,39.33
71093,60.0,1.0,41,6,VASAI ROAD,BSR,DIVA JN,DIVA,09:50,10:50,41.0
71094,60.0,1.0,41,6,DIVA JN,DIVA,VASAI ROAD,BSR,11:30,12:30,41.0
71095,155.0,2.58,105,13,DIVA JN,DIVA,ROHA,ROHA,20:00,22:35,40.7
71096,185.0,3.08,105,13,ROHA,ROHA,DIVA JN,DIVA,15:40,18:45,34.09
71401,80.0,1.33,43,6,DAUND JN.,DD,BARAMATI,BRMT,05:25,06:45,32.33
71402,190.0,3.17,121,16,BARAMATI,BRMT,PUNE JN.,PUNE,07:05,10:15,38.17
71403,110.0,1.83,77,11,PUNE JN.,PUNE,DAUND JN.,DD,09:40,11:30,42.08
71404,200.0,3.33,121,16,BARAMATI,BRMT,PUNE JN.,PUNE,16:20,19:40,36.34
71405,80.0,1.33,43,6,DAUND JN.,DD,BARAMATI,BRMT,14:35,15:55,32.33
71407,123.0,2.05,77,11,PUNE JN.,PUNE,DAUND JN.,DD,10:32,12:35,37.56
71408,98.0,1.63,77,11,DAUND JN.,DD,PUNE JN.,PUNE,12:45,14:23,47.24
71409,138.0,2.3,77,11,PUNE JN.,PUNE,DAUND JN.,DD,14:40,16:58,33.48
71410,100.0,1.67,77,11,DAUND JN.,DD,PUNE JN.,PUNE,17:10,18:50,46.11
71411,108.0,1.8,77,11,PUNE JN.,PUNE,DAUND JN.,DD,20:05,21:53,42.78
71413,555.0,9.25,265,32,PUNE JN.,PUNE,SOLAPUR,SUR,22:50,08:05,28.65
71414,515.0,8.58,265,33,SOLAPUR,SUR,PUNE JN.,PUNE,11:40,20:15,30.89
71415,455.0,7.58,265,33,PUNE JN.,PUNE,SOLAPUR,SUR,08:15,15:50,34.96
71416,455.0,7.58,265,31,SOLAPUR,SUR,PUNE JN.,PUNE,23:00,06:35,34.96
71901,65.0,1.08,51,8,IDGAH,IDH,BHARATPUR JN,BTE,05:50,06:55,47.22
71902,75.0,1.25,51,8,BHARATPUR JN,BTE,IDGAH,IDH,07:30,08:45,40.8
71903,220.0,3.67,148,22,IDGAH,IDH,BANDIKUI JN.,BKI,09:25,13:05,40.33
71904,195.0,3.25,148,22,BANDIKUI JN.,BKI,IDGAH,IDH,13:50,17:05,45.54
71905,100.0,1.67,51,8,IDGAH,IDH,BHARATPUR JN,BTE,20:05,21:45,30.54
71906,80.0,1.33,51,8,BHARATPUR JN,BTE,IDGAH,IDH,22:15,23:35,38.35
71907,230.0,3.83,148,22,IDGAH,IDH,BANDIKUI JN.,BKI,17:10,21:00,38.64
71908,195.0,3.25,148,22,BANDIKUI JN.,BKI,IDGAH,IDH,06:05,09:20,45.54
71909,205.0,3.42,136,15,AGRA CANTT,AGC,ETAWAH,ETW,17:10,20:35,39.77
71910,225.0,3.75,136,15,ETAWAH,ETW,AGRA CANTT,AGC,06:10,09:55,36.27
72171,35.0,0.58,18,4,MATHURA JN.,MTJ,VRINDAVAN,BDB,06:35,07:10,31.03
72172,35.0,0.58,18,4,VRINDAVAN,BDB,MATHURA JN.,MTJ,07:25,08:00,31.03
72173,35.0,0.58,18,4,MATHURA JN.,MTJ,VRINDAVAN,BDB,08:55,09:30,31.03
72174,35.0,0.58,18,4,VRINDAVAN,BDB,MATHURA JN.,MTJ,09:40,10:15,31.03
72175,35.0,0.58,18,4,MATHURA JN.,MTJ,VRINDAVAN,BDB,15:20,15:55,31.03
72176,35.0,0.58,18,4,VRINDAVAN,BDB,MATHURA JN.,MTJ,16:10,16:45,31.03
72177,35.0,0.58,18,4,MATHURA JN.,MTJ,VRINDAVAN,BDB,16:55,17:30,31.03
72178,35.0,0.58,18,4,VRINDAVAN,BDB,MATHURA JN.,MTJ,17:40,18:15,31.03
72179,35.0,0.58,18,4,MATHURA JN.,MTJ,VRINDAVAN,BDB,19:25,20:00,31.03
72180,35.0,0.58,18,4,VRINDAVAN,BDB,MATHURA JN.,MTJ,20:30,21:05,31.03
72203,85.0,1.42,34,6,INDARA JN.,IAA,DOHRIGHAT,DIT,06:15,07:40,23.94
72204,85.0,1.42,35,6,DOHRIGHAT,DIT,INDARA JN.,IAA,07:50,09:15,24.65
72205,90.0,1.5,34,6,INDARA JN.,IAA,DOHRIGHAT,DIT,10:10,11:40,22.67
72206,90.0,1.5,35,6,DOHRIGHAT,DIT,INDARA JN.,IAA,11:50,13:20,23.33
72207,90.0,1.5,34,6,INDARA JN.,IAA,DOHRIGHAT,DIT,14:30,16:00,22.67
72208,85.0,1.42,35,6,DOHRIGHAT,DIT,INDARA JN.,IAA,16:15,17:40,24.65
72209,80.0,1.33,34,6,INDARA JN.,IAA,DOHRIGHAT,DIT,18:45,20:05,25.56
72210,80.0,1.33,35,6,DOHRIGHAT,DIT,INDARA JN.,IAA,20:15,21:35,26.32
72451,260.0,4.33,95,3,KALKA,KLK,SHIMLA,SML,05:00,09:20,21.94
72452,270.0,4.5,95,3,SHIMLA,SML,KALKA,KLK,16:55,21:25,21.11
73011,150.0,2.5,111,19,BARDDHAMAN J,BWN,RAMPUR HAT,RPH,16:15,18:45,44.4
73012,150.0,2.5,111,19,RAMPUR HAT,RPH,BARDDHAMAN J,BWN,07:25,09:55,44.4
73021,110.0,1.83,59,11,AZIMGANJ JN.,AZ,RAMPUR HAT,RPH,05:25,07:15,32.24
73022,100.0,1.67,59,11,RAMPUR HAT,RPH,AZIMGANJ JN.,AZ,19:30,21:10,35.33
73031,110.0,1.83,65,13,KATWA JN.,KWAE,AZIMGANJ JN.,AZ,14:45,16:35,35.52
73032,120.0,2.0,65,13,AZIMGANJ JN.,AZ,KATWA JN.,KWAE,10:40,12:40,32.5
73033,75.0,1.25,44,9,AZIMGANJ JN.,AZ,NALHATI JN.,NHT,22:30,23:45,35.2
73034,86.0,1.43,44,9,NALHATI JN.,NHT,AZIMGANJ JN.,AZ,05:24,06:50,30.77
73035,220.0,3.67,127,23,KATWA JN.,KWAE,NIMTITA,NILE,13:00,16:40,34.6
73036,214.0,3.57,127,23,NIMTITA,NILE,KATWA JN.,KWAE,04:30,08:04,35.57
73037,70.0,1.17,54,10,AZIMGANJ JN.,AZ,NIMTITA,NILE,03:00,04:10,46.15
73038,90.0,1.5,54,10,NIMTITA,NILE,AZIMGANJ JN.,AZ,18:15,19:45,36.0
73151,420.0,7.0,261,48,SEALDAH,SDAH,JANGIPUR ROA,JRLE,05:35,12:35,37.29
73152,410.0,6.83,261,48,JANGIPUR ROA,JRLE,SEALDAH,SDAH,13:30,20:20,38.21
73211,65.0,1.08,10,5,PATNA GHAT,PTG,PATNA JN.,PNBE,21:50,22:55,9.26
73212,55.0,0.92,10,5,PATNA JN.,PNBE,PATNA GHAT,PTG,04:55,05:50,10.87
73213,115.0,1.92,19,12,PATNA GHAT,PTG,DIGHA GHAT,DDG,06:35,08:30,9.9
73214,145.0,2.42,19,12,DIGHA GHAT,DDG,PATNA GHAT,PTG,19:20,21:45,7.85
73215,50.0,0.83,6,7,DIGHA GHAT,DDG,R BLOCK HALT,RBHT,11:30,12:20,7.23
73216,45.0,0.75,6,7,R BLOCK HALT,RBHT,DIGHA GHAT,DDG,15:00,15:45,8.0
73261,180.0,3.0,64,12,ISLAMPUR,IPR,PATNA JN.,PNBE,06:30,09:30,21.33
73262,210.0,3.5,64,12,PATNA JN.,PNBE,ISLAMPUR,IPR,12:10,15:40,18.29
73263,155.0,2.58,64,12,ISLAMPUR,IPR,PATNA JN.,PNBE,16:45,19:20,24.81
73264,205.0,3.42,64,12,PATNA JN.,PNBE,ISLAMPUR,IPR,19:40,23:05,18.71
73421,82.0,1.37,45,13,JAMALPUR JN.,JMP,KIUL JN.,KIUL,07:30,08:52,32.85
73422,75.0,1.25,44,13,KIUL JN.,KIUL,JAMALPUR JN.,JMP,09:15,10:30,35.2
73425,85.0,1.42,45,10,JAMALPUR JN.,JMP,KIUL JN.,KIUL,20:00,21:25,31.69
73426,70.0,1.17,45,10,KIUL JN.,KIUL,JAMALPUR JN.,JMP,22:05,23:15,38.46
73427,90.0,1.5,45,11,JAMALPUR JN.,JMP,KIUL JN.,KIUL,03:10,04:40,30.0
73428,78.0,1.3,45,11,KIUL JN.,KIUL,JAMALPUR JN.,JMP,05:30,06:48,34.62
73429,85.0,1.42,47,13,BHAGALPUR,BGP,JAMALPUR JN.,JMP,12:25,13:50,33.1
73430,87.0,1.45,47,14,JAMALPUR JN.,JMP,BHAGALPUR,BGP,10:38,12:05,32.41
73451,105.0,1.75,56,10,TILRATH,TIL,JAMALPUR JN.,JMP,07:05,08:50,32.0
73452,105.0,1.75,56,10,JAMALPUR JN.,JMP,TILRATH,TIL,05:00,06:45,32.0
73453,93.0,1.55,56,10,TILRATH,TIL,JAMALPUR JN.,JMP,15:12,16:45,36.13
73454,105.0,1.75,56,10,JAMALPUR JN.,JMP,TILRATH,TIL,13:00,14:45,32.0
73461,60.0,1.0,28,5,KHAGARIA JN.,KGG,JAMALPUR JN.,JMP,10:35,11:35,28.0
73462,60.0,1.0,28,5,JAMALPUR JN.,JMP,KHAGARIA JN.,KGG,09:15,10:15,28.0
73463,60.0,1.0,28,5,KHAGARIA JN.,KGG,JAMALPUR JN.,JMP,18:30,19:30,28.0
73464,60.0,1.0,28,5,JAMALPUR JN.,JMP,KHAGARIA JN.,KGG,17:10,18:10,28.0
73538,225.0,3.75,132,18,JASIDIH JN.,JSME,ANDAL JN.,UDL,14:25,18:10,35.2
73539,220.0,3.67,132,18,ANDAL JN.,UDL,JASIDIH JN.,JSME,06:35,10:15,35.97
73581,110.0,1.83,61,9,JASIDIH JN.,JSME,BANKA,BAKA,10:25,12:15,33.33
73582,110.0,1.83,61,9,BANKA,BAKA,JASIDIH JN.,JSME,12:25,14:15,33.33
73901,70.0,1.17,39,2,JAMALPUR JN.,JMP,DHANAURI,DNRE,03:40,04:50,33.33
73902,80.0,1.33,39,2,DHANAURI,DNRE,JAMALPUR JN.,JMP,05:10,06:30,29.32
73903,65.0,1.08,39,2,JAMALPUR JN.,JMP,DHANAURI,DNRE,16:20,17:25,36.11
73904,75.0,1.25,39,2,DHANAURI,DNRE,JAMALPUR JN.,JMP,18:10,19:25,31.2
73905,55.0,0.92,39,2,JAMALPUR JN.,JMP,DHANAURI,DNRE,12:15,13:10,42.39
73911,70.0,1.17,28,6,SULTANGANJ,SGG,JAMALPUR JN.,JMP,05:15,06:25,23.93
73912,74.0,1.23,28,2,JAMALPUR JN.,JMP,SULTANGANJ,SGG,03:44,04:58,22.76
73913,80.0,1.33,28,2,SULTANGANJ,SGG,JAMALPUR JN.,JMP,18:05,19:25,21.05
73914,70.0,1.17,28,6,JAMALPUR JN.,JMP,SULTANGANJ,SGG,16:20,17:30,23.93
73916,72.0,1.2,28,2,JAMALPUR JN.,JMP,SULTANGANJ,SGG,12:33,13:45,23.33
74001,150.0,2.5,82,18,DELHI JN.,DLI,REWARI JN.,RE,20:05,22:35,32.8
74002,155.0,2.58,82,18,REWARI JN.,RE,DELHI JN.,DLI,17:00,19:35,31.78
74003,160.0,2.67,82,18,DELHI JN.,DLI,REWARI JN.,RE,13:50,16:30,30.71
74004,165.0,2.75,82,18,REWARI JN.,RE,DELHI JN.,DLI,05:30,08:15,29.82
74011,135.0,2.25,69,17,DELHI JN.,DLI,ROHTAK JN.,ROK,20:20,22:35,30.67
74012,155.0,2.58,69,17,ROHTAK JN.,ROK,DELHI JN.,DLI,04:15,06:50,26.74
74013,405.0,6.75,246,41,DELHI JN.,DLI,KURUKSHETRA,KKDE,16:35,23:20,36.44
74014,410.0,6.83,247,41,KURUKSHETRA,KKDE,DELHI JN.,DLI,04:30,11:20,36.16
74015,180.0,3.0,138,16,REWARI JN.,RE,JIND JN,JIND,07:10,10:10,46.0
74016,185.0,3.08,138,16,JIND JN,JIND,REWARI JN.,RE,16:15,19:20,44.81
74017,105.0,1.75,81,8,REWARI JN.,RE,ROHTAK JN.,ROK,19:50,21:35,46.29
74018,105.0,1.75,81,8,ROHTAK JN.,ROK,REWARI JN.,RE,05:05,06:50,46.29
74019,150.0,2.5,89,14,SONIPAT,SNP,JIND JN,JIND,13:30,16:00,35.6
74020,155.0,2.58,89,14,JIND JN,JIND,SONIPAT,SNP,10:30,13:05,34.5
74021,310.0,5.17,163,36,DELHI JN.,DLI,SAHARANPUR J,SRE,07:35,12:45,31.53
74022,220.0,3.67,93,24,SHAMLI,SMQL,DELHI JN.,DLI,05:40,09:20,25.34
74023,180.0,3.0,93,24,DELHI JN.,DLI,SHAMLI,SMQL,20:00,23:00,31.0
74024,315.0,5.25,163,36,SAHARANPUR J,SRE,DELHI JN.,DLI,13:15,18:30,31.05
74025,210.0,3.5,93,24,DELHI JN.,DLI,SHAMLI,SMQL,04:05,07:35,26.57
74026,205.0,3.42,93,24,SHAMLI,SMQL,DELHI JN.,DLI,10:00,13:25,27.19
74027,135.0,2.25,54,15,DELHI JN.,DLI,BARAUT,BTU,15:30,17:45,24.0
74028,145.0,2.42,54,15,BARAUT,BTU,DELHI JN.,DLI,18:55,21:20,22.31
74029,165.0,2.75,89,14,SONIPAT,SNP,JIND JN,JIND,10:45,13:30,32.36
74030,155.0,2.58,89,14,JIND JN,JIND,SONIPAT,SNP,06:30,09:05,34.5
74031,25.0,0.42,11,3,GARHI HARSAR,GHH,FARUKHNAGAR,FN,06:20,06:45,26.19
74032,100.0,1.67,47,11,FARUKHNAGAR,FN,DELHI-SARAI,DEE,07:00,08:40,28.14
74033,95.0,1.58,47,11,DELHI-SARAI,DEE,FARUKHNAGAR,FN,08:50,10:25,29.75
74034,25.0,0.42,11,3,FARUKHNAGAR,FN,GARHI HARSAR,GHH,10:40,11:05,26.19
74035,25.0,0.42,11,3,GARHI HARSAR,GHH,FARUKHNAGAR,FN,15:15,15:40,26.19
74036,95.0,1.58,47,11,FARUKHNAGAR,FN,DELHI-SARAI,DEE,16:15,17:50,29.75
74037,95.0,1.58,47,11,DELHI-SARAI,DEE,FARUKHNAGAR,FN,18:00,19:35,29.75
74038,25.0,0.42,11,3,FARUKHNAGAR,FN,GARHI HARSAR,GHH,19:50,20:15,26.19
74201,345.0,5.75,172,25,PARTAPGARH J,PBH,LUCKNOW JN.,LKO,05:00,10:45,29.91
74202,295.0,4.92,172,25,LUCKNOW JN.,LKO,PARTAPGARH J,PBH,16:30,21:25,34.96
74301,135.0,2.25,47,9,SAMBAHAL HAT,SHTS,MORADABAD JN,MB,08:15,10:30,20.89
74302,120.0,2.0,47,8,MORADABAD JN,MB,SAMBAHAL HAT,SHTS,05:35,07:35,23.5
74303,120.0,2.0,47,9,SAMBAHAL HAT,SHTS,MORADABAD JN,MB,13:20,15:20,23.5
74304,120.0,2.0,47,9,MORADABAD JN,MB,SAMBAHAL HAT,SHTS,11:00,13:00,23.5
74305,135.0,2.25,47,9,SAMBAHAL HAT,SHTS,MORADABAD JN,MB,19:20,21:35,20.89
74306,150.0,2.5,47,9,MORADABAD JN,MB,SAMBAHAL HAT,SHTS,16:00,18:30,18.8
74601,95.0,1.58,49,6,BEAS JN,BEAS,TARN TARAN,TTO,06:10,07:45,31.01
74602,95.0,1.58,49,6,TARN TARAN,TTO,BEAS JN,BEAS,07:55,09:30,31.01
74603,95.0,1.58,49,6,BEAS JN,BEAS,TARN TARAN,TTO,09:40,11:15,31.01
74604,95.0,1.58,49,6,TARN TARAN,TTO,BEAS JN,BEAS,11:30,13:05,31.01
74605,95.0,1.58,49,6,BEAS JN,BEAS,TARN TARAN,TTO,13:15,14:50,31.01
74606,95.0,1.58,49,6,TARN TARAN,TTO,BEAS JN,BEAS,15:05,16:40,31.01
74607,95.0,1.58,49,6,BEAS JN,BEAS,TARN TARAN,TTO,16:50,18:25,31.01
74608,95.0,1.58,49,6,TARN TARAN,TTO,BEAS JN,BEAS,18:35,20:10,31.01
74611,120.0,2.0,89,12,BANIHAL,BAHL,BUDGAM,BDGM,19:00,21:00,44.5
74612,120.0,2.0,89,12,BUDGAM,BDGM,BANIHAL,BAHL,16:20,18:20,44.5
74613,60.0,1.0,45,6,BUDGAM,BDGM,BARAMULLA,BRML,07:20,08:20,45.0
74614,185.0,3.08,134,17,BARAMULLA,BRML,BANIHAL,BAHL,08:30,11:35,43.51
74615,200.0,3.33,134,17,BANIHAL,BAHL,BARAMULLA,BRML,11:45,15:05,40.24
74616,55.0,0.92,45,6,BARAMULLA,BRML,BUDGAM,BDGM,15:15,16:10,48.91
74617,65.0,1.08,45,6,BUDGAM,BDGM,BARAMULLA,BRML,15:15,16:20,41.67
74618,60.0,1.0,45,6,BARAMULLA,BRML,BUDGAM,BDGM,10:30,11:30,45.0
74619,175.0,2.92,134,9,BANIHAL,BAHL,BARAMULLA,BRML,07:25,10:20,45.89
74620,140.0,2.33,134,9,BARAMULLA,BRML,BANIHAL,BAHL,16:35,18:55,57.51
74621,60.0,1.0,45,6,BUDGAM,BDGM,BARAMULLA,BRML,18:15,19:15,45.0
74622,55.0,0.92,45,6,BARAMULLA,BRML,BUDGAM,BDGM,17:55,18:50,48.91
74623,55.0,0.92,45,6,BUDGAM,BDGM,BARAMULLA,BRML,10:40,11:35,48.91
74624,65.0,1.08,45,6,BARAMULLA,BRML,BUDGAM,BDGM,19:35,20:40,41.67
74625,170.0,2.83,134,17,BANIHAL,BAHL,BARAMULLA,BRML,06:30,09:20,47.35
74626,200.0,3.33,134,17,BARAMULLA,BRML,BANIHAL,BAHL,07:20,10:40,40.24
74627,180.0,3.0,134,17,BANIHAL,BAHL,BARAMULLA,BRML,14:45,17:45,44.67
74628,190.0,3.17,134,17,BARAMULLA,BRML,BANIHAL,BAHL,09:30,12:40,42.27
74629,180.0,3.0,134,17,BANIHAL,BAHL,BARAMULLA,BRML,17:25,20:25,44.67
74630,170.0,2.83,134,17,BARAMULLA,BRML,BANIHAL,BAHL,11:45,14:35,47.35
74631,140.0,2.33,89,12,BANIHAL,BAHL,BUDGAM,BDGM,10:50,13:10,38.2
74632,130.0,2.17,89,12,BUDGAM,BDGM,BANIHAL,BAHL,15:05,17:15,41.01
74633,125.0,2.08,89,12,BANIHAL,BAHL,BUDGAM,BDGM,12:55,15:00,42.79
74634,125.0,2.08,89,12,BUDGAM,BDGM,BANIHAL,BAHL,19:00,21:05,42.79
74635,120.0,2.0,89,12,BANIHAL,BAHL,BUDGAM,BDGM,08:15,10:15,44.5
74636,125.0,2.08,89,12,BUDGAM,BDGM,BANIHAL,BAHL,06:00,08:05,42.79
74637,140.0,2.33,89,12,BANIHAL,BAHL,BUDGAM,BDGM,09:35,11:55,38.2
74638,140.0,2.33,89,12,BUDGAM,BDGM,BANIHAL,BAHL,07:05,09:25,38.2
74639,125.0,2.08,89,12,BANIHAL,BAHL,BUDGAM,BDGM,16:05,18:10,42.79
74640,125.0,2.08,89,12,BUDGAM,BDGM,BANIHAL,BAHL,13:50,15:55,42.79
74641,95.0,1.58,68,10,JALANDHAR CI,JUC,MANANWALA,MOW,09:20,10:55,43.04
74642,120.0,2.0,78,12,AMRITSAR JN.,ASR,JALANDHAR CI,JUC,19:20,21:20,39.0
74643,110.0,1.83,78,12,JALANDHAR CI,JUC,AMRITSAR JN.,ASR,17:10,19:00,42.62
74644,130.0,2.17,78,11,AMRITSAR JN.,ASR,JALANDHAR CI,JUC,21:45,23:55,35.94
74645,270.0,4.5,170,22,AMBALA CANTT,UMB,JALANDHAR CI,JUC,14:40,19:10,37.78
74646,315.0,5.25,170,21,JALANDHAR CI,JUC,AMBALA CANTT,UMB,05:00,10:15,32.38
74647,85.0,1.42,56,8,LUDHIANA JN.,LDH,JALANDHAR CI,JUC,20:55,22:20,39.44
74648,165.0,2.75,77,10,JALANDHAR CI,JUC,LUDHIANA JN.,LDH,19:40,22:25,28.0
74651,90.0,1.5,53,9,AMRITSAR JN.,ASR,DERABABA NAN,DBNK,04:20,05:50,35.33
74652,85.0,1.42,45,8,DERABABA NAN,DBNK,VERKA JN.,VKA,06:05,07:30,31.69
74653,78.0,1.3,45,8,VERKA JN.,VKA,DERABABA NAN,DBNK,09:57,11:15,34.62
74654,85.0,1.42,45,8,DERABABA NAN,DBNK,VERKA JN.,VKA,11:20,12:45,31.69
74655,82.0,1.37,45,8,VERKA JN.,VKA,DERABABA NAN,DBNK,13:43,15:05,32.85
74656,85.0,1.42,45,8,DERABABA NAN,DBNK,VERKA JN.,VKA,15:20,16:45,31.69
74657,78.0,1.3,45,8,VERKA JN.,VKA,DERABABA NAN,DBNK,17:32,18:50,34.62
74658,110.0,1.83,53,9,DERABABA NAN,DBNK,AMRITSAR JN.,ASR,19:15,21:05,28.96
74661,40.0,0.67,25,4,AMRITSAR JN.,ASR,ATARI JN,ATT,07:30,08:10,37.31
74662,45.0,0.75,25,4,ATARI JN,ATT,AMRITSAR JN.,ASR,08:20,09:05,33.33
74663,40.0,0.67,25,4,AMRITSAR JN.,ASR,ATARI JN,ATT,18:20,19:00,37.31
74664,50.0,0.83,25,4,ATARI JN,ATT,AMRITSAR JN.,ASR,19:10,20:00,30.12
74671,205.0,3.42,106,17,AMRITSAR JN.,ASR,PATHANKOT JN,PTK,12:15,15:40,30.99
74672,185.0,3.08,106,17,PATHANKOT JN,PTK,AMRITSAR JN.,ASR,04:15,07:20,34.42
74673,178.0,2.97,98,16,VERKA JN.,VKA,PATHANKOT JN,PTK,15:12,18:10,33.0
74674,150.0,2.5,98,16,PATHANKOT JN,PTK,VERKA JN.,VKA,12:05,14:35,39.2
74675,165.0,2.75,106,16,AMRITSAR JN.,ASR,PATHANKOT JN,PTK,20:25,23:10,38.55
74676,175.0,2.92,106,16,PATHANKOT JN,PTK,AMRITSAR JN.,ASR,18:40,21:35,36.3
74681,135.0,2.25,77,5,KHEM KARAN,KEMK,AMRITSAR JN.,ASR,06:40,08:55,34.22
74682,130.0,2.17,77,5,AMRITSAR JN.,ASR,KHEM KARAN,KEMK,04:20,06:30,35.48
74683,120.0,2.0,72,4,KHEM KARAN,KEMK,BHAGTANWALA,BGTN,11:20,13:20,36.0
74684,125.0,2.08,77,5,AMRITSAR JN.,ASR,KHEM KARAN,KEMK,09:10,11:15,37.02
74685,125.0,2.08,72,4,KHEM KARAN,KEMK,BHAGTANWALA,BGTN,15:45,17:50,34.62
74686,113.0,1.88,72,4,BHAGTANWALA,BGTN,KHEM KARAN,KEMK,13:47,15:40,38.3
74687,130.0,2.17,77,5,KHEM KARAN,KEMK,AMRITSAR JN.,ASR,20:15,22:25,35.48
74688,113.0,1.88,72,4,BHAGTANWALA,BGTN,KHEM KARAN,KEMK,18:17,20:10,38.3
74691,110.0,1.83,58,6,AMRITSAR JN.,ASR,QADIAN,QDN,13:10,15:00,31.69
74692,155.0,2.58,58,6,QADIAN,QDN,AMRITSAR JN.,ASR,15:35,18:10,22.48
74801,35.0,0.58,14,2,MERTA CITY,MEC,MERTA ROAD J,MTD,05:45,06:20,24.14
74802,35.0,0.58,14,2,MERTA ROAD J,MTD,MERTA CITY,MEC,05:00,05:35,24.14
74803,30.0,0.5,14,2,MERTA CITY,MEC,MERTA ROAD J,MTD,08:20,08:50,28.0
74804,30.0,0.5,14,2,MERTA ROAD J,MTD,MERTA CITY,MEC,07:40,08:10,28.0
74805,30.0,0.5,14,2,MERTA CITY,MEC,MERTA ROAD J,MTD,09:45,10:15,28.0
74806,30.0,0.5,14,2,MERTA ROAD J,MTD,MERTA CITY,MEC,09:10,09:40,28.0
74807,30.0,0.5,14,2,MERTA CITY,MEC,MERTA ROAD J,MTD,11:40,12:10,28.0
74808,30.0,0.5,14,2,MERTA ROAD J,MTD,MERTA CITY,MEC,11:00,11:30,28.0
74809,30.0,0.5,14,2,MERTA CITY,MEC,MERTA ROAD J,MTD,14:55,15:25,28.0
74810,30.0,0.5,14,2,MERTA ROAD J,MTD,MERTA CITY,MEC,14:15,14:45,28.0
74811,30.0,0.5,14,2,MERTA CITY,MEC,MERTA ROAD J,MTD,16:45,17:15,28.0
74812,30.0,0.5,14,2,MERTA ROAD J,MTD,MERTA CITY,MEC,16:10,16:40,28.0
74813,30.0,0.5,14,2,MERTA CITY,MEC,MERTA ROAD J,MTD,18:45,19:15,28.0
74814,30.0,0.5,14,2,MERTA ROAD J,MTD,MERTA CITY,MEC,18:05,18:35,28.0
74815,30.0,0.5,14,2,MERTA CITY,MEC,MERTA ROAD J,MTD,20:30,21:00,28.0
74816,30.0,0.5,14,2,MERTA ROAD J,MTD,MERTA CITY,MEC,19:50,20:20,28.0
74817,30.0,0.5,14,2,MERTA CITY,MEC,MERTA ROAD J,MTD,22:25,22:55,28.0
74818,30.0,0.5,14,2,MERTA ROAD J,MTD,MERTA CITY,MEC,21:45,22:15,28.0
74831,265.0,4.42,185,19,BIKANER JN.,BKN,CHURU,CUR,10:00,14:25,41.86
74832,220.0,3.67,185,19,CHURU,CUR,BIKANER JN.,BKN,13:55,17:35,50.41
74833,390.0,6.5,313,29,BIKANER JN.,BKN,HISAR JN,HSR,18:30,01:00,48.15
74834,380.0,6.33,313,29,HISAR JN,HSR,BIKANER JN.,BKN,02:50,09:10,49.45
74835,665.0,11.08,471,49,JODHPUR JN.,JU,HISAR JN,HSR,11:30,22:35,42.51
74836,675.0,11.25,471,49,HISAR JN,HSR,JODHPUR JN.,JU,05:15,16:30,41.87
74837,635.0,10.58,348,39,JODHPUR JN.,JU,PALANPUR JN,PNU,17:15,03:50,32.89
74838,525.0,8.75,348,39,PALANPUR JN,PNU,JODHPUR JN.,JU,04:15,13:00,39.77
74839,285.0,4.75,208,24,JODHPUR JN.,JU,BARMER,BME,13:45,18:30,43.79
74840,285.0,4.75,209,24,BARMER,BME,JODHPUR JN.,JU,00:30,05:15,44.0
74841,445.0,7.42,302,35,JODHPUR JN.,JU,BHILDI JN,BLDI,06:20,13:45,40.7
74842,445.0,7.42,303,35,BHILDI JN,BLDI,JODHPUR JN.,JU,14:35,22:00,40.84
74843,300.0,5.0,208,24,JODHPUR JN.,JU,BARMER,BME,22:30,03:30,41.6
74844,290.0,4.83,209,24,BARMER,BME,JODHPUR JN.,JU,04:15,09:05,43.27
74845,305.0,5.08,211,28,REWARI JN.,RE,HISAR JN,HSR,07:30,12:35,41.54
74846,315.0,5.25,211,28,HISAR JN,HSR,REWARI JN.,RE,13:50,19:05,40.19
74847,300.0,5.0,211,28,REWARI JN.,RE,HISAR JN,HSR,19:20,00:20,42.2
74848,320.0,5.33,211,28,HISAR JN,HSR,REWARI JN.,RE,01:35,06:55,39.59
74849,75.0,1.25,48,8,RATANAGARH J,RTGH,SARDARSAHAR,SRDR,08:45,10:00,38.4
74850,70.0,1.17,47,8,SARDARSAHAR,SRDR,RATANAGARH J,RTGH,10:15,11:25,40.17
74851,75.0,1.25,48,8,RATANAGARH J,RTGH,SARDARSAHAR,SRDR,13:05,14:20,38.4
74852,70.0,1.17,47,8,SARDARSAHAR,SRDR,RATANAGARH J,RTGH,14:40,15:50,40.17
74853,75.0,1.25,48,8,RATANAGARH J,RTGH,SARDARSAHAR,SRDR,16:55,18:10,38.4
74854,70.0,1.17,47,8,SARDARSAHAR,SRDR,RATANAGARH J,RTGH,18:25,19:35,40.17
74855,155.0,2.58,142,14,BIKANER JN.,BKN,RATANAGARH J,RTGH,05:40,08:15,55.04
74856,185.0,3.08,142,14,RATANAGARH J,RTGH,BIKANER JN.,BKN,19:55,23:00,46.1
74857,125.0,2.08,90,9,SIKAR JN.,SIKR,CHURU,CUR,07:30,09:35,43.27
74858,125.0,2.08,90,9,CHURU,CUR,SIKAR JN.,SIKR,17:40,19:45,43.27
74901,175.0,2.92,115,18,JALANDHAR CI,JUC,PATHANKOT JN,PTK,08:50,11:45,39.38
74902,180.0,3.0,115,18,PATHANKOT JN,PTK,JALANDHAR CI,JUC,05:35,08:35,38.33
74903,170.0,2.83,115,18,JALANDHAR CI,JUC,PATHANKOT JN,PTK,18:35,21:25,40.64
74904,190.0,3.17,115,18,PATHANKOT JN,PTK,JALANDHAR CI,JUC,17:25,20:35,36.28
74906,90.0,1.5,53,6,UDHAMPUR,UHP,JAMMU TAWI,JAT,08:15,09:45,35.33
74907,95.0,1.58,53,6,JAMMU TAWI,JAT,UDHAMPUR,UHP,17:30,19:05,33.54
74909,285.0,4.75,152,19,PATHANKOT JN,PTK,UDHAMPUR,UHP,04:45,09:30,32.0
74910,245.0,4.08,152,19,UDHAMPUR,UHP,PATHANKOT JN,PTK,15:35,19:40,37.25
74911,80.0,1.33,42,7,HOSHIARPUR,HSX,JALANDHAR CI,JUC,04:00,05:20,31.58
74912,75.0,1.25,42,7,JALANDHAR CI,JUC,HOSHIARPUR,HSX,03:20,04:35,33.6
74913,75.0,1.25,42,7,HOSHIARPUR,HSX,JALANDHAR CI,JUC,07:55,09:10,33.6
74914,70.0,1.17,42,7,JALANDHAR CI,JUC,HOSHIARPUR,HSX,06:35,07:45,35.9
74915,70.0,1.17,42,7,HOSHIARPUR,HSX,JALANDHAR CI,JUC,14:45,15:55,35.9
74916,60.0,1.0,42,7,JALANDHAR CI,JUC,HOSHIARPUR,HSX,16:30,17:30,42.0
74917,65.0,1.08,42,7,HOSHIARPUR,HSX,JALANDHAR CI,JUC,17:35,18:40,38.89
74918,75.0,1.25,42,7,JALANDHAR CI,JUC,HOSHIARPUR,HSX,18:55,20:10,33.6
74919,70.0,1.17,42,7,HOSHIARPUR,HSX,JALANDHAR CI,JUC,20:20,21:30,35.9
74920,85.0,1.42,42,7,JALANDHAR CI,JUC,HOSHIARPUR,HSX,21:20,22:45,29.58
74923,225.0,3.75,121,18,HOSHIARPUR,HSX,AMRITSAR JN.,ASR,04:50,08:35,32.27
74924,175.0,2.92,111,16,MANANWALA,MOW,HOSHIARPUR,HSX,11:40,14:35,38.01
74931,200.0,3.33,117,18,JALANDHAR CI,JUC,FIROZPUR CAN,FZR,05:00,08:20,35.14
74932,175.0,2.92,117,15,FIROZPUR CAN,FZR,JALANDHAR CI,JUC,03:05,06:00,40.07
74933,185.0,3.08,117,18,JALANDHAR CI,JUC,FIROZPUR CAN,FZR,06:40,09:45,37.99
74934,215.0,3.58,117,18,FIROZPUR CAN,FZR,JALANDHAR CI,JUC,04:55,08:30,32.68
74935,220.0,3.67,117,18,JALANDHAR CI,JUC,FIROZPUR CAN,FZR,08:55,12:35,31.88
74936,200.0,3.33,117,18,FIROZPUR CAN,FZR,JALANDHAR CI,JUC,13:20,16:40,35.14
74937,190.0,3.17,117,18,JALANDHAR CI,JUC,FIROZPUR CAN,FZR,17:35,20:45,36.91
74938,195.0,3.25,117,18,FIROZPUR CAN,FZR,JALANDHAR CI,JUC,15:10,18:25,36.0
74939,175.0,2.92,117,14,JALANDHAR CI,JUC,FIROZPUR CAN,FZR,21:40,00:35,40.07
74940,180.0,3.0,117,18,FIROZPUR CAN,FZR,JALANDHAR CI,JUC,17:40,20:40,39.0
74941,60.0,1.0,31,2,NAKODAR JN.,NRO,JALANDHAR CI,JUC,07:10,08:10,31.0
74942,60.0,1.0,31,2,JALANDHAR CI,JUC,NAKODAR JN.,NRO,06:00,07:00,31.0
74943,60.0,1.0,31,2,NAKODAR JN.,NRO,JALANDHAR CI,JUC,10:00,11:00,31.0
74944,60.0,1.0,31,2,JALANDHAR CI,JUC,NAKODAR JN.,NRO,08:50,09:50,31.0
74945,60.0,1.0,31,2,NAKODAR JN.,NRO,JALANDHAR CI,JUC,16:00,17:00,31.0
74946,60.0,1.0,31,2,JALANDHAR CI,JUC,NAKODAR JN.,NRO,14:50,15:50,31.0
74947,60.0,1.0,31,2,NAKODAR JN.,NRO,JALANDHAR CI,JUC,18:25,19:25,31.0
74948,60.0,1.0,31,2,JALANDHAR CI,JUC,NAKODAR JN.,NRO,17:15,18:15,31.0
74951,200.0,3.33,87,17,JAIJON DOABA,JJJ,JALANDHAR CI,JUC,10:25,13:45,26.13
74952,195.0,3.25,87,17,JALANDHAR CI,JUC,JAIJON DOABA,JJJ,06:55,10:10,26.77
74953,185.0,3.08,87,17,JAIJON DOABA,JJJ,JALANDHAR CI,JUC,17:05,20:10,28.25
74954,175.0,2.92,87,17,JALANDHAR CI,JUC,JAIJON DOABA,JJJ,14:00,16:55,29.79
74961,200.0,3.33,123,20,LUDHIANA JN.,LDH,FIROZPUR CAN,FZR,05:00,08:20,36.94
74962,210.0,3.5,123,20,FIROZPUR CAN,FZR,LUDHIANA JN.,LDH,08:45,12:15,35.14
74963,210.0,3.5,123,20,LUDHIANA JN.,LDH,FIROZPUR CAN,FZR,13:20,16:50,35.14
74964,205.0,3.42,123,20,FIROZPUR CAN,FZR,LUDHIANA JN.,LDH,18:20,21:45,35.96
74965,130.0,2.17,77,15,LUDHIANA JN.,LDH,LOHIAN KHAS,LNK,05:25,07:35,35.48
74966,120.0,2.0,77,15,LOHIAN KHAS,LNK,LUDHIANA JN.,LDH,08:10,10:10,38.5
74967,130.0,2.17,77,15,LUDHIANA JN.,LDH,LOHIAN KHAS,LNK,10:20,12:30,35.48
74968,120.0,2.0,77,15,LOHIAN KHAS,LNK,LUDHIANA JN.,LDH,12:40,14:40,38.5
74969,130.0,2.17,77,15,LUDHIANA JN.,LDH,LOHIAN KHAS,LNK,15:00,17:10,35.48
74970,135.0,2.25,77,15,LOHIAN KHAS,LNK,LUDHIANA JN.,LDH,17:20,19:35,34.22
74971,125.0,2.08,88,14,FIROZPUR CAN,FZR,FAZILKA JN.,FKA,08:40,10:45,42.31
74972,140.0,2.33,88,14,FAZILKA JN.,FKA,FIROZPUR CAN,FZR,06:10,08:30,37.77
74973,140.0,2.33,88,14,FIROZPUR CAN,FZR,FAZILKA JN.,FKA,10:15,12:35,37.77
74974,130.0,2.17,88,14,FAZILKA JN.,FKA,FIROZPUR CAN,FZR,10:55,13:05,40.55
74975,160.0,2.67,88,14,FIROZPUR CAN,FZR,FAZILKA JN.,FKA,13:15,15:55,32.96
74976,130.0,2.17,88,14,FAZILKA JN.,FKA,FIROZPUR CAN,FZR,12:45,14:55,40.55
74977,135.0,2.25,88,14,FIROZPUR CAN,FZR,FAZILKA JN.,FKA,17:40,19:55,39.11
74978,145.0,2.42,88,14,FAZILKA JN.,FKA,FIROZPUR CAN,FZR,15:00,17:25,36.36
74981,120.0,2.0,80,13,KOT KAPURA J,KKP,FAZILKA JN.,FKA,04:00,06:00,40.0
74982,120.0,2.0,80,13,FAZILKA JN.,FKA,KOT KAPURA J,KKP,10:30,12:30,40.0
74983,115.0,1.92,80,13,KOT KAPURA J,KKP,FAZILKA JN.,FKA,12:50,14:45,41.67
74984,115.0,1.92,80,13,FAZILKA JN.,FKA,KOT KAPURA J,KKP,20:05,22:00,41.67
74985,185.0,3.08,122,19,BATHINDA JN,BTI,FAZILKA JN.,FKA,07:10,10:15,39.61
74986,165.0,2.75,122,18,FAZILKA JN.,FKA,BATHINDA JN,BTI,03:00,05:45,44.36
74987,155.0,2.58,122,14,BATHINDA JN,BTI,FAZILKA JN.,FKA,21:20,23:55,47.29
74988,200.0,3.33,122,19,FAZILKA JN.,FKA,BATHINDA JN,BTI,16:10,19:30,36.64
74991,330.0,5.5,215,23,AMBALA CANTT,UMB,AMB  ANDAURA,AADR,14:20,19:50,39.09
74992,430.0,7.17,215,23,AMB  ANDAURA,AADR,AMBALA CANTT,UMB,06:00,13:10,29.99
74993,70.0,1.17,41,7,KURUKSHETRA,KKDE,AMBALA CANTT,UMB,12:25,13:35,35.04
74994,55.0,0.92,41,7,AMBALA CANTT,UMB,KURUKSHETRA,KKDE,10:30,11:25,44.57
75002,375.0,6.25,220,36,GONDA JN.,GD,GORAKHPUR JN,GKP,02:40,08:55,35.2
75003,185.0,3.08,112,22,GORAKHPUR JN,GKP,BARHNI,BNY,09:50,12:55,36.36
75004,220.0,3.67,112,22,BARHNI,BNY,GORAKHPUR JN,GKP,13:15,16:55,30.52
75005,420.0,7.0,221,36,GORAKHPUR JN,GKP,GONDA JN.,GD,17:45,00:45,31.57
75007,360.0,6.0,220,24,GORAKHPUR JN,GKP,GONDA JN.,GD,16:00,22:00,36.67
75008,390.0,6.5,220,24,GONDA JN.,GD,GORAKHPUR JN,GKP,08:20,14:50,33.85
75009,200.0,3.33,127,22,SIWAN JN.,SV,KAPTANGANJ J,CPJ,11:00,14:20,38.14
75010,140.0,2.33,98,18,KAPTANGANJ J,CPJ,THAWE JN.,THE,14:50,17:10,42.06
75011,250.0,4.17,138,24,THAWE JN.,THE,GORAKHPUR JN,GKP,18:00,22:10,33.09
75012,305.0,5.08,166,27,GORAKHPUR JN,GKP,SIWAN JN.,SV,05:10,10:15,32.68
75013,180.0,3.0,81,19,GORAKHPUR JN,GKP,NAUTANWA,NTV,06:15,09:15,27.0
75014,190.0,3.17,81,19,NAUTANWA,NTV,GORAKHPUR JN,GKP,09:45,12:55,25.55
75015,205.0,3.42,81,19,GORAKHPUR JN,GKP,NAUTANWA,NTV,13:50,17:15,23.68
75016,185.0,3.08,81,19,NAUTANWA,NTV,GORAKHPUR JN,GKP,18:40,21:45,26.3
75101,215.0,3.58,136,22,BALLIA,BUI,VARANASI CIT,BCY,04:45,08:20,37.99
75102,230.0,3.83,136,22,VARANASI CIT,BCY,BALLIA,BUI,17:40,21:30,35.51
75103,195.0,3.25,126,20,PHEPHNA JN.,PEP,VARANASI CIT,BCY,13:25,16:40,38.77
75104,245.0,4.08,117,20,VARANASI CIT,BCY,PHEPHNA JN.,PEP,09:00,13:05,28.68
75105,420.0,7.0,214,37,MAU JN.,MAU,ALLAHABAD CI,ALY,13:25,20:25,30.57
75106,405.0,6.75,214,37,ALLAHABAD CI,ALY,MAU JN.,MAU,05:45,12:30,31.7
75107,225.0,3.75,118,22,MANDUADIH,MUV,ALLAHABAD CI,ALY,16:40,20:25,31.47
75109,150.0,2.5,88,14,MAU JN.,MAU,VARANASI CIT,BCY,13:25,15:55,35.2
75111,315.0,5.25,154,25,GHAZIPUR CIT,GCT,VARANASI JN.,BSB,08:05,13:20,29.33
75112,335.0,5.58,156,25,VARANASI JN.,BSB,GHAZIPUR CIT,GCT,13:35,19:10,27.96
75113,290.0,4.83,156,24,BHATNI JN.,BTT,VARANASI CIT,BCY,05:35,10:25,32.3
75114,365.0,6.08,156,24,VARANASI CIT,BCY,BHATNI JN.,BTT,13:50,19:55,25.66
75115,365.0,6.08,203,30,GHAZIPUR CIT,GCT,PRAYAG JN.,PRG,04:15,10:20,33.39
75116,415.0,6.92,203,30,PRAYAG JN.,PRG,GHAZIPUR CIT,GCT,17:30,00:25,29.34
75201,95.0,1.58,53,13,SONPUR JN.,SEE,CHHAPRA JN.,CPR,07:20,08:55,33.54
75202,125.0,2.08,53,12,CHHAPRA JN.,CPR,SONPUR JN.,SEE,09:25,11:30,25.48
75207,375.0,6.25,169,23,SAMASTIPUR J,SPJ,MUZAFFARPUR,MFP,04:45,11:00,27.04
75208,340.0,5.67,169,22,MUZAFFARPUR,MFP,SAMASTIPUR J,SPJ,12:00,17:40,29.81
75209,270.0,4.5,105,16,SAMASTIPUR J,SPJ,JAYNAGAR,JYG,13:45,18:15,23.33
75210,225.0,3.75,105,16,JAYNAGAR,JYG,SAMASTIPUR J,SPJ,21:15,01:00,28.0
75211,250.0,4.17,111,19,SAMASTIPUR J,SPJ,SONPUR JN.,SEE,19:30,23:40,26.62
75212,275.0,4.58,111,19,SONPUR JN.,SEE,SAMASTIPUR J,SPJ,03:20,07:55,24.24
75213,95.0,1.58,29,5,RAXAUL JN.,RXL,SAGAULI JN.,SGL,23:55,01:30,18.35
75214,60.0,1.0,29,5,SAGAULI JN.,SGL,RAXAUL JN.,RXL,02:45,03:45,29.0
75221,165.0,2.75,53,12,SONPUR JN.,SEE,CHHAPRA JN.,CPR,15:00,17:45,19.27
75222,125.0,2.08,53,13,CHHAPRA JN.,CPR,SONPUR JN.,SEE,18:15,20:20,25.48
75225,395.0,6.58,187,23,SAMASTIPUR J,SPJ,RAXAUL JN.,RXL,03:40,10:15,28.42
75226,360.0,6.0,187,23,RAXAUL JN.,RXL,SAMASTIPUR J,SPJ,17:30,23:30,31.17
75227,379.0,6.32,187,29,SAMASTIPUR J,SPJ,RAXAUL JN.,RXL,17:11,23:30,29.59
75228,300.0,5.0,150,16,RAXAUL JN.,RXL,DARBHANGA JN,DBG,04:05,09:05,30.0
75229,300.0,5.0,150,16,DARBHANGA JN,DBG,RAXAUL JN.,RXL,10:15,15:15,30.0
75230,395.0,6.58,187,31,RAXAUL JN.,RXL,SAMASTIPUR J,SPJ,09:30,16:05,28.42
75231,255.0,4.25,129,18,MUZAFFARPUR,MFP,RAXAUL JN.,RXL,09:35,13:50,30.35
75232,325.0,5.42,129,20,RAXAUL JN.,RXL,MUZAFFARPUR,MFP,15:35,21:00,23.8
75233,150.0,2.5,82,9,RAXAUL JN.,RXL,SITAMARHI,SMI,10:45,13:15,32.8
75234,155.0,2.58,82,9,SITAMARHI,SMI,RAXAUL JN.,RXL,13:55,16:30,31.78
75235,155.0,2.58,87,13,RAXAUL JN.,RXL,NARKATIAGANJ,NKE,17:05,19:40,33.72
75236,220.0,3.67,87,13,NARKATIAGANJ,NKE,RAXAUL JN.,RXL,05:40,09:20,23.71
75237,230.0,3.83,159,20,MUZAFFARPUR,MFP,NARKATIAGANJ,NKE,21:55,01:45,41.51
75238,280.0,4.67,159,19,NARKATIAGANJ,NKE,MUZAFFARPUR,MFP,03:00,07:40,34.05
75253,75.0,1.25,37,8,SAMASTIPUR J,SPJ,DARBHANGA JN,DBG,08:35,09:50,29.6
75254,95.0,1.58,37,8,DARBHANGA JN,DBG,SAMASTIPUR J,SPJ,08:05,09:40,23.42
75255,250.0,4.17,132,14,DARBHANGA JN,DBG,MUZAFFARPUR,MFP,11:50,16:00,31.65
75256,255.0,4.25,132,14,MUZAFFARPUR,MFP,DARBHANGA JN,DBG,16:45,21:00,31.06
75271,180.0,3.0,97,17,ARA,ARA,SASARAM,SSM,07:30,10:30,32.33
75272,165.0,2.75,97,17,SASARAM,SSM,ARA,ARA,11:00,13:45,35.27
75273,180.0,3.0,97,17,ARA,ARA,SASARAM,SSM,14:15,17:15,32.33
75274,180.0,3.0,97,17,SASARAM,SSM,ARA,ARA,17:45,20:45,32.33
75279,80.0,1.33,54,7,DARBHANGA JN,DBG,BIRAUL,BIRL,22:25,23:45,40.6
75280,162.0,2.7,54,5,BIRAUL,BIRL,DARBHANGA JN,DBG,05:15,07:57,20.0
75707,350.0,5.83,217,28,RADHIKAPUR,RDP,SILIGURI JN.,SGUJ,06:15,12:05,37.22
75708,345.0,5.75,217,28,SILIGURI JN.,SGUJ,RADHIKAPUR,RDP,17:00,22:45,37.74
75713,300.0,5.0,181,20,SILIGURI JN.,SGUJ,NEW COOCH BE,NCB,15:45,20:45,36.2
75714,300.0,5.0,181,20,NEW COOCH BE,NCB,SILIGURI JN.,SGUJ,06:30,11:30,36.2
75715,375.0,6.25,210,30,SILIGURI JN.,SGUJ,DINHATA,DHH,05:00,11:15,33.6
75716,400.0,6.67,210,30,DINHATA,DHH,SILIGURI JN.,SGUJ,12:30,19:10,31.48
75717,345.0,5.75,183,29,SILIGURI JN.,SGUJ,BAMANHAT,BXT,16:15,22:00,31.83
75718,365.0,6.08,183,29,BAMANHAT,BXT,SILIGURI JN.,SGUJ,05:00,11:05,30.1
75719,420.0,7.0,251,45,MALDA COURT,MLFC,SILIGURI JN.,SGUJ,08:45,15:45,35.86
75720,420.0,7.0,251,44,SILIGURI JN.,SGUJ,MALDA COURT,MLFC,10:15,17:15,35.86
75721,125.0,2.08,63,12,SILIGURI JN.,SGUJ,HALDIBARI,HDB,17:15,19:20,30.29
75722,135.0,2.25,64,12,HALDIBARI,HDB,SILIGURI JN.,SGUJ,07:45,10:00,28.44
75723,250.0,4.17,208,19,NEW BONGAIGA,NBQ,GUWAHATI,GHY,05:15,09:25,49.88
75724,265.0,4.42,208,19,GUWAHATI,GHY,NEW BONGAIGA,NBQ,17:00,21:25,47.06
75727,145.0,2.42,100,8,GUWAHATI,GHY,HAIBARGAON,HBN,09:45,12:10,41.32
75728,160.0,2.67,100,7,HAIBARGAON,HBN,GUWAHATI,GHY,13:20,16:00,37.45
75729,270.0,4.5,167,16,GUWAHATI,GHY,SILGHAT TOWN,SHTT,16:30,21:00,37.11
75730,265.0,4.42,166,16,SILGHAT TOWN,SHTT,GUWAHATI,GHY,06:00,10:25,37.56
75733,90.0,1.5,33,8,TEZNARAYANPU,TNPR,KATIHAR JN.,KIR,08:20,09:50,22.0
75734,85.0,1.42,33,8,KATIHAR JN.,KIR,TEZNARAYANPU,TNPR,06:30,07:55,23.24
75735,90.0,1.5,33,8,TEZNARAYANPU,TNPR,KATIHAR JN.,KIR,12:15,13:45,22.0
75736,90.0,1.5,33,8,KATIHAR JN.,KIR,TEZNARAYANPU,TNPR,10:20,11:50,22.0
75737,90.0,1.5,33,8,TEZNARAYANPU,TNPR,KATIHAR JN.,KIR,16:15,17:45,22.0
75738,90.0,1.5,33,8,KATIHAR JN.,KIR,TEZNARAYANPU,TNPR,14:15,15:45,22.0
75739,90.0,1.5,33,8,TEZNARAYANPU,TNPR,KATIHAR JN.,KIR,20:25,21:55,22.0
75740,85.0,1.42,33,8,KATIHAR JN.,KIR,TEZNARAYANPU,TNPR,18:30,19:55,23.24
75743,355.0,5.92,204,33,KATIHAR JN.,KIR,SILIGURI JN.,SGUJ,18:15,00:10,34.46
75744,365.0,6.08,204,33,SILIGURI JN.,SGUJ,KATIHAR JN.,KIR,04:00,10:05,33.55
75745,175.0,2.92,107,19,KATIHAR JN.,KIR,JOGBANI,JBN,11:30,14:25,36.64
75746,180.0,3.0,108,19,JOGBANI,JBN,KATIHAR JN.,KIR,15:20,18:20,36.0
75747,90.0,1.5,40,11,KATIHAR JN.,KIR,BARSOI JN.,BOE,21:15,22:45,26.67
75748,80.0,1.33,40,11,BARSOI JN.,BOE,KATIHAR JN.,KIR,03:45,05:05,30.08
75749,145.0,2.42,61,15,KATIHAR JN.,KIR,TELTA,TETA,08:20,10:45,25.21
75750,130.0,2.17,61,15,TELTA,TETA,KATIHAR JN.,KIR,15:00,17:10,28.11
75901,90.0,1.5,54,4,TINSUKIA JN.,TSK,LEDO,LEDO,05:00,06:30,36.0
75902,195.0,3.25,101,14,LEDO,LEDO,DIBRUGARH TO,DBRT,07:00,10:15,31.08
75903,195.0,3.25,101,14,DIBRUGARH TO,DBRT,LEDO,LEDO,17:45,21:00,31.08
75904,75.0,1.25,54,4,LEDO,LEDO,TINSUKIA JN.,TSK,21:20,22:35,43.2
75905,80.0,1.33,47,4,TINSUKIA JN.,TSK,DIBRUGARH TO,DBRT,05:20,06:40,35.34
75906,195.0,3.25,101,14,DIBRUGARH TO,DBRT,LEDO,LEDO,07:05,10:20,31.08
75907,205.0,3.42,101,14,LEDO,LEDO,DIBRUGARH TO,DBRT,17:45,21:10,29.53
75908,75.0,1.25,47,4,DIBRUGARH TO,DBRT,TINSUKIA JN.,TSK,21:30,22:45,37.6
75911,85.0,1.42,40,8,TINSUKIA JN.,TSK,DANGARI,DNGI,06:35,08:00,28.17
75912,85.0,1.42,39,8,DANGARI,DNGI,TINSUKIA JN.,TSK,08:20,09:45,27.46
76501,30.0,0.5,17,2,BANGARPET JN,BWT,KOLAR,KQZ,06:35,07:05,34.0
76502,30.0,0.5,17,2,KOLAR,KQZ,BANGARPET JN,BWT,06:00,06:30,34.0
76503,30.0,0.5,17,2,BANGARPET JN,BWT,KOLAR,KQZ,13:10,13:40,34.0
76504,45.0,0.75,17,2,KOLAR,KQZ,BANGARPET JN,BWT,13:45,14:30,22.67
76505,140.0,2.33,81,12,BANGALORE CA,BNC,KOLAR,KQZ,17:55,20:15,34.76
76506,145.0,2.42,81,10,KOLAR,KQZ,BANGALORE CA,BNC,07:15,09:40,33.47
76507,85.0,1.42,64,10,BANGALORE CA,BNC,BANGARPET JN,BWT,11:40,13:05,45.07
76508,125.0,2.08,68,11,BANGARPET JN,BWT,KRANTIVIRA S,SBC,15:30,17:35,32.69
76523,95.0,1.58,62,9,YESVANTPUR J,YPR,HOSUR,HSRA,14:55,16:30,39.24
76524,90.0,1.5,61,9,HOSUR,HSRA,YESVANTPUR J,YPR,17:50,19:20,40.67
76525,285.0,4.75,201,31,CHANNA PATNA,CPT,KOLAR,KQZ,16:15,21:00,42.32
76526,305.0,5.08,201,31,KOLAR,KQZ,CHANNA PATNA,CPT,06:00,11:05,39.57
76551,270.0,4.5,157,22,KRANTIVIRA S,SBC,KOLAR,KQZ,08:30,13:00,34.89
76552,255.0,4.25,157,22,KOLAR,KQZ,KRANTIVIRA S,SBC,13:45,18:00,36.94
76553,190.0,3.17,150,15,KRANTIVIRA S,SBC,DHARMAPURI,DPJ,18:30,21:40,47.32
76554,190.0,3.17,150,15,DHARMAPURI,DPJ,KRANTIVIRA S,SBC,05:00,08:10,47.32
76800,55.0,0.92,26,9,TIRUCHIRAPPA,TPJ,LALGUDI,LLI,11:55,12:50,28.26
76803,55.0,0.92,26,9,LALGUDI,LLI,TIRUCHIRAPPA,TPJ,05:45,06:40,28.26
76804,55.0,0.92,26,9,TIRUCHIRAPPA,TPJ,LALGUDI,LLI,16:50,17:45,28.26
76805,160.0,2.67,93,12,MANNARGUDI,MQ,TIRUCHIRAPPA,TPJ,06:30,09:10,34.83
76806,150.0,2.5,93,12,TIRUCHIRAPPA,TPJ,MANNARGUDI,MQ,17:30,20:00,37.2
76807,195.0,3.25,150,14,TIRUCHIRAPPA,TPJ,MANAMADURAI,MNM,10:05,13:20,46.15
76808,195.0,3.25,150,14,MANAMADURAI,MNM,TIRUCHIRAPPA,TPJ,14:00,17:15,46.15
76812,195.0,3.25,94,19,THANJAVUR JN,TJ,KARAIKAL,KIK,06:00,09:15,28.92
76813,65.0,1.08,28,4,KARAIKAL,KIK,VELANKANNI,VLNK,09:30,10:35,25.93
76814,25.0,0.42,10,2,VELANKANNI,VLNK,NAGAPPATTINA,NGT,10:50,11:15,23.81
76815,180.0,3.0,94,19,KARAIKAL,KIK,THANJAVUR JN,TJ,17:50,20:50,31.33
76817,25.0,0.42,10,2,NAGAPPATTINA,NGT,VELANKANNI,VLNK,11:25,11:50,23.81
76818,90.0,1.5,27,6,VELANKANNI,VLNK,KARAIKAL,KIK,16:00,17:30,18.0
76820,80.0,1.33,49,8,TIRUCHIRAPPA,TPJ,THANJAVUR JN,TJ,01:10,02:30,36.84
76821,90.0,1.5,49,9,THANJAVUR JN,TJ,TIRUCHIRAPPA,TPJ,06:40,08:10,32.67
76822,80.0,1.33,49,9,TIRUCHIRAPPA,TPJ,THANJAVUR JN,TJ,08:30,09:50,36.84
76823,85.0,1.42,49,9,THANJAVUR JN,TJ,TIRUCHIRAPPA,TPJ,05:40,07:05,34.51
76824,80.0,1.33,49,9,TIRUCHIRAPPA,TPJ,THANJAVUR JN,TJ,12:10,13:30,36.84
76825,110.0,1.83,70,16,MAYILADUTURA,MV,THANJAVUR JN,TJ,18:00,19:50,38.25
76826,115.0,1.92,70,16,THANJAVUR JN,TJ,MAYILADUTURA,MV,11:15,13:10,36.46
76827,90.0,1.5,49,9,THANJAVUR JN,TJ,TIRUCHIRAPPA,TPJ,14:05,15:35,32.67
76828,85.0,1.42,49,9,TIRUCHIRAPPA,TPJ,THANJAVUR JN,TJ,20:30,21:55,34.51
76829,85.0,1.42,49,9,THANJAVUR JN,TJ,TIRUCHIRAPPA,TPJ,19:55,21:20,34.51
76830,140.0,2.33,89,10,KARAIKKUDI,KKDI,TIRUCHIRAPPA,TPJ,06:50,09:10,38.2
76831,125.0,2.08,89,10,TIRUCHIRAPPA,TPJ,KARAIKKUDI,KKDI,18:15,20:20,42.79
76833,120.0,2.0,75,15,TIRUCHIRAPPA,TPJ,KARUR JN.,KRR,09:35,11:35,37.5
76834,125.0,2.08,75,15,KARUR JN.,KRR,TIRUCHIRAPPA,TPJ,15:30,17:35,36.06
76835,130.0,2.17,75,18,TIRUCHIRAPPA,TPJ,KARUR JN.,KRR,18:15,20:25,34.56
76836,135.0,2.25,75,18,KARUR JN.,KRR,TIRUCHIRAPPA,TPJ,07:00,09:15,33.33
76837,215.0,3.58,127,11,KARAIKKUDI,KKDI,VIRUDUNAGAR,VPT,18:00,21:35,35.47
76838,175.0,2.92,127,11,VIRUDUNAGAR,VPT,KARAIKKUDI,KKDI,06:40,09:35,43.49
76839,130.0,2.17,89,10,TIRUCHIRAPPA,TPJ,KARAIKKUDI,KKDI,15:45,17:55,41.01
76840,120.0,2.0,89,10,KARAIKKUDI,KKDI,TIRUCHIRAPPA,TPJ,09:50,11:50,44.5
76841,285.0,4.75,180,26,CUDDALORE PO,CUPJ,TIRUCHIRAPPA,TPJ,06:15,11:00,37.89
76842,290.0,4.83,180,27,TIRUCHIRAPPA,TPJ,CUDDALORE PO,CUPJ,15:40,20:30,37.27
76845,180.0,3.0,122,23,VRIDHA CHALA,VRI,TIRUCHIRAPPA,TPJ,06:00,09:00,40.67
76846,205.0,3.42,122,23,TIRUCHIRAPPA,TPJ,VRIDHA CHALA,VRI,18:15,21:40,35.67
76847,185.0,3.08,139,17,VRIDHA CHALA,VRI,SALEM JN.,SA,06:00,09:05,45.13
76848,200.0,3.33,139,17,SALEM JN.,SA,VRIDHA CHALA,VRI,18:40,22:00,41.74
76849,190.0,3.17,139,17,VRIDHA CHALA,VRI,SALEM JN.,SA,13:40,16:50,43.85
76850,180.0,3.0,139,17,SALEM JN.,SA,VRIDHA CHALA,VRI,09:50,12:50,46.33
76851,305.0,5.08,145,26,KARAIKAL,KIK,TIRUCHIRAPPA,TPJ,06:35,11:40,28.54
76852,260.0,4.33,145,25,TIRUCHIRAPPA,TPJ,KARAIKAL,KIK,16:30,20:50,33.49
76853,260.0,4.33,134,25,NAGORE,NCR,TIRUCHIRAPPA,TPJ,15:10,19:30,30.95
76854,240.0,4.0,134,25,TIRUCHIRAPPA,TPJ,NAGORE,NCR,10:10,14:10,33.5
77201,65.0,1.08,44,4,VIJAYWADA JN,BZA,GUDIVADA JN.,GDV,02:50,03:55,40.74
77202,175.0,2.92,94,15,GUDIVADA JN.,GDV,NARASAPUR,NS,04:30,07:25,32.19
77203,205.0,3.42,94,21,NARASAPUR,NS,GUDIVADA JN.,GDV,07:50,11:15,27.49
77204,190.0,3.17,94,21,GUDIVADA JN.,GDV,NARASAPUR,NS,15:45,18:55,29.65
77205,70.0,1.17,30,8,NARASAPUR,NS,BHIMAVARAM T,BVRT,15:55,17:05,25.64
77206,240.0,4.0,109,20,BHIMAVARAM J,BVRM,VIJAYWADA JN,BZA,21:15,01:15,27.25
77207,140.0,2.33,81,14,VIJAYWADA JN,BZA,MACHILIPATNA,MTM,03:35,05:55,34.76
77208,175.0,2.92,80,12,MACHILIPATNA,MTM,VIJAYWADA JN,BZA,02:55,05:50,27.4
77209,65.0,1.08,36,8,GUDIVADA JN.,GDV,MACHILIPATNA,MTM,08:50,09:55,33.33
77211,55.0,0.92,36,8,GUDIVADA JN.,GDV,MACHILIPATNA,MTM,12:55,13:50,39.13
77212,150.0,2.5,81,18,MACHILIPATNA,MTM,VIJAYWADA JN,BZA,07:15,09:45,32.4
77213,85.0,1.42,44,11,VIJAYWADA JN,BZA,GUDIVADA JN.,GDV,14:05,15:30,30.99
77214,85.0,1.42,44,11,GUDIVADA JN.,GDV,VIJAYWADA JN,BZA,11:25,12:50,30.99
77215,150.0,2.5,81,18,VIJAYWADA JN,BZA,MACHILIPATNA,MTM,16:10,18:40,32.4
77216,65.0,1.08,36,8,MACHILIPATNA,MTM,GUDIVADA JN.,GDV,14:30,15:35,33.33
77218,165.0,2.75,81,18,MACHILIPATNA,MTM,VIJAYWADA JN,BZA,17:20,20:05,29.45
77219,85.0,1.42,36,8,GUDIVADA JN.,GDV,MACHILIPATNA,MTM,20:35,22:00,25.35
77220,65.0,1.08,36,7,MACHILIPATNA,MTM,GUDIVADA JN.,GDV,19:20,20:25,33.33
77221,60.0,1.0,32,6,VIJAYWADA JN,BZA,GUNTUR JN.,GNT,06:15,07:15,32.0
77222,100.0,1.67,59,12,GUNTUR JN.,GNT,REPALLE,RAL,07:25,09:05,35.33
77223,100.0,1.67,59,12,REPALLE,RAL,GUNTUR JN.,GNT,09:15,10:55,35.33
77224,105.0,1.75,59,12,GUNTUR JN.,GNT,REPALLE,RAL,11:05,12:50,33.71
77225,60.0,1.0,33,8,REPALLE,RAL,TENALI JN.,TEL,13:00,14:00,33.0
77226,60.0,1.0,33,8,TENALI JN.,TEL,REPALLE,RAL,14:15,15:15,33.0
77227,60.0,1.0,33,8,REPALLE,RAL,TENALI JN.,TEL,15:25,16:25,33.0
77228,60.0,1.0,33,8,TENALI JN.,TEL,REPALLE,RAL,16:35,17:35,33.0
77229,125.0,2.08,59,12,REPALLE,RAL,GUNTUR JN.,GNT,17:45,19:50,28.37
77230,85.0,1.42,32,6,GUNTUR JN.,GNT,VIJAYWADA JN,BZA,20:10,21:35,22.54
77231,215.0,3.58,109,24,VIJAYWADA JN,BZA,BHIMAVARAM J,BVRM,07:15,10:50,30.45
77232,140.0,2.33,65,14,BHIMAVARAM J,BVRM,GUDIVADA JN.,GDV,05:25,07:45,27.9
77233,60.0,1.0,29,6,BHIMAVARAM J,BVRM,NARASAPUR,NS,11:20,12:20,29.0
77234,65.0,1.08,36,8,MACHILIPATNA,MTM,GUDIVADA JN.,GDV,10:15,11:20,33.33
77235,65.0,1.08,36,8,GUDIVADA JN.,GDV,MACHILIPATNA,MTM,16:00,17:05,33.33
77237,145.0,2.42,70,18,BHIMAVARAM J,BVRM,RAJAHMUNDRY,RJY,07:30,09:55,28.93
77238,140.0,2.33,68,18,RAJAHMUNDRY,RJY,BHIMAVARAM J,BVRM,12:15,14:35,29.18
77239,95.0,1.58,47,10,BHIMAVARAM J,BVRM,NIDADAVOLU J,NDD,15:50,17:25,29.75
77240,85.0,1.42,46,12,NIDADAVOLU J,NDD,BHIMAVARAM J,BVRM,18:25,19:50,32.39
77241,200.0,3.33,99,21,NARASAPUR,NS,RAJAHMUNDRY,RJY,19:45,23:05,29.73
77242,165.0,2.75,68,15,RAJAHMUNDRY,RJY,BHIMAVARAM J,BVRM,04:25,07:10,24.73
77243,145.0,2.42,49,12,BHIMAVARAM T,BVRT,NIDADAVOLU J,NDD,17:15,19:40,20.25
77244,90.0,1.5,46,9,NIDADAVOLU J,NDD,BHIMAVARAM J,BVRM,21:45,23:15,30.67
77245,45.0,0.75,25,5,GUNTUR JN.,GNT,TENALI JN.,TEL,21:10,21:55,33.33
77246,60.0,1.0,33,7,TENALI JN.,TEL,REPALLE,RAL,22:40,23:40,33.0
77247,60.0,1.0,33,6,REPALLE,RAL,TENALI JN.,TEL,04:00,05:00,33.0
77248,275.0,4.58,169,23,TENALI JN.,TEL,MARKAPUR ROA,MRK,05:10,09:45,36.9
77249,215.0,3.58,143,19,MARKAPUR ROA,MRK,GUNTUR JN.,GNT,10:05,13:40,39.94
77250,45.0,0.75,25,5,GUNTUR JN.,GNT,TENALI JN.,TEL,14:00,14:45,33.33
77251,225.0,3.75,141,14,PEDDAPALLI,PDPL,MAHBUBABAD,MABD,08:00,11:45,37.6
77252,220.0,3.67,144,14,MAHBUBABAD,MABD,PEDDAPALLI,PDPL,15:15,18:55,39.24
77253,275.0,4.58,145,13,MAHBUBABAD,MABD,VIJAYWADA JN,BZA,12:10,16:45,31.66
77254,230.0,3.83,146,14,VIJAYWADA JN,BZA,MAHBUBABAD,MABD,10:00,13:50,38.12
77255,190.0,3.17,142,14,KARIM NAGAR,KRMR,SIRPUR TOWN,SRUR,08:00,11:10,44.79
77256,180.0,3.0,144,14,SIRPUR TOWN,SRUR,KARIM NAGAR,KRMR,11:30,14:30,48.0
77257,240.0,4.0,83,5,JAGITYAL,LPJL,PEDDAPALLI,PDPL,18:00,22:00,20.75
77258,210.0,3.5,83,5,PEDDAPALLI,PDPL,JAGITYAL,LPJL,19:10,22:40,23.71
77259,190.0,3.17,148,8,NIZAMABAD,NZB,KARIM NAGAR,KRMR,04:45,07:55,46.69
77260,295.0,4.92,148,8,KARIM NAGAR,KRMR,NIZAMABAD,NZB,14:35,19:30,30.08
77261,185.0,3.08,81,18,VIJAYWADA JN,BZA,MACHILIPATNA,MTM,08:30,11:35,26.3
77262,140.0,2.33,81,18,MACHILIPATNA,MTM,VIJAYWADA JN,BZA,11:50,14:10,34.76
77263,85.0,1.42,44,9,VIJAYWADA JN,BZA,GUDIVADA JN.,GDV,17:00,18:25,30.99
77264,200.0,3.33,94,19,GUDIVADA JN.,GDV,NARASAPUR,NS,18:40,22:00,28.23
77265,145.0,2.42,76,11,NARASAPUR,NS,NIDADAVOLU J,NDD,04:20,06:45,31.4
77266,80.0,1.33,46,12,NIDADAVOLU J,NDD,BHIMAVARAM J,BVRM,07:30,08:50,34.59
77267,115.0,1.92,65,13,BHIMAVARAM J,BVRM,GUDIVADA JN.,GDV,15:40,17:35,33.85
77268,90.0,1.5,44,9,GUDIVADA JN.,GDV,VIJAYWADA JN,BZA,19:00,20:30,29.33
77269,150.0,2.5,81,18,VIJAYWADA JN,BZA,MACHILIPATNA,MTM,21:40,00:10,32.4
77270,165.0,2.75,81,18,MACHILIPATNA,MTM,VIJAYWADA JN,BZA,04:30,07:15,29.45
77271,120.0,2.0,44,12,KAKINADA TOW,CCT,KOTIPALLI,KPLH,09:30,11:30,22.0
77272,120.0,2.0,44,12,KOTIPALLI,KPLH,KAKINADA TOW,CCT,12:00,14:00,22.0
77273,70.0,1.17,47,3,JAGITYAL,LPJL,KARIM NAGAR,KRMR,06:45,07:55,40.17
77274,115.0,1.92,47,3,KARIM NAGAR,KRMR,JAGITYAL,LPJL,14:35,16:30,24.48
77281,50.0,0.83,31,8,VIJAYWADA JN,BZA,TENALI JN.,TEL,09:45,10:35,37.35
77282,70.0,1.17,25,5,TENALI JN.,TEL,GUNTUR JN.,GNT,10:40,11:50,21.37
77283,65.0,1.08,32,6,GUNTUR JN.,GNT,VIJAYWADA JN,BZA,12:10,13:15,29.63
77284,60.0,1.0,32,6,VIJAYWADA JN,BZA,GUNTUR JN.,GNT,15:50,16:50,32.0
77285,55.0,0.92,25,5,GUNTUR JN.,GNT,TENALI JN.,TEL,17:00,17:55,27.17
77286,60.0,1.0,31,8,TENALI JN.,TEL,VIJAYWADA JN,BZA,18:00,19:00,31.0
77287,50.0,0.83,31,8,VIJAYWADA JN,BZA,TENALI JN.,TEL,19:25,20:15,37.35
77288,40.0,0.67,25,5,TENALI JN.,TEL,GUNTUR JN.,GNT,20:20,21:00,37.31
77289,65.0,1.08,32,6,GUNTUR JN.,GNT,VIJAYWADA JN,BZA,21:10,22:15,29.63
77290,45.0,0.75,25,5,TENALI JN.,TEL,GUNTUR JN.,GNT,15:15,16:00,33.33
77291,310.0,5.17,177,23,BHADRACHALAM,BDCR,VIJAYWADA JN,BZA,13:45,18:55,34.24
77292,290.0,4.83,178,25,VIJAYWADA JN,BZA,BHADRACHALAM,BDCR,08:00,12:50,36.85
77293,145.0,2.42,70,17,BHIMAVARAM J,BVRM,RAJAHMUNDRY,RJY,14:45,17:10,28.93
77294,225.0,3.75,98,25,RAJAHMUNDRY,RJY,NARASAPUR,NS,08:00,11:45,26.13
77295,395.0,6.58,171,36,NARASAPUR,NS,GUNTUR JN.,GNT,12:40,19:15,25.99
77297,235.0,3.92,130,17,GUNTUR JN.,GNT,MACHERLA,MCLA,17:50,21:45,33.16
77298,550.0,9.17,272,45,MACHERLA,MCLA,BHIMAVARAM J,BVRM,05:30,14:40,29.66
77401,240.0,4.0,161,12,NANDYAL,NDL,CUDDAPAH,HX,06:00,10:00,40.25
77402,230.0,3.83,161,12,CUDDAPAH,HX,NANDYAL,NDL,12:00,15:50,42.04
77403,235.0,3.92,161,12,NANDYAL,NDL,CUDDAPAH,HX,16:00,19:55,41.07
77404,225.0,3.75,161,12,CUDDAPAH,HX,NANDYAL,NDL,20:05,23:50,42.93
77405,45.0,0.75,14,3,CUDDAPAH,HX,PENDLIMARRI,PDMI,10:10,10:55,18.67
77406,45.0,0.75,14,3,PENDLIMARRI,PDMI,CUDDAPAH,HX,11:05,11:50,18.67
77414,170.0,2.83,121,13,GUNTAKAL JN.,GTL,KURNOOL TOWN,KRNT,04:40,07:30,42.76
77415,170.0,2.83,122,15,KURNOOL TOWN,KRNT,GUNTAKAL JN.,GTL,08:10,11:00,43.11
77416,85.0,1.42,49,9,GUNTAKAL JN.,GTL,BELLARY JN.,BAY,12:00,13:25,34.51
77417,80.0,1.33,50,9,BELLARY JN.,BAY,GUNTAKAL JN.,GTL,14:05,15:25,37.59
77418,315.0,5.25,197,22,GUNTAKAL JN.,GTL,HINDUPUR,HUP,15:45,21:00,37.52
77419,305.0,5.08,197,21,HINDUPUR,HUP,GUNTAKAL JN.,GTL,06:30,11:35,38.78
77601,80.0,1.33,26,14,SECUNDERABAD,SC,MEDCHAL,MED,04:05,05:25,19.55
77602,110.0,1.83,39,23,MEDCHAL,MED,FALAKNUMA,FM,05:35,07:25,21.31
77603,85.0,1.42,40,17,SECUNDERABAD,SC,MANOHARABAD,MOB,06:10,07:35,28.17
77604,60.0,1.0,25,20,BOLARUM,BMO,FALAKNUMA,FM,07:55,08:55,25.0
77605,70.0,1.17,27,21,FALAKNUMA,FM,BOLARUM,BMO,06:30,07:40,23.08
77606,75.0,1.25,40,17,MANOHARABAD,MOB,SECUNDERABAD,SC,08:45,10:00,32.0
77607,65.0,1.08,26,14,SECUNDERABAD,SC,MEDCHAL,MED,10:10,11:15,24.07
77608,60.0,1.0,26,14,MEDCHAL,MED,SECUNDERABAD,SC,11:35,12:35,26.0
77609,135.0,2.25,53,26,FALAKNUMA,FM,MANOHARABAD,MOB,10:10,12:25,23.56
77610,85.0,1.42,40,17,MANOHARABAD,MOB,SECUNDERABAD,SC,13:15,14:40,28.17
77611,35.0,0.58,13,11,SECUNDERABAD,SC,BOLARUM,BMO,12:50,13:25,22.41
77612,45.0,0.75,13,11,BOLARUM,BMO,SECUNDERABAD,SC,15:30,16:15,17.33
77613,70.0,1.17,40,17,SECUNDERABAD,SC,MANOHARABAD,MOB,14:50,16:00,34.19
77614,82.0,1.37,40,17,MANOHARABAD,MOB,SECUNDERABAD,SC,16:55,18:17,29.2
77615,70.0,1.17,26,14,SECUNDERABAD,SC,MEDCHAL,MED,16:45,17:55,22.22
77616,95.0,1.58,26,14,MEDCHAL,MED,SECUNDERABAD,SC,18:50,20:25,16.46
77617,73.0,1.22,40,17,SECUNDERABAD,SC,MANOHARABAD,MOB,18:22,19:35,32.79
77618,85.0,1.42,40,17,MANOHARABAD,MOB,SECUNDERABAD,SC,19:55,21:20,28.17
77619,70.0,1.17,26,14,SECUNDERABAD,SC,MEDCHAL,MED,20:45,21:55,22.22
77622,80.0,1.33,52,7,MAHBUBNAGAR,MBNR,JAKLAIR,JKAR,00:40,02:00,39.1
77623,85.0,1.42,52,7,JAKLAIR,JKAR,MAHBUBNAGAR,MBNR,05:00,06:25,36.62
77630,60.0,1.0,27,14,SECUNDERABAD,SC,UMDANAGAR,UR,04:10,05:10,27.0
77631,25.0,0.42,13,4,FALAKNUMA,FM,UMDANAGAR,UR,09:00,09:25,30.95
77632,25.0,0.42,13,4,FALAKNUMA,FM,UMDANAGAR,UR,12:10,12:35,30.95
77633,18.0,0.3,13,4,FALAKNUMA,FM,UMDANAGAR,UR,14:40,14:58,43.33
77634,20.0,0.33,13,4,FALAKNUMA,FM,UMDANAGAR,UR,16:55,17:15,39.39
77635,35.0,0.58,13,4,FALAKNUMA,FM,UMDANAGAR,UR,18:45,19:20,22.41
77638,20.0,0.33,13,4,FALAKNUMA,FM,UMDANAGAR,UR,20:45,21:05,39.39
77640,19.0,0.32,13,4,UMDANAGAR,UR,FALAKNUMA,FM,06:07,06:26,40.62
77641,18.0,0.3,13,4,UMDANAGAR,UR,FALAKNUMA,FM,09:30,09:48,43.33
77642,20.0,0.33,13,4,UMDANAGAR,UR,FALAKNUMA,FM,13:55,14:15,39.39
77643,20.0,0.33,13,4,UMDANAGAR,UR,FALAKNUMA,FM,15:25,15:45,39.39
77645,57.0,0.95,27,14,UMDANAGAR,UR,SECUNDERABAD,SC,17:20,18:17,28.42
77647,40.0,0.67,13,4,UMDANAGAR,UR,FALAKNUMA,FM,20:00,20:40,19.4
77649,50.0,0.83,27,14,UMDANAGAR,UR,SECUNDERABAD,SC,23:20,00:10,32.53
77651,225.0,3.75,108,8,BIDAR,BIDR,GULBARGA,GR,06:15,10:00,28.8
77652,225.0,3.75,108,8,GULBARGA,GR,BIDAR,BIDR,10:30,14:15,28.8
77653,90.0,1.5,52,4,BIDAR,BIDR,HUMNABAD,HMBD,13:30,15:00,34.67
77654,90.0,1.5,52,4,HUMNABAD,HMBD,BIDAR,BIDR,15:15,16:45,34.67
77655,225.0,3.75,108,8,BIDAR,BIDR,GULBARGA,GR,14:45,18:30,28.8
77656,225.0,3.75,108,8,GULBARGA,GR,BIDAR,BIDR,19:00,22:45,28.8
77657,405.0,6.75,253,19,JALNA,J,SAI NAGAR SH,SNSI,05:45,12:30,37.48
77658,440.0,7.33,253,19,SAI NAGAR SH,SNSI,JALNA,J,13:40,21:00,34.52
77671,140.0,2.33,105,17,KACHEGUDA,KCG,MAHBUBNAGAR,MBNR,21:50,00:10,45.06
77672,145.0,2.42,105,21,MAHBUBNAGAR,MBNR,KACHEGUDA,KCG,06:45,09:10,43.39
77673,255.0,4.25,154,18,MIRYALAGUDA,MRGA,KACHEGUDA,KCG,17:00,21:15,36.24
77674,245.0,4.08,154,18,KACHEGUDA,KCG,MIRYALAGUDA,MRGA,09:20,13:25,37.75
77675,220.0,3.67,154,17,KACHEGUDA,KCG,MIRYALAGUDA,MRGA,19:15,22:55,41.96
77676,205.0,3.42,59,6,MIRYALAGUDA,MRGA,PIDUGURALLA,PGRL,23:25,02:50,17.25
77677,75.0,1.25,59,6,PIDUGURALLA,PGRL,MIRYALAGUDA,MRGA,04:15,05:30,47.2
77678,220.0,3.67,154,17,MIRYALAGUDA,MRGA,KACHEGUDA,KCG,05:40,09:20,41.96
77679,110.0,1.83,39,23,FALAKNUMA,FM,MEDCHAL,MED,08:35,10:25,21.31
77680,75.0,1.25,39,23,MEDCHAL,MED,FALAKNUMA,FM,10:35,11:50,31.2
77681,90.0,1.5,39,23,FALAKNUMA,FM,MEDCHAL,MED,13:15,14:45,26.0
77682,75.0,1.25,39,23,MEDCHAL,MED,FALAKNUMA,FM,16:50,18:05,31.2
77683,225.0,3.75,151,14,JALNA,J,NAGARSOL,NSL,05:45,09:30,40.27
77684,195.0,3.25,151,14,NAGARSOL,NSL,JALNA,J,17:45,21:00,46.46
77689,100.0,1.67,57,5,GADWAL,GWD,RAICHUR,RC,14:50,16:30,34.13
77690,95.0,1.58,57,5,RAICHUR,RC,GADWAL,GWD,12:55,14:30,36.08
77691,160.0,2.67,151,14,JALNA,J,NAGARSOL,NSL,14:35,17:15,56.55
77693,365.0,6.08,237,22,KACHEGUDA,KCG,RAICHUR,RC,06:20,12:25,38.98
77694,360.0,6.0,237,21,RAICHUR,RC,KACHEGUDA,KCG,17:00,23:00,39.5
77695,240.0,4.0,129,14,NANDYAL,NDL,KURNOOL TOWN,KRNT,06:15,10:15,32.25
77696,270.0,4.5,129,14,KURNOOL TOWN,KRNT,NANDYAL,NDL,17:40,22:10,28.67
78009,85.0,1.42,55,8,RUPSA JN.,ROP,BHANJPUR,VZR,22:15,23:40,38.73
78010,85.0,1.42,55,8,BHANJPUR,VZR,RUPSA JN.,ROP,03:15,04:40,38.73
78011,80.0,1.33,55,8,RUPSA JN.,ROP,BHANJPUR,VZR,06:35,07:55,41.35
78012,110.0,1.83,72,11,BHANJPUR,VZR,BALASORE,BLS,08:05,09:55,39.34
78013,95.0,1.58,69,10,BALASORE,BLS,BARIPADA PH,BPO,10:10,11:45,43.67
78014,47.0,0.78,17,5,BANGRIPOSI,BGY,BARIPADA PH,BPO,12:45,13:32,21.79
78015,48.0,0.8,17,5,BARIPADA PH,BPO,BANGRIPOSI,BGY,11:47,12:35,21.25
78016,96.0,1.6,69,10,BARIPADA PH,BPO,BALASORE,BLS,13:34,15:10,43.12
78017,100.0,1.67,69,10,BALASORE,BLS,BARIPADA PH,BPO,15:20,17:00,41.32
78018,55.0,0.92,17,5,BANGRIPOSI,BGY,BARIPADA PH,BPO,18:05,19:00,18.48
78019,53.0,0.88,17,5,BARIPADA PH,BPO,BANGRIPOSI,BGY,17:02,17:55,19.32
78020,77.0,1.28,51,7,BARIPADA PH,BPO,RUPSA JN.,ROP,19:03,20:20,39.84
78031,265.0,4.42,116,9,TATANAGAR JN,TATA,BADAMPAHAR,BMPR,06:00,10:25,26.24
78032,265.0,4.42,116,9,BADAMPAHAR,BMPR,TATANAGAR JN,TATA,10:40,15:05,26.24
78033,210.0,3.5,147,19,TATANAGAR JN,TATA,GUA,GUA,15:15,18:45,42.0
78034,220.0,3.67,147,19,GUA,GUA,TATANAGAR JN,TATA,19:00,22:40,40.05
78051,171.0,2.85,113,26,GRAM MASAGRA,GMMG,BANKURA,BQA,04:04,06:55,39.65
78052,165.0,2.75,113,26,BANKURA,BQA,GRAM MASAGRA,GMMG,05:00,07:45,41.09
78053,166.0,2.77,113,26,GRAM MASAGRA,GMMG,BANKURA,BQA,08:04,10:50,40.79
78054,170.0,2.83,113,26,BANKURA,BQA,GRAM MASAGRA,GMMG,08:50,11:40,39.93
78055,171.0,2.85,113,26,GRAM MASAGRA,GMMG,BANKURA,BQA,12:24,15:15,39.65
78056,165.0,2.75,113,26,BANKURA,BQA,GRAM MASAGRA,GMMG,13:20,16:05,41.09
78057,60.0,1.0,40,8,SONAMUKHI PH,SONA,BANKURA,BQA,16:50,17:50,40.0
78058,55.0,0.92,40,8,BANKURA,BQA,SONAMUKHI PH,SONA,15:45,16:40,43.48
78059,171.0,2.85,113,26,GRAM MASAGRA,GMMG,BANKURA,BQA,17:04,19:55,39.65
78060,164.0,2.73,113,26,BANKURA,BQA,GRAM MASAGRA,GMMG,18:00,20:44,41.39
78061,161.0,2.68,113,26,GRAM MASAGRA,GMMG,BANKURA,BQA,21:04,23:45,42.16
78101,125.0,2.08,96,15,CHAKARADHARP,CKP,ROURKELA,ROU,05:10,07:15,46.15
78102,130.0,2.17,96,15,ROURKELA,ROU,CHAKARADHARP,CKP,17:15,19:25,44.24
78103,235.0,3.92,150,23,ROURKELA,ROU,SAMBALPUR JN,SBP,07:20,11:15,38.27
78104,265.0,4.42,150,23,SAMBALPUR JN,SBP,ROURKELA,ROU,11:40,16:05,33.94
78502,60.0,1.0,27,8,BHUBANESWAR,BBS,CUTTACK JN.,CTC,09:50,10:50,27.0
78503,255.0,4.25,165,28,BHUBANESWAR,BBS,BERHAMPUR,BAM,17:35,21:50,38.82
78504,220.0,3.67,165,28,BERHAMPUR,BAM,BHUBANESWAR,BBS,05:45,09:25,44.96
78505,100.0,1.67,73,10,BERHAMPUR,BAM,PALASA,PSA,22:05,23:45,43.71
78511,40.0,0.67,16,4,BOBBILI JN.,VBL,SALUR,SALR,06:05,06:45,23.88
78512,40.0,0.67,16,4,SALUR,SALR,BOBBILI JN.,VBL,06:50,07:30,23.88
78513,40.0,0.67,16,4,BOBBILI JN.,VBL,SALUR,SALR,07:40,08:20,23.88
78514,40.0,0.67,16,4,SALUR,SALR,BOBBILI JN.,VBL,08:25,09:05,23.88
78515,40.0,0.67,16,4,BOBBILI JN.,VBL,SALUR,SALR,10:30,11:10,23.88
78516,40.0,0.67,16,4,SALUR,SALR,BOBBILI JN.,VBL,11:20,12:00,23.88
78517,40.0,0.67,16,4,BOBBILI JN.,VBL,SALUR,SALR,15:30,16:10,23.88
78518,40.0,0.67,16,4,SALUR,SALR,BOBBILI JN.,VBL,16:20,17:00,23.88
78519,40.0,0.67,16,4,BOBBILI JN.,VBL,SALUR,SALR,17:10,17:50,23.88
78520,40.0,0.67,16,4,SALUR,SALR,BOBBILI JN.,VBL,18:00,18:40,23.88
78531,85.0,1.42,60,10,VIZIANAGARAM,VZM,VISAKHAPATNA,VSKP,08:30,09:55,42.25
78534,185.0,3.08,142,18,VIZIANAGARAM,VZM,PALASA,PSA,20:25,23:30,46.1
78801,150.0,2.5,89,16,GONDIA JN.,G,KATANGI,KGE,04:30,07:00,35.6
78802,140.0,2.33,87,16,KATANGI,KGE,GONDIA JN.,G,07:50,10:10,37.34
78803,155.0,2.58,89,16,GONDIA JN.,G,KATANGI,KGE,09:00,11:35,34.5
78804,140.0,2.33,87,16,KATANGI,KGE,GONDIA JN.,G,11:45,14:05,37.34
78805,140.0,2.33,89,16,GONDIA JN.,G,KATANGI,KGE,14:45,17:05,38.2
78806,155.0,2.58,87,16,KATANGI,KGE,GONDIA JN.,G,17:30,20:05,33.72
78807,105.0,1.75,60,12,GONDIA JN.,G,WARASEONI,WRI,18:30,20:15,34.29
78808,95.0,1.58,58,12,WARASEONI,WRI,GONDIA JN.,G,20:30,22:05,36.71
78809,140.0,2.33,89,16,GONDIA JN.,G,KATANGI,KGE,22:30,00:50,38.2
78810,140.0,2.33,87,16,KATANGI,KGE,GONDIA JN.,G,05:30,07:50,37.34
78811,80.0,1.33,47,9,TUMSAR RD,TMR,TIRODI,TRDI,04:15,05:35,35.34
78812,80.0,1.33,46,9,TIRODI,TRDI,TUMSAR RD,TMR,05:55,07:15,34.59
78813,80.0,1.33,47,9,TUMSAR RD,TMR,TIRODI,TRDI,10:35,11:55,35.34
78814,80.0,1.33,46,9,TIRODI,TRDI,TUMSAR RD,TMR,12:15,13:35,34.59
78815,225.0,3.75,149,19,RAIPUR JN.,R,GUDUM,GUDM,09:20,13:05,39.73
78816,195.0,3.25,129,18,DALLI-RAJHAR,DRZ,RAIPUR JN.,R,05:50,09:05,39.69
78817,125.0,2.08,89,10,DURG,DURG,DALLI-RAJHAR,DRZ,21:00,23:05,42.79
78818,155.0,2.58,104,11,GUDUM,GUDM,DURG,DURG,13:15,15:50,40.31
78819,460.0,7.67,249,28,BALHARSHAH,BPQ,GONDIA JN.,G,16:40,00:20,32.46
78820,355.0,5.92,249,28,GONDIA JN.,G,BALHARSHAH,BPQ,10:20,16:15,42.06
78821,165.0,2.75,89,16,GONDIA JN.,G,KATANGI,KGE,12:15,15:00,32.36
78822,155.0,2.58,87,16,KATANGI,KGE,GONDIA JN.,G,15:30,18:05,33.72
78824,120.0,2.0,89,10,DURG,DURG,DALLI-RAJHAR,DRZ,16:00,18:00,44.5
78825,120.0,2.0,87,10,DALLI-RAJHAR,DRZ,DURG,DURG,18:10,20:10,43.5
78826,120.0,2.0,87,10,DALLI-RAJHAR,DRZ,DURG,DURG,07:00,09:00,43.5
78827,120.0,2.0,89,10,DURG,DURG,DALLI-RAJHAR,DRZ,09:10,11:10,44.5
79301,385.0,6.42,242,26,RATLAM JN,RTM,BHILWARA,BHL,18:30,00:55,37.69
79302,425.0,7.08,242,26,BHILWARA,BHL,RATLAM JN,RTM,02:35,09:40,34.18
79303,255.0,4.25,188,19,RATLAM JN,RTM,CHITTAURGARH,COR,09:45,14:00,44.24
79304,240.0,4.0,188,18,CHITTAURGARH,COR,RATLAM JN,RTM,14:10,18:10,47.0
79305,230.0,3.83,139,20,MHOW,DADN,RATLAM JN,RTM,07:45,11:35,36.29
79306,220.0,3.67,139,20,RATLAM JN,RTM,MHOW,DADN,13:00,16:40,37.87
79307,60.0,1.0,21,6,MHOW,DADN,INDORE BG,INDB,16:50,17:50,21.0
79308,55.0,0.92,21,6,INDORE BG,INDB,MHOW,DADN,18:00,18:55,22.83
79309,240.0,4.0,139,20,MHOW,DADN,RATLAM JN,RTM,19:10,23:10,34.75
79310,230.0,3.83,139,20,RATLAM JN,RTM,MHOW,DADN,06:00,09:50,36.29
79311,55.0,0.92,21,6,MHOW,DADN,INDORE BG,INDB,10:10,11:05,22.83
79312,55.0,0.92,21,6,INDORE BG,INDB,MHOW,DADN,11:15,12:10,22.83
79313,245.0,4.08,139,20,MHOW,DADN,RATLAM JN,RTM,14:00,18:05,34.07
79314,230.0,3.83,139,20,RATLAM JN,RTM,MHOW,DADN,10:00,13:50,36.29
79315,55.0,0.92,21,6,MHOW,DADN,INDORE BG,INDB,21:05,22:00,22.83
79316,55.0,0.92,21,6,INDORE BG,INDB,MHOW,DADN,22:10,23:05,22.83
79317,235.0,3.92,139,20,MHOW,DADN,RATLAM JN,RTM,05:30,09:25,35.46
79318,220.0,3.67,139,20,RATLAM JN,RTM,MHOW,DADN,18:20,22:00,37.87
79319,55.0,0.92,21,6,INDORE BG,INDB,MHOW,DADN,14:40,15:35,22.83
79320,55.0,0.92,21,6,MHOW,DADN,INDORE BG,INDB,13:20,14:15,22.83
79321,55.0,0.92,21,6,INDORE BG,INDB,MHOW,DADN,18:00,18:55,22.83
79322,55.0,0.92,21,6,MHOW,DADN,INDORE BG,INDB,16:50,17:45,22.83
79323,55.0,0.92,21,6,INDORE BG,INDB,MHOW,DADN,20:20,21:15,22.83
79324,55.0,0.92,21,6,MHOW,DADN,INDORE BG,INDB,19:10,20:05,22.83
79325,55.0,0.92,21,6,INDORE BG,INDB,MHOW,DADN,22:45,23:40,22.83
79326,55.0,0.92,21,6,MHOW,DADN,INDORE BG,INDB,21:35,22:30,22.83
79413,105.0,1.75,51,13,ANAND JN.,ANND,KHAMBHAT,CBY,13:35,15:20,29.14
79414,90.0,1.5,51,13,KHAMBHAT,CBY,ANAND JN.,ANND,13:30,15:00,34.0
79415,105.0,1.75,51,13,ANAND JN.,ANND,KHAMBHAT,CBY,11:15,13:00,29.14
79416,90.0,1.5,51,13,KHAMBHAT,CBY,ANAND JN.,ANND,11:10,12:40,34.0
79417,100.0,1.67,51,13,ANAND JN.,ANND,KHAMBHAT,CBY,07:05,08:45,30.54
79418,100.0,1.67,51,13,KHAMBHAT,CBY,ANAND JN.,ANND,06:50,08:30,30.54
79419,100.0,1.67,51,13,ANAND JN.,ANND,KHAMBHAT,CBY,18:00,19:40,30.54
79420,100.0,1.67,51,13,KHAMBHAT,CBY,ANAND JN.,ANND,17:45,19:25,30.54
79421,100.0,1.67,51,13,ANAND JN.,ANND,KHAMBHAT,CBY,05:00,06:40,30.54
79422,100.0,1.67,51,13,KHAMBHAT,CBY,ANAND JN.,ANND,09:05,10:45,30.54
79423,105.0,1.75,51,13,ANAND JN.,ANND,KHAMBHAT,CBY,15:35,17:20,29.14
79424,100.0,1.67,51,13,KHAMBHAT,CBY,ANAND JN.,ANND,19:55,21:35,30.54
79425,100.0,1.67,51,13,ANAND JN.,ANND,KHAMBHAT,CBY,09:20,11:00,30.54
79426,90.0,1.5,51,13,KHAMBHAT,CBY,ANAND JN.,ANND,15:30,17:00,34.0
79427,100.0,1.67,51,13,ANAND JN.,ANND,KHAMBHAT,CBY,20:10,21:50,30.54
79428,100.0,1.67,51,13,KHAMBHAT,CBY,ANAND JN.,ANND,04:45,06:25,30.54
79429,115.0,1.92,63,5,ANAND JN.,ANND,AHMEDABAD,ADI,22:35,00:30,32.81
79430,90.0,1.5,63,5,AHMEDABAD,ADI,ANAND JN.,ANND,01:50,03:20,42.0
79431,100.0,1.67,68,10,AHMEDABAD,ADI,MAHESANA JN,MSH,15:15,16:55,40.72
79432,135.0,2.25,68,10,MAHESANA JN,MSH,AHMEDABAD,ADI,07:55,10:10,30.22
79433,185.0,3.08,109,15,AHMEDABAD,ADI,PATAN,PTN,18:50,21:55,35.39
79434,175.0,2.92,109,15,PATAN,PTN,AHMEDABAD,ADI,06:00,08:55,37.33
79435,180.0,3.0,109,15,AHMEDABAD,ADI,PATAN,PTN,10:25,13:25,36.33
79436,170.0,2.83,109,15,PATAN,PTN,AHMEDABAD,ADI,13:50,16:40,38.52
79437,195.0,3.25,118,17,MAHESANA JN,MSH,ABU ROAD,ABR,17:15,20:30,36.31
79438,170.0,2.83,117,17,ABU ROAD,ABR,MAHESANA JN,MSH,05:00,07:50,41.34
79441,45.0,0.75,28,5,WANKANER,WKR,MORVI,MVI,07:10,07:55,37.33
79442,45.0,0.75,28,5,MORVI,MVI,WANKANER,WKR,08:10,08:55,37.33
79443,50.0,0.83,28,5,WANKANER,WKR,MORVI,MVI,09:30,10:20,33.73
79444,45.0,0.75,28,5,MORVI,MVI,WANKANER,WKR,13:05,13:50,37.33
79445,215.0,3.58,98,14,WANKANER,WKR,RAJKOT,RJT,16:35,20:10,27.37
79446,45.0,0.75,28,5,MORVI,MVI,WANKANER,WKR,17:30,18:15,37.33
79447,45.0,0.75,28,5,WANKANER,WKR,MORVI,MVI,19:20,20:05,37.33
79448,45.0,0.75,28,6,MORVI,MVI,WANKANER,WKR,20:20,21:05,37.33
79449,90.0,1.5,47,7,MORVI,MVI,MALIYA MIYAN,MALB,10:30,12:00,31.33
79450,90.0,1.5,47,7,MALIYA MIYAN,MALB,MORVI,MVI,12:15,13:45,31.33
79451,45.0,0.75,28,5,WANKANER,WKR,MORVI,MVI,22:00,22:45,37.33
79452,45.0,0.75,28,5,MORVI,MVI,WANKANER,WKR,06:00,06:45,37.33
79453,45.0,0.75,28,5,WANKANER,WKR,MORVI,MVI,12:10,12:55,37.33
79454,240.0,4.0,98,16,RAJKOT,RJT,WANKANER,WKR,07:10,11:10,24.5
79455,170.0,2.83,105,19,VADODARA JN.,BRC,CHHOTA UDEPU,CTD,11:35,14:25,37.1
79456,175.0,2.92,105,19,CHHOTA UDEPU,CTD,VADODARA JN.,BRC,15:35,18:30,35.96
79457,60.0,1.0,36,2,SURENDRANAGA,SUNR,DHRANGADHRA,DHG,08:20,09:20,36.0
79458,60.0,1.0,36,2,DHRANGADHRA,DHG,SURENDRANAGA,SUNR,09:30,10:30,36.0
79459,60.0,1.0,36,2,SURENDRANAGA,SUNR,DHRANGADHRA,DHG,17:45,18:45,36.0
79460,60.0,1.0,36,2,DHRANGADHRA,DHG,SURENDRANAGA,SUNR,19:00,20:00,36.0
79481,115.0,1.92,39,2,VIJAPUR,VJF,ADRAJ MOTI,AJM,08:20,10:15,20.31
79482,105.0,1.75,39,2,ADRAJ MOTI,AJM,VIJAPUR,VJF,10:25,12:10,22.29
79483,105.0,1.75,39,2,VIJAPUR,VJF,ADRAJ MOTI,AJM,16:20,18:05,22.29
79484,110.0,1.83,39,2,ADRAJ MOTI,AJM,VIJAPUR,VJF,18:10,20:00,21.31
79485,110.0,1.83,1,2,VIJAPUR,VJF,AMBLIYASAN J,UMNF,06:30,08:20,0.55
79486,110.0,1.83,1,2,AMBLIYASAN J,UMNF,VIJAPUR,VJF,09:35,11:25,0.55
79487,110.0,1.83,1,2,VIJAPUR,VJF,AMBLIYASAN J,UMNF,12:20,14:10,0.55
79488,110.0,1.83,1,2,AMBLIYASAN J,UMNF,VIJAPUR,VJF,14:20,16:10,0.55
79489,110.0,1.83,1,2,VIJAPUR,VJF,AMBLIYASAN J,UMNF,16:20,18:10,0.55
79490,110.0,1.83,1,2,AMBLIYASAN J,UMNF,VIJAPUR,VJF,18:20,20:10,0.55
82601,775.0,12.92,649,11,CHENNAI EGMO,MS,TIRUNELVELI,TEN,21:50,10:45,50.23
82606,720.0,12.0,649,15,TIRUNELVELI,TEN,CHENNAI EGMO,MS,15:30,03:30,54.08
82631,765.0,12.75,695,13,CHENNAI CENT,MAS,ERNAKULAM. J,ERS,20:00,08:45,54.51
82635,960.0,16.0,849,18,CHENNAI CENT,MAS,QUILON,QLN,22:30,14:30,53.06
82653,1145.0,19.08,2440,22,YESVANTPUR J,YPR,JAIPUR JN.,JP,11:30,06:35,127.88
82654,1190.0,19.83,2440,18,JAIPUR JN.,JP,YESVANTPUR J,YPR,22:15,18:05,123.05
82665,369.0,6.15,668,15,YESVANTPUR J,YPR,VASCO-DA-GAM,VSG,20:15,02:24,108.62
82666,368.0,6.13,663,15,VASCO-DA-GAM,VSG,YESVANTPUR J,YPR,20:45,02:53,108.16
90540,103.0,1.72,60,2,VIRAR,VR,CHURCHGATE,CCG,12:27,14:10,34.88
90981,86.0,1.43,59,2,CHURCHGATE,CCG,VIRAR,VR,19:40,21:06,41.26
91392,21.0,0.35,10,2,RAVLI JN,RVJ,CST-MUMBAI,CSMT,12:08,12:29,28.57
91393,20.0,0.33,10,2,CST-MUMBAI,CSMT,RAVLI JN,RVJ,12:35,12:55,30.3
91394,20.0,0.33,10,2,RAVLI JN,RVJ,CST-MUMBAI,CSMT,13:50,14:10,30.3
91395,20.0,0.33,10,2,CST-MUMBAI,CSMT,RAVLI JN,RVJ,14:16,14:36,30.3
91396,21.0,0.35,10,2,RAVLI JN,RVJ,CST-MUMBAI,CSMT,20:18,20:39,28.57
91491,20.0,0.33,10,2,CST-MUMBAI,CSMT,RAVLI JN,RVJ,20:45,21:05,30.3
93001,75.0,1.25,63,2,VIRAR,VR,DAHANU ROAD,DRD,05:00,06:15,50.4
93002,114.0,1.9,101,2,DAHANU ROAD,DRD,ANDHERI,ADH,05:40,07:34,53.16
93003,78.0,1.3,63,2,VIRAR,VR,DAHANU ROAD,DRD,05:35,06:53,48.46
93004,80.0,1.33,63,2,DAHANU ROAD,DRD,VIRAR,VR,07:05,08:25,47.37
93005,152.0,2.53,123,2,CHURCHGATE,CCG,DAHANU ROAD,DRD,04:58,07:30,48.62
93006,164.0,2.73,123,2,DAHANU ROAD,DRD,CHURCHGATE,CCG,07:15,09:59,45.05
93007,176.0,2.93,123,2,CHURCHGATE,CCG,DAHANU ROAD,DRD,05:24,08:20,41.98
93008,113.0,1.88,89,2,DAHANU ROAD,DRD,BORIVLI,BVI,08:30,10:23,47.34
93009,132.0,2.2,101,2,ANDHERI,ADH,DAHANU ROAD,DRD,07:38,09:50,45.91
93010,75.0,1.25,63,2,DAHANU ROAD,DRD,VIRAR,VR,09:35,10:50,50.4
93011,85.0,1.42,63,2,VIRAR,VR,DAHANU ROAD,DRD,09:10,10:35,44.37
93012,75.0,1.25,63,2,DAHANU ROAD,DRD,VIRAR,VR,10:05,11:20,50.4
93013,109.0,1.82,89,2,BORIVLI,BVI,DAHANU ROAD,DRD,10:31,12:20,48.9
93014,75.0,1.25,63,2,DAHANU ROAD,DRD,VIRAR,VR,11:10,12:25,50.4
93015,172.0,2.87,123,2,CHURCHGATE,CCG,DAHANU ROAD,DRD,10:03,12:55,42.86
93016,155.0,2.58,123,2,DAHANU ROAD,DRD,CHURCHGATE,CCG,12:42,15:17,47.67
93017,80.0,1.33,63,2,VIRAR,VR,DAHANU ROAD,DRD,11:55,13:15,47.37
93018,75.0,1.25,63,2,DAHANU ROAD,DRD,VIRAR,VR,13:20,14:35,50.4
93019,80.0,1.33,63,2,VIRAR,VR,DAHANU ROAD,DRD,12:15,13:35,47.37
93020,133.0,2.22,113,2,DAHANU ROAD,DRD,DADAR,DDR,14:15,16:28,50.9
93021,80.0,1.33,63,2,VIRAR,VR,DAHANU ROAD,DRD,13:20,14:40,47.37
93022,147.0,2.45,113,2,DAHANU ROAD,DRD,DADAR,DDR,15:20,17:47,46.12
93023,100.0,1.67,63,2,VIRAR,VR,DAHANU ROAD,DRD,15:05,16:45,37.72
93024,75.0,1.25,63,2,DAHANU ROAD,DRD,VIRAR,VR,17:20,18:35,50.4
93025,163.0,2.72,123,2,CHURCHGATE,CCG,DAHANU ROAD,DRD,15:22,18:05,45.22
93026,159.0,2.65,123,2,DAHANU ROAD,DRD,CHURCHGATE,CCG,17:35,20:14,46.42
93027,148.0,2.47,113,2,DADAR,DDR,DAHANU ROAD,DRD,16:47,19:15,45.75
93028,166.0,2.77,123,2,DAHANU ROAD,DRD,CHURCHGATE,CCG,18:55,21:41,44.4
93029,145.0,2.42,113,2,DADAR,DDR,DAHANU ROAD,DRD,18:00,20:25,46.69
93030,152.0,2.53,123,2,DAHANU ROAD,DRD,CHURCHGATE,CCG,19:45,22:17,48.62
93031,75.0,1.25,63,8,VIRAR,VR,DAHANU ROAD,DRD,20:35,21:50,50.4
93032,75.0,1.25,63,2,DAHANU ROAD,DRD,VIRAR,VR,20:45,22:00,50.4
93033,158.0,2.63,123,2,CHURCHGATE,CCG,DAHANU ROAD,DRD,20:27,23:05,46.77
93034,75.0,1.25,63,9,DAHANU ROAD,DRD,VIRAR,VR,22:35,23:50,50.4
93101,78.0,1.3,63,9,VIRAR,VR,DAHANU ROAD,DRD,05:35,06:53,48.46
93102,80.0,1.33,63,9,DAHANU ROAD,DRD,VIRAR,VR,07:05,08:25,47.37
93103,152.0,2.53,123,17,CHURCHGATE,CCG,DAHANU ROAD,DRD,04:58,07:30,48.62
93104,75.0,1.25,63,9,DAHANU ROAD,DRD,VIRAR,VR,09:35,10:50,50.4
93105,85.0,1.42,63,9,VIRAR,VR,DAHANU ROAD,DRD,09:10,10:35,44.37
93109,80.0,1.33,63,9,VIRAR,VR,DAHANU ROAD,DRD,13:20,14:40,47.37
95001,56.0,0.93,49,10,KALYAN JN,KYN,PALASDARI,PDI,08:31,09:27,52.69
95002,58.0,0.97,49,8,PALASDARI,PDI,KALYAN JN,KYN,06:34,07:32,50.52
95003,58.0,0.97,49,10,KALYAN JN,KYN,PALASDARI,PDI,13:22,14:20,50.52
95004,62.0,1.03,49,8,PALASDARI,PDI,KALYAN JN,KYN,05:08,06:10,47.57
95005,58.0,0.97,49,10,KALYAN JN,KYN,PALASDARI,PDI,16:24,17:22,50.52
95006,58.0,0.97,49,8,PALASDARI,PDI,KALYAN JN,KYN,08:58,09:56,50.52
95007,57.0,0.95,49,10,KALYAN JN,KYN,PALASDARI,PDI,18:36,19:33,51.58
95008,58.0,0.97,49,8,PALASDARI,PDI,KALYAN JN,KYN,14:06,15:04,50.52
95009,57.0,0.95,49,10,KALYAN JN,KYN,PALASDARI,PDI,21:48,22:45,51.58
95010,58.0,0.97,49,8,PALASDARI,PDI,KALYAN JN,KYN,16:46,17:44,50.52
95011,56.0,0.93,49,10,KALYAN JN,KYN,PALASDARI,PDI,23:02,23:58,52.69
95012,59.0,0.98,49,8,PALASDARI,PDI,KALYAN JN,KYN,18:20,19:19,50.0
95013,57.0,0.95,49,8,KALYAN JN,KYN,PALASDARI,PDI,00:18,01:15,51.58
95101,52.0,0.87,46,9,KALYAN JN,KYN,KARJAT,KJT,07:13,08:05,52.87
95102,50.0,0.83,46,7,KARJAT,KJT,KALYAN JN,KYN,04:47,05:37,55.42
95103,53.0,0.88,46,9,KALYAN JN,KYN,KARJAT,KJT,07:50,08:43,52.27
95104,50.0,0.83,46,7,KARJAT,KJT,KALYAN JN,KYN,05:53,06:43,55.42
95105,51.0,0.85,46,9,KALYAN JN,KYN,KARJAT,KJT,09:18,10:09,54.12
95106,51.0,0.85,46,7,KARJAT,KJT,KALYAN JN,KYN,06:33,07:24,54.12
95107,50.0,0.83,46,9,KALYAN JN,KYN,KARJAT,KJT,10:01,10:51,55.42
95108,51.0,0.85,46,7,KARJAT,KJT,KALYAN JN,KYN,07:00,07:51,54.12
95109,50.0,0.83,46,9,KALYAN JN,KYN,KARJAT,KJT,10:38,11:28,55.42
95110,50.0,0.83,46,7,KARJAT,KJT,KALYAN JN,KYN,07:19,08:09,55.42
95111,50.0,0.83,46,9,KALYAN JN,KYN,KARJAT,KJT,11:40,12:30,55.42
95112,50.0,0.83,46,7,KARJAT,KJT,KALYAN JN,KYN,07:54,08:44,55.42
95113,51.0,0.85,46,9,KALYAN JN,KYN,KARJAT,KJT,12:15,13:06,54.12
95114,50.0,0.83,46,7,KARJAT,KJT,KALYAN JN,KYN,08:27,09:17,55.42
95115,50.0,0.83,46,9,KALYAN JN,KYN,KARJAT,KJT,14:15,15:05,55.42
95116,50.0,0.83,46,7,KARJAT,KJT,KALYAN JN,KYN,09:45,10:35,55.42
95117,50.0,0.83,46,9,KALYAN JN,KYN,KARJAT,KJT,14:40,15:30,55.42
95118,51.0,0.85,46,7,KARJAT,KJT,KALYAN JN,KYN,10:45,11:36,54.12
95119,50.0,0.83,46,9,KALYAN JN,KYN,KARJAT,KJT,15:54,16:44,55.42
95120,50.0,0.83,46,7,KARJAT,KJT,KALYAN JN,KYN,11:19,12:09,55.42
95121,52.0,0.87,46,9,KALYAN JN,KYN,KARJAT,KJT,16:53,17:45,52.87
95122,50.0,0.83,46,7,KARJAT,KJT,KALYAN JN,KYN,12:01,12:51,55.42
95123,50.0,0.83,46,9,KALYAN JN,KYN,KARJAT,KJT,17:31,18:21,55.42
95124,51.0,0.85,46,7,KARJAT,KJT,KALYAN JN,KYN,13:00,13:51,54.12
95125,50.0,0.83,46,9,KALYAN JN,KYN,KARJAT,KJT,19:22,20:12,55.42
95126,50.0,0.83,46,7,KARJAT,KJT,KALYAN JN,KYN,13:57,14:47,55.42
95127,51.0,0.85,46,9,KALYAN JN,KYN,KARJAT,KJT,20:02,20:53,54.12
95128,50.0,0.83,46,7,KARJAT,KJT,KALYAN JN,KYN,15:27,16:17,55.42
95129,52.0,0.87,46,9,KALYAN JN,KYN,KARJAT,KJT,20:53,21:45,52.87
95130,50.0,0.83,46,7,KARJAT,KJT,KALYAN JN,KYN,16:11,17:01,55.42
95131,50.0,0.83,46,9,KALYAN JN,KYN,KARJAT,KJT,22:29,23:19,55.42
95132,50.0,0.83,46,7,KARJAT,KJT,KALYAN JN,KYN,17:33,18:23,55.42
95134,51.0,0.85,46,7,KARJAT,KJT,KALYAN JN,KYN,17:56,18:47,54.12
95136,50.0,0.83,46,7,KARJAT,KJT,KALYAN JN,KYN,18:42,19:32,55.42
95138,50.0,0.83,46,7,KARJAT,KJT,KALYAN JN,KYN,19:45,20:35,55.42
95140,52.0,0.87,46,7,KARJAT,KJT,KALYAN JN,KYN,20:40,21:32,52.87
95142,50.0,0.83,46,7,KARJAT,KJT,KALYAN JN,KYN,21:15,22:05,55.42
95144,50.0,0.83,46,7,KARJAT,KJT,KALYAN JN,KYN,22:03,22:53,55.42
95201,18.0,0.3,14,5,KALYAN JN,KYN,BADLAPUR,BUD,07:26,07:44,46.67
95202,19.0,0.32,14,3,BADLAPUR,BUD,KALYAN JN,KYN,06:55,07:14,43.75
95203,22.0,0.37,14,5,KALYAN JN,KYN,BADLAPUR,BUD,08:07,08:29,37.84
95204,18.0,0.3,14,3,BADLAPUR,BUD,KALYAN JN,KYN,08:11,08:29,46.67
95205,19.0,0.32,14,5,KALYAN JN,KYN,BADLAPUR,BUD,09:00,09:19,43.75
95206,19.0,0.32,14,3,BADLAPUR,BUD,KALYAN JN,KYN,09:29,09:48,43.75
95207,20.0,0.33,14,5,KALYAN JN,KYN,BADLAPUR,BUD,09:54,10:14,42.42
95208,20.0,0.33,14,3,BADLAPUR,BUD,KALYAN JN,KYN,10:42,11:02,42.42
95209,19.0,0.32,14,5,KALYAN JN,KYN,BADLAPUR,BUD,10:16,10:35,43.75
95210,19.0,0.32,14,3,BADLAPUR,BUD,KALYAN JN,KYN,18:55,19:14,43.75
95211,19.0,0.32,14,5,KALYAN JN,KYN,BADLAPUR,BUD,10:29,10:48,43.75
95212,20.0,0.33,14,3,BADLAPUR,BUD,KALYAN JN,KYN,19:35,19:55,42.42
95213,19.0,0.32,14,5,KALYAN JN,KYN,BADLAPUR,BUD,10:45,11:04,43.75
95214,20.0,0.33,14,3,BADLAPUR,BUD,KALYAN JN,KYN,08:45,09:05,42.42
95215,22.0,0.37,14,5,KALYAN JN,KYN,BADLAPUR,BUD,11:06,11:28,37.84
95216,20.0,0.33,14,3,BADLAPUR,BUD,KALYAN JN,KYN,13:22,13:42,42.42
95217,21.0,0.35,14,5,KALYAN JN,KYN,BADLAPUR,BUD,11:27,11:48,40.0
95218,19.0,0.32,14,3,BADLAPUR,BUD,KALYAN JN,KYN,14:11,14:30,43.75
95219,19.0,0.32,14,5,KALYAN JN,KYN,BADLAPUR,BUD,11:48,12:07,43.75
95220,19.0,0.32,14,3,BADLAPUR,BUD,KALYAN JN,KYN,15:23,15:42,43.75
95221,18.0,0.3,14,5,KALYAN JN,KYN,BADLAPUR,BUD,12:51,13:09,46.67
95222,19.0,0.32,14,3,BADLAPUR,BUD,KALYAN JN,KYN,15:42,16:01,43.75
95223,21.0,0.35,14,5,KALYAN JN,KYN,BADLAPUR,BUD,14:54,15:15,40.0
95224,19.0,0.32,14,3,BADLAPUR,BUD,KALYAN JN,KYN,16:21,16:40,43.75
95225,20.0,0.33,14,5,KALYAN JN,KYN,BADLAPUR,BUD,15:09,15:29,42.42
95226,19.0,0.32,14,3,BADLAPUR,BUD,KALYAN JN,KYN,17:04,17:23,43.75
95227,19.0,0.32,14,5,KALYAN JN,KYN,BADLAPUR,BUD,17:01,17:20,43.75
95228,19.0,0.32,14,3,BADLAPUR,BUD,KALYAN JN,KYN,17:31,17:50,43.75
95229,20.0,0.33,14,5,KALYAN JN,KYN,BADLAPUR,BUD,17:46,18:06,42.42
95230,20.0,0.33,14,3,BADLAPUR,BUD,KALYAN JN,KYN,18:15,18:35,42.42
95231,20.0,0.33,14,5,KALYAN JN,KYN,BADLAPUR,BUD,18:28,18:48,42.42
95232,19.0,0.32,14,3,BADLAPUR,BUD,KALYAN JN,KYN,20:03,20:22,43.75
95233,20.0,0.33,14,5,KALYAN JN,KYN,BADLAPUR,BUD,19:02,19:22,42.42
95234,21.0,0.35,14,3,BADLAPUR,BUD,KALYAN JN,KYN,20:46,21:07,40.0
95235,19.0,0.32,14,5,KALYAN JN,KYN,BADLAPUR,BUD,19:42,20:01,43.75
95236,19.0,0.32,14,3,BADLAPUR,BUD,KALYAN JN,KYN,21:00,21:19,43.75
95237,19.0,0.32,14,5,KALYAN JN,KYN,BADLAPUR,BUD,20:13,20:32,43.75
95239,21.0,0.35,14,5,KALYAN JN,KYN,BADLAPUR,BUD,20:24,20:45,40.0
95241,21.0,0.35,14,5,KALYAN JN,KYN,BADLAPUR,BUD,23:32,23:53,40.0
95301,12.0,0.2,6,4,KALYAN JN,KYN,AMBERNATH,ABH,09:27,09:39,30.0
95302,12.0,0.2,6,2,AMBERNATH,ABH,KALYAN JN,KYN,07:17,07:29,30.0
95303,13.0,0.22,6,4,KALYAN JN,KYN,AMBERNATH,ABH,09:49,10:02,27.27
95304,12.0,0.2,6,2,AMBERNATH,ABH,KALYAN JN,KYN,07:36,07:48,30.0
95305,12.0,0.2,6,4,KALYAN JN,KYN,AMBERNATH,ABH,10:22,10:34,30.0
95306,12.0,0.2,6,2,AMBERNATH,ABH,KALYAN JN,KYN,07:51,08:03,30.0
95307,12.0,0.2,6,4,KALYAN JN,KYN,AMBERNATH,ABH,10:53,11:05,30.0
95308,12.0,0.2,6,2,AMBERNATH,ABH,KALYAN JN,KYN,08:10,08:22,30.0
95309,13.0,0.22,6,4,KALYAN JN,KYN,AMBERNATH,ABH,11:11,11:24,27.27
95310,12.0,0.2,6,2,AMBERNATH,ABH,KALYAN JN,KYN,08:27,08:39,30.0
95311,14.0,0.23,6,4,KALYAN JN,KYN,AMBERNATH,ABH,11:32,11:46,26.09
95312,12.0,0.2,6,2,AMBERNATH,ABH,KALYAN JN,KYN,08:44,08:56,30.0
95313,12.0,0.2,6,4,KALYAN JN,KYN,AMBERNATH,ABH,11:52,12:04,30.0
95314,12.0,0.2,6,2,AMBERNATH,ABH,KALYAN JN,KYN,09:50,10:02,30.0
95315,12.0,0.2,6,4,KALYAN JN,KYN,AMBERNATH,ABH,12:25,12:37,30.0
95316,12.0,0.2,6,2,AMBERNATH,ABH,KALYAN JN,KYN,10:13,10:25,30.0
95317,11.0,0.18,6,4,KALYAN JN,KYN,AMBERNATH,ABH,17:06,17:17,33.33
95318,13.0,0.22,6,2,AMBERNATH,ABH,KALYAN JN,KYN,11:35,11:48,27.27
95319,13.0,0.22,6,4,KALYAN JN,KYN,AMBERNATH,ABH,18:09,18:22,27.27
95320,12.0,0.2,6,2,AMBERNATH,ABH,KALYAN JN,KYN,19:13,19:25,30.0
95321,11.0,0.18,6,4,KALYAN JN,KYN,AMBERNATH,ABH,18:47,18:58,33.33
95322,12.0,0.2,6,2,AMBERNATH,ABH,KALYAN JN,KYN,15:06,15:18,30.0
95323,12.0,0.2,6,4,KALYAN JN,KYN,AMBERNATH,ABH,19:07,19:19,30.0
95324,12.0,0.2,6,2,AMBERNATH,ABH,KALYAN JN,KYN,14:45,14:57,30.0
95325,12.0,0.2,6,4,KALYAN JN,KYN,AMBERNATH,ABH,19:32,19:44,30.0
95326,12.0,0.2,6,2,AMBERNATH,ABH,KALYAN JN,KYN,15:39,15:51,30.0
95327,14.0,0.23,6,4,KALYAN JN,KYN,AMBERNATH,ABH,19:56,20:10,26.09
95328,12.0,0.2,6,2,AMBERNATH,ABH,KALYAN JN,KYN,16:24,16:36,30.0
95329,12.0,0.2,6,4,KALYAN JN,KYN,AMBERNATH,ABH,20:28,20:40,30.0
95330,12.0,0.2,6,2,AMBERNATH,ABH,KALYAN JN,KYN,16:45,16:57,30.0
95331,12.0,0.2,6,4,KALYAN JN,KYN,AMBERNATH,ABH,20:45,20:57,30.0
95332,12.0,0.2,6,2,AMBERNATH,ABH,KALYAN JN,KYN,17:25,17:37,30.0
95334,14.0,0.23,6,2,AMBERNATH,ABH,KALYAN JN,KYN,17:50,18:04,26.09
95336,13.0,0.22,6,2,AMBERNATH,ABH,KALYAN JN,KYN,20:05,20:18,27.27
95338,13.0,0.22,6,2,AMBERNATH,ABH,KALYAN JN,KYN,20:50,21:03,27.27
95340,13.0,0.22,6,2,AMBERNATH,ABH,KALYAN JN,KYN,18:04,18:17,27.27
95342,12.0,0.2,6,2,AMBERNATH,ABH,KALYAN JN,KYN,18:32,18:44,30.0
95401,76.0,1.27,67,12,KALYAN JN,KYN,KASARA,KSRA,07:55,09:11,52.76
95402,70.0,1.17,67,10,KASARA,KSRA,KALYAN JN,KYN,06:10,07:20,57.26
95403,70.0,1.17,67,12,KALYAN JN,KYN,KASARA,KSRA,09:35,10:45,57.26
95404,71.0,1.18,67,10,KASARA,KSRA,KALYAN JN,KYN,06:45,07:56,56.78
95405,71.0,1.18,67,12,KALYAN JN,KYN,KASARA,KSRA,10:43,11:54,56.78
95406,73.0,1.22,67,10,KASARA,KSRA,KALYAN JN,KYN,07:22,08:35,54.92
95407,73.0,1.22,67,12,KALYAN JN,KYN,KASARA,KSRA,11:19,12:32,54.92
95408,72.0,1.2,67,10,KASARA,KSRA,KALYAN JN,KYN,08:18,09:30,55.83
95409,70.0,1.17,67,12,KALYAN JN,KYN,KASARA,KSRA,12:48,13:58,57.26
95410,71.0,1.18,67,10,KASARA,KSRA,KALYAN JN,KYN,10:10,11:21,56.78
95411,70.0,1.17,67,12,KALYAN JN,KYN,KASARA,KSRA,13:37,14:47,57.26
95412,70.0,1.17,67,10,KASARA,KSRA,KALYAN JN,KYN,11:12,12:22,57.26
95413,70.0,1.17,67,12,KALYAN JN,KYN,KASARA,KSRA,15:24,16:34,57.26
95414,71.0,1.18,67,10,KASARA,KSRA,KALYAN JN,KYN,12:19,13:30,56.78
95415,70.0,1.17,67,12,KALYAN JN,KYN,KASARA,KSRA,16:53,18:03,57.26
95416,71.0,1.18,67,10,KASARA,KSRA,KALYAN JN,KYN,13:31,14:42,56.78
95417,70.0,1.17,67,12,KALYAN JN,KYN,KASARA,KSRA,18:08,19:18,57.26
95418,70.0,1.17,67,10,KASARA,KSRA,KALYAN JN,KYN,14:44,15:54,57.26
95419,72.0,1.2,67,12,KALYAN JN,KYN,KASARA,KSRA,19:28,20:40,55.83
95420,71.0,1.18,67,10,KASARA,KSRA,KALYAN JN,KYN,15:37,16:48,56.78
95421,71.0,1.18,67,12,KALYAN JN,KYN,KASARA,KSRA,20:21,21:32,56.78
95422,71.0,1.18,67,10,KASARA,KSRA,KALYAN JN,KYN,16:24,17:35,56.78
95423,71.0,1.18,67,12,KALYAN JN,KYN,KASARA,KSRA,21:54,23:05,56.78
95424,70.0,1.17,67,10,KASARA,KSRA,KALYAN JN,KYN,17:17,18:27,57.26
95425,71.0,1.18,67,12,KALYAN JN,KYN,KASARA,KSRA,00:07,01:18,56.78
95426,70.0,1.17,67,10,KASARA,KSRA,KALYAN JN,KYN,18:18,19:28,57.26
95428,70.0,1.17,67,10,KASARA,KSRA,KALYAN JN,KYN,20:15,21:25,57.26
95430,70.0,1.17,67,10,KASARA,KSRA,KALYAN JN,KYN,21:21,22:31,57.26
95501,35.0,0.58,32,7,KALYAN JN,KYN,ASANGAON,ASO,08:34,09:09,55.17
95502,36.0,0.6,32,5,ASANGAON,ASO,KALYAN JN,KYN,07:35,08:11,53.33
95503,39.0,0.65,32,7,KALYAN JN,KYN,ASANGAON,ASO,10:26,11:05,49.23
95504,37.0,0.62,32,5,ASANGAON,ASO,KALYAN JN,KYN,08:30,09:07,51.61
95505,35.0,0.58,32,7,KALYAN JN,KYN,ASANGAON,ASO,14:19,14:54,55.17
95506,37.0,0.62,32,5,ASANGAON,ASO,KALYAN JN,KYN,15:02,15:39,51.61
95507,35.0,0.58,32,7,KALYAN JN,KYN,ASANGAON,ASO,15:57,16:32,55.17
95508,35.0,0.58,32,5,ASANGAON,ASO,KALYAN JN,KYN,15:44,16:19,55.17
95509,36.0,0.6,32,7,KALYAN JN,KYN,ASANGAON,ASO,17:31,18:07,53.33
95510,35.0,0.58,32,5,ASANGAON,ASO,KALYAN JN,KYN,16:44,17:19,55.17
95511,36.0,0.6,32,7,KALYAN JN,KYN,ASANGAON,ASO,18:24,19:00,53.33
95512,40.0,0.67,32,5,ASANGAON,ASO,KALYAN JN,KYN,17:23,18:03,47.76
95513,38.0,0.63,32,7,KALYAN JN,KYN,ASANGAON,ASO,18:45,19:23,50.79
95514,36.0,0.6,32,5,ASANGAON,ASO,KALYAN JN,KYN,19:10,19:46,53.33
95515,38.0,0.63,32,7,KALYAN JN,KYN,ASANGAON,ASO,19:40,20:18,50.79
95516,37.0,0.62,32,5,ASANGAON,ASO,KALYAN JN,KYN,20:33,21:10,51.61
95517,35.0,0.58,32,7,KALYAN JN,KYN,ASANGAON,ASO,21:17,21:52,55.17
95601,16.0,0.27,10,4,KALYAN JN,KYN,TITVALA,TLA,10:11,10:27,37.04
95602,15.0,0.25,10,2,TITVALA,TLA,KALYAN JN,KYN,07:21,07:36,40.0
95603,17.0,0.28,10,4,KALYAN JN,KYN,TITVALA,TLA,10:30,10:47,35.71
95604,15.0,0.25,10,2,TITVALA,TLA,KALYAN JN,KYN,09:04,09:19,40.0
95605,16.0,0.27,10,4,KALYAN JN,KYN,TITVALA,TLA,10:47,11:03,37.04
95606,16.0,0.27,10,2,TITVALA,TLA,KALYAN JN,KYN,10:37,10:53,37.04
95607,15.0,0.25,10,4,KALYAN JN,KYN,TITVALA,TLA,11:53,12:08,40.0
95608,15.0,0.25,10,2,TITVALA,TLA,KALYAN JN,KYN,15:58,16:13,40.0
95609,16.0,0.27,10,4,KALYAN JN,KYN,TITVALA,TLA,12:13,12:29,37.04
95610,15.0,0.25,10,2,TITVALA,TLA,KALYAN JN,KYN,16:44,16:59,40.0
95611,15.0,0.25,10,4,KALYAN JN,KYN,TITVALA,TLA,18:32,18:47,40.0
95612,15.0,0.25,10,2,TITVALA,TLA,KALYAN JN,KYN,17:11,17:26,40.0
95613,16.0,0.27,10,4,KALYAN JN,KYN,TITVALA,TLA,18:59,19:15,37.04
95614,15.0,0.25,10,2,TITVALA,TLA,KALYAN JN,KYN,17:30,17:45,40.0
95615,15.0,0.25,10,4,KALYAN JN,KYN,TITVALA,TLA,19:46,20:01,40.0
95616,15.0,0.25,10,2,TITVALA,TLA,KALYAN JN,KYN,18:24,18:39,40.0
95617,16.0,0.27,10,4,KALYAN JN,KYN,TITVALA,TLA,20:35,20:51,37.04
95619,15.0,0.25,10,4,KALYAN JN,KYN,TITVALA,TLA,20:50,21:05,40.0
95701,60.0,1.0,53,7,CST-MUMBAI,CSMT,KALYAN JN,KYN,06:06,07:06,53.0
95702,80.0,1.33,53,17,KALYAN JN,KYN,CST-MUMBAI,CSMT,05:16,06:36,39.85
95703,60.0,1.0,53,9,CST-MUMBAI,CSMT,KALYAN JN,KYN,07:29,08:29,53.0
95704,62.0,1.03,53,9,KALYAN JN,KYN,CST-MUMBAI,CSMT,07:14,08:16,51.46
95705,59.0,0.98,53,9,CST-MUMBAI,CSMT,KALYAN JN,KYN,08:25,09:24,54.08
95706,59.0,0.98,44,12,KALYAN JN,KYN,DADAR,DR,07:25,08:24,44.9
95707,72.0,1.2,53,16,CST-MUMBAI,CSMT,KALYAN JN,KYN,08:32,09:44,44.17
95708,74.0,1.23,53,13,KALYAN JN,KYN,CST-MUMBAI,CSMT,07:47,09:01,43.09
95709,72.0,1.2,53,16,CST-MUMBAI,CSMT,KALYAN JN,KYN,09:00,10:12,44.17
95710,76.0,1.27,53,14,KALYAN JN,KYN,CST-MUMBAI,CSMT,08:13,09:29,41.73
95711,73.0,1.22,53,17,CST-MUMBAI,CSMT,KALYAN JN,KYN,10:04,11:17,43.44
95712,62.0,1.03,53,9,KALYAN JN,KYN,CST-MUMBAI,CSMT,08:36,09:38,51.46
95713,49.0,0.82,44,6,DADAR,DR,KALYAN JN,KYN,10:44,11:33,53.66
95714,76.0,1.27,53,14,KALYAN JN,KYN,CST-MUMBAI,CSMT,08:41,09:57,41.73
95715,73.0,1.22,53,14,CST-MUMBAI,CSMT,KALYAN JN,KYN,11:43,12:56,43.44
95716,76.0,1.27,53,13,KALYAN JN,KYN,CST-MUMBAI,CSMT,08:47,10:03,41.73
95717,62.0,1.03,53,8,CST-MUMBAI,CSMT,KALYAN JN,KYN,12:55,13:57,51.46
95718,75.0,1.25,53,14,KALYAN JN,KYN,CST-MUMBAI,CSMT,09:00,10:15,42.4
95719,62.0,1.03,53,8,CST-MUMBAI,CSMT,KALYAN JN,KYN,15:17,16:19,51.46
95720,74.0,1.23,53,14,KALYAN JN,KYN,CST-MUMBAI,CSMT,09:43,10:57,43.09
95721,72.0,1.2,53,19,CST-MUMBAI,CSMT,KALYAN JN,KYN,15:56,17:08,44.17
95722,50.0,0.83,44,6,KALYAN JN,KYN,DADAR,DR,09:47,10:37,53.01
95723,49.0,0.82,44,7,DADAR,DR,KALYAN JN,KYN,16:13,17:02,53.66
95724,61.0,1.02,53,8,KALYAN JN,KYN,CST-MUMBAI,CSMT,11:44,12:45,51.96
95725,47.0,0.78,44,7,DADAR,DR,KALYAN JN,KYN,17:30,18:17,56.41
95726,62.0,1.03,53,8,KALYAN JN,KYN,CST-MUMBAI,CSMT,14:10,15:12,51.46
95727,74.0,1.23,53,14,CST-MUMBAI,CSMT,KALYAN JN,KYN,17:22,18:36,43.09
95728,75.0,1.25,53,14,KALYAN JN,KYN,CST-MUMBAI,CSMT,16:30,17:45,42.4
95729,60.0,1.0,44,12,DADAR,DR,KALYAN JN,KYN,18:00,19:00,44.0
95730,49.0,0.82,44,6,KALYAN JN,KYN,DADAR,DR,16:31,17:20,53.66
95731,74.0,1.23,53,13,CST-MUMBAI,CSMT,KALYAN JN,KYN,18:03,19:17,43.09
95732,72.0,1.2,53,13,KALYAN JN,KYN,CST-MUMBAI,CSMT,16:58,18:10,44.17
95733,73.0,1.22,53,14,CST-MUMBAI,CSMT,KALYAN JN,KYN,18:33,19:46,43.44
95734,45.0,0.75,44,6,KALYAN JN,KYN,DADAR,DR,17:07,17:52,58.67
95735,60.0,1.0,44,12,DADAR,DR,KALYAN JN,KYN,19:00,20:00,44.0
95736,73.0,1.22,53,13,KALYAN JN,KYN,CST-MUMBAI,CSMT,17:20,18:33,43.44
95737,78.0,1.3,53,14,CST-MUMBAI,CSMT,KALYAN JN,KYN,18:57,20:15,40.77
95738,75.0,1.25,53,14,KALYAN JN,KYN,CST-MUMBAI,CSMT,17:41,18:56,42.4
95739,63.0,1.05,53,9,CST-MUMBAI,CSMT,KALYAN JN,KYN,19:33,20:36,50.48
95740,62.0,1.03,53,2,KALYAN JN,KYN,CST-MUMBAI,CSMT,18:23,19:25,51.46
95741,76.0,1.27,53,14,CST-MUMBAI,CSMT,KALYAN JN,KYN,20:42,21:58,41.73
95742,73.0,1.22,53,14,KALYAN JN,KYN,CST-MUMBAI,CSMT,18:42,19:55,43.44
95743,81.0,1.35,53,17,CST-MUMBAI,CSMT,KALYAN JN,KYN,21:40,23:01,39.26
95744,62.0,1.03,53,8,KALYAN JN,KYN,CST-MUMBAI,CSMT,20:41,21:43,51.46
95745,62.0,1.03,53,9,CST-MUMBAI,CSMT,KALYAN JN,KYN,21:54,22:56,51.46
95746,60.0,1.0,53,9,KALYAN JN,KYN,CST-MUMBAI,CSMT,23:05,00:05,53.0
95801,65.0,1.08,48,11,CST-MUMBAI,CSMT,DOMBIVLI,DI,17:37,18:42,44.44
95802,67.0,1.12,48,12,DOMBIVLI,DI,CST-MUMBAI,CSMT,08:14,09:21,42.86
95804,66.0,1.1,48,11,DOMBIVLI,DI,CST-MUMBAI,CSMT,16:28,17:34,43.64
95805,70.0,1.17,48,14,CST-MUMBAI,CSMT,DOMBIVLI,DI,21:42,22:52,41.03
95808,67.0,1.12,48,11,DOMBIVLI,DI,CST-MUMBAI,CSMT,17:22,18:29,42.86
95901,39.0,0.65,33,6,CST-MUMBAI,CSMT,THANE,TNA,08:13,08:52,50.77
95902,44.0,0.73,33,7,THANE,TNA,CST-MUMBAI,CSMT,05:08,05:52,45.21
95903,42.0,0.7,33,7,CST-MUMBAI,CSMT,THANE,TNA,08:54,09:36,47.14
95904,45.0,0.75,33,7,THANE,TNA,CST-MUMBAI,CSMT,08:02,08:47,44.0
95905,41.0,0.68,33,5,CST-MUMBAI,CSMT,THANE,TNA,09:04,09:45,48.53
95906,43.0,0.72,33,7,THANE,TNA,CST-MUMBAI,CSMT,08:25,09:08,45.83
95907,41.0,0.68,33,6,CST-MUMBAI,CSMT,THANE,TNA,09:50,10:31,48.53
95908,45.0,0.75,33,7,THANE,TNA,CST-MUMBAI,CSMT,09:00,09:45,44.0
95909,41.0,0.68,33,6,CST-MUMBAI,CSMT,THANE,TNA,18:10,18:51,48.53
95910,43.0,0.72,33,7,THANE,TNA,CST-MUMBAI,CSMT,09:54,10:37,45.83
95911,42.0,0.7,33,6,CST-MUMBAI,CSMT,THANE,TNA,19:04,19:46,47.14
95912,44.0,0.73,33,7,THANE,TNA,CST-MUMBAI,CSMT,10:49,11:33,45.21
95913,50.0,0.83,33,10,CST-MUMBAI,CSMT,THANE,TNA,20:30,21:20,39.76
95917,43.0,0.72,33,6,CST-MUMBAI,CSMT,THANE,TNA,19:04,19:47,45.83
95919,51.0,0.85,33,9,CST-MUMBAI,CSMT,THANE,TNA,20:30,21:21,38.82
96001,5.0,0.08,2,2,KARJAT,KJT,PALASDARI,PDI,05:40,05:45,25.0
96002,7.0,0.12,2,2,PALASDARI,PDI,KARJAT,KJT,00:44,00:51,16.67
96003,58.0,0.97,49,10,KALYAN JN,KYN,PALASDARI,PDI,05:50,06:48,50.52
96004,7.0,0.12,2,2,PALASDARI,PDI,KARJAT,KJT,05:28,05:35,16.67
96005,5.0,0.08,2,2,KARJAT,KJT,PALASDARI,PDI,08:00,08:05,25.0
96006,7.0,0.12,2,2,PALASDARI,PDI,KARJAT,KJT,07:38,07:45,16.67
96007,5.0,0.08,2,2,KARJAT,KJT,PALASDARI,PDI,10:40,10:45,25.0
96008,7.0,0.12,2,2,PALASDARI,PDI,KARJAT,KJT,10:18,10:25,16.67
96009,5.0,0.08,2,2,KARJAT,KJT,PALASDARI,PDI,11:55,12:00,25.0
96010,7.0,0.12,2,2,PALASDARI,PDI,KARJAT,KJT,11:38,11:45,16.67
96011,5.0,0.08,2,2,KARJAT,KJT,PALASDARI,PDI,13:15,13:20,25.0
96012,7.0,0.12,2,2,PALASDARI,PDI,KARJAT,KJT,12:58,13:05,16.67
96013,5.0,0.08,2,2,KARJAT,KJT,PALASDARI,PDI,15:27,15:32,25.0
96014,7.0,0.12,2,2,PALASDARI,PDI,KARJAT,KJT,15:08,15:15,16.67
96015,5.0,0.08,2,2,KARJAT,KJT,PALASDARI,PDI,20:34,20:39,25.0
96016,7.0,0.12,2,2,PALASDARI,PDI,KARJAT,KJT,20:19,20:26,16.67
96017,5.0,0.08,2,2,KARJAT,KJT,PALASDARI,PDI,21:40,21:45,25.0
96018,7.0,0.12,2,2,PALASDARI,PDI,KARJAT,KJT,21:25,21:32,16.67
96019,57.0,0.95,49,10,KALYAN JN,KYN,PALASDARI,PDI,23:57,00:54,51.58
96020,60.0,1.0,49,8,PALASDARI,PDI,KALYAN JN,KYN,22:33,23:33,49.0
96022,7.0,0.12,2,2,PALASDARI,PDI,KARJAT,KJT,23:38,23:45,16.67
96101,53.0,0.88,46,9,KALYAN JN,KYN,KARJAT,KJT,01:52,02:45,52.27
96102,52.0,0.87,46,7,KARJAT,KJT,KALYAN JN,KYN,02:35,03:27,52.87
96103,51.0,0.85,46,9,KALYAN JN,KYN,KARJAT,KJT,05:33,06:24,54.12
96104,51.0,0.85,46,7,KARJAT,KJT,KALYAN JN,KYN,03:41,04:32,54.12
96105,51.0,0.85,46,9,KALYAN JN,KYN,KARJAT,KJT,06:01,06:52,54.12
96106,51.0,0.85,46,7,KARJAT,KJT,KALYAN JN,KYN,04:32,05:23,54.12
96107,52.0,0.87,46,9,KALYAN JN,KYN,KARJAT,KJT,06:16,07:08,52.87
96108,51.0,0.85,46,7,KARJAT,KJT,KALYAN JN,KYN,12:21,13:12,54.12
96109,51.0,0.85,46,9,KALYAN JN,KYN,KARJAT,KJT,06:48,07:39,54.12
96110,51.0,0.85,46,7,KARJAT,KJT,KALYAN JN,KYN,13:27,14:18,54.12
96111,61.0,1.02,46,9,KALYAN JN,KYN,KARJAT,KJT,11:12,12:13,45.1
96112,50.0,0.83,46,7,KARJAT,KJT,KALYAN JN,KYN,21:43,22:33,55.42
96113,52.0,0.87,46,9,KALYAN JN,KYN,KARJAT,KJT,12:39,13:31,52.87
96114,141.0,2.35,99,30,KARJAT,KJT,CST-MUMBAI,CSMT,21:43,00:04,42.13
96115,51.0,0.85,46,9,KALYAN JN,KYN,KARJAT,KJT,18:23,19:14,54.12
96116,138.0,2.3,99,30,KARJAT,KJT,CST-MUMBAI,CSMT,22:07,00:25,43.04
96117,51.0,0.85,46,9,KALYAN JN,KYN,KARJAT,KJT,20:39,21:30,54.12
96119,51.0,0.85,46,9,KALYAN JN,KYN,KARJAT,KJT,00:57,01:48,54.12
96121,51.0,0.85,46,9,KALYAN JN,KYN,KARJAT,KJT,00:57,01:48,54.12
96201,20.0,0.33,14,5,KALYAN JN,KYN,BADLAPUR,BUD,06:23,06:43,42.42
96202,18.0,0.3,14,3,BADLAPUR,BUD,KALYAN JN,KYN,05:41,05:59,46.67
96203,18.0,0.3,14,5,KALYAN JN,KYN,BADLAPUR,BUD,13:39,13:57,46.67
96204,18.0,0.3,14,3,BADLAPUR,BUD,KALYAN JN,KYN,06:15,06:33,46.67
96205,20.0,0.33,14,5,KALYAN JN,KYN,BADLAPUR,BUD,15:43,16:03,42.42
96206,17.0,0.28,14,3,BADLAPUR,BUD,KALYAN JN,KYN,06:47,07:04,50.0
96207,20.0,0.33,14,5,KALYAN JN,KYN,BADLAPUR,BUD,16:33,16:53,42.42
96208,20.0,0.33,14,3,BADLAPUR,BUD,KALYAN JN,KYN,07:57,08:17,42.42
96209,21.0,0.35,14,5,KALYAN JN,KYN,BADLAPUR,BUD,19:26,19:47,40.0
96210,19.0,0.32,14,3,BADLAPUR,BUD,KALYAN JN,KYN,08:53,09:12,43.75
96211,21.0,0.35,14,5,KALYAN JN,KYN,BADLAPUR,BUD,20:18,20:39,40.0
96212,20.0,0.33,14,3,BADLAPUR,BUD,KALYAN JN,KYN,10:27,10:47,42.42
96213,20.0,0.33,14,5,KALYAN JN,KYN,BADLAPUR,BUD,21:02,21:22,42.42
96214,25.0,0.42,14,3,BADLAPUR,BUD,KALYAN JN,KYN,10:58,11:23,33.33
96215,19.0,0.32,14,5,KALYAN JN,KYN,BADLAPUR,BUD,21:23,21:42,43.75
96216,21.0,0.35,14,3,BADLAPUR,BUD,KALYAN JN,KYN,11:23,11:44,40.0
96217,20.0,0.33,14,5,KALYAN JN,KYN,BADLAPUR,BUD,22:06,22:26,42.42
96218,19.0,0.32,14,3,BADLAPUR,BUD,KALYAN JN,KYN,11:41,12:00,43.75
96219,20.0,0.33,14,5,KALYAN JN,KYN,BADLAPUR,BUD,22:35,22:55,42.42
96220,19.0,0.32,14,3,BADLAPUR,BUD,KALYAN JN,KYN,12:00,12:19,43.75
96221,19.0,0.32,14,5,KALYAN JN,KYN,BADLAPUR,BUD,22:57,23:16,43.75
96222,21.0,0.35,14,3,BADLAPUR,BUD,KALYAN JN,KYN,12:22,12:43,40.0
96223,20.0,0.33,14,5,KALYAN JN,KYN,BADLAPUR,BUD,23:16,23:36,42.42
96224,21.0,0.35,14,3,BADLAPUR,BUD,KALYAN JN,KYN,20:24,20:45,40.0
96225,20.0,0.33,14,5,KALYAN JN,KYN,BADLAPUR,BUD,00:12,00:32,42.42
96226,19.0,0.32,14,3,BADLAPUR,BUD,KALYAN JN,KYN,21:37,21:56,43.75
96227,20.0,0.33,14,5,KALYAN JN,KYN,BADLAPUR,BUD,00:28,00:48,42.42
96228,19.0,0.32,14,3,BADLAPUR,BUD,KALYAN JN,KYN,21:58,22:17,43.75
96232,21.0,0.35,14,3,BADLAPUR,BUD,KALYAN JN,KYN,23:04,23:25,40.0
96234,20.0,0.33,14,3,BADLAPUR,BUD,KALYAN JN,KYN,23:31,23:51,42.42
96236,108.0,1.8,67,26,BADLAPUR,BUD,CST-MUMBAI,CSMT,23:50,01:38,37.22
96301,13.0,0.22,6,4,KALYAN JN,KYN,AMBERNATH,ABH,01:32,01:45,27.27
96302,13.0,0.22,6,2,AMBERNATH,ABH,KALYAN JN,KYN,03:45,03:58,27.27
96303,13.0,0.22,6,4,KALYAN JN,KYN,AMBERNATH,ABH,06:52,07:05,27.27
96304,12.0,0.2,6,2,AMBERNATH,ABH,KALYAN JN,KYN,04:11,04:23,30.0
96305,14.0,0.23,6,4,KALYAN JN,KYN,AMBERNATH,ABH,07:08,07:22,26.09
96306,13.0,0.22,6,2,AMBERNATH,ABH,KALYAN JN,KYN,04:55,05:08,27.27
96307,12.0,0.2,6,4,KALYAN JN,KYN,AMBERNATH,ABH,07:47,07:59,30.0
96308,12.0,0.2,6,2,AMBERNATH,ABH,KALYAN JN,KYN,05:18,05:30,30.0
96309,13.0,0.22,6,4,KALYAN JN,KYN,AMBERNATH,ABH,08:20,08:33,27.27
96310,12.0,0.2,6,2,AMBERNATH,ABH,KALYAN JN,KYN,06:10,06:22,30.0
96311,12.0,0.2,6,4,KALYAN JN,KYN,AMBERNATH,ABH,13:12,13:24,30.0
96312,14.0,0.23,6,2,AMBERNATH,ABH,KALYAN JN,KYN,10:58,11:12,26.09
96313,13.0,0.22,6,4,KALYAN JN,KYN,AMBERNATH,ABH,13:27,13:40,27.27
96314,13.0,0.22,6,2,AMBERNATH,ABH,KALYAN JN,KYN,11:17,11:30,27.27
96315,12.0,0.2,6,4,KALYAN JN,KYN,AMBERNATH,ABH,14:03,14:15,30.0
96316,12.0,0.2,6,2,AMBERNATH,ABH,KALYAN JN,KYN,12:03,12:15,30.0
96317,13.0,0.22,6,4,KALYAN JN,KYN,AMBERNATH,ABH,14:25,14:38,27.27
96318,12.0,0.2,6,2,AMBERNATH,ABH,KALYAN JN,KYN,12:19,12:31,30.0
96319,13.0,0.22,6,4,KALYAN JN,KYN,AMBERNATH,ABH,14:45,14:58,27.27
96320,13.0,0.22,6,2,AMBERNATH,ABH,KALYAN JN,KYN,12:51,13:04,27.27
96321,13.0,0.22,6,4,KALYAN JN,KYN,AMBERNATH,ABH,15:17,15:30,27.27
96322,12.0,0.2,6,2,AMBERNATH,ABH,KALYAN JN,KYN,13:35,13:47,30.0
96323,13.0,0.22,6,4,KALYAN JN,KYN,AMBERNATH,ABH,16:01,16:14,27.27
96324,13.0,0.22,6,2,AMBERNATH,ABH,KALYAN JN,KYN,14:00,14:13,27.27
96325,13.0,0.22,6,4,KALYAN JN,KYN,AMBERNATH,ABH,16:19,16:32,27.27
96326,12.0,0.2,6,2,AMBERNATH,ABH,KALYAN JN,KYN,14:24,14:36,30.0
96327,13.0,0.22,6,4,KALYAN JN,KYN,AMBERNATH,ABH,17:23,17:36,27.27
96328,12.0,0.2,6,2,AMBERNATH,ABH,KALYAN JN,KYN,19:38,19:50,30.0
96329,14.0,0.23,6,4,KALYAN JN,KYN,AMBERNATH,ABH,17:40,17:54,26.09
96330,13.0,0.22,6,2,AMBERNATH,ABH,KALYAN JN,KYN,21:15,21:28,27.27
96331,13.0,0.22,6,4,KALYAN JN,KYN,AMBERNATH,ABH,21:06,21:19,27.27
96332,12.0,0.2,6,2,AMBERNATH,ABH,KALYAN JN,KYN,21:33,21:45,30.0
96333,13.0,0.22,6,4,KALYAN JN,KYN,AMBERNATH,ABH,21:41,21:54,27.27
96334,12.0,0.2,6,2,AMBERNATH,ABH,KALYAN JN,KYN,22:01,22:13,30.0
96335,13.0,0.22,6,4,KALYAN JN,KYN,AMBERNATH,ABH,22:10,22:23,27.27
96336,102.0,1.7,59,25,AMBERNATH,ABH,CST-MUMBAI,CSMT,22:01,23:43,34.71
96337,12.0,0.2,6,4,KALYAN JN,KYN,AMBERNATH,ABH,23:08,23:20,30.0
96339,14.0,0.23,6,4,KALYAN JN,KYN,AMBERNATH,ABH,00:01,00:15,26.09
96341,14.0,0.23,6,4,KALYAN JN,KYN,AMBERNATH,ABH,00:35,00:49,26.09
96343,13.0,0.22,6,4,KALYAN JN,KYN,AMBERNATH,ABH,01:19,01:32,27.27
96345,13.0,0.22,6,4,KALYAN JN,KYN,AMBERNATH,ABH,01:19,01:32,27.27
96401,77.0,1.28,67,12,KALYAN JN,KYN,KASARA,KSRA,01:43,03:00,52.34
96402,70.0,1.17,67,10,KASARA,KSRA,KALYAN JN,KYN,04:25,05:35,57.26
96403,73.0,1.22,67,12,KALYAN JN,KYN,KASARA,KSRA,05:43,06:56,54.92
96404,70.0,1.17,67,10,KASARA,KSRA,KALYAN JN,KYN,05:00,06:10,57.26
96405,70.0,1.17,67,12,KALYAN JN,KYN,KASARA,KSRA,06:28,07:38,57.26
96406,72.0,1.2,67,10,KASARA,KSRA,KALYAN JN,KYN,22:05,23:17,55.83
96407,69.0,1.15,67,12,KALYAN JN,KYN,KASARA,KSRA,14:38,15:47,58.26
96409,70.0,1.17,67,12,KALYAN JN,KYN,KASARA,KSRA,23:01,00:11,57.26
96501,21.0,0.35,21,4,TITVALA,TLA,ASANGAON,ASO,05:05,05:26,60.0
96502,38.0,0.63,32,5,ASANGAON,ASO,KALYAN JN,KYN,06:11,06:49,50.79
96503,35.0,0.58,32,7,KALYAN JN,KYN,ASANGAON,ASO,05:28,06:03,55.17
96504,37.0,0.62,32,5,ASANGAON,ASO,KALYAN JN,KYN,07:08,07:45,51.61
96505,37.0,0.62,32,7,KALYAN JN,KYN,ASANGAON,ASO,06:20,06:57,51.61
96506,37.0,0.62,32,5,ASANGAON,ASO,KALYAN JN,KYN,08:47,09:24,51.61
96507,36.0,0.6,32,7,KALYAN JN,KYN,ASANGAON,ASO,06:40,07:16,53.33
96508,36.0,0.6,32,5,ASANGAON,ASO,KALYAN JN,KYN,09:19,09:55,53.33
96509,35.0,0.58,32,7,KALYAN JN,KYN,ASANGAON,ASO,07:32,08:07,55.17
96510,36.0,0.6,32,5,ASANGAON,ASO,KALYAN JN,KYN,10:00,10:36,53.33
96511,35.0,0.58,32,7,KALYAN JN,KYN,ASANGAON,ASO,08:04,08:39,55.17
96512,36.0,0.6,32,5,ASANGAON,ASO,KALYAN JN,KYN,11:16,11:52,53.33
96513,35.0,0.58,32,7,KALYAN JN,KYN,ASANGAON,ASO,09:10,09:45,55.17
96514,35.0,0.58,32,5,ASANGAON,ASO,KALYAN JN,KYN,13:16,13:51,55.17
96515,36.0,0.6,32,7,KALYAN JN,KYN,ASANGAON,ASO,12:27,13:03,53.33
96516,37.0,0.62,32,5,ASANGAON,ASO,KALYAN JN,KYN,18:15,18:52,51.61
96517,35.0,0.58,32,7,KALYAN JN,KYN,ASANGAON,ASO,15:00,15:35,55.17
96518,37.0,0.62,32,5,ASANGAON,ASO,KALYAN JN,KYN,19:43,20:20,51.61
96519,35.0,0.58,32,7,KALYAN JN,KYN,ASANGAON,ASO,16:28,17:03,55.17
96520,40.0,0.67,32,5,ASANGAON,ASO,KALYAN JN,KYN,22:10,22:50,47.76
96521,35.0,0.58,32,7,KALYAN JN,KYN,ASANGAON,ASO,22:25,23:00,55.17
96522,34.0,0.57,32,5,ASANGAON,ASO,KALYAN JN,KYN,23:08,23:42,56.14
96524,34.0,0.57,32,5,ASANGAON,ASO,KALYAN JN,KYN,23:32,00:06,56.14
96601,15.0,0.25,10,4,KALYAN JN,KYN,TITVALA,TLA,05:47,06:02,40.0
96602,15.0,0.25,10,2,TITVALA,TLA,KALYAN JN,KYN,04:01,04:16,40.0
96603,15.0,0.25,10,4,KALYAN JN,KYN,TITVALA,TLA,06:08,06:23,40.0
96604,15.0,0.25,10,2,TITVALA,TLA,KALYAN JN,KYN,04:32,04:47,40.0
96605,15.0,0.25,10,4,KALYAN JN,KYN,TITVALA,TLA,06:55,07:10,40.0
96606,15.0,0.25,10,2,TITVALA,TLA,KALYAN JN,KYN,05:05,05:20,40.0
96607,15.0,0.25,10,4,KALYAN JN,KYN,TITVALA,TLA,07:23,07:38,40.0
96608,15.0,0.25,10,2,TITVALA,TLA,KALYAN JN,KYN,05:35,05:50,40.0
96609,15.0,0.25,10,4,KALYAN JN,KYN,TITVALA,TLA,07:44,07:59,40.0
96610,15.0,0.25,10,2,TITVALA,TLA,KALYAN JN,KYN,06:13,06:28,40.0
96611,14.0,0.23,10,4,KALYAN JN,KYN,TITVALA,TLA,08:00,08:14,43.48
96612,11.0,0.18,10,2,TITVALA,TLA,KALYAN JN,KYN,06:46,06:57,55.56
96613,15.0,0.25,10,4,KALYAN JN,KYN,TITVALA,TLA,08:29,08:44,40.0
96614,15.0,0.25,10,2,TITVALA,TLA,KALYAN JN,KYN,07:52,08:07,40.0
96615,15.0,0.25,10,4,KALYAN JN,KYN,TITVALA,TLA,09:29,09:44,40.0
96616,15.0,0.25,10,2,TITVALA,TLA,KALYAN JN,KYN,08:10,08:25,40.0
96617,15.0,0.25,10,4,KALYAN JN,KYN,TITVALA,TLA,11:25,11:40,40.0
96618,17.0,0.28,10,2,TITVALA,TLA,KALYAN JN,KYN,08:33,08:50,35.71
96619,15.0,0.25,10,4,KALYAN JN,KYN,TITVALA,TLA,12:34,12:49,40.0
96620,15.0,0.25,10,2,TITVALA,TLA,KALYAN JN,KYN,09:54,10:09,40.0
96621,15.0,0.25,10,4,KALYAN JN,KYN,TITVALA,TLA,12:53,13:08,40.0
96622,17.0,0.28,10,2,TITVALA,TLA,KALYAN JN,KYN,10:54,11:11,35.71
96623,15.0,0.25,10,4,KALYAN JN,KYN,TITVALA,TLA,13:21,13:36,40.0
96624,17.0,0.28,10,2,TITVALA,TLA,KALYAN JN,KYN,11:18,11:35,35.71
96625,15.0,0.25,10,4,KALYAN JN,KYN,TITVALA,TLA,14:11,14:26,40.0
96626,15.0,0.25,10,2,TITVALA,TLA,KALYAN JN,KYN,11:54,12:09,40.0
96627,14.0,0.23,10,4,KALYAN JN,KYN,TITVALA,TLA,14:42,14:56,43.48
96628,15.0,0.25,10,2,TITVALA,TLA,KALYAN JN,KYN,12:21,12:36,40.0
96629,14.0,0.23,10,4,KALYAN JN,KYN,TITVALA,TLA,15:09,15:23,43.48
96630,15.0,0.25,10,2,TITVALA,TLA,KALYAN JN,KYN,12:45,13:00,40.0
96631,15.0,0.25,10,4,KALYAN JN,KYN,TITVALA,TLA,15:35,15:50,40.0
96632,15.0,0.25,10,2,TITVALA,TLA,KALYAN JN,KYN,13:01,13:16,40.0
96633,15.0,0.25,10,4,KALYAN JN,KYN,TITVALA,TLA,16:13,16:28,40.0
96634,15.0,0.25,10,2,TITVALA,TLA,KALYAN JN,KYN,13:20,13:35,40.0
96635,15.0,0.25,10,4,KALYAN JN,KYN,TITVALA,TLA,16:47,17:02,40.0
96636,15.0,0.25,10,2,TITVALA,TLA,KALYAN JN,KYN,13:51,14:06,40.0
96637,16.0,0.27,10,4,KALYAN JN,KYN,TITVALA,TLA,17:01,17:17,37.04
96638,15.0,0.25,10,2,TITVALA,TLA,KALYAN JN,KYN,14:44,14:59,40.0
96639,15.0,0.25,10,4,KALYAN JN,KYN,TITVALA,TLA,17:50,18:05,40.0
96640,16.0,0.27,10,2,TITVALA,TLA,KALYAN JN,KYN,15:05,15:21,37.04
96641,15.0,0.25,10,4,KALYAN JN,KYN,TITVALA,TLA,20:03,20:18,40.0
96642,15.0,0.25,10,2,TITVALA,TLA,KALYAN JN,KYN,15:35,15:50,40.0
96643,15.0,0.25,10,4,KALYAN JN,KYN,TITVALA,TLA,21:33,21:48,40.0
96644,15.0,0.25,10,2,TITVALA,TLA,KALYAN JN,KYN,19:01,19:16,40.0
96645,15.0,0.25,10,4,KALYAN JN,KYN,TITVALA,TLA,22:02,22:17,40.0
96646,16.0,0.27,10,2,TITVALA,TLA,KALYAN JN,KYN,19:47,20:03,37.04
96647,15.0,0.25,10,4,KALYAN JN,KYN,TITVALA,TLA,22:49,23:04,40.0
96648,15.0,0.25,10,2,TITVALA,TLA,KALYAN JN,KYN,20:21,20:36,40.0
96649,15.0,0.25,10,4,KALYAN JN,KYN,TITVALA,TLA,23:30,23:45,40.0
96650,16.0,0.27,10,2,TITVALA,TLA,KALYAN JN,KYN,20:37,20:53,37.04
96651,15.0,0.25,10,4,KALYAN JN,KYN,TITVALA,TLA,00:19,00:34,40.0
96652,15.0,0.25,10,2,TITVALA,TLA,KALYAN JN,KYN,21:00,21:15,40.0
96653,15.0,0.25,10,4,KALYAN JN,KYN,TITVALA,TLA,00:47,01:02,40.0
96654,15.0,0.25,10,2,TITVALA,TLA,KALYAN JN,KYN,21:24,21:39,40.0
96655,15.0,0.25,10,4,KALYAN JN,KYN,TITVALA,TLA,01:12,01:27,40.0
96656,15.0,0.25,10,2,TITVALA,TLA,KALYAN JN,KYN,22:06,22:21,40.0
96657,103.0,1.72,64,27,CST-MUMBAI,CSMT,TITVALA,TLA,23:44,01:27,37.21
96658,16.0,0.27,10,2,TITVALA,TLA,KALYAN JN,KYN,22:25,22:41,37.04
96660,15.0,0.25,10,2,TITVALA,TLA,KALYAN JN,KYN,23:14,23:29,40.0
97000,88.0,1.47,53,2,KALYAN JN,KYN,CST-MUMBAI,CSMT,04:59,06:27,36.05
97001,56.0,0.93,35,14,VIDYAVIHAR,VVH,KALYAN JN,KYN,05:47,06:43,37.63
97002,87.0,1.45,53,24,KALYAN JN,KYN,CST-MUMBAI,CSMT,04:41,06:08,36.55
97003,57.0,0.95,35,14,VIDYAVIHAR,VVH,KALYAN JN,KYN,06:04,07:01,36.84
97004,87.0,1.45,53,24,KALYAN JN,KYN,CST-MUMBAI,CSMT,05:21,06:48,36.55
97005,57.0,0.95,35,14,VIDYAVIHAR,VVH,KALYAN JN,KYN,06:21,07:18,36.84
97006,88.0,1.47,53,24,KALYAN JN,KYN,CST-MUMBAI,CSMT,06:04,07:32,36.05
97007,57.0,0.95,35,14,VIDYAVIHAR,VVH,KALYAN JN,KYN,06:31,07:28,36.84
97008,87.0,1.45,53,24,KALYAN JN,KYN,CST-MUMBAI,CSMT,06:13,07:40,36.55
97009,57.0,0.95,35,14,VIDYAVIHAR,VVH,KALYAN JN,KYN,06:41,07:38,36.84
97010,88.0,1.47,53,24,KALYAN JN,KYN,CST-MUMBAI,CSMT,06:44,08:12,36.05
97011,90.0,1.5,53,24,CST-MUMBAI,CSMT,KALYAN JN,KYN,06:12,07:42,35.33
97012,68.0,1.13,44,17,KALYAN JN,KYN,DADAR,DR,06:56,08:04,38.94
97013,58.0,0.97,35,13,VIDYAVIHAR,VVH,KALYAN JN,KYN,06:56,07:54,36.08
97014,87.0,1.45,53,24,KALYAN JN,KYN,CST-MUMBAI,CSMT,07:13,08:40,36.55
97015,88.0,1.47,53,24,CST-MUMBAI,CSMT,KALYAN JN,KYN,06:40,08:08,36.05
97016,90.0,1.5,53,24,KALYAN JN,KYN,CST-MUMBAI,CSMT,07:17,08:47,35.33
97017,88.0,1.47,53,24,CST-MUMBAI,CSMT,KALYAN JN,KYN,07:12,08:40,36.05
97018,88.0,1.47,53,24,KALYAN JN,KYN,CST-MUMBAI,CSMT,07:35,09:03,36.05
97019,88.0,1.47,53,24,CST-MUMBAI,CSMT,KALYAN JN,KYN,07:24,08:52,36.05
97020,88.0,1.47,53,24,KALYAN JN,KYN,CST-MUMBAI,CSMT,07:50,09:18,36.05
97021,88.0,1.47,53,24,CST-MUMBAI,CSMT,KALYAN JN,KYN,07:32,09:00,36.05
97022,89.0,1.48,53,24,KALYAN JN,KYN,CST-MUMBAI,CSMT,07:57,09:26,35.81
97023,68.0,1.13,44,17,DADAR,DR,KALYAN JN,KYN,08:08,09:16,38.94
97024,89.0,1.48,53,24,KALYAN JN,KYN,CST-MUMBAI,CSMT,08:00,09:29,35.81
97025,86.0,1.43,53,24,CST-MUMBAI,CSMT,KALYAN JN,KYN,07:56,09:22,37.06
97026,69.0,1.15,44,17,KALYAN JN,KYN,DADAR,DR,08:22,09:31,38.26
97027,87.0,1.45,53,24,CST-MUMBAI,CSMT,KALYAN JN,KYN,08:12,09:39,36.55
97028,70.0,1.17,44,17,KALYAN JN,KYN,DADAR,DR,09:07,10:17,37.61
97029,87.0,1.45,53,23,CST-MUMBAI,CSMT,KALYAN JN,KYN,08:32,09:59,36.55
97030,90.0,1.5,53,24,KALYAN JN,KYN,CST-MUMBAI,CSMT,09:22,10:52,35.33
97031,90.0,1.5,53,24,CST-MUMBAI,CSMT,KALYAN JN,KYN,08:51,10:21,35.33
97032,91.0,1.52,53,24,KALYAN JN,KYN,CST-MUMBAI,CSMT,09:29,11:00,34.87
97033,32.0,0.53,20,8,THANE,TNA,KALYAN JN,KYN,10:06,10:38,37.74
97034,89.0,1.48,53,24,KALYAN JN,KYN,CST-MUMBAI,CSMT,09:51,11:20,35.81
97035,71.0,1.18,44,17,DADAR,DR,KALYAN JN,KYN,09:39,10:50,37.29
97036,88.0,1.47,53,24,KALYAN JN,KYN,CST-MUMBAI,CSMT,10:06,11:34,36.05
97037,89.0,1.48,53,24,CST-MUMBAI,CSMT,KALYAN JN,KYN,09:29,10:58,35.81
97038,88.0,1.47,53,24,KALYAN JN,KYN,CST-MUMBAI,CSMT,10:17,11:45,36.05
97039,87.0,1.45,53,24,CST-MUMBAI,CSMT,KALYAN JN,KYN,10:02,11:29,36.55
97040,88.0,1.47,53,24,KALYAN JN,KYN,CST-MUMBAI,CSMT,10:27,11:55,36.05
97041,88.0,1.47,53,24,CST-MUMBAI,CSMT,KALYAN JN,KYN,10:10,11:38,36.05
97042,59.0,0.98,37,15,KALYAN JN,KYN,KURLA,CLA,10:41,11:40,37.76
97043,72.0,1.2,44,17,DADAR,DR,KALYAN JN,KYN,10:47,11:59,36.67
97044,88.0,1.47,53,24,KALYAN JN,KYN,CST-MUMBAI,CSMT,10:59,12:27,36.05
97045,72.0,1.2,44,17,DADAR,DR,KALYAN JN,KYN,11:05,12:17,36.67
97046,31.0,0.52,20,8,KALYAN JN,KYN,THANE,TNA,11:07,11:38,38.46
97047,89.0,1.48,53,24,CST-MUMBAI,CSMT,KALYAN JN,KYN,11:00,12:29,35.81
97048,90.0,1.5,53,24,KALYAN JN,KYN,CST-MUMBAI,CSMT,11:23,12:53,35.33
97049,87.0,1.45,53,24,CST-MUMBAI,CSMT,KALYAN JN,KYN,11:12,12:39,36.55
97050,72.0,1.2,44,17,KALYAN JN,KYN,DADAR,DR,11:39,12:51,36.67
97051,62.0,1.03,37,15,KURLA,CLA,KALYAN JN,KYN,12:02,13:04,35.92
97052,90.0,1.5,53,24,KALYAN JN,KYN,CST-MUMBAI,CSMT,11:47,13:17,35.33
97053,87.0,1.45,53,24,CST-MUMBAI,CSMT,KALYAN JN,KYN,11:50,13:17,36.55
97054,89.0,1.48,53,24,KALYAN JN,KYN,CST-MUMBAI,CSMT,12:08,13:37,35.81
97055,87.0,1.45,53,24,CST-MUMBAI,CSMT,KALYAN JN,KYN,12:08,13:35,36.55
97056,31.0,0.52,20,8,KALYAN JN,KYN,THANE,TNA,12:25,12:56,38.46
97057,89.0,1.48,53,24,CST-MUMBAI,CSMT,KALYAN JN,KYN,12:19,13:48,35.81
97058,88.0,1.47,53,24,KALYAN JN,KYN,CST-MUMBAI,CSMT,12:40,14:08,36.05
97059,87.0,1.45,53,24,CST-MUMBAI,CSMT,KALYAN JN,KYN,12:27,13:54,36.55
97060,88.0,1.47,53,24,KALYAN JN,KYN,CST-MUMBAI,CSMT,12:48,14:16,36.05
97061,87.0,1.45,53,24,CST-MUMBAI,CSMT,KALYAN JN,KYN,12:31,13:58,36.55
97062,89.0,1.48,53,24,KALYAN JN,KYN,CST-MUMBAI,CSMT,13:08,14:37,35.81
97063,69.0,1.15,44,17,DADAR,DR,KALYAN JN,KYN,13:04,14:13,38.26
97064,58.0,0.97,37,15,KALYAN JN,KYN,KURLA,CLA,13:20,14:18,38.14
97065,91.0,1.52,53,24,CST-MUMBAI,CSMT,KALYAN JN,KYN,12:57,14:28,34.87
97066,88.0,1.47,53,24,KALYAN JN,KYN,CST-MUMBAI,CSMT,13:24,14:52,36.05
97067,92.0,1.53,53,24,CST-MUMBAI,CSMT,KALYAN JN,KYN,13:01,14:33,34.64
97068,88.0,1.47,53,24,KALYAN JN,KYN,CST-MUMBAI,CSMT,13:43,15:11,36.05
97069,87.0,1.45,53,24,CST-MUMBAI,CSMT,KALYAN JN,KYN,13:21,14:48,36.55
97070,89.0,1.48,53,24,KALYAN JN,KYN,CST-MUMBAI,CSMT,13:56,15:25,35.81
97071,87.0,1.45,53,24,CST-MUMBAI,CSMT,KALYAN JN,KYN,13:29,14:56,36.55
97072,69.0,1.15,44,17,KALYAN JN,KYN,DADAR,DR,14:04,15:13,38.26
97073,32.0,0.53,20,8,THANE,TNA,KALYAN JN,KYN,14:33,15:05,37.74
97074,91.0,1.52,53,24,KALYAN JN,KYN,CST-MUMBAI,CSMT,14:08,15:39,34.87
97075,87.0,1.45,53,24,CST-MUMBAI,CSMT,KALYAN JN,KYN,13:46,15:13,36.55
97076,89.0,1.48,53,24,KALYAN JN,KYN,CST-MUMBAI,CSMT,14:27,15:56,35.81
97077,59.0,0.98,37,15,KURLA,CLA,KALYAN JN,KYN,14:32,15:31,37.76
97078,88.0,1.47,53,24,KALYAN JN,KYN,CST-MUMBAI,CSMT,14:33,16:01,36.05
97079,87.0,1.45,53,24,CST-MUMBAI,CSMT,KALYAN JN,KYN,14:12,15:39,36.55
97080,89.0,1.48,53,24,KALYAN JN,KYN,CST-MUMBAI,CSMT,14:41,16:10,35.81
97081,88.0,1.47,53,24,CST-MUMBAI,CSMT,KALYAN JN,KYN,14:24,15:52,36.05
97082,88.0,1.47,53,24,KALYAN JN,KYN,CST-MUMBAI,CSMT,14:55,16:23,36.05
97083,87.0,1.45,53,24,CST-MUMBAI,CSMT,KALYAN JN,KYN,14:37,16:04,36.55
97084,87.0,1.45,53,24,KALYAN JN,KYN,CST-MUMBAI,CSMT,15:07,16:34,36.55
97085,87.0,1.45,53,24,CST-MUMBAI,CSMT,KALYAN JN,KYN,14:57,16:24,36.55
97086,31.0,0.52,20,8,KALYAN JN,KYN,THANE,TNA,15:12,15:43,38.46
97087,70.0,1.17,44,17,DADAR,DR,KALYAN JN,KYN,15:26,16:36,37.61
97088,92.0,1.53,53,24,KALYAN JN,KYN,CST-MUMBAI,CSMT,15:31,17:03,34.64
97089,87.0,1.45,53,24,CST-MUMBAI,CSMT,KALYAN JN,KYN,15:17,16:44,36.55
97090,89.0,1.48,53,24,KALYAN JN,KYN,CST-MUMBAI,CSMT,15:39,17:08,35.81
97091,89.0,1.48,53,24,CST-MUMBAI,CSMT,KALYAN JN,KYN,15:43,17:12,35.81
97092,69.0,1.15,44,17,KALYAN JN,KYN,DADAR,DR,15:48,16:57,38.26
97093,87.0,1.45,53,24,CST-MUMBAI,CSMT,KALYAN JN,KYN,15:52,17:19,36.55
97094,91.0,1.52,20,8,KALYAN JN,KYN,THANE,TNA,16:00,17:31,13.16
97095,89.0,1.48,53,24,CST-MUMBAI,CSMT,KALYAN JN,KYN,15:58,17:27,35.81
97096,86.0,1.43,53,24,KALYAN JN,KYN,CST-MUMBAI,CSMT,16:17,17:43,37.06
97097,60.0,1.0,37,15,KURLA,CLA,KALYAN JN,KYN,16:54,17:54,37.0
97098,68.0,1.13,44,17,KALYAN JN,KYN,DADAR,DR,16:21,17:29,38.94
97099,59.0,0.98,35,14,VIDYAVIHAR,VVH,KALYAN JN,KYN,17:15,18:14,35.71
97100,88.0,1.47,53,24,KALYAN JN,KYN,CST-MUMBAI,CSMT,16:46,18:14,36.05
97101,90.0,1.5,53,24,CST-MUMBAI,CSMT,KALYAN JN,KYN,16:48,18:18,35.33
97102,89.0,1.48,53,24,KALYAN JN,KYN,CST-MUMBAI,CSMT,17:16,18:45,35.81
97103,90.0,1.5,53,24,CST-MUMBAI,CSMT,KALYAN JN,KYN,17:00,18:30,35.33
97104,90.0,1.5,53,24,KALYAN JN,KYN,CST-MUMBAI,CSMT,17:31,19:01,35.33
97105,89.0,1.48,53,24,CST-MUMBAI,CSMT,KALYAN JN,KYN,17:12,18:41,35.81
97106,88.0,1.47,53,24,KALYAN JN,KYN,CST-MUMBAI,CSMT,17:59,19:27,36.05
97107,69.0,1.15,44,17,DADAR,DR,KALYAN JN,KYN,17:38,18:47,38.26
97108,88.0,1.47,53,24,KALYAN JN,KYN,CST-MUMBAI,CSMT,18:21,19:49,36.05
97109,55.0,0.92,35,14,VIDYAVIHAR,VVH,KALYAN JN,KYN,17:59,18:54,38.04
97110,68.0,1.13,44,17,KALYAN JN,KYN,DADAR,DR,18:25,19:33,38.94
97111,88.0,1.47,53,24,CST-MUMBAI,CSMT,KALYAN JN,KYN,17:36,19:04,36.05
97112,87.0,1.45,53,24,KALYAN JN,KYN,CST-MUMBAI,CSMT,18:35,20:02,36.55
97113,88.0,1.47,53,24,CST-MUMBAI,CSMT,KALYAN JN,KYN,17:53,19:21,36.05
97114,88.0,1.47,53,24,KALYAN JN,KYN,CST-MUMBAI,CSMT,18:46,20:14,36.05
97115,73.0,1.22,44,17,DADAR,DR,KALYAN JN,KYN,18:20,19:33,36.07
97116,58.0,0.97,37,15,KALYAN JN,KYN,KURLA,CLA,18:54,19:52,38.14
97117,89.0,1.48,53,24,CST-MUMBAI,CSMT,KALYAN JN,KYN,18:08,19:37,35.81
97118,31.0,0.52,20,8,KALYAN JN,KYN,THANE,TNA,18:58,19:29,38.46
97119,88.0,1.47,53,24,CST-MUMBAI,CSMT,KALYAN JN,KYN,18:14,19:42,36.05
97120,72.0,1.2,44,17,KALYAN JN,KYN,DADAR,DR,19:08,20:20,36.67
97121,71.0,1.18,44,17,DADAR,DR,KALYAN JN,KYN,18:43,19:54,37.29
97122,90.0,1.5,53,24,KALYAN JN,KYN,CST-MUMBAI,CSMT,19:12,20:42,35.33
97123,74.0,1.23,44,17,DADAR,DR,KALYAN JN,KYN,19:11,20:25,35.77
97124,89.0,1.48,53,24,KALYAN JN,KYN,CST-MUMBAI,CSMT,19:27,20:56,35.81
97125,88.0,1.47,53,24,CST-MUMBAI,CSMT,KALYAN JN,KYN,19:01,20:29,36.05
97126,68.0,1.13,44,17,KALYAN JN,KYN,DADAR,DR,19:38,20:46,38.94
97127,88.0,1.47,53,24,CST-MUMBAI,CSMT,KALYAN JN,KYN,19:14,20:42,36.05
97128,87.0,1.45,53,24,KALYAN JN,KYN,CST-MUMBAI,CSMT,19:42,21:09,36.55
97129,88.0,1.47,53,24,CST-MUMBAI,CSMT,KALYAN JN,KYN,19:18,20:46,36.05
97130,32.0,0.53,20,8,KALYAN JN,KYN,THANE,TNA,19:49,20:21,37.74
97131,61.0,1.02,37,15,KURLA,CLA,KALYAN JN,KYN,19:57,20:58,36.27
97132,71.0,1.18,44,17,KALYAN JN,KYN,DADAR,DR,20:00,21:11,37.29
97133,88.0,1.47,53,24,CST-MUMBAI,CSMT,KALYAN JN,KYN,19:45,21:13,36.05
97134,70.0,1.17,44,17,KALYAN JN,KYN,DADAR,DR,20:21,21:31,37.61
97135,70.0,1.17,44,17,DADAR,DR,KALYAN JN,KYN,20:27,21:37,37.61
97136,87.0,1.45,53,24,KALYAN JN,KYN,CST-MUMBAI,CSMT,20:31,21:58,36.55
97137,72.0,1.2,44,17,DADAR,DR,KALYAN JN,KYN,21:02,22:14,36.67
97138,69.0,1.15,44,17,KALYAN JN,KYN,DADAR,DR,20:38,21:47,38.26
97139,89.0,1.48,53,24,CST-MUMBAI,CSMT,KALYAN JN,KYN,20:52,22:21,35.81
97140,60.0,1.0,37,15,KALYAN JN,KYN,KURLA,CLA,20:52,21:52,37.0
97141,72.0,1.2,44,17,DADAR,DR,KALYAN JN,KYN,21:17,22:29,36.67
97142,91.0,1.52,53,24,KALYAN JN,KYN,CST-MUMBAI,CSMT,21:04,22:35,34.87
97143,71.0,1.18,44,17,DADAR,DR,KALYAN JN,KYN,21:42,22:53,37.29
97144,88.0,1.47,53,24,KALYAN JN,KYN,CST-MUMBAI,CSMT,21:20,22:48,36.05
97145,70.0,1.17,44,17,DADAR,DR,KALYAN JN,KYN,22:03,23:13,37.61
97146,89.0,1.48,53,24,KALYAN JN,KYN,CST-MUMBAI,CSMT,22:06,23:35,35.81
97147,88.0,1.47,53,24,CST-MUMBAI,CSMT,KALYAN JN,KYN,21:58,23:26,36.05
97148,59.0,0.98,37,15,KALYAN JN,KYN,KURLA,CLA,22:26,23:25,37.76
97149,88.0,1.47,53,24,CST-MUMBAI,CSMT,KALYAN JN,KYN,22:06,23:34,36.05
97150,32.0,0.53,20,8,KALYAN JN,KYN,THANE,TNA,23:39,00:11,37.74
97151,89.0,1.48,53,24,CST-MUMBAI,CSMT,KALYAN JN,KYN,22:16,23:45,35.81
97152,31.0,0.52,20,8,KALYAN JN,KYN,THANE,TNA,23:58,00:29,38.46
97153,89.0,1.48,53,24,CST-MUMBAI,CSMT,KALYAN JN,KYN,22:24,23:53,35.81
97155,69.0,1.15,44,17,DADAR,DR,KALYAN JN,KYN,22:52,00:01,38.26
97201,78.0,1.3,48,22,CST-MUMBAI,CSMT,DOMBIVLI,DI,06:20,07:38,36.92
97202,79.0,1.32,48,22,DOMBIVLI,DI,CST-MUMBAI,CSMT,05:57,07:16,36.36
97203,78.0,1.3,48,22,CST-MUMBAI,CSMT,DOMBIVLI,DI,06:32,07:50,36.92
97204,81.0,1.35,48,22,DOMBIVLI,DI,CST-MUMBAI,CSMT,07:29,08:50,35.56
97205,78.0,1.3,48,22,CST-MUMBAI,CSMT,DOMBIVLI,DI,07:16,08:34,36.92
97206,80.0,1.33,48,22,DOMBIVLI,DI,CST-MUMBAI,CSMT,07:47,09:07,36.09
97207,78.0,1.3,48,22,CST-MUMBAI,CSMT,DOMBIVLI,DI,07:36,08:54,36.92
97208,81.0,1.35,48,22,DOMBIVLI,DI,CST-MUMBAI,CSMT,08:41,10:02,35.56
97209,78.0,1.3,48,22,CST-MUMBAI,CSMT,DOMBIVLI,DI,08:20,09:38,36.92
97210,81.0,1.35,48,22,DOMBIVLI,DI,CST-MUMBAI,CSMT,09:05,10:26,35.56
97211,77.0,1.28,48,22,CST-MUMBAI,CSMT,DOMBIVLI,DI,09:15,10:32,37.5
97212,62.0,1.03,39,15,DOMBIVLI,DI,DADAR,DR,09:48,10:50,37.86
97213,79.0,1.32,48,22,CST-MUMBAI,CSMT,DOMBIVLI,DI,09:33,10:52,36.36
97214,80.0,1.33,48,22,DOMBIVLI,DI,CST-MUMBAI,CSMT,10:40,12:00,36.09
97215,77.0,1.28,48,22,CST-MUMBAI,CSMT,DOMBIVLI,DI,10:22,11:39,37.5
97216,80.0,1.33,48,22,DOMBIVLI,DI,CST-MUMBAI,CSMT,11:03,12:23,36.09
97217,77.0,1.28,48,22,CST-MUMBAI,CSMT,DOMBIVLI,DI,10:36,11:53,37.5
97218,82.0,1.37,48,22,DOMBIVLI,DI,CST-MUMBAI,CSMT,11:47,13:09,35.04
97219,79.0,1.32,48,22,CST-MUMBAI,CSMT,DOMBIVLI,DI,11:24,12:43,36.36
97220,80.0,1.33,48,22,DOMBIVLI,DI,CST-MUMBAI,CSMT,12:05,13:25,36.09
97221,78.0,1.3,48,22,CST-MUMBAI,CSMT,DOMBIVLI,DI,12:39,13:57,36.92
97222,80.0,1.33,48,22,DOMBIVLI,DI,CST-MUMBAI,CSMT,13:00,14:20,36.09
97223,78.0,1.3,48,22,CST-MUMBAI,CSMT,DOMBIVLI,DI,13:55,15:13,36.92
97224,82.0,1.37,48,22,DOMBIVLI,DI,CST-MUMBAI,CSMT,14:08,15:30,35.04
97225,78.0,1.3,48,22,CST-MUMBAI,CSMT,DOMBIVLI,DI,15:13,16:31,36.92
97226,80.0,1.33,48,22,DOMBIVLI,DI,CST-MUMBAI,CSMT,15:36,16:56,36.09
97227,81.0,1.35,48,22,CST-MUMBAI,CSMT,DOMBIVLI,DI,15:27,16:48,35.56
97228,81.0,1.35,48,22,DOMBIVLI,DI,CST-MUMBAI,CSMT,16:43,18:04,35.56
97229,79.0,1.32,48,22,CST-MUMBAI,CSMT,DOMBIVLI,DI,15:47,17:06,36.36
97230,80.0,1.33,48,22,DOMBIVLI,DI,CST-MUMBAI,CSMT,17:02,18:22,36.09
97231,78.0,1.3,48,22,CST-MUMBAI,CSMT,DOMBIVLI,DI,16:06,17:24,36.92
97232,79.0,1.32,48,22,DOMBIVLI,DI,CST-MUMBAI,CSMT,17:15,18:34,36.36
97233,77.0,1.28,48,22,CST-MUMBAI,CSMT,DOMBIVLI,DI,16:34,17:51,37.5
97234,62.0,1.03,39,15,DOMBIVLI,DI,DADAR,DR,17:32,18:34,37.86
97235,62.0,1.03,39,15,DADAR,DR,DOMBIVLI,DI,17:13,18:15,37.86
97236,79.0,1.32,48,22,DOMBIVLI,DI,CST-MUMBAI,CSMT,17:59,19:18,36.36
97237,60.0,1.0,39,15,DADAR,DR,DOMBIVLI,DI,17:58,18:58,39.0
97238,80.0,1.33,48,22,DOMBIVLI,DI,CST-MUMBAI,CSMT,18:25,19:45,36.09
97239,81.0,1.35,48,22,CST-MUMBAI,CSMT,DOMBIVLI,DI,17:58,19:19,35.56
97240,79.0,1.32,48,22,DOMBIVLI,DI,CST-MUMBAI,CSMT,18:47,20:06,36.36
97241,79.0,1.32,48,22,CST-MUMBAI,CSMT,DOMBIVLI,DI,18:22,19:41,36.36
97242,83.0,1.38,48,22,DOMBIVLI,DI,CST-MUMBAI,CSMT,19:10,20:33,34.78
97243,79.0,1.32,48,22,CST-MUMBAI,CSMT,DOMBIVLI,DI,18:42,20:01,36.36
97244,82.0,1.37,48,22,DOMBIVLI,DI,CST-MUMBAI,CSMT,19:30,20:52,35.04
97245,78.0,1.3,48,22,CST-MUMBAI,CSMT,DOMBIVLI,DI,19:05,20:23,36.92
97246,80.0,1.33,48,22,DOMBIVLI,DI,CST-MUMBAI,CSMT,19:53,21:13,36.09
97247,62.0,1.03,39,15,DADAR,DR,DOMBIVLI,DI,19:43,20:45,37.86
97248,81.0,1.35,48,22,DOMBIVLI,DI,CST-MUMBAI,CSMT,20:20,21:41,35.56
97249,78.0,1.3,48,22,CST-MUMBAI,CSMT,DOMBIVLI,DI,20:00,21:18,36.92
97250,80.0,1.33,48,22,DOMBIVLI,DI,CST-MUMBAI,CSMT,20:34,21:54,36.09
97251,78.0,1.3,48,22,CST-MUMBAI,CSMT,DOMBIVLI,DI,20:22,21:40,36.92
97252,84.0,1.4,48,22,DOMBIVLI,DI,CST-MUMBAI,CSMT,21:08,22:32,34.29
97253,80.0,1.33,48,22,CST-MUMBAI,CSMT,DOMBIVLI,DI,20:48,22:08,36.09
97254,61.0,1.02,39,15,DOMBIVLI,DI,DADAR,DR,21:33,22:34,38.24
97255,78.0,1.3,48,22,CST-MUMBAI,CSMT,DOMBIVLI,DI,21:13,22:31,36.92
97256,81.0,1.35,48,22,DOMBIVLI,DI,CST-MUMBAI,CSMT,21:59,23:20,35.56
97258,81.0,1.35,48,22,DOMBIVLI,DI,CST-MUMBAI,CSMT,22:18,23:39,35.56
97260,60.0,1.0,39,15,DOMBIVLI,DI,DADAR,DR,22:54,23:54,39.0
97301,56.0,0.93,33,17,CST-MUMBAI,CSMT,THANE,TNA,00:34,01:30,35.48
97302,56.0,0.93,33,17,THANE,TNA,CST-MUMBAI,CSMT,04:00,04:56,35.48
97303,56.0,0.93,33,17,CST-MUMBAI,CSMT,THANE,TNA,06:36,07:32,35.48
97304,56.0,0.93,33,17,THANE,TNA,CST-MUMBAI,CSMT,04:20,05:16,35.48
97305,56.0,0.93,33,17,CST-MUMBAI,CSMT,THANE,TNA,06:48,07:44,35.48
97306,56.0,0.93,33,17,THANE,TNA,CST-MUMBAI,CSMT,04:40,05:36,35.48
97307,56.0,0.93,33,17,CST-MUMBAI,CSMT,THANE,TNA,07:08,08:04,35.48
97308,56.0,0.93,33,17,THANE,TNA,CST-MUMBAI,CSMT,05:20,06:16,35.48
97309,56.0,0.93,33,17,CST-MUMBAI,CSMT,THANE,TNA,07:28,08:24,35.48
97310,58.0,0.97,33,17,THANE,TNA,CST-MUMBAI,CSMT,05:30,06:28,34.02
97311,56.0,0.93,33,17,CST-MUMBAI,CSMT,THANE,TNA,07:44,08:40,35.48
97312,56.0,0.93,33,17,THANE,TNA,CST-MUMBAI,CSMT,05:40,06:36,35.48
97313,56.0,0.93,33,17,CST-MUMBAI,CSMT,THANE,TNA,08:00,08:56,35.48
97314,58.0,0.97,33,17,THANE,TNA,CST-MUMBAI,CSMT,05:46,06:44,34.02
97315,56.0,0.93,33,17,CST-MUMBAI,CSMT,THANE,TNA,08:08,09:04,35.48
97316,56.0,0.93,33,17,THANE,TNA,CST-MUMBAI,CSMT,06:00,06:56,35.48
97317,56.0,0.93,33,17,CST-MUMBAI,CSMT,THANE,TNA,08:16,09:12,35.48
97318,56.0,0.93,33,17,THANE,TNA,CST-MUMBAI,CSMT,06:16,07:12,35.48
97319,56.0,0.93,33,17,CST-MUMBAI,CSMT,THANE,TNA,08:24,09:20,35.48
97320,56.0,0.93,33,17,THANE,TNA,CST-MUMBAI,CSMT,06:28,07:24,35.48
97321,56.0,0.93,33,17,CST-MUMBAI,CSMT,THANE,TNA,08:36,09:32,35.48
97322,56.0,0.93,33,17,THANE,TNA,CST-MUMBAI,CSMT,06:52,07:48,35.48
97323,58.0,0.97,33,17,CST-MUMBAI,CSMT,THANE,TNA,08:47,09:45,34.02
97324,56.0,0.93,33,17,THANE,TNA,CST-MUMBAI,CSMT,07:04,08:00,35.48
97325,56.0,0.93,33,17,CST-MUMBAI,CSMT,THANE,TNA,08:58,09:54,35.48
97326,56.0,0.93,33,17,THANE,TNA,CST-MUMBAI,CSMT,07:24,08:20,35.48
97327,59.0,0.98,33,17,CST-MUMBAI,CSMT,THANE,TNA,09:03,10:02,33.67
97328,56.0,0.93,33,17,THANE,TNA,CST-MUMBAI,CSMT,07:40,08:36,35.48
97329,56.0,0.93,33,17,CST-MUMBAI,CSMT,THANE,TNA,09:18,10:14,35.48
97330,59.0,0.98,33,17,THANE,TNA,CST-MUMBAI,CSMT,07:55,08:54,33.67
97331,57.0,0.95,33,17,CST-MUMBAI,CSMT,THANE,TNA,09:26,10:23,34.74
97332,58.0,0.97,33,17,THANE,TNA,CST-MUMBAI,CSMT,07:59,08:57,34.02
97333,56.0,0.93,33,17,CST-MUMBAI,CSMT,THANE,TNA,09:37,10:33,35.48
97334,58.0,0.97,33,17,THANE,TNA,CST-MUMBAI,CSMT,08:17,09:15,34.02
97335,56.0,0.93,33,17,CST-MUMBAI,CSMT,THANE,TNA,09:41,10:37,35.48
97336,58.0,0.97,33,17,THANE,TNA,CST-MUMBAI,CSMT,08:24,09:22,34.02
97337,57.0,0.95,33,17,CST-MUMBAI,CSMT,THANE,TNA,09:49,10:46,34.74
97338,57.0,0.95,33,17,THANE,TNA,CST-MUMBAI,CSMT,08:36,09:33,34.74
97339,55.0,0.92,33,17,CST-MUMBAI,CSMT,THANE,TNA,10:06,11:01,35.87
97340,58.0,0.97,33,17,THANE,TNA,CST-MUMBAI,CSMT,08:47,09:45,34.02
97341,55.0,0.92,33,17,CST-MUMBAI,CSMT,THANE,TNA,10:14,11:09,35.87
97342,58.0,0.97,33,17,THANE,TNA,CST-MUMBAI,CSMT,09:00,09:58,34.02
97343,58.0,0.97,33,17,CST-MUMBAI,CSMT,THANE,TNA,10:26,11:24,34.02
97344,58.0,0.97,33,17,THANE,TNA,CST-MUMBAI,CSMT,09:08,10:06,34.02
97345,57.0,0.95,33,17,CST-MUMBAI,CSMT,THANE,TNA,10:40,11:37,34.74
97346,58.0,0.97,33,17,THANE,TNA,CST-MUMBAI,CSMT,09:16,10:14,34.02
97347,60.0,1.0,33,17,CST-MUMBAI,CSMT,THANE,TNA,10:48,11:48,33.0
97348,60.0,1.0,33,17,THANE,TNA,CST-MUMBAI,CSMT,09:30,10:30,33.0
97349,56.0,0.93,33,17,CST-MUMBAI,CSMT,THANE,TNA,10:56,11:52,35.48
97350,59.0,0.98,33,17,THANE,TNA,CST-MUMBAI,CSMT,09:41,10:40,33.67
97351,56.0,0.93,33,17,CST-MUMBAI,CSMT,THANE,TNA,11:04,12:00,35.48
97352,58.0,0.97,33,17,THANE,TNA,CST-MUMBAI,CSMT,09:50,10:48,34.02
97353,55.0,0.92,33,17,CST-MUMBAI,CSMT,THANE,TNA,11:20,12:15,35.87
97354,58.0,0.97,33,17,THANE,TNA,CST-MUMBAI,CSMT,09:58,10:56,34.02
97355,56.0,0.93,33,17,CST-MUMBAI,CSMT,THANE,TNA,11:37,12:33,35.48
97356,58.0,0.97,33,17,THANE,TNA,CST-MUMBAI,CSMT,10:06,11:04,34.02
97357,56.0,0.93,33,17,CST-MUMBAI,CSMT,THANE,TNA,11:41,12:37,35.48
97358,58.0,0.97,33,17,THANE,TNA,CST-MUMBAI,CSMT,10:18,11:16,34.02
97359,56.0,0.93,33,17,CST-MUMBAI,CSMT,THANE,TNA,12:23,13:19,35.48
97360,58.0,0.97,33,17,THANE,TNA,CST-MUMBAI,CSMT,10:30,11:28,34.02
97361,60.0,1.0,33,17,CST-MUMBAI,CSMT,THANE,TNA,12:49,13:49,33.0
97362,59.0,0.98,33,17,THANE,TNA,CST-MUMBAI,CSMT,10:42,11:41,33.67
97363,56.0,0.93,33,17,CST-MUMBAI,CSMT,THANE,TNA,13:09,14:05,35.48
97364,58.0,0.97,33,17,THANE,TNA,CST-MUMBAI,CSMT,10:52,11:50,34.02
97365,56.0,0.93,33,17,CST-MUMBAI,CSMT,THANE,TNA,13:38,14:34,35.48
97366,58.0,0.97,33,17,THANE,TNA,CST-MUMBAI,CSMT,11:21,12:19,34.02
97367,56.0,0.93,33,17,CST-MUMBAI,CSMT,THANE,TNA,14:00,14:56,35.48
97368,58.0,0.97,33,17,THANE,TNA,CST-MUMBAI,CSMT,11:37,12:35,34.02
97369,55.0,0.92,33,17,CST-MUMBAI,CSMT,THANE,TNA,14:20,15:15,35.87
97370,59.0,0.98,33,17,THANE,TNA,CST-MUMBAI,CSMT,11:58,12:57,33.67
97371,56.0,0.93,33,17,CST-MUMBAI,CSMT,THANE,TNA,14:29,15:25,35.48
97372,58.0,0.97,33,17,THANE,TNA,CST-MUMBAI,CSMT,12:57,13:55,34.02
97373,57.0,0.95,33,17,CST-MUMBAI,CSMT,THANE,TNA,15:37,16:34,34.74
97374,58.0,0.97,33,17,THANE,TNA,CST-MUMBAI,CSMT,13:27,14:25,34.02
97375,38.0,0.63,24,10,DADAR,DR,THANE,TNA,16:13,16:51,38.1
97376,58.0,0.97,33,17,THANE,TNA,CST-MUMBAI,CSMT,13:59,14:57,34.02
97377,56.0,0.93,33,17,CST-MUMBAI,CSMT,THANE,TNA,16:09,17:05,35.48
97378,59.0,0.98,33,17,THANE,TNA,CST-MUMBAI,CSMT,14:22,15:21,33.67
97379,56.0,0.93,33,17,CST-MUMBAI,CSMT,THANE,TNA,16:19,17:15,35.48
97380,58.0,0.97,33,17,THANE,TNA,CST-MUMBAI,CSMT,14:54,15:52,34.02
97381,56.0,0.93,33,17,CST-MUMBAI,CSMT,THANE,TNA,16:30,17:26,35.48
97382,57.0,0.95,33,17,THANE,TNA,CST-MUMBAI,CSMT,15:16,16:13,34.74
97383,57.0,0.95,33,17,CST-MUMBAI,CSMT,THANE,TNA,16:38,17:35,34.74
97384,38.0,0.63,24,10,THANE,TNA,DADAR,DR,15:23,16:01,38.1
97385,56.0,0.93,33,17,CST-MUMBAI,CSMT,THANE,TNA,16:52,17:48,35.48
97386,58.0,0.97,33,17,THANE,TNA,CST-MUMBAI,CSMT,15:41,16:39,34.02
97387,56.0,0.93,33,17,CST-MUMBAI,CSMT,THANE,TNA,17:04,18:00,35.48
97388,57.0,0.95,33,17,THANE,TNA,CST-MUMBAI,CSMT,15:55,16:52,34.74
97389,56.0,0.93,33,17,CST-MUMBAI,CSMT,THANE,TNA,17:08,18:04,35.48
97390,57.0,0.95,33,17,THANE,TNA,CST-MUMBAI,CSMT,16:15,17:12,34.74
97391,56.0,0.93,33,17,CST-MUMBAI,CSMT,THANE,TNA,17:16,18:12,35.48
97392,57.0,0.95,33,17,THANE,TNA,CST-MUMBAI,CSMT,16:27,17:24,34.74
97393,56.0,0.93,33,17,CST-MUMBAI,CSMT,THANE,TNA,17:24,18:20,35.48
97394,58.0,0.97,33,17,THANE,TNA,CST-MUMBAI,CSMT,16:30,17:28,34.02
97395,56.0,0.93,33,17,CST-MUMBAI,CSMT,THANE,TNA,17:32,18:28,35.48
97396,57.0,0.95,33,17,THANE,TNA,CST-MUMBAI,CSMT,16:35,17:32,34.74
97397,56.0,0.93,33,17,CST-MUMBAI,CSMT,THANE,TNA,17:44,18:40,35.48
97398,58.0,0.97,33,17,THANE,TNA,CST-MUMBAI,CSMT,16:42,17:40,34.02
97399,58.0,0.97,33,17,CST-MUMBAI,CSMT,THANE,TNA,18:04,19:02,34.02
97400,55.0,0.92,33,17,THANE,TNA,CST-MUMBAI,CSMT,16:58,17:53,35.87
97401,57.0,0.95,33,17,CST-MUMBAI,CSMT,THANE,TNA,18:29,19:26,34.74
97402,57.0,0.95,33,17,THANE,TNA,CST-MUMBAI,CSMT,17:01,17:58,34.74
97403,56.0,0.93,33,17,CST-MUMBAI,CSMT,THANE,TNA,18:38,19:34,35.48
97404,59.0,0.98,33,17,THANE,TNA,CST-MUMBAI,CSMT,17:10,18:09,33.67
97405,56.0,0.93,33,17,CST-MUMBAI,CSMT,THANE,TNA,18:46,19:42,35.48
97406,38.0,0.63,24,10,THANE,TNA,DADAR,DR,17:14,17:52,38.1
97407,56.0,0.93,33,17,CST-MUMBAI,CSMT,THANE,TNA,18:57,19:53,35.48
97408,58.0,0.97,33,17,THANE,TNA,CST-MUMBAI,CSMT,17:20,18:18,34.02
97409,39.0,0.65,24,10,DADAR,DR,THANE,TNA,19:27,20:06,36.92
97410,40.0,0.67,24,10,THANE,TNA,DADAR,DR,17:31,18:11,35.82
97411,55.0,0.92,33,17,CST-MUMBAI,CSMT,THANE,TNA,19:22,20:17,35.87
97412,59.0,0.98,33,17,THANE,TNA,CST-MUMBAI,CSMT,17:42,18:41,33.67
97413,57.0,0.95,33,17,CST-MUMBAI,CSMT,THANE,TNA,19:35,20:32,34.74
97414,58.0,0.97,33,17,THANE,TNA,CST-MUMBAI,CSMT,17:52,18:50,34.02
97415,38.0,0.63,24,10,DADAR,DR,THANE,TNA,19:57,20:35,38.1
97416,59.0,0.98,33,17,THANE,TNA,CST-MUMBAI,CSMT,18:06,19:05,33.67
97417,56.0,0.93,33,17,CST-MUMBAI,CSMT,THANE,TNA,19:50,20:46,35.48
97418,57.0,0.95,33,17,THANE,TNA,CST-MUMBAI,CSMT,18:12,19:09,34.74
97419,56.0,0.93,33,17,CST-MUMBAI,CSMT,THANE,TNA,20:17,21:13,35.48
97420,39.0,0.65,24,10,THANE,TNA,DADAR,DR,18:16,18:55,36.92
97421,56.0,0.93,33,17,CST-MUMBAI,CSMT,THANE,TNA,20:35,21:31,35.48
97422,58.0,0.97,33,17,THANE,TNA,CST-MUMBAI,CSMT,18:24,19:22,34.02
97423,55.0,0.92,33,17,CST-MUMBAI,CSMT,THANE,TNA,21:04,21:59,35.87
97424,38.0,0.63,24,10,THANE,TNA,DADAR,DR,18:36,19:14,38.1
97425,55.0,0.92,33,17,CST-MUMBAI,CSMT,THANE,TNA,22:02,22:57,35.87
97426,58.0,0.97,33,17,THANE,TNA,CST-MUMBAI,CSMT,18:44,19:42,34.02
97427,55.0,0.92,33,17,CST-MUMBAI,CSMT,THANE,TNA,22:39,23:34,35.87
97428,58.0,0.97,33,17,THANE,TNA,CST-MUMBAI,CSMT,18:57,19:55,34.02
97429,39.0,0.65,24,10,DADAR,DR,THANE,TNA,22:30,23:09,36.92
97430,39.0,0.65,24,10,THANE,TNA,DADAR,DR,19:12,19:51,36.92
97431,55.0,0.92,33,17,CST-MUMBAI,CSMT,THANE,TNA,22:47,23:42,35.87
97432,58.0,0.97,33,17,THANE,TNA,CST-MUMBAI,CSMT,19:30,20:28,34.02
97433,56.0,0.93,33,17,CST-MUMBAI,CSMT,THANE,TNA,22:59,23:55,35.48
97434,60.0,1.0,33,17,THANE,TNA,CST-MUMBAI,CSMT,19:38,20:38,33.0
97435,55.0,0.92,33,17,CST-MUMBAI,CSMT,THANE,TNA,23:12,00:07,35.87
97436,58.0,0.97,33,17,THANE,TNA,CST-MUMBAI,CSMT,19:48,20:46,34.02
97437,56.0,0.93,33,17,CST-MUMBAI,CSMT,THANE,TNA,23:39,00:35,35.48
97438,58.0,0.97,33,17,THANE,TNA,CST-MUMBAI,CSMT,20:03,21:01,34.02
97439,56.0,0.93,33,17,CST-MUMBAI,CSMT,THANE,TNA,23:59,00:55,35.48
97440,59.0,0.98,33,17,THANE,TNA,CST-MUMBAI,CSMT,21:21,22:20,33.67
97441,55.0,0.92,33,17,CST-MUMBAI,CSMT,THANE,TNA,23:35,00:30,35.87
97442,39.0,0.65,24,10,THANE,TNA,DADAR,DR,21:41,22:20,36.92
97444,59.0,0.98,33,16,THANE,TNA,CST-MUMBAI,CSMT,21:31,22:30,33.67
97445,56.0,0.93,33,16,CST-MUMBAI,CSMT,THANE,TNA,23:52,00:48,35.48
97446,58.0,0.97,33,16,THANE,TNA,CST-MUMBAI,CSMT,21:54,22:52,34.02
97501,34.0,0.57,19,12,CST-MUMBAI,CSMT,GHAT KOPAR,GC,08:40,09:14,33.33
97502,37.0,0.62,19,12,GHAT KOPAR,GC,CST-MUMBAI,CSMT,09:18,09:55,30.65
97503,34.0,0.57,19,12,CST-MUMBAI,CSMT,GHAT KOPAR,GC,09:07,09:41,33.33
97504,37.0,0.62,19,12,GHAT KOPAR,GC,CST-MUMBAI,CSMT,09:45,10:22,30.65
97601,28.0,0.47,15,10,CST-MUMBAI,CSMT,KURLA,CLA,08:28,08:56,31.91
97602,30.0,0.5,15,10,KURLA,CLA,CST-MUMBAI,CSMT,04:51,05:21,30.0
97603,28.0,0.47,15,10,CST-MUMBAI,CSMT,KURLA,CLA,08:43,09:11,31.91
97604,30.0,0.5,15,10,KURLA,CLA,CST-MUMBAI,CSMT,05:42,06:12,30.0
97605,28.0,0.47,15,10,CST-MUMBAI,CSMT,KURLA,CLA,08:55,09:23,31.91
97606,30.0,0.5,15,10,KURLA,CLA,CST-MUMBAI,CSMT,05:54,06:24,30.0
97607,28.0,0.47,15,10,CST-MUMBAI,CSMT,KURLA,CLA,09:11,09:39,31.91
97608,30.0,0.5,15,10,KURLA,CLA,CST-MUMBAI,CSMT,07:38,08:08,30.0
97609,30.0,0.5,15,10,CST-MUMBAI,CSMT,KURLA,CLA,09:22,09:52,30.0
97610,30.0,0.5,15,10,KURLA,CLA,CST-MUMBAI,CSMT,09:11,09:41,30.0
97611,28.0,0.47,15,10,CST-MUMBAI,CSMT,KURLA,CLA,09:54,10:22,31.91
97612,31.0,0.52,15,10,KURLA,CLA,CST-MUMBAI,CSMT,09:39,10:10,28.85
97613,28.0,0.47,15,10,CST-MUMBAI,CSMT,KURLA,CLA,10:18,10:46,31.91
97614,31.0,0.52,15,10,KURLA,CLA,CST-MUMBAI,CSMT,10:03,10:34,28.85
97615,31.0,0.52,15,10,CST-MUMBAI,CSMT,KURLA,CLA,10:30,11:01,28.85
97616,30.0,0.5,15,10,KURLA,CLA,CST-MUMBAI,CSMT,10:41,11:11,30.0
97617,29.0,0.48,15,10,CST-MUMBAI,CSMT,KURLA,CLA,10:44,11:13,31.25
97618,30.0,0.5,15,10,KURLA,CLA,CST-MUMBAI,CSMT,15:47,16:17,30.0
97619,30.0,0.5,15,10,CST-MUMBAI,CSMT,KURLA,CLA,10:52,11:22,30.0
97620,30.0,0.5,15,10,KURLA,CLA,CST-MUMBAI,CSMT,16:13,16:43,30.0
97621,28.0,0.47,15,10,CST-MUMBAI,CSMT,KURLA,CLA,11:16,11:44,31.91
97622,30.0,0.5,15,10,KURLA,CLA,CST-MUMBAI,CSMT,17:06,17:36,30.0
97623,28.0,0.47,15,10,CST-MUMBAI,CSMT,KURLA,CLA,16:43,17:11,31.91
97624,29.0,0.48,15,10,KURLA,CLA,CST-MUMBAI,CSMT,17:21,17:50,31.25
97625,28.0,0.47,15,10,CST-MUMBAI,CSMT,KURLA,CLA,17:28,17:56,31.91
97626,30.0,0.5,15,10,KURLA,CLA,CST-MUMBAI,CSMT,17:56,18:26,30.0
97627,28.0,0.47,15,10,CST-MUMBAI,CSMT,KURLA,CLA,17:48,18:16,31.91
97628,30.0,0.5,15,10,KURLA,CLA,CST-MUMBAI,CSMT,18:07,18:37,30.0
97629,28.0,0.47,15,10,CST-MUMBAI,CSMT,KURLA,CLA,18:18,18:46,31.91
97630,30.0,0.5,15,10,KURLA,CLA,CST-MUMBAI,CSMT,18:27,18:57,30.0
97631,28.0,0.47,15,10,CST-MUMBAI,CSMT,KURLA,CLA,18:50,19:18,31.91
97632,30.0,0.5,15,10,KURLA,CLA,CST-MUMBAI,CSMT,19:00,19:30,30.0
97633,29.0,0.48,15,10,CST-MUMBAI,CSMT,KURLA,CLA,20:26,20:55,31.25
97634,31.0,0.52,15,10,KURLA,CLA,CST-MUMBAI,CSMT,19:28,19:59,28.85
97635,28.0,0.47,15,10,CST-MUMBAI,CSMT,KURLA,CLA,22:09,22:37,31.91
97636,30.0,0.5,15,10,KURLA,CLA,CST-MUMBAI,CSMT,19:19,19:49,30.0
97637,29.0,0.48,15,10,CST-MUMBAI,CSMT,KURLA,CLA,22:27,22:56,31.25
97638,30.0,0.5,15,10,KURLA,CLA,CST-MUMBAI,CSMT,18:05,18:35,30.0
97639,28.0,0.47,15,10,CST-MUMBAI,CSMT,KURLA,CLA,22:55,23:23,31.91
97640,31.0,0.52,15,10,KURLA,CLA,CST-MUMBAI,CSMT,18:12,18:43,28.85
97641,28.0,0.47,15,10,CST-MUMBAI,CSMT,KURLA,CLA,23:25,23:53,31.91
97642,31.0,0.52,15,10,KURLA,CLA,CST-MUMBAI,CSMT,18:32,19:03,28.85
97643,28.0,0.47,15,10,CST-MUMBAI,CSMT,KURLA,CLA,23:48,00:16,31.91
97644,30.0,0.5,15,10,KURLA,CLA,CST-MUMBAI,CSMT,18:55,19:25,30.0
97645,29.0,0.48,15,10,CST-MUMBAI,CSMT,KURLA,CLA,21:03,21:32,31.25
97646,30.0,0.5,15,10,KURLA,CLA,CST-MUMBAI,CSMT,19:20,19:50,30.0
97647,29.0,0.48,15,10,CST-MUMBAI,CSMT,KURLA,CLA,22:06,22:35,31.25
97648,30.0,0.5,15,10,KURLA,CLA,CST-MUMBAI,CSMT,19:47,20:17,30.0
97649,29.0,0.48,15,10,CST-MUMBAI,CSMT,KURLA,CLA,22:30,22:59,31.25
97651,29.0,0.48,15,10,CST-MUMBAI,CSMT,KURLA,CLA,22:54,23:23,31.25
97653,29.0,0.48,15,10,CST-MUMBAI,CSMT,KURLA,CLA,23:25,23:54,31.25
97655,29.0,0.48,15,10,CST-MUMBAI,CSMT,KURLA,CLA,23:56,00:25,31.25
98000,77.0,1.28,49,2,PANVEL,PNVL,CST-MUMBAI,CSMT,04:00,05:17,38.28
98001,77.0,1.28,49,2,CST-MUMBAI,CSMT,PANVEL,PNVL,00:13,01:30,38.28
98002,77.0,1.28,49,2,PANVEL,PNVL,CST-MUMBAI,CSMT,04:26,05:43,38.28
98003,77.0,1.28,49,2,CST-MUMBAI,CSMT,PANVEL,PNVL,00:28,01:45,38.28
98004,77.0,1.28,49,2,PANVEL,PNVL,CST-MUMBAI,CSMT,04:59,06:16,38.28
98005,77.0,1.28,49,2,CST-MUMBAI,CSMT,PANVEL,PNVL,00:45,02:02,38.28
98006,77.0,1.28,49,2,PANVEL,PNVL,CST-MUMBAI,CSMT,05:23,06:40,38.28
98007,77.0,1.28,49,2,CST-MUMBAI,CSMT,PANVEL,PNVL,04:23,05:40,38.28
98008,77.0,1.28,49,2,PANVEL,PNVL,CST-MUMBAI,CSMT,05:39,06:56,38.28
98009,77.0,1.28,49,2,CST-MUMBAI,CSMT,PANVEL,PNVL,04:39,05:56,38.28
98010,77.0,1.28,49,2,PANVEL,PNVL,CST-MUMBAI,CSMT,05:51,07:08,38.28
98011,77.0,1.28,49,2,CST-MUMBAI,CSMT,PANVEL,PNVL,04:51,06:08,38.28
98012,77.0,1.28,49,2,PANVEL,PNVL,CST-MUMBAI,CSMT,06:05,07:22,38.28
98013,31.0,0.52,20,2,VASHI,VSH,PANVEL,PNVL,05:50,06:21,38.46
98014,77.0,1.28,49,2,PANVEL,PNVL,CST-MUMBAI,CSMT,06:23,07:40,38.28
98015,77.0,1.28,49,2,CST-MUMBAI,CSMT,PANVEL,PNVL,05:08,06:25,38.28
98016,78.0,1.3,49,2,PANVEL,PNVL,CST-MUMBAI,CSMT,06:35,07:53,37.69
98017,77.0,1.28,49,2,CST-MUMBAI,CSMT,PANVEL,PNVL,05:22,06:39,38.28
98018,60.0,1.0,39,2,PANVEL,PNVL,MUMBAI VADAL,VDLR,06:43,07:43,39.0
98019,77.0,1.28,49,2,CST-MUMBAI,CSMT,PANVEL,PNVL,05:30,06:47,38.28
98020,78.0,1.3,49,2,PANVEL,PNVL,CST-MUMBAI,CSMT,06:51,08:09,37.69
98021,30.0,0.5,20,2,VASHI,VSH,PANVEL,PNVL,06:25,06:55,40.0
98022,78.0,1.3,49,2,PANVEL,PNVL,CST-MUMBAI,CSMT,07:08,08:26,37.69
98023,77.0,1.28,49,2,CST-MUMBAI,CSMT,PANVEL,PNVL,05:47,07:04,38.28
98024,77.0,1.28,49,2,PANVEL,PNVL,CST-MUMBAI,CSMT,07:20,08:37,38.28
98025,77.0,1.28,49,2,CST-MUMBAI,CSMT,PANVEL,PNVL,06:00,07:17,38.28
98026,59.0,0.98,39,2,PANVEL,PNVL,MUMBAI VADAL,VDLR,07:28,08:27,39.8
98027,77.0,1.28,49,2,CST-MUMBAI,CSMT,PANVEL,PNVL,06:08,07:25,38.28
98028,77.0,1.28,49,2,PANVEL,PNVL,CST-MUMBAI,CSMT,07:32,08:49,38.28
98029,77.0,1.28,49,2,CST-MUMBAI,CSMT,PANVEL,PNVL,06:20,07:37,38.28
98030,77.0,1.28,49,2,PANVEL,PNVL,CST-MUMBAI,CSMT,07:48,09:05,38.28
98031,62.0,1.03,39,2,MUMBAI VADAL,VDLR,PANVEL,PNVL,06:42,07:44,37.86
98032,59.0,0.98,39,2,PANVEL,PNVL,MUMBAI VADAL,VDLR,07:56,08:55,39.8
98033,77.0,1.28,49,2,CST-MUMBAI,CSMT,PANVEL,PNVL,06:28,07:45,38.28
98034,77.0,1.28,49,2,PANVEL,PNVL,CST-MUMBAI,CSMT,08:00,09:17,38.28
98035,78.0,1.3,49,2,CST-MUMBAI,CSMT,PANVEL,PNVL,06:44,08:02,37.69
98036,77.0,1.28,49,2,PANVEL,PNVL,CST-MUMBAI,CSMT,08:12,09:29,38.28
98037,80.0,1.33,49,2,CST-MUMBAI,CSMT,PANVEL,PNVL,06:52,08:12,36.84
98038,77.0,1.28,49,2,PANVEL,PNVL,CST-MUMBAI,CSMT,08:24,09:41,38.28
98039,77.0,1.28,49,2,CST-MUMBAI,CSMT,PANVEL,PNVL,07:00,08:17,38.28
98040,59.0,0.98,39,2,PANVEL,PNVL,MUMBAI VADAL,VDLR,08:36,09:35,39.8
98041,77.0,1.28,49,2,CST-MUMBAI,CSMT,PANVEL,PNVL,07:13,08:30,38.28
98042,77.0,1.28,49,2,PANVEL,PNVL,CST-MUMBAI,CSMT,08:40,09:57,38.28
98043,77.0,1.28,49,2,CST-MUMBAI,CSMT,PANVEL,PNVL,07:22,08:39,38.28
98044,78.0,1.3,49,2,PANVEL,PNVL,CST-MUMBAI,CSMT,08:50,10:08,37.69
98045,77.0,1.28,49,2,CST-MUMBAI,CSMT,PANVEL,PNVL,07:30,08:47,38.28
98046,78.0,1.3,49,2,PANVEL,PNVL,CST-MUMBAI,CSMT,08:58,10:16,37.69
98047,77.0,1.28,49,2,CST-MUMBAI,CSMT,PANVEL,PNVL,07:43,09:00,38.28
98048,77.0,1.28,49,2,PANVEL,PNVL,CST-MUMBAI,CSMT,09:10,10:27,38.28
98049,77.0,1.28,49,2,CST-MUMBAI,CSMT,PANVEL,PNVL,08:05,09:22,38.28
98050,77.0,1.28,49,2,PANVEL,PNVL,CST-MUMBAI,CSMT,09:20,10:37,38.28
98051,59.0,0.98,39,2,MUMBAI VADAL,VDLR,PANVEL,PNVL,08:34,09:33,39.8
98052,77.0,1.28,49,2,PANVEL,PNVL,CST-MUMBAI,CSMT,09:31,10:48,38.28
98053,77.0,1.28,49,2,CST-MUMBAI,CSMT,PANVEL,PNVL,08:23,09:40,38.28
98054,77.0,1.28,49,2,PANVEL,PNVL,CST-MUMBAI,CSMT,09:40,10:57,38.28
98055,78.0,1.3,49,2,CST-MUMBAI,CSMT,PANVEL,PNVL,08:41,09:59,37.69
98056,79.0,1.32,49,2,PANVEL,PNVL,CST-MUMBAI,CSMT,09:54,11:13,37.12
98057,78.0,1.3,49,2,CST-MUMBAI,CSMT,PANVEL,PNVL,08:53,10:11,37.69
98058,77.0,1.28,49,2,PANVEL,PNVL,CST-MUMBAI,CSMT,10:08,11:25,38.28
98059,77.0,1.28,49,2,CST-MUMBAI,CSMT,PANVEL,PNVL,09:05,10:22,38.28
98060,77.0,1.28,49,2,PANVEL,PNVL,CST-MUMBAI,CSMT,10:20,11:37,38.28
98061,77.0,1.28,49,2,CST-MUMBAI,CSMT,PANVEL,PNVL,09:17,10:34,38.28
98062,77.0,1.28,49,2,PANVEL,PNVL,CST-MUMBAI,CSMT,10:32,11:49,38.28
98063,78.0,1.3,49,2,CST-MUMBAI,CSMT,PANVEL,PNVL,09:29,10:47,37.69
98064,77.0,1.28,49,2,PANVEL,PNVL,CST-MUMBAI,CSMT,10:43,12:00,38.28
98065,77.0,1.28,49,2,CST-MUMBAI,CSMT,PANVEL,PNVL,09:45,11:02,38.28
98066,78.0,1.3,49,2,PANVEL,PNVL,CST-MUMBAI,CSMT,10:59,12:17,37.69
98067,77.0,1.28,49,2,CST-MUMBAI,CSMT,PANVEL,PNVL,10:01,11:18,38.28
98068,77.0,1.28,49,2,PANVEL,PNVL,CST-MUMBAI,CSMT,11:09,12:26,38.28
98069,77.0,1.28,49,2,CST-MUMBAI,CSMT,PANVEL,PNVL,10:12,11:29,38.28
98070,77.0,1.28,49,2,PANVEL,PNVL,CST-MUMBAI,CSMT,11:18,12:35,38.28
98071,77.0,1.28,49,2,CST-MUMBAI,CSMT,PANVEL,PNVL,10:23,11:40,38.28
98072,77.0,1.28,49,2,PANVEL,PNVL,CST-MUMBAI,CSMT,11:32,12:49,38.28
98073,77.0,1.28,49,2,CST-MUMBAI,CSMT,PANVEL,PNVL,10:31,11:48,38.28
98074,77.0,1.28,49,2,PANVEL,PNVL,CST-MUMBAI,CSMT,11:40,12:57,38.28
98075,80.0,1.33,49,2,CST-MUMBAI,CSMT,PANVEL,PNVL,10:41,12:01,36.84
98076,77.0,1.28,49,2,PANVEL,PNVL,CST-MUMBAI,CSMT,11:52,13:09,38.28
98077,77.0,1.28,49,2,CST-MUMBAI,CSMT,PANVEL,PNVL,10:52,12:09,38.28
98078,81.0,1.35,49,2,PANVEL,PNVL,CST-MUMBAI,CSMT,12:04,13:25,36.3
98079,77.0,1.28,49,2,CST-MUMBAI,CSMT,PANVEL,PNVL,11:09,12:26,38.28
98080,80.0,1.33,49,2,PANVEL,PNVL,CST-MUMBAI,CSMT,12:09,13:29,36.84
98081,77.0,1.28,49,2,CST-MUMBAI,CSMT,PANVEL,PNVL,11:21,12:38,38.28
98082,78.0,1.3,49,2,PANVEL,PNVL,CST-MUMBAI,CSMT,12:23,13:41,37.69
98083,60.0,1.0,39,2,MUMBAI VADAL,VDLR,PANVEL,PNVL,11:43,12:43,39.0
98084,78.0,1.3,49,2,PANVEL,PNVL,CST-MUMBAI,CSMT,12:36,13:54,37.69
98085,77.0,1.28,49,2,CST-MUMBAI,CSMT,PANVEL,PNVL,11:41,12:58,38.28
98087,77.0,1.28,49,2,CST-MUMBAI,CSMT,PANVEL,PNVL,11:54,13:11,38.28
98088,77.0,1.28,49,2,PANVEL,PNVL,CST-MUMBAI,CSMT,13:00,14:17,38.28
98089,77.0,1.28,49,2,CST-MUMBAI,CSMT,PANVEL,PNVL,12:06,13:23,38.28
98090,77.0,1.28,49,2,PANVEL,PNVL,CST-MUMBAI,CSMT,13:08,14:25,38.28
98091,77.0,1.28,49,2,CST-MUMBAI,CSMT,PANVEL,PNVL,12:21,13:38,38.28
98092,77.0,1.28,49,2,PANVEL,PNVL,CST-MUMBAI,CSMT,13:24,14:41,38.28
98093,78.0,1.3,49,2,CST-MUMBAI,CSMT,PANVEL,PNVL,12:40,13:58,37.69
98094,77.0,1.28,49,2,PANVEL,PNVL,CST-MUMBAI,CSMT,13:40,14:57,38.28
98095,78.0,1.3,49,2,CST-MUMBAI,CSMT,PANVEL,PNVL,12:53,14:11,37.69
98096,77.0,1.28,49,2,PANVEL,PNVL,CST-MUMBAI,CSMT,13:52,15:09,38.28
98097,77.0,1.28,49,2,CST-MUMBAI,CSMT,PANVEL,PNVL,13:05,14:22,38.28
98098,77.0,1.28,49,2,PANVEL,PNVL,CST-MUMBAI,CSMT,14:04,15:21,38.28
98099,77.0,1.28,49,2,CST-MUMBAI,CSMT,PANVEL,PNVL,13:21,14:38,38.28
98100,77.0,1.28,49,2,PANVEL,PNVL,CST-MUMBAI,CSMT,14:20,15:37,38.28
98101,77.0,1.28,49,2,CST-MUMBAI,CSMT,PANVEL,PNVL,13:29,14:46,38.28
98102,77.0,1.28,49,2,PANVEL,PNVL,CST-MUMBAI,CSMT,14:24,15:41,38.28
98103,60.0,1.0,39,2,MUMBAI VADAL,VDLR,PANVEL,PNVL,14:19,15:19,39.0
98104,77.0,1.28,49,2,PANVEL,PNVL,CST-MUMBAI,CSMT,14:32,15:49,38.28
98105,77.0,1.28,49,2,CST-MUMBAI,CSMT,PANVEL,PNVL,13:45,15:02,38.28
98106,78.0,1.3,49,2,PANVEL,PNVL,CST-MUMBAI,CSMT,14:46,16:04,37.69
98107,77.0,1.28,49,2,CST-MUMBAI,CSMT,PANVEL,PNVL,13:58,15:15,38.28
98108,80.0,1.33,49,2,PANVEL,PNVL,CST-MUMBAI,CSMT,14:58,16:18,36.84
98109,79.0,1.32,49,2,CST-MUMBAI,CSMT,PANVEL,PNVL,14:10,15:29,37.12
98110,77.0,1.28,49,2,PANVEL,PNVL,CST-MUMBAI,CSMT,15:15,16:32,38.28
98111,78.0,1.3,49,2,CST-MUMBAI,CSMT,PANVEL,PNVL,14:29,15:47,37.69
98112,77.0,1.28,49,2,PANVEL,PNVL,CST-MUMBAI,CSMT,15:27,16:44,38.28
98113,77.0,1.28,49,2,CST-MUMBAI,CSMT,PANVEL,PNVL,14:45,16:02,38.28
98114,77.0,1.28,49,2,PANVEL,PNVL,CST-MUMBAI,CSMT,15:31,16:48,38.28
98115,77.0,1.28,49,2,CST-MUMBAI,CSMT,PANVEL,PNVL,14:57,16:14,38.28
98116,77.0,1.28,49,2,PANVEL,PNVL,CST-MUMBAI,CSMT,15:39,16:56,38.28
98117,77.0,1.28,49,2,CST-MUMBAI,CSMT,PANVEL,PNVL,15:01,16:18,38.28
98118,79.0,1.32,49,2,PANVEL,PNVL,CST-MUMBAI,CSMT,15:57,17:16,37.12
98119,78.0,1.3,49,2,CST-MUMBAI,CSMT,PANVEL,PNVL,15:13,16:31,37.69
98120,78.0,1.3,49,2,PANVEL,PNVL,CST-MUMBAI,CSMT,16:14,17:32,37.69
98121,77.0,1.28,49,2,CST-MUMBAI,CSMT,PANVEL,PNVL,15:25,16:42,38.28
98122,78.0,1.3,49,2,PANVEL,PNVL,CST-MUMBAI,CSMT,16:22,17:40,37.69
98123,77.0,1.28,49,2,CST-MUMBAI,CSMT,PANVEL,PNVL,15:37,16:54,38.28
98124,79.0,1.32,49,2,PANVEL,PNVL,CST-MUMBAI,CSMT,16:41,18:00,37.12
98125,77.0,1.28,49,2,CST-MUMBAI,CSMT,PANVEL,PNVL,15:41,16:58,38.28
98126,78.0,1.3,49,2,PANVEL,PNVL,CST-MUMBAI,CSMT,16:54,18:12,37.69
98127,77.0,1.28,49,2,CST-MUMBAI,CSMT,PANVEL,PNVL,15:55,17:12,38.28
98128,77.0,1.28,49,2,PANVEL,PNVL,CST-MUMBAI,CSMT,17:10,18:27,38.28
98129,77.0,1.28,49,2,CST-MUMBAI,CSMT,PANVEL,PNVL,16:00,17:17,38.28
98130,77.0,1.28,49,2,PANVEL,PNVL,CST-MUMBAI,CSMT,17:20,18:37,38.28
98131,79.0,1.32,49,2,CST-MUMBAI,CSMT,PANVEL,PNVL,16:08,17:27,37.12
98132,79.0,1.32,49,2,PANVEL,PNVL,CST-MUMBAI,CSMT,17:38,18:57,37.12
98133,63.0,1.05,39,2,MUMBAI VADAL,VDLR,PANVEL,PNVL,16:36,17:39,37.14
98134,61.0,1.02,39,2,PANVEL,PNVL,MUMBAI VADAL,VDLR,17:48,18:49,38.24
98135,80.0,1.33,49,2,CST-MUMBAI,CSMT,PANVEL,PNVL,16:23,17:43,36.84
98136,79.0,1.32,49,2,PANVEL,PNVL,CST-MUMBAI,CSMT,17:53,19:12,37.12
98137,78.0,1.3,49,2,CST-MUMBAI,CSMT,PANVEL,PNVL,16:36,17:54,37.69
98138,78.0,1.3,49,2,PANVEL,PNVL,CST-MUMBAI,CSMT,18:06,19:24,37.69
98139,77.0,1.28,49,2,CST-MUMBAI,CSMT,PANVEL,PNVL,16:52,18:09,38.28
98140,81.0,1.35,49,2,PANVEL,PNVL,CST-MUMBAI,CSMT,18:22,19:43,36.3
98141,77.0,1.28,49,2,CST-MUMBAI,CSMT,PANVEL,PNVL,17:04,18:21,38.28
98142,79.0,1.32,49,2,PANVEL,PNVL,CST-MUMBAI,CSMT,18:38,19:57,37.12
98143,60.0,1.0,39,2,MUMBAI VADAL,VDLR,PANVEL,PNVL,17:30,18:30,39.0
98144,59.0,0.98,39,2,PANVEL,PNVL,MUMBAI VADAL,VDLR,18:47,19:46,39.8
98145,78.0,1.3,49,2,CST-MUMBAI,CSMT,PANVEL,PNVL,17:21,18:39,37.69
98146,77.0,1.28,49,2,PANVEL,PNVL,CST-MUMBAI,CSMT,18:57,20:14,38.28
98147,77.0,1.28,49,2,CST-MUMBAI,CSMT,PANVEL,PNVL,17:33,18:50,38.28
98148,77.0,1.28,49,2,PANVEL,PNVL,CST-MUMBAI,CSMT,19:05,20:22,38.28
98149,60.0,1.0,39,2,MUMBAI VADAL,VDLR,PANVEL,PNVL,17:55,18:55,39.0
98150,77.0,1.28,49,2,PANVEL,PNVL,CST-MUMBAI,CSMT,19:15,20:32,38.28
98151,79.0,1.32,49,2,CST-MUMBAI,CSMT,PANVEL,PNVL,17:46,19:05,37.12
98152,77.0,1.28,49,2,PANVEL,PNVL,CST-MUMBAI,CSMT,19:26,20:43,38.28
98153,78.0,1.3,49,2,CST-MUMBAI,CSMT,PANVEL,PNVL,17:57,19:15,37.69
98154,77.0,1.28,49,2,PANVEL,PNVL,CST-MUMBAI,CSMT,19:39,20:56,38.28
98155,78.0,1.3,49,2,CST-MUMBAI,CSMT,PANVEL,PNVL,18:01,19:19,37.69
98156,77.0,1.28,49,2,PANVEL,PNVL,CST-MUMBAI,CSMT,19:53,21:10,38.28
98157,78.0,1.3,49,2,CST-MUMBAI,CSMT,PANVEL,PNVL,18:12,19:30,37.69
98158,77.0,1.28,49,2,PANVEL,PNVL,CST-MUMBAI,CSMT,19:57,21:14,38.28
98159,77.0,1.28,49,2,CST-MUMBAI,CSMT,PANVEL,PNVL,18:26,19:43,38.28
98160,79.0,1.32,49,2,PANVEL,PNVL,CST-MUMBAI,CSMT,20:07,21:26,37.12
98161,77.0,1.28,49,2,CST-MUMBAI,CSMT,PANVEL,PNVL,18:40,19:57,38.28
98162,78.0,1.3,49,2,PANVEL,PNVL,CST-MUMBAI,CSMT,20:20,21:38,37.69
98163,79.0,1.32,49,2,CST-MUMBAI,CSMT,PANVEL,PNVL,18:54,20:13,37.12
98164,78.0,1.3,49,2,PANVEL,PNVL,CST-MUMBAI,CSMT,20:28,21:46,37.69
98165,77.0,1.28,49,2,CST-MUMBAI,CSMT,PANVEL,PNVL,19:07,20:24,38.28
98166,30.0,0.5,20,2,PANVEL,PNVL,VASHI,VSH,20:37,21:07,40.0
98167,60.0,1.0,39,2,MUMBAI VADAL,VDLR,PANVEL,PNVL,19:29,20:29,39.0
98168,79.0,1.32,49,2,PANVEL,PNVL,CST-MUMBAI,CSMT,20:42,22:01,37.12
98169,77.0,1.28,49,2,CST-MUMBAI,CSMT,PANVEL,PNVL,19:20,20:37,38.28
98170,78.0,1.3,49,2,PANVEL,PNVL,CST-MUMBAI,CSMT,20:47,22:05,37.69
98171,78.0,1.3,49,2,CST-MUMBAI,CSMT,PANVEL,PNVL,19:32,20:50,37.69
98172,78.0,1.3,49,2,PANVEL,PNVL,CST-MUMBAI,CSMT,20:56,22:14,37.69
98173,59.0,0.98,39,2,MUMBAI VADAL,VDLR,PANVEL,PNVL,20:00,20:59,39.8
98174,78.0,1.3,49,2,PANVEL,PNVL,CST-MUMBAI,CSMT,21:04,22:22,37.69
98175,78.0,1.3,49,2,CST-MUMBAI,CSMT,PANVEL,PNVL,19:52,21:10,37.69
98176,78.0,1.3,49,2,PANVEL,PNVL,CST-MUMBAI,CSMT,21:14,22:32,37.69
98177,60.0,1.0,39,2,MUMBAI VADAL,VDLR,PANVEL,PNVL,20:14,21:14,39.0
98178,78.0,1.3,49,2,PANVEL,PNVL,CST-MUMBAI,CSMT,21:27,22:45,37.69
98179,78.0,1.3,49,2,CST-MUMBAI,CSMT,PANVEL,PNVL,20:05,21:23,37.69
98180,77.0,1.28,49,2,PANVEL,PNVL,CST-MUMBAI,CSMT,21:38,22:55,38.28
98181,60.0,1.0,39,2,MUMBAI VADAL,VDLR,PANVEL,PNVL,20:30,21:30,39.0
98182,78.0,1.3,49,2,PANVEL,PNVL,CST-MUMBAI,CSMT,21:48,23:06,37.69
98183,77.0,1.28,49,2,CST-MUMBAI,CSMT,PANVEL,PNVL,20:17,21:34,38.28
98184,77.0,1.28,49,2,PANVEL,PNVL,CST-MUMBAI,CSMT,21:58,23:15,38.28
98185,77.0,1.28,49,2,CST-MUMBAI,CSMT,PANVEL,PNVL,20:35,21:52,38.28
98186,78.0,1.3,49,2,PANVEL,PNVL,CST-MUMBAI,CSMT,22:05,23:23,37.69
98187,60.0,1.0,39,2,MUMBAI VADAL,VDLR,PANVEL,PNVL,21:03,22:03,39.0
98188,77.0,1.28,49,2,PANVEL,PNVL,CST-MUMBAI,CSMT,22:15,23:32,38.28
98189,77.0,1.28,49,2,CST-MUMBAI,CSMT,PANVEL,PNVL,20:50,22:07,38.28
98190,77.0,1.28,49,2,PANVEL,PNVL,CST-MUMBAI,CSMT,22:30,23:47,38.28
98191,77.0,1.28,49,2,CST-MUMBAI,CSMT,PANVEL,PNVL,21:00,22:17,38.28
98192,78.0,1.3,49,2,PANVEL,PNVL,CST-MUMBAI,CSMT,22:45,00:03,37.69
98193,78.0,1.3,49,2,CST-MUMBAI,CSMT,PANVEL,PNVL,21:14,22:32,37.69
98194,77.0,1.28,49,2,PANVEL,PNVL,CST-MUMBAI,CSMT,23:00,00:17,38.28
98195,79.0,1.32,49,2,CST-MUMBAI,CSMT,PANVEL,PNVL,21:30,22:49,37.12
98196,15.0,0.25,10,2,PANVEL,PNVL,BELAPUR C.B.,BEPR,23:08,23:23,40.0
98197,78.0,1.3,49,2,CST-MUMBAI,CSMT,PANVEL,PNVL,21:42,23:00,37.69
98198,78.0,1.3,49,2,PANVEL,PNVL,CST-MUMBAI,CSMT,23:23,00:41,37.69
98199,78.0,1.3,49,2,CST-MUMBAI,CSMT,PANVEL,PNVL,21:57,23:15,37.69
98200,30.0,0.5,20,2,PANVEL,PNVL,VASHI,VSH,23:31,00:01,40.0
98201,78.0,1.3,49,2,CST-MUMBAI,CSMT,PANVEL,PNVL,22:05,23:23,37.69
98202,78.0,1.3,49,2,PANVEL,PNVL,CST-MUMBAI,CSMT,23:44,01:02,37.69
98203,77.0,1.28,49,2,CST-MUMBAI,CSMT,PANVEL,PNVL,22:18,23:35,38.28
98204,80.0,1.33,49,2,PANVEL,PNVL,CST-MUMBAI,CSMT,23:59,01:19,36.84
98205,77.0,1.28,49,2,CST-MUMBAI,CSMT,PANVEL,PNVL,22:32,23:49,38.28
98207,77.0,1.28,49,2,CST-MUMBAI,CSMT,PANVEL,PNVL,22:51,00:08,38.28
98208,15.0,0.25,10,2,PANVEL,PNVL,BELAPUR C.B.,BEPR,21:31,21:46,40.0
98209,77.0,1.28,49,2,CST-MUMBAI,CSMT,PANVEL,PNVL,23:00,00:17,38.28
98211,77.0,1.28,49,2,CST-MUMBAI,CSMT,PANVEL,PNVL,23:15,00:32,38.28
98213,77.0,1.28,49,2,CST-MUMBAI,CSMT,PANVEL,PNVL,23:30,00:47,38.28
98214,15.0,0.25,10,2,PANVEL,PNVL,BELAPUR C.B.,BEPR,00:15,00:30,40.0
98215,78.0,1.3,49,2,CST-MUMBAI,CSMT,PANVEL,PNVL,23:51,01:09,37.69
98300,64.0,1.07,38,2,BELAPUR C.B.,BEPR,CST-MUMBAI,CSMT,03:48,04:52,35.51
98301,64.0,1.07,38,2,CST-MUMBAI,CSMT,BELAPUR C.B.,BEPR,00:03,01:07,35.51
98302,64.0,1.07,38,2,BELAPUR C.B.,BEPR,CST-MUMBAI,CSMT,04:04,05:08,35.51
98303,63.0,1.05,38,2,CST-MUMBAI,CSMT,BELAPUR C.B.,BEPR,06:12,07:15,36.19
98304,64.0,1.07,38,2,BELAPUR C.B.,BEPR,CST-MUMBAI,CSMT,04:28,05:32,35.51
98305,63.0,1.05,38,2,CST-MUMBAI,CSMT,BELAPUR C.B.,BEPR,06:36,07:39,36.19
98306,64.0,1.07,38,2,BELAPUR C.B.,BEPR,CST-MUMBAI,CSMT,05:00,06:04,35.51
98307,66.0,1.1,38,2,CST-MUMBAI,CSMT,BELAPUR C.B.,BEPR,06:48,07:54,34.55
98308,64.0,1.07,38,2,BELAPUR C.B.,BEPR,CST-MUMBAI,CSMT,05:28,06:32,35.51
98309,46.0,0.77,28,2,MUMBAI VADAL,VDLR,BELAPUR C.B.,BEPR,07:51,08:37,36.36
98310,64.0,1.07,38,2,BELAPUR C.B.,BEPR,CST-MUMBAI,CSMT,05:44,06:48,35.51
98311,63.0,1.05,38,2,CST-MUMBAI,CSMT,BELAPUR C.B.,BEPR,07:49,08:52,36.19
98312,63.0,1.05,38,2,BELAPUR C.B.,BEPR,CST-MUMBAI,CSMT,05:57,07:00,36.19
98313,63.0,1.05,38,2,CST-MUMBAI,CSMT,BELAPUR C.B.,BEPR,08:09,09:12,36.19
98314,63.0,1.05,38,2,BELAPUR C.B.,BEPR,CST-MUMBAI,CSMT,06:15,07:18,36.19
98315,63.0,1.05,38,2,CST-MUMBAI,CSMT,BELAPUR C.B.,BEPR,08:29,09:32,36.19
98316,63.0,1.05,38,2,BELAPUR C.B.,BEPR,CST-MUMBAI,CSMT,06:29,07:32,36.19
98317,63.0,1.05,38,2,CST-MUMBAI,CSMT,BELAPUR C.B.,BEPR,08:45,09:48,36.19
98318,63.0,1.05,38,2,BELAPUR C.B.,BEPR,CST-MUMBAI,CSMT,06:42,07:45,36.19
98319,63.0,1.05,38,2,CST-MUMBAI,CSMT,BELAPUR C.B.,BEPR,08:57,10:00,36.19
98320,63.0,1.05,38,2,BELAPUR C.B.,BEPR,CST-MUMBAI,CSMT,07:26,08:29,36.19
98321,46.0,0.77,28,2,MUMBAI VADAL,VDLR,BELAPUR C.B.,BEPR,09:43,10:29,36.36
98322,63.0,1.05,38,2,BELAPUR C.B.,BEPR,CST-MUMBAI,CSMT,07:50,08:53,36.19
98323,65.0,1.08,38,2,CST-MUMBAI,CSMT,BELAPUR C.B.,BEPR,09:37,10:42,35.19
98324,63.0,1.05,38,2,BELAPUR C.B.,BEPR,CST-MUMBAI,CSMT,08:06,09:09,36.19
98325,63.0,1.05,38,2,CST-MUMBAI,CSMT,BELAPUR C.B.,BEPR,09:57,11:00,36.19
98326,63.0,1.05,38,2,BELAPUR C.B.,BEPR,CST-MUMBAI,CSMT,08:46,09:49,36.19
98327,63.0,1.05,38,2,CST-MUMBAI,CSMT,BELAPUR C.B.,BEPR,10:27,11:30,36.19
98328,65.0,1.08,38,2,BELAPUR C.B.,BEPR,CST-MUMBAI,CSMT,09:07,10:12,35.19
98329,48.0,0.8,28,2,MUMBAI VADAL,VDLR,BELAPUR C.B.,BEPR,10:55,11:43,35.0
98330,63.0,1.05,38,2,BELAPUR C.B.,BEPR,CST-MUMBAI,CSMT,09:20,10:23,36.19
98331,63.0,1.05,38,2,CST-MUMBAI,CSMT,BELAPUR C.B.,BEPR,11:00,12:03,36.19
98332,63.0,1.05,38,2,BELAPUR C.B.,BEPR,CST-MUMBAI,CSMT,09:39,10:42,36.19
98333,63.0,1.05,38,2,CST-MUMBAI,CSMT,BELAPUR C.B.,BEPR,11:17,12:20,36.19
98334,45.0,0.75,28,2,BELAPUR C.B.,BEPR,MUMBAI VADAL,VDLR,09:58,10:43,37.33
98335,65.0,1.08,38,2,CST-MUMBAI,CSMT,BELAPUR C.B.,BEPR,11:29,12:34,35.19
98336,65.0,1.08,38,2,BELAPUR C.B.,BEPR,CST-MUMBAI,CSMT,10:12,11:17,35.19
98337,63.0,1.05,38,2,CST-MUMBAI,CSMT,BELAPUR C.B.,BEPR,12:17,13:20,36.19
98338,45.0,0.75,28,2,BELAPUR C.B.,BEPR,MUMBAI VADAL,VDLR,10:38,11:23,37.33
98339,64.0,1.07,38,2,CST-MUMBAI,CSMT,BELAPUR C.B.,BEPR,12:30,13:34,35.51
98340,45.0,0.75,28,2,BELAPUR C.B.,BEPR,MUMBAI VADAL,VDLR,10:50,11:35,37.33
98341,63.0,1.05,38,2,CST-MUMBAI,CSMT,BELAPUR C.B.,BEPR,13:09,14:12,36.19
98342,64.0,1.07,38,2,BELAPUR C.B.,BEPR,CST-MUMBAI,CSMT,11:09,12:13,35.51
98343,63.0,1.05,38,2,CST-MUMBAI,CSMT,BELAPUR C.B.,BEPR,13:33,14:36,36.19
98344,63.0,1.05,38,2,BELAPUR C.B.,BEPR,CST-MUMBAI,CSMT,11:38,12:41,36.19
98345,64.0,1.07,38,2,CST-MUMBAI,CSMT,BELAPUR C.B.,BEPR,13:49,14:53,35.51
98346,63.0,1.05,38,2,BELAPUR C.B.,BEPR,CST-MUMBAI,CSMT,11:58,13:01,36.19
98347,63.0,1.05,38,2,CST-MUMBAI,CSMT,BELAPUR C.B.,BEPR,14:21,15:24,36.19
98348,63.0,1.05,38,2,BELAPUR C.B.,BEPR,CST-MUMBAI,CSMT,12:14,13:17,36.19
98349,64.0,1.07,38,2,CST-MUMBAI,CSMT,BELAPUR C.B.,BEPR,14:37,15:41,35.51
98350,64.0,1.07,38,2,BELAPUR C.B.,BEPR,CST-MUMBAI,CSMT,12:30,13:34,35.51
98351,64.0,1.07,38,2,CST-MUMBAI,CSMT,BELAPUR C.B.,BEPR,14:49,15:53,35.51
98352,64.0,1.07,38,2,BELAPUR C.B.,BEPR,CST-MUMBAI,CSMT,12:41,13:45,35.51
98353,65.0,1.08,38,2,CST-MUMBAI,CSMT,BELAPUR C.B.,BEPR,15:29,16:34,35.19
98354,63.0,1.05,38,2,BELAPUR C.B.,BEPR,CST-MUMBAI,CSMT,13:30,14:33,36.19
98355,46.0,0.77,28,2,MUMBAI VADAL,VDLR,BELAPUR C.B.,BEPR,16:07,16:53,36.36
98356,63.0,1.05,38,2,BELAPUR C.B.,BEPR,CST-MUMBAI,CSMT,13:50,14:53,36.19
98357,63.0,1.05,38,2,CST-MUMBAI,CSMT,BELAPUR C.B.,BEPR,16:28,17:31,36.19
98358,63.0,1.05,38,2,BELAPUR C.B.,BEPR,CST-MUMBAI,CSMT,14:26,15:29,36.19
98359,63.0,1.05,38,2,CST-MUMBAI,CSMT,BELAPUR C.B.,BEPR,16:48,17:51,36.19
98360,64.0,1.07,38,2,BELAPUR C.B.,BEPR,CST-MUMBAI,CSMT,14:49,15:53,35.51
98361,63.0,1.05,38,2,CST-MUMBAI,CSMT,BELAPUR C.B.,BEPR,17:00,18:03,36.19
98362,64.0,1.07,38,2,BELAPUR C.B.,BEPR,CST-MUMBAI,CSMT,15:04,16:08,35.51
98363,63.0,1.05,38,2,CST-MUMBAI,CSMT,BELAPUR C.B.,BEPR,17:16,18:19,36.19
98364,48.0,0.8,28,2,BELAPUR C.B.,BEPR,MUMBAI VADAL,VDLR,15:37,16:25,35.0
98365,64.0,1.07,38,2,CST-MUMBAI,CSMT,BELAPUR C.B.,BEPR,18:05,19:09,35.51
98366,63.0,1.05,38,2,BELAPUR C.B.,BEPR,CST-MUMBAI,CSMT,15:49,16:52,36.19
98367,46.0,0.77,28,2,MUMBAI VADAL,VDLR,BELAPUR C.B.,BEPR,19:01,19:47,36.36
98368,65.0,1.08,38,2,BELAPUR C.B.,BEPR,CST-MUMBAI,CSMT,16:07,17:12,35.19
98369,63.0,1.05,38,2,CST-MUMBAI,CSMT,BELAPUR C.B.,BEPR,19:02,20:05,36.19
98370,64.0,1.07,38,2,BELAPUR C.B.,BEPR,CST-MUMBAI,CSMT,16:24,17:28,35.51
98371,63.0,1.05,38,2,CST-MUMBAI,CSMT,BELAPUR C.B.,BEPR,19:16,20:19,36.19
98372,67.0,1.12,38,2,BELAPUR C.B.,BEPR,CST-MUMBAI,CSMT,16:42,17:49,33.93
98373,64.0,1.07,38,2,CST-MUMBAI,CSMT,BELAPUR C.B.,BEPR,19:37,20:41,35.51
98374,64.0,1.07,38,2,BELAPUR C.B.,BEPR,CST-MUMBAI,CSMT,17:04,18:08,35.51
98375,65.0,1.08,38,2,CST-MUMBAI,CSMT,BELAPUR C.B.,BEPR,20:00,21:05,35.19
98376,63.0,1.05,38,2,BELAPUR C.B.,BEPR,CST-MUMBAI,CSMT,17:39,18:42,36.19
98377,63.0,1.05,38,2,CST-MUMBAI,CSMT,BELAPUR C.B.,BEPR,20:26,21:29,36.19
98378,65.0,1.08,38,2,BELAPUR C.B.,BEPR,CST-MUMBAI,CSMT,17:59,19:04,35.19
98379,64.0,1.07,38,2,CST-MUMBAI,CSMT,BELAPUR C.B.,BEPR,21:18,22:22,35.51
98380,66.0,1.1,38,2,BELAPUR C.B.,BEPR,CST-MUMBAI,CSMT,18:14,19:20,34.55
98381,65.0,1.08,38,2,CST-MUMBAI,CSMT,BELAPUR C.B.,BEPR,21:38,22:43,35.19
98382,63.0,1.05,38,2,BELAPUR C.B.,BEPR,CST-MUMBAI,CSMT,18:29,19:32,36.19
98384,45.0,0.75,28,2,BELAPUR C.B.,BEPR,MUMBAI VADAL,VDLR,19:23,20:08,37.33
98386,63.0,1.05,38,2,BELAPUR C.B.,BEPR,CST-MUMBAI,CSMT,19:57,21:00,36.19
98388,67.0,1.12,38,2,BELAPUR C.B.,BEPR,CST-MUMBAI,CSMT,20:15,21:22,33.93
98390,64.0,1.07,38,2,BELAPUR C.B.,BEPR,CST-MUMBAI,CSMT,20:30,21:34,35.51
98392,63.0,1.05,38,2,BELAPUR C.B.,BEPR,CST-MUMBAI,CSMT,20:48,21:51,36.19
98394,63.0,1.05,38,2,BELAPUR C.B.,BEPR,CST-MUMBAI,CSMT,21:15,22:18,36.19
98500,48.0,0.8,28,2,VASHI,VSH,CST-MUMBAI,CSMT,04:00,04:48,35.0
98501,47.0,0.78,28,2,CST-MUMBAI,CSMT,VASHI,VSH,07:18,08:05,35.9
98502,48.0,0.8,28,2,VASHI,VSH,CST-MUMBAI,CSMT,04:16,05:04,35.0
98503,48.0,0.8,28,2,CST-MUMBAI,CSMT,VASHI,VSH,07:36,08:24,35.0
98504,48.0,0.8,28,2,VASHI,VSH,CST-MUMBAI,CSMT,04:38,05:26,35.0
98505,47.0,0.78,28,2,CST-MUMBAI,CSMT,VASHI,VSH,08:13,09:00,35.9
98506,48.0,0.8,28,2,VASHI,VSH,CST-MUMBAI,CSMT,05:04,05:52,35.0
98507,29.0,0.48,19,2,MUMBAI VADAL,VDLR,VASHI,VSH,09:07,09:36,39.58
98508,48.0,0.8,28,2,VASHI,VSH,CST-MUMBAI,CSMT,05:20,06:08,35.0
98509,48.0,0.8,28,2,CST-MUMBAI,CSMT,VASHI,VSH,09:09,09:57,35.0
98510,48.0,0.8,28,2,VASHI,VSH,CST-MUMBAI,CSMT,05:36,06:24,35.0
98511,47.0,0.78,28,2,CST-MUMBAI,CSMT,VASHI,VSH,09:21,10:08,35.9
98512,48.0,0.8,28,2,VASHI,VSH,CST-MUMBAI,CSMT,05:48,06:36,35.0
98513,48.0,0.8,28,2,CST-MUMBAI,CSMT,VASHI,VSH,09:33,10:21,35.0
98514,30.0,0.5,19,2,VASHI,VSH,MUMBAI VADAL,VDLR,06:04,06:34,38.0
98515,47.0,0.78,28,2,CST-MUMBAI,CSMT,VASHI,VSH,09:49,10:36,35.9
98516,48.0,0.8,28,2,VASHI,VSH,CST-MUMBAI,CSMT,07:09,07:57,35.0
98517,47.0,0.78,28,2,CST-MUMBAI,CSMT,VASHI,VSH,10:08,10:55,35.9
98518,48.0,0.8,28,2,VASHI,VSH,CST-MUMBAI,CSMT,07:17,08:05,35.0
98519,48.0,0.8,28,2,CST-MUMBAI,CSMT,VASHI,VSH,10:16,11:04,35.0
98520,48.0,0.8,28,2,VASHI,VSH,CST-MUMBAI,CSMT,07:32,08:20,35.0
98521,48.0,0.8,28,2,CST-MUMBAI,CSMT,VASHI,VSH,10:34,11:22,35.0
98522,48.0,0.8,28,2,VASHI,VSH,CST-MUMBAI,CSMT,08:13,09:01,35.0
98523,47.0,0.78,28,2,CST-MUMBAI,CSMT,VASHI,VSH,10:45,11:32,35.9
98524,49.0,0.82,28,2,VASHI,VSH,CST-MUMBAI,CSMT,08:36,09:25,34.15
98525,47.0,0.78,28,2,CST-MUMBAI,CSMT,VASHI,VSH,10:56,11:43,35.9
98526,49.0,0.82,28,2,VASHI,VSH,CST-MUMBAI,CSMT,09:15,10:04,34.15
98527,29.0,0.48,19,2,MUMBAI VADAL,VDLR,VASHI,VSH,11:31,12:00,39.58
98528,48.0,0.8,28,2,VASHI,VSH,CST-MUMBAI,CSMT,09:43,10:31,35.0
98529,47.0,0.78,28,2,CST-MUMBAI,CSMT,VASHI,VSH,12:45,13:32,35.9
98530,48.0,0.8,28,2,VASHI,VSH,CST-MUMBAI,CSMT,10:04,10:52,35.0
98531,47.0,0.78,28,2,CST-MUMBAI,CSMT,VASHI,VSH,13:01,13:48,35.9
98532,48.0,0.8,28,2,VASHI,VSH,CST-MUMBAI,CSMT,10:17,11:05,35.0
98533,47.0,0.78,28,2,CST-MUMBAI,CSMT,VASHI,VSH,13:37,14:24,35.9
98535,47.0,0.78,28,2,CST-MUMBAI,CSMT,VASHI,VSH,15:45,16:32,35.9
98537,47.0,0.78,28,2,CST-MUMBAI,CSMT,VASHI,VSH,16:13,17:00,35.9
98538,30.0,0.5,19,2,VASHI,VSH,MUMBAI VADAL,VDLR,13:41,14:11,38.0
98539,47.0,0.78,28,2,CST-MUMBAI,CSMT,VASHI,VSH,16:40,17:27,35.9
98540,48.0,0.8,28,2,VASHI,VSH,CST-MUMBAI,CSMT,13:57,14:45,35.0
98541,47.0,0.78,28,2,CST-MUMBAI,CSMT,VASHI,VSH,17:08,17:55,35.9
98543,48.0,0.8,28,2,CST-MUMBAI,CSMT,VASHI,VSH,17:25,18:13,35.0
98544,48.0,0.8,28,2,VASHI,VSH,CST-MUMBAI,CSMT,14:37,15:25,35.0
98545,49.0,0.82,28,2,CST-MUMBAI,CSMT,VASHI,VSH,17:41,18:30,34.15
98546,30.0,0.5,19,2,VASHI,VSH,MUMBAI VADAL,VDLR,15:25,15:55,38.0
98547,49.0,0.82,28,2,CST-MUMBAI,CSMT,VASHI,VSH,17:53,18:42,34.15
98548,48.0,0.8,28,2,VASHI,VSH,CST-MUMBAI,CSMT,15:35,16:23,35.0
98549,47.0,0.78,28,2,CST-MUMBAI,CSMT,VASHI,VSH,18:16,19:03,35.9
98550,48.0,0.8,28,2,VASHI,VSH,CST-MUMBAI,CSMT,15:48,16:36,35.0
98551,48.0,0.8,28,2,CST-MUMBAI,CSMT,VASHI,VSH,18:33,19:21,35.0
98552,48.0,0.8,28,2,VASHI,VSH,CST-MUMBAI,CSMT,16:16,17:04,35.0
98553,49.0,0.82,28,2,CST-MUMBAI,CSMT,VASHI,VSH,18:47,19:36,34.15
98554,48.0,0.8,28,2,VASHI,VSH,CST-MUMBAI,CSMT,16:32,17:20,35.0
98555,48.0,0.8,28,2,CST-MUMBAI,CSMT,VASHI,VSH,19:24,20:12,35.0
98556,49.0,0.82,28,2,VASHI,VSH,CST-MUMBAI,CSMT,16:47,17:36,34.15
98557,47.0,0.78,28,2,CST-MUMBAI,CSMT,VASHI,VSH,19:47,20:34,35.9
98558,30.0,0.5,19,2,VASHI,VSH,MUMBAI VADAL,VDLR,16:55,17:25,38.0
98559,47.0,0.78,28,2,CST-MUMBAI,CSMT,VASHI,VSH,20:39,21:26,35.9
98560,48.0,0.8,28,2,VASHI,VSH,CST-MUMBAI,CSMT,17:08,17:56,35.0
98561,47.0,0.78,28,2,CST-MUMBAI,CSMT,VASHI,VSH,21:05,21:52,35.9
98562,30.0,0.5,19,2,VASHI,VSH,MUMBAI VADAL,VDLR,17:16,17:46,38.0
98563,48.0,0.8,28,2,CST-MUMBAI,CSMT,VASHI,VSH,21:26,22:14,35.0
98564,48.0,0.8,28,2,VASHI,VSH,CST-MUMBAI,CSMT,17:35,18:23,35.0
98565,47.0,0.78,28,2,CST-MUMBAI,CSMT,VASHI,VSH,21:52,22:39,35.9
98566,48.0,0.8,28,2,VASHI,VSH,CST-MUMBAI,CSMT,18:02,18:50,35.0
98567,47.0,0.78,28,2,CST-MUMBAI,CSMT,VASHI,VSH,22:09,22:56,35.9
98568,50.0,0.83,28,2,VASHI,VSH,CST-MUMBAI,CSMT,18:26,19:16,33.73
98569,47.0,0.78,28,2,CST-MUMBAI,CSMT,VASHI,VSH,22:22,23:09,35.9
98570,32.0,0.53,19,2,VASHI,VSH,MUMBAI VADAL,VDLR,18:38,19:10,35.85
98571,47.0,0.78,28,2,CST-MUMBAI,CSMT,VASHI,VSH,22:38,23:25,35.9
98572,50.0,0.83,28,2,VASHI,VSH,CST-MUMBAI,CSMT,18:57,19:47,33.73
98573,47.0,0.78,28,2,CST-MUMBAI,CSMT,VASHI,VSH,23:19,00:06,35.9
98574,48.0,0.8,28,2,VASHI,VSH,CST-MUMBAI,CSMT,19:12,20:00,35.0
98575,47.0,0.78,28,2,CST-MUMBAI,CSMT,VASHI,VSH,23:38,00:25,35.9
98576,48.0,0.8,28,2,VASHI,VSH,CST-MUMBAI,CSMT,19:30,20:18,35.0
98577,47.0,0.78,28,2,CST-MUMBAI,CSMT,VASHI,VSH,23:55,00:42,35.9
98578,30.0,0.5,19,2,VASHI,VSH,MUMBAI VADAL,VDLR,19:51,20:21,38.0
98580,31.0,0.52,19,2,VASHI,VSH,MUMBAI VADAL,VDLR,20:29,21:00,36.54
98600,41.0,0.68,21,2,MANKHURD,MNKD,CST-MUMBAI,CSMT,08:00,08:41,30.88
98601,44.0,0.73,21,2,CST-MUMBAI,CSMT,MANKHURD,MNKD,07:04,07:48,28.77
98602,41.0,0.68,21,2,MANKHURD,MNKD,CST-MUMBAI,CSMT,08:52,09:33,30.88
98603,44.0,0.73,21,2,CST-MUMBAI,CSMT,MANKHURD,MNKD,07:57,08:41,28.77
98604,36.0,0.6,17,2,CHEMBUR,CMBR,CST-MUMBAI,CSMT,09:09,09:45,28.33
98605,33.0,0.55,17,2,CST-MUMBAI,CSMT,CHEMBUR,CMBR,08:33,09:06,30.91
98700,20.0,0.33,10,2,RAVLI JN,RVJ,CST-MUMBAI,CSMT,00:55,01:15,30.3
98701,20.0,0.33,10,2,CST-MUMBAI,CSMT,RAVLI JN,RVJ,04:27,04:47,30.3
98702,21.0,0.35,10,2,RAVLI JN,RVJ,CST-MUMBAI,CSMT,05:39,06:00,28.57
98703,20.0,0.33,10,2,CST-MUMBAI,CSMT,RAVLI JN,RVJ,04:55,05:15,30.3
98704,21.0,0.35,10,2,RAVLI JN,RVJ,CST-MUMBAI,CSMT,06:07,06:28,28.57
98705,20.0,0.33,10,2,CST-MUMBAI,CSMT,RAVLI JN,RVJ,05:12,05:32,30.3
98706,21.0,0.35,10,2,RAVLI JN,RVJ,CST-MUMBAI,CSMT,06:31,06:52,28.57
98707,20.0,0.33,10,2,CST-MUMBAI,CSMT,RAVLI JN,RVJ,05:26,05:46,30.3
98708,21.0,0.35,10,2,RAVLI JN,RVJ,CST-MUMBAI,CSMT,06:43,07:04,28.57
98709,20.0,0.33,10,2,CST-MUMBAI,CSMT,RAVLI JN,RVJ,05:52,06:12,30.3
98710,21.0,0.35,10,2,RAVLI JN,RVJ,CST-MUMBAI,CSMT,07:05,07:26,28.57
98711,20.0,0.33,10,2,CST-MUMBAI,CSMT,RAVLI JN,RVJ,06:16,06:36,30.3
98712,21.0,0.35,10,2,RAVLI JN,RVJ,CST-MUMBAI,CSMT,07:28,07:49,28.57
98713,20.0,0.33,10,2,CST-MUMBAI,CSMT,RAVLI JN,RVJ,06:40,07:00,30.3
98714,21.0,0.35,10,2,RAVLI JN,RVJ,CST-MUMBAI,CSMT,07:52,08:13,28.57
98715,20.0,0.33,10,2,CST-MUMBAI,CSMT,RAVLI JN,RVJ,07:09,07:29,30.3
98716,21.0,0.35,10,2,RAVLI JN,RVJ,CST-MUMBAI,CSMT,08:24,08:45,28.57
98717,20.0,0.33,10,2,CST-MUMBAI,CSMT,RAVLI JN,RVJ,07:40,08:00,30.3
98718,21.0,0.35,10,2,RAVLI JN,RVJ,CST-MUMBAI,CSMT,08:52,09:13,28.57
98719,20.0,0.33,10,2,CST-MUMBAI,CSMT,RAVLI JN,RVJ,08:01,08:21,30.3
98720,21.0,0.35,10,2,RAVLI JN,RVJ,CST-MUMBAI,CSMT,09:16,09:37,28.57
98721,20.0,0.33,10,2,CST-MUMBAI,CSMT,RAVLI JN,RVJ,08:37,08:57,30.3
98722,21.0,0.35,10,2,RAVLI JN,RVJ,CST-MUMBAI,CSMT,09:40,10:01,28.57
98723,20.0,0.33,10,2,CST-MUMBAI,CSMT,RAVLI JN,RVJ,09:01,09:21,30.3
98724,21.0,0.35,10,2,RAVLI JN,RVJ,CST-MUMBAI,CSMT,10:13,10:34,28.57
98725,20.0,0.33,10,2,CST-MUMBAI,CSMT,RAVLI JN,RVJ,09:25,09:45,30.3
98726,21.0,0.35,10,2,RAVLI JN,RVJ,CST-MUMBAI,CSMT,10:39,11:00,28.57
98727,20.0,0.33,10,2,CST-MUMBAI,CSMT,RAVLI JN,RVJ,09:53,10:13,30.3
98728,21.0,0.35,10,2,RAVLI JN,RVJ,CST-MUMBAI,CSMT,11:08,11:29,28.57
98729,20.0,0.33,10,2,CST-MUMBAI,CSMT,RAVLI JN,RVJ,10:20,10:40,30.3
98730,21.0,0.35,10,2,RAVLI JN,RVJ,CST-MUMBAI,CSMT,11:33,11:54,28.57
98731,20.0,0.33,10,2,CST-MUMBAI,CSMT,RAVLI JN,RVJ,10:48,11:08,30.3
98732,21.0,0.35,10,2,RAVLI JN,RVJ,CST-MUMBAI,CSMT,12:00,12:21,28.57
98733,20.0,0.33,10,2,CST-MUMBAI,CSMT,RAVLI JN,RVJ,11:13,11:33,30.3
98734,21.0,0.35,10,2,RAVLI JN,RVJ,CST-MUMBAI,CSMT,12:32,12:53,28.57
98735,21.0,0.35,10,2,CST-MUMBAI,CSMT,RAVLI JN,RVJ,11:45,12:06,28.57
98736,21.0,0.35,10,2,RAVLI JN,RVJ,CST-MUMBAI,CSMT,13:00,13:21,28.57
98737,20.0,0.33,10,2,CST-MUMBAI,CSMT,RAVLI JN,RVJ,12:13,12:33,30.3
98738,21.0,0.35,10,2,RAVLI JN,RVJ,CST-MUMBAI,CSMT,13:28,13:49,28.57
98739,20.0,0.33,10,2,CST-MUMBAI,CSMT,RAVLI JN,RVJ,12:57,13:17,30.3
98740,21.0,0.35,10,2,RAVLI JN,RVJ,CST-MUMBAI,CSMT,14:16,14:37,28.57
98741,20.0,0.33,10,2,CST-MUMBAI,CSMT,RAVLI JN,RVJ,13:25,13:45,30.3
98742,21.0,0.35,10,2,RAVLI JN,RVJ,CST-MUMBAI,CSMT,14:40,15:01,28.57
98743,20.0,0.33,10,2,CST-MUMBAI,CSMT,RAVLI JN,RVJ,13:54,14:14,30.3
98744,21.0,0.35,10,2,RAVLI JN,RVJ,CST-MUMBAI,CSMT,15:12,15:33,28.57
98745,20.0,0.33,10,2,CST-MUMBAI,CSMT,RAVLI JN,RVJ,14:25,14:45,30.3
98746,20.0,0.33,10,2,RAVLI JN,RVJ,CST-MUMBAI,CSMT,15:40,16:00,30.3
98747,20.0,0.33,10,2,CST-MUMBAI,CSMT,RAVLI JN,RVJ,14:53,15:13,30.3
98748,20.0,0.33,10,2,RAVLI JN,RVJ,CST-MUMBAI,CSMT,16:08,16:28,30.3
98749,20.0,0.33,10,2,CST-MUMBAI,CSMT,RAVLI JN,RVJ,15:21,15:41,30.3
98750,21.0,0.35,10,2,RAVLI JN,RVJ,CST-MUMBAI,CSMT,16:38,16:59,28.57
98751,20.0,0.33,10,2,CST-MUMBAI,CSMT,RAVLI JN,RVJ,15:49,16:09,30.3
98752,21.0,0.35,10,2,RAVLI JN,RVJ,CST-MUMBAI,CSMT,17:03,17:24,28.57
98753,20.0,0.33,10,2,CST-MUMBAI,CSMT,RAVLI JN,RVJ,16:18,16:38,30.3
98754,21.0,0.35,10,2,RAVLI JN,RVJ,CST-MUMBAI,CSMT,17:32,17:53,28.57
98755,20.0,0.33,10,2,CST-MUMBAI,CSMT,RAVLI JN,RVJ,16:44,17:04,30.3
98756,21.0,0.35,10,2,RAVLI JN,RVJ,CST-MUMBAI,CSMT,17:56,18:17,28.57
98757,20.0,0.33,10,2,CST-MUMBAI,CSMT,RAVLI JN,RVJ,17:12,17:32,30.3
98758,21.0,0.35,10,2,RAVLI JN,RVJ,CST-MUMBAI,CSMT,18:25,18:46,28.57
98759,20.0,0.33,10,2,CST-MUMBAI,CSMT,RAVLI JN,RVJ,17:37,17:57,30.3
98760,20.0,0.33,10,2,RAVLI JN,RVJ,CST-MUMBAI,CSMT,18:49,19:09,30.3
98761,20.0,0.33,10,2,CST-MUMBAI,CSMT,RAVLI JN,RVJ,18:08,18:28,30.3
98762,21.0,0.35,10,2,RAVLI JN,RVJ,CST-MUMBAI,CSMT,19:19,19:40,28.57
98763,20.0,0.33,10,2,CST-MUMBAI,CSMT,RAVLI JN,RVJ,18:36,18:56,30.3
98764,20.0,0.33,10,2,RAVLI JN,RVJ,CST-MUMBAI,CSMT,19:48,20:08,30.3
98765,20.0,0.33,10,2,CST-MUMBAI,CSMT,RAVLI JN,RVJ,18:58,19:18,30.3
98766,20.0,0.33,10,2,RAVLI JN,RVJ,CST-MUMBAI,CSMT,20:09,20:29,30.3
98767,20.0,0.33,10,2,CST-MUMBAI,CSMT,RAVLI JN,RVJ,19:12,19:32,30.3
98768,22.0,0.37,10,2,RAVLI JN,RVJ,CST-MUMBAI,CSMT,20:26,20:48,27.03
98769,20.0,0.33,10,2,CST-MUMBAI,CSMT,RAVLI JN,RVJ,19:43,20:03,30.3
98770,21.0,0.35,10,2,RAVLI JN,RVJ,CST-MUMBAI,CSMT,20:57,21:18,28.57
98771,20.0,0.33,10,2,CST-MUMBAI,CSMT,RAVLI JN,RVJ,20:11,20:31,30.3
98772,20.0,0.33,10,2,RAVLI JN,RVJ,CST-MUMBAI,CSMT,21:22,21:42,30.3
98773,21.0,0.35,10,2,CST-MUMBAI,CSMT,RAVLI JN,RVJ,20:32,20:53,28.57
98774,20.0,0.33,10,2,RAVLI JN,RVJ,CST-MUMBAI,CSMT,21:50,22:10,30.3
98775,20.0,0.33,10,2,CST-MUMBAI,CSMT,RAVLI JN,RVJ,21:10,21:30,30.3
98776,20.0,0.33,10,2,RAVLI JN,RVJ,CST-MUMBAI,CSMT,22:29,22:49,30.3
98777,20.0,0.33,10,2,CST-MUMBAI,CSMT,RAVLI JN,RVJ,21:46,22:06,30.3
98778,20.0,0.33,10,2,RAVLI JN,RVJ,CST-MUMBAI,CSMT,22:59,23:19,30.3
98779,20.0,0.33,10,2,CST-MUMBAI,CSMT,RAVLI JN,RVJ,22:14,22:34,30.3
98780,20.0,0.33,10,2,RAVLI JN,RVJ,CST-MUMBAI,CSMT,23:31,23:51,30.3
98781,20.0,0.33,10,2,CST-MUMBAI,CSMT,RAVLI JN,RVJ,22:41,23:01,30.3
98782,20.0,0.33,10,2,RAVLI JN,RVJ,CST-MUMBAI,CSMT,23:53,00:13,30.3
98783,20.0,0.33,10,2,CST-MUMBAI,CSMT,RAVLI JN,RVJ,23:07,23:27,30.3
98784,20.0,0.33,10,2,RAVLI JN,RVJ,CST-MUMBAI,CSMT,00:18,00:38,30.3
98785,20.0,0.33,10,2,CST-MUMBAI,CSMT,RAVLI JN,RVJ,23:43,00:03,30.3
98800,21.0,0.35,10,2,RAVLI JN,RVJ,CST-MUMBAI,CSMT,04:18,04:39,28.57
98801,28.0,0.47,10,2,CST-MUMBAI,CSMT,RAVLI JN,RVJ,00:17,00:45,21.28
98802,21.0,0.35,10,2,RAVLI JN,RVJ,CST-MUMBAI,CSMT,04:38,04:59,28.57
98803,28.0,0.47,10,2,CST-MUMBAI,CSMT,RAVLI JN,RVJ,00:41,01:09,21.28
98804,21.0,0.35,10,2,RAVLI JN,RVJ,CST-MUMBAI,CSMT,05:01,05:22,28.57
98805,20.0,0.33,10,2,CST-MUMBAI,CSMT,RAVLI JN,RVJ,04:43,05:03,30.3
98806,21.0,0.35,10,2,RAVLI JN,RVJ,CST-MUMBAI,CSMT,05:26,05:47,28.57
98807,20.0,0.33,10,2,CST-MUMBAI,CSMT,RAVLI JN,RVJ,05:04,05:24,30.3
98808,21.0,0.35,10,2,RAVLI JN,RVJ,CST-MUMBAI,CSMT,05:51,06:12,28.57
98809,20.0,0.33,10,2,CST-MUMBAI,CSMT,RAVLI JN,RVJ,05:36,05:56,30.3
98810,21.0,0.35,10,2,RAVLI JN,RVJ,CST-MUMBAI,CSMT,06:23,06:44,28.57
98811,20.0,0.33,10,2,CST-MUMBAI,CSMT,RAVLI JN,RVJ,06:04,06:24,30.3
98812,21.0,0.35,10,2,RAVLI JN,RVJ,CST-MUMBAI,CSMT,06:51,07:12,28.57
98813,20.0,0.33,10,2,CST-MUMBAI,CSMT,RAVLI JN,RVJ,06:32,06:52,30.3
98814,21.0,0.35,10,2,RAVLI JN,RVJ,CST-MUMBAI,CSMT,07:15,07:36,28.57
98815,21.0,0.35,10,2,CST-MUMBAI,CSMT,RAVLI JN,RVJ,06:56,07:17,28.57
98816,21.0,0.35,10,2,RAVLI JN,RVJ,CST-MUMBAI,CSMT,07:40,08:01,28.57
98817,20.0,0.33,10,2,CST-MUMBAI,CSMT,RAVLI JN,RVJ,07:26,07:46,30.3
98818,21.0,0.35,10,2,RAVLI JN,RVJ,CST-MUMBAI,CSMT,08:12,08:33,28.57
98819,20.0,0.33,10,2,CST-MUMBAI,CSMT,RAVLI JN,RVJ,07:53,08:13,30.3
98820,21.0,0.35,10,2,RAVLI JN,RVJ,CST-MUMBAI,CSMT,08:36,08:57,28.57
98821,20.0,0.33,10,2,CST-MUMBAI,CSMT,RAVLI JN,RVJ,08:17,08:37,30.3
98822,21.0,0.35,10,2,RAVLI JN,RVJ,CST-MUMBAI,CSMT,09:00,09:21,28.57
98823,20.0,0.33,10,2,CST-MUMBAI,CSMT,RAVLI JN,RVJ,08:49,09:09,30.3
98824,21.0,0.35,10,2,RAVLI JN,RVJ,CST-MUMBAI,CSMT,09:32,09:53,28.57
98825,20.0,0.33,10,2,CST-MUMBAI,CSMT,RAVLI JN,RVJ,09:13,09:33,30.3
98826,22.0,0.37,10,2,RAVLI JN,RVJ,CST-MUMBAI,CSMT,09:57,10:19,27.03
98827,20.0,0.33,10,2,CST-MUMBAI,CSMT,RAVLI JN,RVJ,09:41,10:01,30.3
98828,21.0,0.35,10,2,RAVLI JN,RVJ,CST-MUMBAI,CSMT,10:24,10:45,28.57
98829,20.0,0.33,10,2,CST-MUMBAI,CSMT,RAVLI JN,RVJ,10:04,10:24,30.3
98830,21.0,0.35,10,2,RAVLI JN,RVJ,CST-MUMBAI,CSMT,10:48,11:09,28.57
98831,20.0,0.33,10,2,CST-MUMBAI,CSMT,RAVLI JN,RVJ,10:37,10:57,30.3
98832,21.0,0.35,10,2,RAVLI JN,RVJ,CST-MUMBAI,CSMT,11:20,11:41,28.57
98833,20.0,0.33,10,2,CST-MUMBAI,CSMT,RAVLI JN,RVJ,11:03,11:23,30.3
98834,21.0,0.35,10,2,RAVLI JN,RVJ,CST-MUMBAI,CSMT,11:48,12:09,28.57
98835,22.0,0.37,10,2,CST-MUMBAI,CSMT,RAVLI JN,RVJ,11:35,11:57,27.03
98836,21.0,0.35,10,2,RAVLI JN,RVJ,CST-MUMBAI,CSMT,12:24,12:45,28.57
98837,20.0,0.33,10,2,CST-MUMBAI,CSMT,RAVLI JN,RVJ,11:58,12:18,30.3
98838,21.0,0.35,10,2,RAVLI JN,RVJ,CST-MUMBAI,CSMT,12:44,13:05,28.57
98839,20.0,0.33,10,2,CST-MUMBAI,CSMT,RAVLI JN,RVJ,12:25,12:45,30.3
98840,21.0,0.35,10,2,RAVLI JN,RVJ,CST-MUMBAI,CSMT,13:16,13:37,28.57
98841,20.0,0.33,10,2,CST-MUMBAI,CSMT,RAVLI JN,RVJ,12:49,13:09,30.3
98842,21.0,0.35,10,2,RAVLI JN,RVJ,CST-MUMBAI,CSMT,13:37,13:58,28.57
98843,20.0,0.33,10,2,CST-MUMBAI,CSMT,RAVLI JN,RVJ,13:13,13:33,30.3
98844,21.0,0.35,10,2,RAVLI JN,RVJ,CST-MUMBAI,CSMT,14:00,14:21,28.57
98845,20.0,0.33,10,2,CST-MUMBAI,CSMT,RAVLI JN,RVJ,13:41,14:01,30.3
98846,21.0,0.35,10,2,RAVLI JN,RVJ,CST-MUMBAI,CSMT,14:28,14:49,28.57
98847,20.0,0.33,10,2,CST-MUMBAI,CSMT,RAVLI JN,RVJ,14:06,14:26,30.3
98848,21.0,0.35,10,2,RAVLI JN,RVJ,CST-MUMBAI,CSMT,14:52,15:13,28.57
98849,20.0,0.33,10,2,CST-MUMBAI,CSMT,RAVLI JN,RVJ,14:41,15:01,30.3
98850,20.0,0.33,10,2,RAVLI JN,RVJ,CST-MUMBAI,CSMT,15:25,15:45,30.3
98851,20.0,0.33,10,2,CST-MUMBAI,CSMT,RAVLI JN,RVJ,15:05,15:25,30.3
98852,21.0,0.35,10,2,RAVLI JN,RVJ,CST-MUMBAI,CSMT,15:52,16:13,28.57
98853,20.0,0.33,10,2,CST-MUMBAI,CSMT,RAVLI JN,RVJ,15:33,15:53,30.3
98854,21.0,0.35,10,2,RAVLI JN,RVJ,CST-MUMBAI,CSMT,16:19,16:40,28.57
98855,20.0,0.33,10,2,CST-MUMBAI,CSMT,RAVLI JN,RVJ,16:04,16:24,30.3
98856,22.0,0.37,10,2,RAVLI JN,RVJ,CST-MUMBAI,CSMT,16:46,17:08,27.03
98857,20.0,0.33,10,2,CST-MUMBAI,CSMT,RAVLI JN,RVJ,16:32,16:52,30.3
98858,22.0,0.37,10,2,RAVLI JN,RVJ,CST-MUMBAI,CSMT,17:22,17:44,27.03
98859,20.0,0.33,10,2,CST-MUMBAI,CSMT,RAVLI JN,RVJ,16:56,17:16,30.3
98860,21.0,0.35,10,2,RAVLI JN,RVJ,CST-MUMBAI,CSMT,17:43,18:04,28.57
98861,20.0,0.33,10,2,CST-MUMBAI,CSMT,RAVLI JN,RVJ,17:29,17:49,30.3
98862,21.0,0.35,10,2,RAVLI JN,RVJ,CST-MUMBAI,CSMT,18:12,18:33,28.57
98863,20.0,0.33,10,2,CST-MUMBAI,CSMT,RAVLI JN,RVJ,17:50,18:10,30.3
98864,21.0,0.35,10,2,RAVLI JN,RVJ,CST-MUMBAI,CSMT,18:33,18:54,28.57
98865,22.0,0.37,10,2,CST-MUMBAI,CSMT,RAVLI JN,RVJ,18:21,18:43,27.03
98866,21.0,0.35,10,2,RAVLI JN,RVJ,CST-MUMBAI,CSMT,19:07,19:28,28.57
98867,20.0,0.33,10,2,CST-MUMBAI,CSMT,RAVLI JN,RVJ,18:50,19:10,30.3
98868,21.0,0.35,10,2,RAVLI JN,RVJ,CST-MUMBAI,CSMT,19:33,19:54,28.57
98869,20.0,0.33,10,2,CST-MUMBAI,CSMT,RAVLI JN,RVJ,19:28,19:48,30.3
98870,21.0,0.35,10,2,RAVLI JN,RVJ,CST-MUMBAI,CSMT,20:14,20:35,28.57
98871,20.0,0.33,10,2,CST-MUMBAI,CSMT,RAVLI JN,RVJ,19:57,20:17,30.3
98872,21.0,0.35,10,2,RAVLI JN,RVJ,CST-MUMBAI,CSMT,20:44,21:05,28.57
98873,22.0,0.37,10,2,CST-MUMBAI,CSMT,RAVLI JN,RVJ,20:22,20:44,27.03
98874,22.0,0.37,10,2,RAVLI JN,RVJ,CST-MUMBAI,CSMT,21:08,21:30,27.03
98875,20.0,0.33,10,2,CST-MUMBAI,CSMT,RAVLI JN,RVJ,20:54,21:14,30.3
98876,20.0,0.33,10,2,RAVLI JN,RVJ,CST-MUMBAI,CSMT,21:37,21:57,30.3
98877,20.0,0.33,10,2,CST-MUMBAI,CSMT,RAVLI JN,RVJ,21:22,21:42,30.3
98878,20.0,0.33,10,2,RAVLI JN,RVJ,CST-MUMBAI,CSMT,22:06,22:26,30.3
98879,21.0,0.35,10,2,CST-MUMBAI,CSMT,RAVLI JN,RVJ,21:34,21:55,28.57
98880,20.0,0.33,10,2,RAVLI JN,RVJ,CST-MUMBAI,CSMT,22:18,22:38,30.3
98881,20.0,0.33,10,2,CST-MUMBAI,CSMT,RAVLI JN,RVJ,22:00,22:20,30.3
98882,20.0,0.33,10,2,RAVLI JN,RVJ,CST-MUMBAI,CSMT,22:43,23:03,30.3
98883,20.0,0.33,10,2,CST-MUMBAI,CSMT,RAVLI JN,RVJ,22:26,22:46,30.3
98884,20.0,0.33,10,2,RAVLI JN,RVJ,CST-MUMBAI,CSMT,23:16,23:36,30.3
98885,20.0,0.33,10,2,CST-MUMBAI,CSMT,RAVLI JN,RVJ,22:55,23:15,30.3
98886,20.0,0.33,10,2,RAVLI JN,RVJ,CST-MUMBAI,CSMT,23:39,23:59,30.3
98887,20.0,0.33,10,2,CST-MUMBAI,CSMT,RAVLI JN,RVJ,23:23,23:43,30.3
98900,66.0,1.1,40,2,RAVLI JN,RVJ,PANVEL,PNVL,08:04,09:10,36.36
98901,60.0,1.0,39,2,PANVEL,PNVL,MUMBAI VADAL,VDLR,05:57,06:57,39.0
98902,70.0,1.17,40,2,RAVLI JN,RVJ,PANVEL,PNVL,09:08,10:18,34.19
98903,59.0,0.98,39,2,PANVEL,PNVL,MUMBAI VADAL,VDLR,06:59,07:58,39.8
98904,69.0,1.15,40,2,RAVLI JN,RVJ,PANVEL,PNVL,10:01,11:10,34.78
98905,59.0,0.98,39,2,PANVEL,PNVL,MUMBAI VADAL,VDLR,07:40,08:39,39.8
98906,66.0,1.1,40,2,RAVLI JN,RVJ,PANVEL,PNVL,12:47,13:53,36.36
98907,59.0,0.98,39,2,PANVEL,PNVL,MUMBAI VADAL,VDLR,10:47,11:46,39.8
98908,68.0,1.13,40,2,RAVLI JN,RVJ,PANVEL,PNVL,18:39,19:47,35.4
98909,60.0,1.0,39,2,PANVEL,PNVL,MUMBAI VADAL,VDLR,16:33,17:33,39.0
98910,67.0,1.12,40,2,RAVLI JN,RVJ,PANVEL,PNVL,19:02,20:09,35.71
98911,59.0,0.98,39,2,PANVEL,PNVL,MUMBAI VADAL,VDLR,17:01,18:00,39.8
98912,70.0,1.17,40,2,RAVLI JN,RVJ,PANVEL,PNVL,19:37,20:47,34.19
98913,70.0,1.17,40,3,PANVEL,PNVL,RAVLI JN,RVJ,17:29,18:39,34.19
98914,68.0,1.13,40,2,RAVLI JN,RVJ,PANVEL,PNVL,20:40,21:48,35.4
98915,72.0,1.2,40,2,PANVEL,PNVL,RAVLI JN,RVJ,18:31,19:43,33.33
98916,66.0,1.1,40,2,RAVLI JN,RVJ,PANVEL,PNVL,21:34,22:40,36.36
98917,70.0,1.17,40,3,PANVEL,PNVL,RAVLI JN,RVJ,19:30,20:40,34.19
99000,54.0,0.9,34,2,PANVEL,PNVL,THANE,TNA,04:35,05:29,37.78
99001,53.0,0.88,34,2,THANE,TNA,PANVEL,PNVL,06:20,07:13,38.64
99002,53.0,0.88,34,2,PANVEL,PNVL,THANE,TNA,05:33,06:26,38.64
99003,53.0,0.88,34,2,THANE,TNA,PANVEL,PNVL,07:05,07:58,38.64
99004,53.0,0.88,34,2,PANVEL,PNVL,THANE,TNA,06:19,07:12,38.64
99005,53.0,0.88,34,2,THANE,TNA,PANVEL,PNVL,08:03,08:56,38.64
99006,56.0,0.93,34,2,PANVEL,PNVL,THANE,TNA,06:55,07:51,36.56
99007,49.0,0.82,34,2,THANE,TNA,PANVEL,PNVL,09:00,09:49,41.46
99008,53.0,0.88,34,2,PANVEL,PNVL,THANE,TNA,07:24,08:17,38.64
99009,53.0,0.88,34,2,THANE,TNA,PANVEL,PNVL,09:14,10:07,38.64
99010,46.0,0.77,34,2,PANVEL,PNVL,THANE,TNA,08:06,08:52,44.16
99011,53.0,0.88,34,2,THANE,TNA,PANVEL,PNVL,10:00,10:53,38.64
99012,54.0,0.9,34,2,PANVEL,PNVL,THANE,TNA,09:16,10:10,37.78
99013,53.0,0.88,34,2,THANE,TNA,PANVEL,PNVL,11:11,12:04,38.64
99014,54.0,0.9,34,2,PANVEL,PNVL,THANE,TNA,10:01,10:55,37.78
99015,55.0,0.92,34,2,THANE,TNA,PANVEL,PNVL,12:07,13:02,36.96
99016,53.0,0.88,34,2,PANVEL,PNVL,THANE,TNA,10:28,11:21,38.64
99017,53.0,0.88,34,2,THANE,TNA,PANVEL,PNVL,12:50,13:43,38.64
99018,53.0,0.88,34,2,PANVEL,PNVL,THANE,TNA,11:05,11:58,38.64
99019,53.0,0.88,34,2,THANE,TNA,PANVEL,PNVL,13:13,14:06,38.64
99020,53.0,0.88,34,2,PANVEL,PNVL,THANE,TNA,12:13,13:06,38.64
99021,56.0,0.93,34,2,THANE,TNA,PANVEL,PNVL,14:15,15:11,36.56
99022,53.0,0.88,34,2,PANVEL,PNVL,THANE,TNA,13:12,14:05,38.64
99023,53.0,0.88,34,2,THANE,TNA,PANVEL,PNVL,15:29,16:22,38.64
99024,53.0,0.88,34,2,PANVEL,PNVL,THANE,TNA,13:56,14:49,38.64
99025,53.0,0.88,34,2,THANE,TNA,PANVEL,PNVL,16:38,17:31,38.64
99026,53.0,0.88,34,2,PANVEL,PNVL,THANE,TNA,14:16,15:09,38.64
99027,53.0,0.88,34,2,THANE,TNA,PANVEL,PNVL,17:20,18:13,38.64
99028,53.0,0.88,34,2,PANVEL,PNVL,THANE,TNA,15:19,16:12,38.64
99029,53.0,0.88,34,2,THANE,TNA,PANVEL,PNVL,17:50,18:43,38.64
99030,53.0,0.88,34,2,PANVEL,PNVL,THANE,TNA,16:37,17:30,38.64
99031,53.0,0.88,34,2,THANE,TNA,PANVEL,PNVL,18:34,19:27,38.64
99032,53.0,0.88,34,2,PANVEL,PNVL,THANE,TNA,17:42,18:35,38.64
99033,49.0,0.82,34,2,THANE,TNA,PANVEL,PNVL,19:14,20:03,41.46
99034,46.0,0.77,34,2,PANVEL,PNVL,THANE,TNA,18:26,19:12,44.16
99035,53.0,0.88,34,2,THANE,TNA,PANVEL,PNVL,19:50,20:43,38.64
99036,53.0,0.88,34,2,PANVEL,PNVL,THANE,TNA,18:52,19:45,38.64
99037,54.0,0.9,34,2,THANE,TNA,PANVEL,PNVL,20:45,21:39,37.78
99038,53.0,0.88,34,2,PANVEL,PNVL,THANE,TNA,19:35,20:28,38.64
99039,53.0,0.88,34,2,THANE,TNA,PANVEL,PNVL,21:34,22:27,38.64
99040,53.0,0.88,34,2,PANVEL,PNVL,THANE,TNA,20:12,21:05,38.64
99041,53.0,0.88,34,2,THANE,TNA,PANVEL,PNVL,22:52,23:45,38.64
99042,53.0,0.88,34,2,PANVEL,PNVL,THANE,TNA,21:52,22:45,38.64
99100,40.0,0.67,23,2,BELAPUR C.B.,BEPR,THANE,TNA,05:09,05:49,34.33
99101,39.0,0.65,23,2,THANE,TNA,BELAPUR C.B.,BEPR,10:40,11:19,35.38
99102,39.0,0.65,23,2,BELAPUR C.B.,BEPR,THANE,TNA,07:01,07:40,35.38
99103,39.0,0.65,23,2,THANE,TNA,BELAPUR C.B.,BEPR,20:11,20:50,35.38
99104,39.0,0.65,23,2,BELAPUR C.B.,BEPR,THANE,TNA,15:16,15:55,35.38
99105,40.0,0.67,23,2,THANE,TNA,BELAPUR C.B.,BEPR,21:19,21:59,34.33
99107,40.0,0.67,23,2,THANE,TNA,BELAPUR C.B.,BEPR,23:19,23:59,34.33
99200,32.0,0.53,20,2,NERUL,NEU,THANE,TNA,06:20,06:52,37.74
99201,32.0,0.53,20,2,THANE,TNA,NERUL,NEU,05:40,06:12,37.74
99202,32.0,0.53,20,2,NERUL,NEU,THANE,TNA,06:53,07:25,37.74
99203,32.0,0.53,20,2,THANE,TNA,NERUL,NEU,06:08,06:40,37.74
99204,32.0,0.53,20,2,NERUL,NEU,THANE,TNA,07:30,08:02,37.74
99205,32.0,0.53,20,2,THANE,TNA,NERUL,NEU,06:45,07:17,37.74
99206,32.0,0.53,20,2,NERUL,NEU,THANE,TNA,08:06,08:38,37.74
99207,32.0,0.53,20,2,THANE,TNA,NERUL,NEU,07:26,07:58,37.74
99208,32.0,0.53,20,2,NERUL,NEU,THANE,TNA,08:35,09:07,37.74
99209,32.0,0.53,20,2,THANE,TNA,NERUL,NEU,07:47,08:19,37.74
99210,32.0,0.53,20,2,NERUL,NEU,THANE,TNA,08:55,09:27,37.74
99211,32.0,0.53,20,2,THANE,TNA,NERUL,NEU,08:15,08:47,37.74
99212,32.0,0.53,20,2,NERUL,NEU,THANE,TNA,09:10,09:42,37.74
99213,32.0,0.53,20,2,THANE,TNA,NERUL,NEU,08:29,09:01,37.74
99214,32.0,0.53,20,2,NERUL,NEU,THANE,TNA,09:31,10:03,37.74
99215,32.0,0.53,20,2,THANE,TNA,NERUL,NEU,08:51,09:23,37.74
99216,32.0,0.53,20,2,NERUL,NEU,THANE,TNA,10:16,10:48,37.74
99217,32.0,0.53,20,2,THANE,TNA,NERUL,NEU,09:34,10:06,37.74
99218,32.0,0.53,20,2,NERUL,NEU,THANE,TNA,11:00,11:32,37.74
99219,32.0,0.53,20,2,THANE,TNA,NERUL,NEU,10:18,10:50,37.74
99220,33.0,0.55,20,2,NERUL,NEU,THANE,TNA,11:39,12:12,36.36
99221,32.0,0.53,20,2,THANE,TNA,NERUL,NEU,10:56,11:28,37.74
99222,32.0,0.53,20,2,NERUL,NEU,THANE,TNA,12:08,12:40,37.74
99223,32.0,0.53,20,2,THANE,TNA,NERUL,NEU,11:28,12:00,37.74
99224,32.0,0.53,20,2,NERUL,NEU,THANE,TNA,13:02,13:34,37.74
99225,32.0,0.53,20,2,THANE,TNA,NERUL,NEU,12:22,12:54,37.74
99226,32.0,0.53,20,2,NERUL,NEU,THANE,TNA,14:25,14:57,37.74
99227,32.0,0.53,20,2,THANE,TNA,NERUL,NEU,13:40,14:12,37.74
99228,32.0,0.53,20,2,NERUL,NEU,THANE,TNA,15:17,15:49,37.74
99229,32.0,0.53,20,2,THANE,TNA,NERUL,NEU,14:37,15:09,37.74
99230,34.0,0.57,20,2,NERUL,NEU,THANE,TNA,15:55,16:29,35.09
99231,32.0,0.53,20,2,THANE,TNA,NERUL,NEU,15:05,15:37,37.74
99232,32.0,0.53,20,2,NERUL,NEU,THANE,TNA,16:35,17:07,37.74
99233,32.0,0.53,20,2,THANE,TNA,NERUL,NEU,15:55,16:27,37.74
99234,32.0,0.53,20,2,NERUL,NEU,THANE,TNA,16:50,17:22,37.74
99235,32.0,0.53,20,2,THANE,TNA,NERUL,NEU,16:10,16:42,37.74
99236,32.0,0.53,20,2,NERUL,NEU,THANE,TNA,17:32,18:04,37.74
99237,32.0,0.53,20,2,THANE,TNA,NERUL,NEU,16:51,17:23,37.74
99238,32.0,0.53,20,2,NERUL,NEU,THANE,TNA,17:48,18:20,37.74
99239,32.0,0.53,20,2,THANE,TNA,NERUL,NEU,17:07,17:39,37.74
99240,32.0,0.53,20,2,NERUL,NEU,THANE,TNA,18:23,18:55,37.74
99241,32.0,0.53,20,2,THANE,TNA,NERUL,NEU,17:31,18:03,37.74
99242,32.0,0.53,20,2,NERUL,NEU,THANE,TNA,18:55,19:27,37.74
99243,32.0,0.53,20,2,THANE,TNA,NERUL,NEU,18:12,18:44,37.74
99244,32.0,0.53,20,2,NERUL,NEU,THANE,TNA,19:33,20:05,37.74
99245,32.0,0.53,20,2,THANE,TNA,NERUL,NEU,18:53,19:25,37.74
99246,32.0,0.53,20,2,NERUL,NEU,THANE,TNA,20:07,20:39,37.74
99247,32.0,0.53,20,2,THANE,TNA,NERUL,NEU,19:21,19:53,37.74
99248,33.0,0.55,20,2,NERUL,NEU,THANE,TNA,20:22,20:55,36.36
99249,32.0,0.53,20,2,THANE,TNA,NERUL,NEU,19:39,20:11,37.74
99250,32.0,0.53,20,2,NERUL,NEU,THANE,TNA,21:15,21:47,37.74
99251,32.0,0.53,20,2,THANE,TNA,NERUL,NEU,20:35,21:07,37.74
99252,32.0,0.53,20,2,NERUL,NEU,THANE,TNA,21:40,22:12,37.74
99253,32.0,0.53,20,2,THANE,TNA,NERUL,NEU,20:58,21:30,37.74
99254,32.0,0.53,20,2,NERUL,NEU,THANE,TNA,23:00,23:32,37.74
99255,32.0,0.53,20,2,THANE,TNA,NERUL,NEU,22:15,22:47,37.74
99400,28.0,0.47,18,2,VASHI,VSH,THANE,TNA,05:35,06:03,38.3
99401,28.0,0.47,18,2,THANE,TNA,VASHI,VSH,05:30,05:58,38.3
99402,28.0,0.47,18,2,VASHI,VSH,THANE,TNA,05:45,06:13,38.3
99403,28.0,0.47,18,2,THANE,TNA,VASHI,VSH,05:56,06:24,38.3
99404,28.0,0.47,18,2,VASHI,VSH,THANE,TNA,06:06,06:34,38.3
99405,28.0,0.47,18,2,THANE,TNA,VASHI,VSH,06:14,06:42,38.3
99406,28.0,0.47,18,2,VASHI,VSH,THANE,TNA,06:32,07:00,38.3
99407,28.0,0.47,18,2,THANE,TNA,VASHI,VSH,06:40,07:08,38.3
99408,28.0,0.47,18,2,VASHI,VSH,THANE,TNA,06:52,07:20,38.3
99409,28.0,0.47,18,2,THANE,TNA,VASHI,VSH,06:59,07:27,38.3
99410,28.0,0.47,18,2,VASHI,VSH,THANE,TNA,07:17,07:45,38.3
99411,28.0,0.47,18,2,THANE,TNA,VASHI,VSH,07:17,07:45,38.3
99412,28.0,0.47,18,2,VASHI,VSH,THANE,TNA,07:40,08:08,38.3
99413,28.0,0.47,18,2,THANE,TNA,VASHI,VSH,07:34,08:02,38.3
99414,28.0,0.47,18,2,VASHI,VSH,THANE,TNA,07:54,08:22,38.3
99415,28.0,0.47,18,2,THANE,TNA,VASHI,VSH,07:55,08:23,38.3
99416,28.0,0.47,18,2,VASHI,VSH,THANE,TNA,08:16,08:44,38.3
99417,28.0,0.47,18,2,THANE,TNA,VASHI,VSH,08:10,08:38,38.3
99418,28.0,0.47,18,2,VASHI,VSH,THANE,TNA,08:31,08:59,38.3
99419,28.0,0.47,18,2,THANE,TNA,VASHI,VSH,08:24,08:52,38.3
99420,29.0,0.48,18,2,VASHI,VSH,THANE,TNA,08:48,09:17,37.5
99421,28.0,0.47,18,2,THANE,TNA,VASHI,VSH,08:44,09:12,38.3
99422,28.0,0.47,18,2,VASHI,VSH,THANE,TNA,09:05,09:33,38.3
99423,28.0,0.47,18,2,THANE,TNA,VASHI,VSH,09:08,09:36,38.3
99424,28.0,0.47,18,2,VASHI,VSH,THANE,TNA,09:20,09:48,38.3
99425,28.0,0.47,18,2,THANE,TNA,VASHI,VSH,09:24,09:52,38.3
99426,29.0,0.48,18,2,VASHI,VSH,THANE,TNA,09:47,10:16,37.5
99427,28.0,0.47,18,2,THANE,TNA,VASHI,VSH,09:39,10:07,38.3
99428,28.0,0.47,18,2,VASHI,VSH,THANE,TNA,10:00,10:28,38.3
99429,29.0,0.48,18,2,THANE,TNA,VASHI,VSH,09:50,10:19,37.5
99430,28.0,0.47,18,2,VASHI,VSH,THANE,TNA,10:15,10:43,38.3
99431,28.0,0.47,18,2,THANE,TNA,VASHI,VSH,10:11,10:39,38.3
99432,28.0,0.47,18,2,VASHI,VSH,THANE,TNA,10:32,11:00,38.3
99433,28.0,0.47,18,2,THANE,TNA,VASHI,VSH,10:29,10:57,38.3
99434,28.0,0.47,18,2,VASHI,VSH,THANE,TNA,10:47,11:15,38.3
99435,28.0,0.47,18,2,THANE,TNA,VASHI,VSH,10:49,11:17,38.3
99436,28.0,0.47,18,2,VASHI,VSH,THANE,TNA,11:10,11:38,38.3
99437,28.0,0.47,18,2,THANE,TNA,VASHI,VSH,11:03,11:31,38.3
99438,28.0,0.47,18,2,VASHI,VSH,THANE,TNA,11:25,11:53,38.3
99439,28.0,0.47,18,2,THANE,TNA,VASHI,VSH,11:22,11:50,38.3
99440,28.0,0.47,18,2,VASHI,VSH,THANE,TNA,11:39,12:07,38.3
99441,28.0,0.47,18,2,THANE,TNA,VASHI,VSH,11:42,12:10,38.3
99442,28.0,0.47,18,2,VASHI,VSH,THANE,TNA,12:00,12:28,38.3
99443,28.0,0.47,18,2,THANE,TNA,VASHI,VSH,12:00,12:28,38.3
99444,28.0,0.47,18,2,VASHI,VSH,THANE,TNA,12:22,12:50,38.3
99445,28.0,0.47,18,2,THANE,TNA,VASHI,VSH,12:13,12:41,38.3
99446,28.0,0.47,18,2,VASHI,VSH,THANE,TNA,12:50,13:18,38.3
99447,29.0,0.48,18,2,THANE,TNA,VASHI,VSH,12:35,13:04,37.5
99448,28.0,0.47,18,2,VASHI,VSH,THANE,TNA,13:20,13:48,38.3
99449,29.0,0.48,18,2,THANE,TNA,VASHI,VSH,13:00,13:29,37.5
99450,28.0,0.47,18,2,VASHI,VSH,THANE,TNA,13:45,14:13,38.3
99451,29.0,0.48,18,2,THANE,TNA,VASHI,VSH,13:27,13:56,37.5
99452,28.0,0.47,18,2,VASHI,VSH,THANE,TNA,14:04,14:32,38.3
99453,29.0,0.48,18,2,THANE,TNA,VASHI,VSH,14:00,14:29,37.5
99454,28.0,0.47,18,2,VASHI,VSH,THANE,TNA,14:46,15:14,38.3
99455,28.0,0.47,18,2,THANE,TNA,VASHI,VSH,14:20,14:48,38.3
99456,28.0,0.47,18,2,VASHI,VSH,THANE,TNA,15:05,15:33,38.3
99457,28.0,0.47,18,2,THANE,TNA,VASHI,VSH,14:56,15:24,38.3
99458,28.0,0.47,18,2,VASHI,VSH,THANE,TNA,15:35,16:03,38.3
99459,28.0,0.47,18,2,THANE,TNA,VASHI,VSH,15:20,15:48,38.3
99460,28.0,0.47,18,2,VASHI,VSH,THANE,TNA,15:56,16:24,38.3
99461,28.0,0.47,18,2,THANE,TNA,VASHI,VSH,15:40,16:08,38.3
99462,28.0,0.47,18,2,VASHI,VSH,THANE,TNA,16:16,16:44,38.3
99463,28.0,0.47,18,2,THANE,TNA,VASHI,VSH,16:05,16:33,38.3
99464,28.0,0.47,18,2,VASHI,VSH,THANE,TNA,16:30,16:58,38.3
99465,28.0,0.47,18,2,THANE,TNA,VASHI,VSH,16:24,16:52,38.3
99466,28.0,0.47,18,2,VASHI,VSH,THANE,TNA,16:45,17:13,38.3
99467,29.0,0.48,18,2,THANE,TNA,VASHI,VSH,16:43,17:12,37.5
99468,28.0,0.47,18,2,VASHI,VSH,THANE,TNA,17:07,17:35,38.3
99469,28.0,0.47,18,2,THANE,TNA,VASHI,VSH,17:00,17:28,38.3
99470,28.0,0.47,18,2,VASHI,VSH,THANE,TNA,17:24,17:52,38.3
99471,28.0,0.47,18,2,THANE,TNA,VASHI,VSH,17:25,17:53,38.3
99472,28.0,0.47,18,2,VASHI,VSH,THANE,TNA,17:42,18:10,38.3
99473,28.0,0.47,18,2,THANE,TNA,VASHI,VSH,17:40,18:08,38.3
99474,28.0,0.47,18,2,VASHI,VSH,THANE,TNA,18:01,18:29,38.3
99475,28.0,0.47,18,2,THANE,TNA,VASHI,VSH,18:00,18:28,38.3
99476,28.0,0.47,18,2,VASHI,VSH,THANE,TNA,18:16,18:44,38.3
99477,28.0,0.47,18,2,THANE,TNA,VASHI,VSH,18:17,18:45,38.3
99478,28.0,0.47,18,2,VASHI,VSH,THANE,TNA,18:36,19:04,38.3
99479,28.0,0.47,18,2,THANE,TNA,VASHI,VSH,18:29,18:57,38.3
99480,28.0,0.47,18,2,VASHI,VSH,THANE,TNA,18:53,19:21,38.3
99481,28.0,0.47,18,2,THANE,TNA,VASHI,VSH,18:45,19:13,38.3
99482,28.0,0.47,18,2,VASHI,VSH,THANE,TNA,19:06,19:34,38.3
99483,28.0,0.47,18,2,THANE,TNA,VASHI,VSH,19:05,19:33,38.3
99484,28.0,0.47,18,2,VASHI,VSH,THANE,TNA,19:25,19:53,38.3
99485,28.0,0.47,18,2,THANE,TNA,VASHI,VSH,19:28,19:56,38.3
99486,28.0,0.47,18,2,VASHI,VSH,THANE,TNA,19:46,20:14,38.3
99487,28.0,0.47,18,2,THANE,TNA,VASHI,VSH,19:45,20:13,38.3
99488,28.0,0.47,18,2,VASHI,VSH,THANE,TNA,20:05,20:33,38.3
99489,30.0,0.5,18,2,THANE,TNA,VASHI,VSH,20:00,20:30,36.0
99490,29.0,0.48,18,2,VASHI,VSH,THANE,TNA,20:22,20:51,37.5
99491,28.0,0.47,18,2,THANE,TNA,VASHI,VSH,20:22,20:50,38.3
99492,28.0,0.47,18,2,VASHI,VSH,THANE,TNA,20:40,21:08,38.3
99493,28.0,0.47,18,2,THANE,TNA,VASHI,VSH,20:51,21:19,38.3
99494,28.0,0.47,18,2,VASHI,VSH,THANE,TNA,20:59,21:27,38.3
99495,89.0,1.48,18,2,THANE,TNA,VASHI,VSH,21:08,22:37,12.16
99496,28.0,0.47,18,2,VASHI,VSH,THANE,TNA,21:30,21:58,38.3
99497,29.0,0.48,18,2,THANE,TNA,VASHI,VSH,21:55,22:24,37.5
99498,28.0,0.47,18,2,VASHI,VSH,THANE,TNA,22:00,22:28,38.3
99499,29.0,0.48,18,2,THANE,TNA,VASHI,VSH,22:25,22:54,37.5
99500,28.0,0.47,18,2,VASHI,VSH,THANE,TNA,22:35,23:03,38.3
99501,29.0,0.48,18,2,THANE,TNA,VASHI,VSH,22:39,23:08,37.5
99502,28.0,0.47,18,2,VASHI,VSH,THANE,TNA,23:10,23:38,38.3
99503,29.0,0.48,18,2,THANE,TNA,VASHI,VSH,23:45,00:14,37.5
99801,80.0,1.33,63,17,LONAVLA,LNL,PUNE JN.,PUNE,05:20,06:40,47.37
99802,100.0,1.67,63,17,PUNE JN.,PUNE,LONAVLA,LNL,00:10,01:50,37.72
99803,85.0,1.42,63,17,LONAVLA,LNL,PUNE JN.,PUNE,06:30,07:55,44.37
99804,80.0,1.33,63,17,PUNE JN.,PUNE,LONAVLA,LNL,04:45,06:05,47.37
99805,85.0,1.42,63,17,LONAVLA,LNL,PUNE JN.,PUNE,07:25,08:50,44.37
99806,85.0,1.42,63,17,PUNE JN.,PUNE,LONAVLA,LNL,05:45,07:10,44.37
99807,85.0,1.42,63,17,LONAVLA,LNL,PUNE JN.,PUNE,08:20,09:45,44.37
99808,85.0,1.42,63,17,PUNE JN.,PUNE,LONAVLA,LNL,06:30,07:55,44.37
99809,105.0,1.75,63,17,LONAVLA,LNL,PUNE JN.,PUNE,10:10,11:55,36.0
99810,85.0,1.42,63,17,PUNE JN.,PUNE,LONAVLA,LNL,08:05,09:30,44.37
99811,85.0,1.42,63,17,LONAVLA,LNL,PUNE JN.,PUNE,11:30,12:55,44.37
99812,85.0,1.42,63,17,PUNE JN.,PUNE,LONAVLA,LNL,09:55,11:20,44.37
99813,85.0,1.42,63,17,LONAVLA,LNL,PUNE JN.,PUNE,14:00,15:25,44.37
99814,78.0,1.3,61,16,SHIVAJINAGAR,SVJR,LONAVLA,LNL,11:20,12:38,46.92
99815,85.0,1.42,63,17,LONAVLA,LNL,PUNE JN.,PUNE,14:50,16:15,44.37
99816,90.0,1.5,63,17,PUNE JN.,PUNE,LONAVLA,LNL,12:15,13:45,42.0
99817,85.0,1.42,63,17,LONAVLA,LNL,PUNE JN.,PUNE,15:40,17:05,44.37
99818,80.0,1.33,63,17,PUNE JN.,PUNE,LONAVLA,LNL,13:00,14:20,47.37
99819,85.0,1.42,63,17,LONAVLA,LNL,PUNE JN.,PUNE,17:25,18:50,44.37
99820,85.0,1.42,63,17,PUNE JN.,PUNE,LONAVLA,LNL,15:00,16:25,44.37
99821,85.0,1.42,63,17,LONAVLA,LNL,PUNE JN.,PUNE,18:20,19:45,44.37
99822,85.0,1.42,63,17,PUNE JN.,PUNE,LONAVLA,LNL,16:25,17:50,44.37
99823,85.0,1.42,61,12,LONAVLA,LNL,SHIVAJINAGAR,SVJR,19:00,20:25,42.96
99824,85.0,1.42,63,17,PUNE JN.,PUNE,LONAVLA,LNL,17:15,18:40,44.37
99825,80.0,1.33,63,17,LONAVLA,LNL,PUNE JN.,PUNE,19:35,20:55,47.37
99826,85.0,1.42,63,17,PUNE JN.,PUNE,LONAVLA,LNL,18:02,19:27,44.37
99827,80.0,1.33,63,17,LONAVLA,LNL,PUNE JN.,PUNE,20:40,22:00,47.37
99828,85.0,1.42,63,17,PUNE JN.,PUNE,LONAVLA,LNL,19:05,20:30,44.37
99829,80.0,1.33,63,17,LONAVLA,LNL,PUNE JN.,PUNE,21:35,22:55,47.37
99830,80.0,1.33,63,17,PUNE JN.,PUNE,LONAVLA,LNL,20:05,21:25,47.37
99831,80.0,1.33,63,17,LONAVLA,LNL,PUNE JN.,PUNE,22:05,23:25,47.37
99832,78.0,1.3,61,16,SHIVAJINAGAR,SVJR,LONAVLA,LNL,20:35,21:53,46.92
99833,105.0,1.75,63,17,LONAVLA,LNL,PUNE JN.,PUNE,22:35,00:20,36.0
99834,81.0,1.35,63,17,PUNE JN.,PUNE,LONAVLA,LNL,21:02,22:23,46.67
99835,115.0,1.92,63,17,LONAVLA,LNL,PUNE JN.,PUNE,23:40,01:35,32.81
99836,80.0,1.33,63,17,PUNE JN.,PUNE,LONAVLA,LNL,22:10,23:30,47.37
99901,70.0,1.17,34,12,TALEGAON,TGN,PUNE JN.,PUNE,00:05,01:15,29.06
99902,50.0,0.83,34,12,PUNE JN.,PUNE,TALEGAON,TGN,06:50,07:40,40.96
99903,50.0,0.83,34,12,TALEGAON,TGN,PUNE JN.,PUNE,07:50,08:40,40.96
99904,50.0,0.83,34,12,PUNE JN.,PUNE,TALEGAON,TGN,08:57,09:47,40.96
99905,43.0,0.72,31,11,TALEGAON,TGN,SHIVAJINAGAR,SVJR,09:57,10:40,43.06
99906,50.0,0.83,34,12,PUNE JN.,PUNE,TALEGAON,TGN,15:40,16:30,40.96
99907,52.0,0.87,34,12,TALEGAON,TGN,PUNE JN.,PUNE,16:38,17:30,39.08
99908,50.0,0.83,34,12,PUNE JN.,PUNE,TALEGAON,TGN,23:00,23:50,40.96
