Train_No,Start_Station_Code,Start_Station_Name,End_Station_Code,End_Station_Name,Total_Stops,Total_Distance_km
107,SWV,SAWANTWADI R,MAO,MADGOAN JN.,4,78
108,MAO,MADGOAN JN.,SWV,SAWANTWADI R,4,83
128,MAO,MADGOAN JN.,KOP,CHHATRAPATI,22,978
290,DSJ,DELHI-SAFDAR,DSJ,DELHI-SAFDAR,14,2694
401,AWB,AURANGABAD,BSB,VARANASI JN.,12,1618
421,LKO,LUCKNOW JN.,SVDK,SHRI MATA VA,5,1276
422,SVDK,SHRI MATA VA,LKO,LUCKNOW JN.,5,1277
477,SSA,SIRSA,SSA,SIRSA,14,2616
502,RJPB,RAJENDRANAGA,UMB,AMBALA CANTT,9,1206
504,PNBE,PATNA JN.,BTI,BATHINDA JN,3,1313
506,PNBE,PATNA JN.,PTA,PATIALA,3,1161
557,URK,URKURA,PJP,PANJIPARA,2,1301
604,PNBE,PATNA JN.,ASR,AMRITSAR JN.,3,1429
1011,CSMT,CST-MUMBAI,NGP,NAGPUR JN.(C,18,841
1037,LTT,LOKMANYA TIL,SWV,SAWANTWADI R,10,513
1038,SWV,SAWANTWADI R,LTT,LOKMANYA TIL,10,503
1045,LTT,LOKMANYA TIL,KRMI,KARMALI,11,563
1119,AJNI,AJNI,KRMI,KARMALI,24,1329
1120,KRMI,KARMALI,AJNI,AJNI,24,1319
1122,KRMI,KARMALI,CSMT,CST-MUMBAI,14,569
1196,NGP,NAGPUR JN.(C,KRMI,KARMALI,26,1332
1301,PUNE,PUNE JN.,MAJN,MANGALORE JN,17,976
1302,MAJN,MANGALORE JN,PUNE,PUNE JN.,17,973
1442,DSJ,DELHI-SAFDAR,KK,KHADKI,13,1581
1655,PUNE,PUNE JN.,JBP,JABALPUR,13,1050
1656,JBP,JABALPUR,PUNE,PUNE JN.,13,1050
1705,BDTS,BANDRA TERMI,JBP,JABALPUR,14,1261
1706,JBP,JABALPUR,BDTS,BANDRA TERMI,14,1262
1707,JBP,JABALPUR,ATT,ATARI JN,17,1360
1708,ATT,ATARI JN,JBP,JABALPUR,17,1362
2025,CSMT,CST-MUMBAI,KRMI,KARMALI,7,579
2026,KRMI,KARMALI,CSMT,CST-MUMBAI,7,569
2191,JBP,JABALPUR,SRC,SANTRAGACHI,16,1123
2192,SRC,SANTRAGACHI,JBP,JABALPUR,16,1123
2195,REWA,REWA,BPL,BHOPAL,10,551
2196,BPL,BHOPAL,REWA,REWA,10,549
2515,TVC,TRIVANDRUM C,SCL,SILCHAR,58,3939
2651,PLNI,PALANI,POY,POLLACHI,3,62
2652,POY,POLLACHI,PLNI,PALANI,3,62
2731,HYB,HYDERABAD DE,JP,JAIPUR JN.,29,1854
2732,JP,JAIPUR JN.,HYB,HYDERABAD DE,29,1853
2821,PUNE,PUNE JN.,SRC,SANTRAGACHI,14,2066
2822,SRC,SANTRAGACHI,PUNE,PUNE JN.,14,2073
2833,RJT,RAJKOT,SRC,SANTRAGACHI,29,2332
2834,SRC,SANTRAGACHI,RJT,RAJKOT,29,2351
2841,SRC,SANTRAGACHI,MAS,CHENNAI CENT,12,1656
2842,MAS,CHENNAI CENT,SRC,SANTRAGACHI,12,1656
2845,PUNE,PUNE JN.,HTE,HATIA,17,1770
2846,HTE,HATIA,PUNE,PUNE JN.,17,1791
3101,KOAA,KOLKATA,PURI,PURI,9,523
3102,PURI,PURI,KOAA,KOLKATA,9,522
3301,ASN,ASANSOL MAIN,DHN,DHANBAD JN.,13,58
3302,DHN,DHANBAD JN.,ASN,ASANSOL MAIN,13,58
3305,DHN,DHANBAD JN.,KDS,KUSUNDA,2,3
3306,KDS,KUSUNDA,DHN,DHANBAD JN.,2,3
3307,SZE,SONARDIH,PLJE,PHULWARTANR,4,4
3308,PLJE,PHULWARTANR,SZE,SONARDIH,4,4
3501,JSME,JASIDIH JN.,ANVT,ANAND VIHAR,5,1193
3502,ANVT,ANAND VIHAR,JSME,JASIDIH JN.,5,1193
4401,ANVT,ANAND VIHAR,SVDK,SHRI MATA VA,13,710
4402,SVDK,SHRI MATA VA,ANVT,ANAND VIHAR,13,710
4409,DLI,DELHI JN.,SVDK,SHRI MATA VA,7,653
4410,SVDK,SHRI MATA VA,DLI,DELHI JN.,7,653
4419,MAO,MADGOAN JN.,NZM,HAZRAT NIZAM,13,1916
4420,NZM,HAZRAT NIZAM,MAO,MADGOAN JN.,13,1924
4735,BKN,BIKANER JN.,HW,HARIDWAR JN,17,691
4736,HW,HARIDWAR JN,BKN,BIKANER JN.,17,691
4767,HMH,HANUMANGARH,SGNR,SHRI GANGANA,10,67
4768,SGNR,SHRI GANGANA,HMH,HANUMANGARH,10,67
4769,HMH,HANUMANGARH,SGNR,SHRI GANGANA,10,67
4770,SGNR,SHRI GANGANA,HMH,HANUMANGARH,10,67
4771,SDLP,SADULPUR JN,SGNR,SHRI GANGANA,24,232
4772,SGNR,SHRI GANGANA,SDLP,SADULPUR JN,24,232
4773,SGNR,SHRI GANGANA,SOG,SURATGARH JN,16,125
4774,SOG,SURATGARH JN,SGNR,SHRI GANGANA,10,125
4801,PBC,PARVATSAR CI,MKN,MAKRANA JN.,3,21
4802,MKN,MAKRANA JN.,PBC,PARVATSAR CI,3,21
4831,JU,JODHPUR JN.,HW,HARIDWAR JN,22,882
4832,HW,HARIDWAR JN,JU,JODHPUR JN.,22,881
4851,MTD,MERTA ROAD J,RTGH,RATANAGARH J,21,197
4852,RTGH,RATANAGARH J,MTD,MERTA ROAD J,21,197
4853,RTGH,RATANAGARH J,CUR,CHURU,6,42
4854,CUR,CHURU,RTGH,RATANAGARH J,6,42
4921,SRE,SAHARANPUR J,UMB,AMBALA CANTT,13,81
4922,UMB,AMBALA CANTT,SRE,SAHARANPUR J,13,81
4991,PTK,PATHANKOT JN,JAT,JAMMU TAWI,14,99
4992,JAT,JAMMU TAWI,PTK,PATHANKOT JN,14,99
5061,GKP,GORAKHPUR JN,BNY,BARHNI,5,112
5062,BNY,BARHNI,GKP,GORAKHPUR JN,5,112
5065,CPR,CHHAPRA JN.,LJN,LUCKNOW JN.,15,503
5066,LJN,LUCKNOW JN.,CPR,CHHAPRA JN.,15,505
5105,GKP,GORAKHPUR JN,BST,BASTI,4,64
5106,BST,BASTI,GKP,GORAKHPUR JN,4,64
5305,CPA,KANPUR ANWAR,FBD,FARRUKHABAD,11,136
5306,FBD,FARRUKHABAD,CPA,KANPUR ANWAR,11,136
5309,BC,BAREILLY CIT,LKU,LALKUA JN.,6,81
5310,LKU,LALKUA JN.,BC,BAREILLY CIT,6,81
5521,JMP,JAMALPUR JN.,SHC,SAHARSA JN.,12,81
5522,SHC,SAHARSA JN.,JMP,JAMALPUR JN.,12,81
5613,JLWC,JHALAWAR CIT,KOTA,KOTA,11,85
5614,KOTA,KOTA,JLWC,JHALAWAR CIT,9,85
5619,NLP,NORTH LAKHIM,MZS,MURKEONG SEL,20,153
5620,MZS,MURKEONG SEL,NLP,NORTH LAKHIM,20,153
5631,GHY,GUWAHATI,SCL,SILCHAR,10,380
5632,SCL,SILCHAR,GHY,GUWAHATI,10,379
5715,NJP,NEW JALPAIGU,KNE,KISHANGANJ,2,87
5716,KNE,KISHANGANJ,NJP,NEW JALPAIGU,2,87
5719,KIR,KATIHAR JN.,SGUJ,SILIGURI JN.,11,204
5720,SGUJ,SILIGURI JN.,KIR,KATIHAR JN.,11,205
5863,RNY,RANGIYA JN.,RPAN,RANGAPARA NO,15,89
5864,RPAN,RANGAPARA NO,RNY,RANGIYA JN.,15,88
5865,RNY,RANGIYA JN.,MZS,MURKEONG SEL,53,426
5866,MZS,MURKEONG SEL,RNY,RANGIYA JN.,53,425
6001,MS,CHENNAI EGMO,TEN,TIRUNELVELI,14,649
6002,TEN,TIRUNELVELI,MS,CHENNAI EGMO,15,649
6006,ERS,ERNAKULAM. J,MAS,CHENNAI CENT,14,699
6009,SRC,SANTRAGACHI,PDY,PONDICHERRY,27,1844
6010,PDY,PONDICHERRY,SRC,SANTRAGACHI,27,1843
6041,MAS,CHENNAI CENT,QLN,QUILON,19,849
6042,QLN,QUILON,MAS,CHENNAI CENT,20,851
6043,MAS,CHENNAI CENT,QLN,QUILON,18,849
6044,QLN,QUILON,MAS,CHENNAI CENT,19,852
6046,QLN,QUILON,MAS,CHENNAI CENT,19,852
6047,MAS,CHENNAI CENT,QLN,QUILON,19,849
6048,QLN,QUILON,MAS,CHENNAI CENT,20,852
6049,MS,CHENNAI EGMO,QLN,QUILON,19,855
6050,QLN,QUILON,MS,CHENNAI EGMO,20,857
6053,KCVL,KOCHUVELI,MAJN,MANGALORE JN,14,626
6054,MAJN,MANGALORE JN,KCVL,KOCHUVELI,14,627
6057,SRC,SANTRAGACHI,MAS,CHENNAI CENT,19,1656
6058,MAS,CHENNAI CENT,SRC,SANTRAGACHI,19,1655
6065,CGL,CHENGALPATTU,MDU,MADURAI JN,13,500
6066,MDU,MADURAI JN,CGL,CHENGALPATTU,13,501
6067,CGL,CHENGALPATTU,CBE,COIMBATORE,9,522
6068,CBE,COIMBATORE,CGL,CHENGALPATTU,9,522
6081,CBE,COIMBATORE,POY,POLLACHI,4,45
6082,POY,POLLACHI,CBE,COIMBATORE,4,45
6412,DSJ,DELHI-SAFDAR,PAY,PAYYANUR,21,2462
6512,MKM,MARIKUPPAM,BAND,BANASWADI,14,77
6513,BWT,BANGARPET JN,MKM,MARIKUPPAM,6,17
6541,YPR,YESVANTPUR J,PVR,PANDHARPUR,14,881
6542,PVR,PANDHARPUR,YPR,YESVANTPUR J,14,878
6547,YPR,YESVANTPUR J,ERS,ERNAKULAM. J,14,632
6548,ERS,ERNAKULAM. J,YPR,YESVANTPUR J,13,634
6579,YPR,YESVANTPUR J,VSKP,VISAKHAPATNA,21,1089
6580,VSKP,VISAKHAPATNA,YPR,YESVANTPUR J,21,1086
6581,YPR,YESVANTPUR J,BGM,BELGAUM,85,607
6582,BGM,BELGAUM,YPR,YESVANTPUR J,85,604
6591,YPR,YESVANTPUR J,HSRA,HOSUR,9,62
6592,HSRA,HOSUR,YPR,YESVANTPUR J,9,61
6593,WFD,WHITE FIELD,BYPL,BAIYYAPPANAH,4,10
6594,BYPL,BAIYYAPPANAH,WFD,WHITE FIELD,4,10
6595,YPR,YESVANTPUR J,DHL,DEVANHALLI,7,33
6596,DHL,DEVANHALLI,YPR,YESVANTPUR J,7,33
6647,KRBA,KORBA,BSP,BILASPUR JN.,8,89
6648,BSP,BILASPUR JN.,KRBA,KORBA,8,89
6769,PGTN,PALGHAT TOWN,PLNI,PALANI,11,116
6770,PLNI,PALANI,PGTN,PALGHAT TOWN,11,116
6851,KIK,KARAIKAL,NCR,NAGORE,3,10
6852,NCR,NAGORE,KIK,KARAIKAL,3,10
6853,KIK,KARAIKAL,NCR,NAGORE,3,10
6854,NCR,NAGORE,KIK,KARAIKAL,3,10
6919,UBL,HUBLI JN.,BJP,BIJAPUR JN,36,247
6920,BJP,BIJAPUR JN,UBL,HUBLI JN.,36,248
7005,HYB,HYDERABAD DE,RXL,RAXAUL JN.,34,2276
7006,RXL,RAXAUL JN.,HYB,HYDERABAD DE,34,2297
7007,SC,SECUNDERABAD,DBG,DARBHANGA JN,27,2023
7008,DBG,DARBHANGA JN,SC,SECUNDERABAD,28,2033
7016,KCG,KACHEGUDA,VSKP,VISAKHAPATNA,18,670
7044,TPTY,TIRUPATI,VSKP,VISAKHAPATNA,11,735
7061,COA,KAKINADA POR,BZA,VIJAYWADA JN,8,217
7062,VLNK,VELANKANNI,TPTY,TIRUPATI,14,437
7075,SC,SECUNDERABAD,CCT,KAKINADA TOW,17,554
7076,CCT,KAKINADA TOW,SC,SECUNDERABAD,17,553
7109,HYB,HYDERABAD DE,QLN,QUILON,40,1589
7110,QLN,QUILON,HYB,HYDERABAD DE,40,1593
7113,KRMR,KARIM NAGAR,QLN,QUILON,37,1543
7133,HYB,HYDERABAD DE,QLN,QUILON,39,1508
7134,QLN,QUILON,HYB,HYDERABAD DE,39,1511
7141,HYB,HYDERABAD DE,QLN,QUILON,39,1560
7142,QLN,QUILON,HYB,HYDERABAD DE,39,1563
7146,TPTY,TIRUPATI,KCG,KACHEGUDA,16,763
7149,SC,SECUNDERABAD,GHY,GUWAHATI,37,2563
7211,CCT,KAKINADA TOW,QLN,QUILON,36,1433
7212,QLN,QUILON,CCT,KAKINADA TOW,36,1436
7213,BZA,VIJAYWADA JN,QLN,QUILON,29,1221
7214,QLN,QUILON,BZA,VIJAYWADA JN,30,1226
7217,NS,NARASAPUR,QLN,QUILON,37,1360
7218,QLN,QUILON,NS,NARASAPUR,37,1363
7410,TPTY,TIRUPATI,AWB,AURANGABAD,29,1147
7417,TPTY,TIRUPATI,NSL,NAGARSOL,33,1330
7418,NSL,NAGARSOL,TPTY,TIRUPATI,33,1331
7425,KCG,KACHEGUDA,COA,KAKINADA POR,15,537
7426,COA,KAKINADA POR,KCG,KACHEGUDA,15,537
7429,SC,SECUNDERABAD,TPTY,TIRUPATI,11,742
7430,TPTY,TIRUPATI,SC,SECUNDERABAD,11,744
7431,CCT,KAKINADA TOW,TPTY,TIRUPATI,13,597
7432,TPTY,TIRUPATI,CCT,KAKINADA TOW,14,597
7435,CCT,KAKINADA TOW,SC,SECUNDERABAD,14,555
7436,SC,SECUNDERABAD,CCT,KAKINADA TOW,15,554
7438,KCG,KACHEGUDA,TATA,TATANAGAR JN,28,1533
7439,TATA,TATANAGAR JN,KCG,KACHEGUDA,28,1533
7487,TPTY,TIRUPATI,VSKP,VISAKHAPATNA,11,735
7505,AWB,AURANGABAD,QLN,QUILON,49,1973
7509,ADB,ADILABAD,QLN,QUILON,47,1886
7517,BIDR,BIDAR,PVR,PANDHARPUR,9,350
7525,SGUJ,SILIGURI JN.,NBQ,NEW BONGAIGA,33,322
7526,NBQ,NEW BONGAIGA,SGUJ,SILIGURI JN.,33,322
7603,KCG,KACHEGUDA,KJM,KRISHNA RAJA,14,624
7604,KJM,KRISHNA RAJA,KCG,KACHEGUDA,14,624
7607,NED,NANDED,TPTY,TIRUPATI,19,1014
7608,TPTY,TIRUPATI,NED,NANDED,19,1016
7613,NZB,NIZAMABAD,QLN,QUILON,38,1636
7614,QLN,QUILON,NZB,NIZAMABAD,39,1641
7644,CCT,KAKINADA TOW,TPTY,TIRUPATI,11,597
7645,RU,RENIGUNTA JN,CCT,KAKINADA TOW,10,587
7757,SC,SECUNDERABAD,BZA,VIJAYWADA JN,6,314
7758,BZA,VIJAYWADA JN,SC,SECUNDERABAD,6,314
7941,CCT,KAKINADA TOW,RU,RENIGUNTA JN,12,587
7942,TPTY,TIRUPATI,CCT,KAKINADA TOW,13,597
8001,KGP,KHARAGPUR,JGM,JHARGRAM,2,39
8002,JGM,JHARGRAM,KGP,KHARAGPUR,2,39
8014,MDN,MIDNAPORE,KGP,KHARAGPUR,4,12
8017,KGP,KHARAGPUR,JGM,JHARGRAM,6,39
8018,JGM,JHARGRAM,KGP,KHARAGPUR,6,39
8035,KGP,KHARAGPUR,BLS,BALASORE,19,120
8036,BLS,BALASORE,KGP,KHARAGPUR,19,120
8051,KGP,KHARAGPUR,JGM,JHARGRAM,3,39
8052,JGM,JHARGRAM,KGP,KHARAGPUR,5,39
8061,SHM,SHALIMAR,JP,JAIPUR JN.,24,1847
8062,JP,JAIPUR JN.,SHM,SHALIMAR,24,1838
8063,KGP,KHARAGPUR,BQA,BANKURA,17,115
8064,YPR,YESVANTPUR J,HWH,HOWRAH JN.,16,2039
8065,KGP,KHARAGPUR,BQA,BANKURA,17,115
8082,BQA,BANKURA,VSU,BISHNUPUR,6,30
8087,VSU,BISHNUPUR,BQA,BANKURA,6,30
8101,CBSA,CHAIBASA,CKP,CHAKARADHARP,5,40
8102,CKP,CHAKARADHARP,CBSA,CHAIBASA,5,40
8301,SBP,SAMBALPUR JN,BAND,BANASWADI,15,1567
8302,BAND,BANASWADI,SBP,SAMBALPUR JN,15,1567
8403,PURI,PURI,SRC,SANTRAGACHI,9,495
8404,SRC,SANTRAGACHI,PURI,PURI,9,497
8501,VSKP,VISAKHAPATNA,SC,SECUNDERABAD,13,700
8502,SC,SECUNDERABAD,VSKP,VISAKHAPATNA,13,698
8511,KRDL,KIRANDUL,VSKP,VISAKHAPATNA,12,471
8512,VSKP,VISAKHAPATNA,KRDL,KIRANDUL,12,471
8567,VSKP,VISAKHAPATNA,QLN,QUILON,29,1571
8568,QLN,QUILON,VSKP,VISAKHAPATNA,29,1578
8573,VSKP,VISAKHAPATNA,TPTY,TIRUPATI,15,760
8574,TPTY,TIRUPATI,VSKP,VISAKHAPATNA,15,759
8581,BPQ,BALHARSHAH,CAF,CHANDAFORT,2,11
8582,CAF,CHANDAFORT,BPQ,BALHARSHAH,2,11
8617,RNC,RANCHI,ANVT,ANAND VIHAR,15,1365
8618,ANVT,ANAND VIHAR,RNC,RANCHI,15,1356
8627,HWH,HOWRAH JN.,RNC,RANCHI,13,484
8628,RNC,RANCHI,HWH,HOWRAH JN.,14,481
8872,DURG,DURG,G,GONDIA JN.,17,133
9003,BDTS,BANDRA TERMI,NZM,HAZRAT NIZAM,5,1355
9004,NZM,HAZRAT NIZAM,BDTS,BANDRA TERMI,5,1358
9005,BCT,MUMBAI CENTR,NDLS,NEW DELHI,4,1373
9006,NDLS,NEW DELHI,BCT,MUMBAI CENTR,4,1376
9011,BDTS,BANDRA TERMI,BKN,BIKANER JN.,20,1209
9012,BKN,BIKANER JN.,BDTS,BANDRA TERMI,20,1211
9433,BDTS,BANDRA TERMI,GIMB,GANDHIDHAM J,14,780
9434,GIMB,GANDHIDHAM J,BDTS,BANDRA TERMI,14,780
9621,AII,AJMER JN.,BDTS,BANDRA TERMI,12,1281
9622,BDTS,BANDRA TERMI,AII,AJMER JN.,12,1281
9721,JP,JAIPUR JN.,UDZ,UDAIPUR CITY,12,429
9722,UDZ,UDAIPUR CITY,JP,JAIPUR JN.,12,429
9761,SGNR,SHRI GANGANA,SOG,SURATGARH JN,13,125
9809,KOTA,KOTA,NZM,HAZRAT NIZAM,11,447
9810,NZM,HAZRAT NIZAM,KOTA,KOTA,11,450
10103,CSMT,CST-MUMBAI,MAO,MADGOAN JN.,20,590
10104,MAO,MADGOAN JN.,CSMT,CST-MUMBAI,20,594
10111,CSMT,CST-MUMBAI,MAO,MADGOAN JN.,20,590
10112,MAO,MADGOAN JN.,CSMT,CST-MUMBAI,20,594
10215,MAO,MADGOAN JN.,ERS,ERNAKULAM. J,13,726
10216,ERS,ERNAKULAM. J,MAO,MADGOAN JN.,13,727
11001,SNSI,SAI NAGAR SH,PVR,PANDHARPUR,12,348
11002,PVR,PANDHARPUR,SNSI,SAI NAGAR SH,12,348
11003,DR,DADAR,SWV,SAWANTWADI R,21,502
11004,SWV,SAWANTWADI R,DR,DADAR,21,504
11005,DR,DADAR,PDY,PONDICHERRY,39,1636
11006,PDY,PONDICHERRY,DR,DADAR,38,1639
11007,CSMT,CST-MUMBAI,PUNE,PUNE JN.,12,191
11008,PUNE,PUNE JN.,CSMT,CST-MUMBAI,11,191
11009,CSMT,CST-MUMBAI,PUNE,PUNE JN.,12,191
11010,PUNE,PUNE JN.,CSMT,CST-MUMBAI,11,191
11011,LTT,LOKMANYA TIL,NED,NANDED,16,723
11012,NED,NANDED,LTT,LOKMANYA TIL,16,723
11013,LTT,LOKMANYA TIL,CBE,COIMBATORE,34,1515
11014,CBE,COIMBATORE,LTT,LOKMANYA TIL,34,1515
11015,LTT,LOKMANYA TIL,GKP,GORAKHPUR JN,47,1678
11016,GKP,GORAKHPUR JN,LTT,LOKMANYA TIL,46,1677
11017,LTT,LOKMANYA TIL,KIK,KARAIKAL,30,1631
11018,KIK,KARAIKAL,LTT,LOKMANYA TIL,30,1634
11019,CSMT,CST-MUMBAI,BBS,BHUBANESWAR,39,1941
11020,BBS,BHUBANESWAR,CSMT,CST-MUMBAI,40,1941
11021,DR,DADAR,TEN,TIRUNELVELI,40,1843
11022,TEN,TIRUNELVELI,DR,DADAR,39,1845
11023,CSMT,CST-MUMBAI,KOP,CHHATRAPATI,28,517
11024,KOP,CHHATRAPATI,CSMT,CST-MUMBAI,31,517
11025,BSL,BHUSAVAL JN.,PUNE,PUNE JN.,19,545
11026,PUNE,PUNE JN.,BSL,BHUSAVAL JN.,19,545
11027,CSMT,CST-MUMBAI,MAS,CHENNAI CENT,52,1281
11028,MAS,CHENNAI CENT,CSMT,CST-MUMBAI,52,1283
11029,CSMT,CST-MUMBAI,KOP,CHHATRAPATI,35,517
11030,KOP,CHHATRAPATI,CSMT,CST-MUMBAI,34,517
11031,SUR,SOLAPUR,BJP,BIJAPUR JN,5,108
11032,BJP,BIJAPUR JN,SUR,SOLAPUR,5,108
11033,PUNE,PUNE JN.,DBG,DARBHANGA JN,30,1955
11034,DBG,DARBHANGA JN,PUNE,PUNE JN.,30,1953
11035,DR,DADAR,MYS,MYSORE JN.,27,1210
11036,MYS,MYSORE JN.,DR,DADAR,26,1213
11037,PUNE,PUNE JN.,GKP,GORAKHPUR JN,17,1777
11038,GKP,GORAKHPUR JN,PUNE,PUNE JN.,17,1777
11039,KOP,CHHATRAPATI,G,GONDIA JN.,62,1352
11040,G,GONDIA JN.,KOP,CHHATRAPATI,60,1353
11041,CSMT,CST-MUMBAI,MAS,CHENNAI CENT,36,1281
11042,MAS,CHENNAI CENT,CSMT,CST-MUMBAI,34,1283
11043,LTT,LOKMANYA TIL,MDU,MADURAI JN,27,1696
11044,MDU,MADURAI JN,LTT,LOKMANYA TIL,26,1700
11045,KOP,CHHATRAPATI,DHN,DHANBAD JN.,39,2894
11046,DHN,DHANBAD JN.,KOP,CHHATRAPATI,39,2892
11047,MRJ,MIRAJ JN.,UBL,HUBLI JN.,12,278
11048,UBL,HUBLI JN.,MRJ,MIRAJ JN.,12,279
11049,ADI,AHMEDABAD,KOP,CHHATRAPATI,18,949
11050,KOP,CHHATRAPATI,ADI,AHMEDABAD,18,949
11051,SUR,SOLAPUR,KOP,CHHATRAPATI,9,314
11052,KOP,CHHATRAPATI,SUR,SOLAPUR,9,314
11053,LTT,LOKMANYA TIL,AMH,AZAMGARH,17,1552
11054,AMH,AZAMGARH,LTT,LOKMANYA TIL,17,1551
11055,LTT,LOKMANYA TIL,GKP,GORAKHPUR JN,23,1732
11056,GKP,GORAKHPUR JN,LTT,LOKMANYA TIL,23,1732
11057,CSMT,CST-MUMBAI,ASR,AMRITSAR JN.,90,2026
11058,ASR,AMRITSAR JN.,CSMT,CST-MUMBAI,91,2029
11059,LTT,LOKMANYA TIL,CPR,CHHAPRA JN.,24,1772
11060,CPR,CHHAPRA JN.,LTT,LOKMANYA TIL,24,1770
11061,LTT,LOKMANYA TIL,DBG,DARBHANGA JN,41,1885
11062,DBG,DARBHANGA JN,LTT,LOKMANYA TIL,39,1883
11063,MS,CHENNAI EGMO,SA,SALEM JN.,14,352
11064,SA,SALEM JN.,MS,CHENNAI EGMO,14,352
11067,LTT,LOKMANYA TIL,FD,FAIZABAD JN.,20,1510
11068,FD,FAIZABAD JN.,LTT,LOKMANYA TIL,20,1509
11071,LTT,LOKMANYA TIL,BSB,VARANASI JN.,43,1645
11072,BSB,VARANASI JN.,LTT,LOKMANYA TIL,41,1647
11073,LTT,LOKMANYA TIL,MAS,CHENNAI CENT,18,1265
11074,MAS,CHENNAI CENT,LTT,LOKMANYA TIL,17,1267
11075,LTT,LOKMANYA TIL,BIDR,BIDAR,13,651
11076,BIDR,BIDAR,LTT,LOKMANYA TIL,13,651
11077,PUNE,PUNE JN.,JAT,JAMMU TAWI,67,2155
11078,JAT,JAMMU TAWI,PUNE,PUNE JN.,65,2157
11079,LTT,LOKMANYA TIL,GKP,GORAKHPUR JN,25,1745
11080,GKP,GORAKHPUR JN,LTT,LOKMANYA TIL,24,1745
11081,LTT,LOKMANYA TIL,GKP,GORAKHPUR JN,20,1731
11082,GKP,GORAKHPUR JN,LTT,LOKMANYA TIL,19,1731
11083,LTT,LOKMANYA TIL,KZJ,KAZIPET JN.,29,1153
11084,KZJ,KAZIPET JN.,LTT,LOKMANYA TIL,28,1153
11085,LTT,LOKMANYA TIL,MAO,MADGOAN JN.,11,574
11086,MAO,MADGOAN JN.,LTT,LOKMANYA TIL,11,578
11087,VRL,VERAVAL,PUNE,PUNE JN.,26,1053
11088,PUNE,PUNE JN.,VRL,VERAVAL,25,1053
11089,BGKT,BHAGAT-KI-KO,PUNE,PUNE JN.,26,1074
11090,PUNE,PUNE JN.,BGKT,BHAGAT-KI-KO,26,1072
11091,BHUJ,NEW BHUJ,PUNE,PUNE JN.,24,981
11092,PUNE,PUNE JN.,BHUJ,NEW BHUJ,24,981
11093,CSMT,CST-MUMBAI,BSB,VARANASI JN.,27,1516
11094,BSB,VARANASI JN.,CSMT,CST-MUMBAI,26,1515
11095,ADI,AHMEDABAD,PUNE,PUNE JN.,17,623
11096,PUNE,PUNE JN.,ADI,AHMEDABAD,16,622
11097,PUNE,PUNE JN.,ERS,ERNAKULAM. J,33,1278
11098,ERS,ERNAKULAM. J,PUNE,PUNE JN.,32,1279
11101,PUNE,PUNE JN.,GWL,GWALIOR JN,23,1373
11102,GWL,GWALIOR JN,PUNE,PUNE JN.,23,1373
11103,JHS,JHANSI JN,BDTS,BANDRA TERMI,21,1321
11104,BDTS,BANDRA TERMI,JHS,JHANSI JN,21,1321
11107,GWL,GWALIOR JN,BSB,VARANASI JN.,31,629
11108,BSB,VARANASI JN.,GWL,GWALIOR JN,37,629
11109,JHS,JHANSI JN,LJN,LUCKNOW JN.,11,291
11110,LJN,LUCKNOW JN.,JHS,JHANSI JN,11,291
11111,GWL,GWALIOR JN,BLP,"BALRAMPUR,",12,939
11112,BLP,"BALRAMPUR,",GWL,GWALIOR JN,12,941
11123,BJU,BARAUNI JN.,GWL,GWALIOR JN,49,1051
11124,GWL,GWALIOR JN,BJU,BARAUNI JN.,49,1054
11125,INDB,INDORE BG,GWL,GWALIOR JN,11,561
11126,GWL,GWALIOR JN,INDB,INDORE BG,11,561
11201,LTT,LOKMANYA TIL,AJNI,AJNI,26,1015
11202,AJNI,AJNI,LTT,LOKMANYA TIL,26,1015
11203,NGP,NAGPUR JN.(C,JP,JAIPUR JN.,28,1340
11204,JP,JAIPUR JN.,NGP,NAGPUR JN.(C,28,1340
11205,LTT,LOKMANYA TIL,NZB,NIZAMABAD,20,699
11206,NZB,NIZAMABAD,LTT,LOKMANYA TIL,20,699
11265,JBP,JABALPUR,ABKP,AMBIKAPUR,14,432
11266,ABKP,AMBIKAPUR,JBP,JABALPUR,14,434
11272,BPL,BHOPAL,ET,ITARSI,47,737
11301,CSMT,CST-MUMBAI,SBC,KRANTIVIRA S,35,1154
11302,SBC,KRANTIVIRA S,CSMT,CST-MUMBAI,34,1154
11303,HYB,HYDERABAD DE,KOP,CHHATRAPATI,38,989
11304,KOP,CHHATRAPATI,HYB,HYDERABAD DE,38,987
11307,GR,GULBARGA,HYB,HYDERABAD DE,7,221
11308,HYB,HYDERABAD DE,GR,GULBARGA,7,223
11309,SUR,SOLAPUR,MRJ,MIRAJ JN.,14,267
11310,MRJ,MIRAJ JN.,SUR,SOLAPUR,14,267
11401,CSMT,CST-MUMBAI,NGP,NAGPUR JN.(C,34,1053
11402,NGP,NAGPUR JN.(C,CSMT,CST-MUMBAI,34,1052
11403,NGP,NAGPUR JN.(C,KOP,CHHATRAPATI,22,1026
11404,KOP,CHHATRAPATI,NGP,NAGPUR JN.(C,22,1026
11405,PUNE,PUNE JN.,AMI,AMRAVATI,18,811
11406,AMI,AMRAVATI,PUNE,PUNE JN.,18,812
11407,PUNE,PUNE JN.,LJN,LUCKNOW JN.,17,1478
11408,LJN,LUCKNOW JN.,PUNE,PUNE JN.,17,1478
11423,SUR,SOLAPUR,UBL,HUBLI JN.,14,357
11424,UBL,HUBLI JN.,SUR,SOLAPUR,14,356
11447,JBP,JABALPUR,HWH,HOWRAH JN.,45,1156
11448,HWH,HOWRAH JN.,JBP,JABALPUR,46,1155
11449,JBP,JABALPUR,SVDK,SHRI MATA VA,34,1561
11450,SVDK,SHRI MATA VA,JBP,JABALPUR,31,1564
11463,SMNH,SOMNATH,JBP,JABALPUR,50,1416
11464,JBP,JABALPUR,SMNH,SOMNATH,50,1417
11465,SMNH,SOMNATH,JBP,JABALPUR,49,1572
11466,JBP,JABALPUR,SMNH,SOMNATH,50,1575
11651,JBP,JABALPUR,SGRL,SINGRAULI,14,344
11652,SGRL,SINGRAULI,JBP,JABALPUR,14,345
11701,JBP,JABALPUR,INDB,INDORE BG,16,751
11702,INDB,INDORE BG,JBP,JABALPUR,16,751
11703,REWA,REWA,DADN,MHOW,20,823
11704,DADN,MHOW,REWA,REWA,20,821
11801,JHS,JHANSI JN,ETW,ETAWAH,6,215
11802,ETW,ETAWAH,JHS,JHANSI JN,6,215
11901,MTJ,MATHURA JN.,KKDE,KURUKSHETRA,13,292
11902,KKDE,KURUKSHETRA,MTJ,MATHURA JN.,13,294
12001,HBJ,HABIBGANJ,NDLS,NEW DELHI,10,688
12002,NDLS,NEW DELHI,HBJ,HABIBGANJ,10,690
12003,LJN,LUCKNOW JN.,NDLS,NEW DELHI,7,504
12004,NDLS,NEW DELHI,LJN,LUCKNOW JN.,7,504
12005,NDLS,NEW DELHI,KLK,KALKA,5,268
12006,KLK,KALKA,NDLS,NEW DELHI,5,268
12007,MAS,CHENNAI CENT,MYS,MYSORE JN.,4,498
12008,MYS,MYSORE JN.,MAS,CHENNAI CENT,4,499
12009,BCT,MUMBAI CENTR,ADI,AHMEDABAD,9,490
12010,ADI,AHMEDABAD,BCT,MUMBAI CENTR,9,490
12011,NDLS,NEW DELHI,KLK,KALKA,6,268
12012,KLK,KALKA,NDLS,NEW DELHI,6,268
12013,NDLS,NEW DELHI,ASR,AMRITSAR JN.,8,447
12014,ASR,AMRITSAR JN.,NDLS,NEW DELHI,8,447
12015,NDLS,NEW DELHI,AII,AJMER JN.,10,442
12016,AII,AJMER JN.,NDLS,NEW DELHI,10,442
12017,NDLS,NEW DELHI,DDN,DEHRA DUN,8,314
12018,DDN,DEHRA DUN,NDLS,NEW DELHI,8,314
12019,HWH,HOWRAH JN.,RNC,RANCHI,10,436
12020,RNC,RANCHI,HWH,HOWRAH JN.,10,434
12021,HWH,HOWRAH JN.,BBN,BARBIL,10,402
12022,BBN,BARBIL,HWH,HOWRAH JN.,11,401
12023,HWH,HOWRAH JN.,PNBE,PATNA JN.,14,530
12024,PNBE,PATNA JN.,HWH,HOWRAH JN.,14,531
12025,PUNE,PUNE JN.,SC,SECUNDERABAD,8,598
12026,SC,SECUNDERABAD,PUNE,PUNE JN.,8,598
12027,MAS,CHENNAI CENT,SBC,KRANTIVIRA S,4,360
12028,SBC,KRANTIVIRA S,MAS,CHENNAI CENT,4,361
12029,NDLS,NEW DELHI,ASR,AMRITSAR JN.,8,447
12030,ASR,AMRITSAR JN.,NDLS,NEW DELHI,8,447
12031,NDLS,NEW DELHI,ASR,AMRITSAR JN.,8,447
12032,ASR,AMRITSAR JN.,NDLS,NEW DELHI,8,447
12033,CNB,KANPUR CENTR,NDLS,NEW DELHI,5,430
12034,NDLS,NEW DELHI,CNB,KANPUR CENTR,4,430
12035,JP,JAIPUR JN.,AF,AGRA  FORT,4,240
12036,AF,AGRA  FORT,JP,JAIPUR JN.,4,240
12037,NDLS,NEW DELHI,LDH,LUDHIANA JN.,7,328
12038,LDH,LUDHIANA JN.,NDLS,NEW DELHI,7,328
12039,KGM,KATHGODAM,NDLS,NEW DELHI,8,283
12040,NDLS,NEW DELHI,KGM,KATHGODAM,8,283
12041,HWH,HOWRAH JN.,NJP,NEW JALPAIGU,7,560
12042,NJP,NEW JALPAIGU,HWH,HOWRAH JN.,7,560
12043,NDLS,NEW DELHI,MOGA,MOGA,8,397
12044,MOGA,MOGA,NDLS,NEW DELHI,8,397
12045,NDLS,NEW DELHI,CDG,CHANDIGARH,4,243
12046,CDG,CHANDIGARH,NDLS,NEW DELHI,4,243
12047,NDLS,NEW DELHI,FZR,FIROZPUR CAN,10,385
12048,FZR,FIROZPUR CAN,NDLS,NEW DELHI,10,385
12049,AGC,AGRA CANTT,NZM,HAZRAT NIZAM,2,181
12050,NZM,HAZRAT NIZAM,AGC,AGRA CANTT,2,183
12051,DR,DADAR,MAO,MADGOAN JN.,9,581
12052,MAO,MADGOAN JN.,DR,DADAR,9,585
12053,HW,HARIDWAR JN,ASR,AMRITSAR JN.,11,406
12054,ASR,AMRITSAR JN.,HW,HARIDWAR JN,11,406
12055,NDLS,NEW DELHI,DDN,DEHRA DUN,9,304
12056,DDN,DEHRA DUN,NDLS,NEW DELHI,10,304
12057,NDLS,NEW DELHI,UHL,UNA HIMACHAL,14,386
12058,UHL,UNA HIMACHAL,NDLS,NEW DELHI,14,386
12059,KOTA,KOTA,NZM,HAZRAT NIZAM,10,447
12060,NZM,HAZRAT NIZAM,KOTA,KOTA,10,450
12061,HBJ,HABIBGANJ,JBP,JABALPUR,10,330
12062,JBP,JABALPUR,HBJ,HABIBGANJ,10,330
12065,AII,AJMER JN.,NZM,HAZRAT NIZAM,10,389
12066,NZM,HAZRAT NIZAM,AII,AJMER JN.,10,389
12067,GHY,GUWAHATI,JTTN,JORHAT TOWN,11,376
12068,JTTN,JORHAT TOWN,GHY,GUWAHATI,11,375
12069,RIG,RAIGARH,G,GONDIA JN.,15,419
12070,G,GONDIA JN.,RIG,RAIGARH,15,411
12071,DR,DADAR,J,JALNA,7,422
12072,J,JALNA,DR,DADAR,7,422
12073,HWH,HOWRAH JN.,BBS,BHUBANESWAR,9,442
12074,BBS,BHUBANESWAR,HWH,HOWRAH JN.,9,441
12075,CLT,CALICUT,TVC,TRIVANDRUM C,12,399
12076,TVC,TRIVANDRUM C,CLT,CALICUT,12,398
12077,MAS,CHENNAI CENT,BZA,VIJAYWADA JN,10,453
12078,BZA,VIJAYWADA JN,MAS,CHENNAI CENT,10,453
12079,SBC,KRANTIVIRA S,UBL,HUBLI JN.,11,470
12080,UBL,HUBLI JN.,SBC,KRANTIVIRA S,11,468
12081,CAN,KANNUR,TVC,TRIVANDRUM C,15,500
12082,TVC,TRIVANDRUM C,CAN,KANNUR,15,499
12083,MV,MAYILADUTURA,CBE,COIMBATORE,10,361
12084,CBE,COIMBATORE,MV,MAYILADUTURA,10,361
12085,GHY,GUWAHATI,DBRG,DIBRUGARH,10,506
12086,DBRG,DIBRUGARH,GHY,GUWAHATI,10,505
12087,NHLN,NAHARLAGUN,GHY,GUWAHATI,8,332
12088,GHY,GUWAHATI,NHLN,NAHARLAGUN,8,332
12101,LTT,LOKMANYA TIL,HWH,HOWRAH JN.,16,1956
12102,HWH,HOWRAH JN.,LTT,LOKMANYA TIL,17,1963
12103,PUNE,PUNE JN.,LJN,LUCKNOW JN.,13,1478
12104,LJN,LUCKNOW JN.,PUNE,PUNE JN.,13,1478
12105,CSMT,CST-MUMBAI,G,GONDIA JN.,26,971
12106,G,GONDIA JN.,CSMT,CST-MUMBAI,27,972
12107,LTT,LOKMANYA TIL,LJN,LUCKNOW JN.,11,1408
12108,LJN,LUCKNOW JN.,LTT,LOKMANYA TIL,11,1408
12109,CSMT,CST-MUMBAI,MMR,MANMAD JN.,10,260
12110,MMR,MANMAD JN.,CSMT,CST-MUMBAI,10,260
12111,CSMT,CST-MUMBAI,AMI,AMRAVATI,14,676
12112,AMI,AMRAVATI,CSMT,CST-MUMBAI,14,676
12113,PUNE,PUNE JN.,NGP,NAGPUR JN.(C,9,895
12114,NGP,NAGPUR JN.(C,PUNE,PUNE JN.,9,895
12115,CSMT,CST-MUMBAI,SUR,SOLAPUR,14,456
12116,SUR,SOLAPUR,CSMT,CST-MUMBAI,15,457
12117,LTT,LOKMANYA TIL,MMR,MANMAD JN.,10,244
12118,MMR,MANMAD JN.,LTT,LOKMANYA TIL,10,244
12119,AMI,AMRAVATI,AJNI,AJNI,5,180
12120,AJNI,AJNI,AMI,AMRAVATI,5,180
12121,JBP,JABALPUR,NZM,HAZRAT NIZAM,7,883
12122,NZM,HAZRAT NIZAM,JBP,JABALPUR,7,886
12123,CSMT,CST-MUMBAI,PUNE,PUNE JN.,5,191
12124,PUNE,PUNE JN.,CSMT,CST-MUMBAI,4,191
12125,CSMT,CST-MUMBAI,PUNE,PUNE JN.,8,190
12126,PUNE,PUNE JN.,CSMT,CST-MUMBAI,7,190
12127,CSMT,CST-MUMBAI,PUNE,PUNE JN.,6,191
12128,PUNE,PUNE JN.,CSMT,CST-MUMBAI,5,191
12129,PUNE,PUNE JN.,HWH,HOWRAH JN.,30,2026
12130,HWH,HOWRAH JN.,PUNE,PUNE JN.,30,2033
12131,DR,DADAR,SNSI,SAI NAGAR SH,8,330
12132,SNSI,SAI NAGAR SH,DR,DADAR,8,330
12133,CSMT,CST-MUMBAI,MAJN,MANGALORE JN,14,903
12134,MAJN,MANGALORE JN,CSMT,CST-MUMBAI,14,909
12135,PUNE,PUNE JN.,NGP,NAGPUR JN.(C,18,895
12136,NGP,NAGPUR JN.(C,PUNE,PUNE JN.,18,895
12137,CSMT,CST-MUMBAI,FZR,FIROZPUR CAN,56,1910
12138,FZR,FIROZPUR CAN,CSMT,CST-MUMBAI,54,1913
12139,CSMT,CST-MUMBAI,NGP,NAGPUR JN.(C,33,841
12140,NGP,NAGPUR JN.(C,CSMT,CST-MUMBAI,33,841
12141,LTT,LOKMANYA TIL,PPTA,PATLIPUTRA,14,1693
12142,PPTA,PATLIPUTRA,LTT,LOKMANYA TIL,13,1692
12143,LTT,LOKMANYA TIL,SLN,SULTANPUR JN,14,1540
12144,SLN,SULTANPUR JN,LTT,LOKMANYA TIL,14,1541
12145,LTT,LOKMANYA TIL,PURI,PURI,27,1888
12146,PURI,PURI,LTT,LOKMANYA TIL,27,1895
12147,KOP,CHHATRAPATI,NZM,HAZRAT NIZAM,22,1897
12148,NZM,HAZRAT NIZAM,KOP,CHHATRAPATI,22,1900
12149,PUNE,PUNE JN.,DNR,DANAPUR,19,1757
12150,DNR,DANAPUR,PUNE,PUNE JN.,19,1756
12151,LTT,LOKMANYA TIL,HWH,HOWRAH JN.,24,2089
12152,HWH,HOWRAH JN.,LTT,LOKMANYA TIL,23,2095
12153,LTT,LOKMANYA TIL,HBJ,HABIBGANJ,10,820
12154,HBJ,HABIBGANJ,LTT,LOKMANYA TIL,10,820
12155,HBJ,HABIBGANJ,NZM,HAZRAT NIZAM,10,681
12156,NZM,HAZRAT NIZAM,HBJ,HABIBGANJ,10,683
12157,PUNE,PUNE JN.,SUR,SOLAPUR,4,265
12158,SUR,SOLAPUR,PUNE,PUNE JN.,4,265
12159,AMI,AMRAVATI,JBP,JABALPUR,20,725
12160,JBP,JABALPUR,AMI,AMRAVATI,20,725
12161,LTT,LOKMANYA TIL,AGC,AGRA CANTT,21,1320
12162,AGC,AGRA CANTT,LTT,LOKMANYA TIL,21,1320
12163,DR,DADAR,MS,CHENNAI EGMO,24,1278
12164,MS,CHENNAI EGMO,DR,DADAR,22,1281
12165,LTT,LOKMANYA TIL,BSB,VARANASI JN.,16,1488
12166,BSB,VARANASI JN.,LTT,LOKMANYA TIL,16,1487
12167,LTT,LOKMANYA TIL,BSB,VARANASI JN.,13,1500
12168,BSB,VARANASI JN.,LTT,LOKMANYA TIL,13,1500
12169,PUNE,PUNE JN.,SUR,SOLAPUR,5,265
12170,SUR,SOLAPUR,PUNE,PUNE JN.,5,265
12171,LTT,LOKMANYA TIL,HW,HARIDWAR JN,12,1756
12172,HW,HARIDWAR JN,LTT,LOKMANYA TIL,12,1759
12173,LTT,LOKMANYA TIL,PBH,PARTAPGARH J,13,1581
12174,PBH,PARTAPGARH J,LTT,LOKMANYA TIL,13,1581
12175,HWH,HOWRAH JN.,GWL,GWALIOR JN,31,1291
12176,GWL,GWALIOR JN,HWH,HOWRAH JN.,31,1292
12177,HWH,HOWRAH JN.,MTJ,MATHURA JN.,34,1451
12178,MTJ,MATHURA JN.,HWH,HOWRAH JN.,34,1453
12179,LJN,LUCKNOW JN.,AGC,AGRA CANTT,14,323
12180,AGC,AGRA CANTT,LJN,LUCKNOW JN.,14,323
12181,JBP,JABALPUR,AII,AJMER JN.,22,1024
12182,AII,AJMER JN.,JBP,JABALPUR,22,1024
12183,BPL,BHOPAL,PBH,PARTAPGARH J,11,754
12184,PBH,PARTAPGARH J,BPL,BHOPAL,11,754
12185,HBJ,HABIBGANJ,REWA,REWA,15,555
12186,REWA,REWA,HBJ,HABIBGANJ,15,557
12187,JBP,JABALPUR,CSMT,CST-MUMBAI,15,996
12188,CSMT,CST-MUMBAI,JBP,JABALPUR,15,996
12189,JBP,JABALPUR,NZM,HAZRAT NIZAM,29,937
12190,NZM,HAZRAT NIZAM,JBP,JABALPUR,28,938
12191,NDLS,NEW DELHI,JBP,JABALPUR,24,1021
12192,JBP,JABALPUR,NDLS,NEW DELHI,24,1019
12193,YPR,YESVANTPUR J,JBP,JABALPUR,20,1747
12194,JBP,JABALPUR,YPR,YESVANTPUR J,20,1734
12195,AF,AGRA  FORT,AII,AJMER JN.,14,375
12196,AII,AJMER JN.,AF,AGRA  FORT,14,375
12197,BPL,BHOPAL,GWL,GWALIOR JN,11,484
12198,GWL,GWALIOR JN,BPL,BHOPAL,11,484
12201,LTT,LOKMANYA TIL,KCVL,KOCHUVELI,25,1513
12202,KCVL,KOCHUVELI,LTT,LOKMANYA TIL,25,1517
12203,SHC,SAHARSA JN.,ASR,AMRITSAR JN.,23,1711
12204,ASR,AMRITSAR JN.,SHC,SAHARSA JN.,23,1714
12205,NDLS,NEW DELHI,DDN,DEHRA DUN,7,304
12206,DDN,DEHRA DUN,NDLS,NEW DELHI,7,304
12207,KGM,KATHGODAM,JAT,JAMMU TAWI,16,768
12208,JAT,JAMMU TAWI,KGM,KATHGODAM,16,768
12209,CNB,KANPUR CENTR,KGM,KATHGODAM,12,415
12210,KGM,KATHGODAM,CNB,KANPUR CENTR,12,415
12211,MFP,MUZAFFARPUR,ANVT,ANAND VIHAR,14,1057
12212,ANVT,ANAND VIHAR,MFP,MUZAFFARPUR,14,1059
12213,YPR,YESVANTPUR J,DEE,DELHI-SARAI,7,2350
12214,DEE,DELHI-SARAI,YPR,YESVANTPUR J,6,2351
12215,DEE,DELHI-SARAI,BDTS,BANDRA TERMI,18,1431
12216,BDTS,BANDRA TERMI,DEE,DELHI-SARAI,18,1429
12217,KCVL,KOCHUVELI,CDG,CHANDIGARH,22,3086
12218,CDG,CHANDIGARH,KCVL,KOCHUVELI,22,3084
12219,LTT,LOKMANYA TIL,SC,SECUNDERABAD,4,774
12220,SC,SECUNDERABAD,LTT,LOKMANYA TIL,4,774
12221,PUNE,PUNE JN.,HWH,HOWRAH JN.,8,2026
12222,HWH,HOWRAH JN.,PUNE,PUNE JN.,8,2033
12223,LTT,LOKMANYA TIL,ERS,ERNAKULAM. J,6,1301
12224,ERS,ERNAKULAM. J,LTT,LOKMANYA TIL,6,1306
12225,AMH,AZAMGARH,DLI,DELHI JN.,15,795
12226,DLI,DELHI JN.,AMH,AZAMGARH,15,796
12227,BCT,MUMBAI CENTR,INDB,INDORE BG,5,831
12228,INDB,INDORE BG,BCT,MUMBAI CENTR,5,831
12229,LKO,LUCKNOW JN.,NDLS,NEW DELHI,9,492
12230,NDLS,NEW DELHI,LKO,LUCKNOW JN.,9,492
12231,LKO,LUCKNOW JN.,CDG,CHANDIGARH,16,644
12232,CDG,CHANDIGARH,LKO,LUCKNOW JN.,16,644
12235,DBRG,DIBRUGARH,NDLS,NEW DELHI,26,2446
12236,NDLS,NEW DELHI,DBRG,DIBRUGARH,26,2448
12237,BSB,VARANASI JN.,JAT,JAMMU TAWI,13,1253
12238,JAT,JAMMU TAWI,BSB,VARANASI JN.,13,1253
12239,BCT,MUMBAI CENTR,JP,JAIPUR JN.,5,1157
12240,JP,JAIPUR JN.,BCT,MUMBAI CENTR,5,1158
12241,CDG,CHANDIGARH,ASR,AMRITSAR JN.,6,247
12242,ASR,AMRITSAR JN.,CDG,CHANDIGARH,6,247
12243,MAS,CHENNAI CENT,CBE,COIMBATORE,6,491
12244,CBE,COIMBATORE,MAS,CHENNAI CENT,6,493
12245,HWH,HOWRAH JN.,YPR,YESVANTPUR J,6,1957
12246,YPR,YESVANTPUR J,HWH,HOWRAH JN.,6,1959
12247,BDTS,BANDRA TERMI,NZM,HAZRAT NIZAM,7,1355
12248,NZM,HAZRAT NIZAM,BDTS,BANDRA TERMI,7,1358
12249,HWH,HOWRAH JN.,ANVT,ANAND VIHAR,7,1425
12250,ANVT,ANAND VIHAR,HWH,HOWRAH JN.,7,1426
12251,YPR,YESVANTPUR J,KRBA,KORBA,25,1611
12252,KRBA,KORBA,YPR,YESVANTPUR J,26,1605
12253,YPR,YESVANTPUR J,BGP,BHAGALPUR,29,2478
12254,BGP,BHAGALPUR,YPR,YESVANTPUR J,29,2477
12257,YPR,YESVANTPUR J,KCVL,KOCHUVELI,19,798
12258,KCVL,KOCHUVELI,YPR,YESVANTPUR J,19,797
12259,SDAH,SEALDAH,NDLS,NEW DELHI,5,1448
12260,NDLS,NEW DELHI,SDAH,SEALDAH,5,1449
12261,CSMT,CST-MUMBAI,HWH,HOWRAH JN.,7,1972
12262,HWH,HOWRAH JN.,CSMT,CST-MUMBAI,7,1979
12263,PUNE,PUNE JN.,NZM,HAZRAT NIZAM,7,1498
12264,NZM,HAZRAT NIZAM,PUNE,PUNE JN.,7,1501
12265,DEE,DELHI-SARAI,JAT,JAMMU TAWI,3,577
12266,JAT,JAMMU TAWI,DEE,DELHI-SARAI,3,577
12267,BCT,MUMBAI CENTR,ADI,AHMEDABAD,2,490
12268,ADI,AHMEDABAD,BCT,MUMBAI CENTR,2,490
12269,MAS,CHENNAI CENT,NZM,HAZRAT NIZAM,7,2156
12270,NZM,HAZRAT NIZAM,MAS,CHENNAI CENT,7,2155
12273,HWH,HOWRAH JN.,NDLS,NEW DELHI,6,1516
12274,NDLS,NEW DELHI,HWH,HOWRAH JN.,6,1517
12275,ALD,ALLAHABAD JN,NDLS,NEW DELHI,2,629
12276,NDLS,NEW DELHI,ALD,ALLAHABAD JN,2,629
12277,HWH,HOWRAH JN.,PURI,PURI,8,504
12278,PURI,PURI,HWH,HOWRAH JN.,8,503
12279,JHS,JHANSI JN,NZM,HAZRAT NIZAM,11,385
12280,NZM,HAZRAT NIZAM,JHS,JHANSI JN,11,388
12281,BBS,BHUBANESWAR,NDLS,NEW DELHI,6,1714
12282,NDLS,NEW DELHI,BBS,BHUBANESWAR,6,1717
12283,ERS,ERNAKULAM. J,NZM,HAZRAT NIZAM,11,2636
12284,NZM,HAZRAT NIZAM,ERS,ERNAKULAM. J,11,2634
12285,SC,SECUNDERABAD,NZM,HAZRAT NIZAM,6,1651
12286,NZM,HAZRAT NIZAM,SC,SECUNDERABAD,6,1652
12289,CSMT,CST-MUMBAI,NGP,NAGPUR JN.(C,4,841
12290,NGP,NAGPUR JN.(C,CSMT,CST-MUMBAI,4,841
12291,YPR,YESVANTPUR J,MAS,CHENNAI CENT,7,364
12292,MAS,CHENNAI CENT,YPR,YESVANTPUR J,7,363
12293,LTT,LOKMANYA TIL,ALD,ALLAHABAD JN,5,1353
12294,ALD,ALLAHABAD JN,LTT,LOKMANYA TIL,5,1352
12295,SBC,KRANTIVIRA S,DNR,DANAPUR,36,2703
12296,DNR,DANAPUR,SBC,KRANTIVIRA S,37,2697
12297,ADI,AHMEDABAD,PUNE,PUNE JN.,4,623
12298,PUNE,PUNE JN.,ADI,AHMEDABAD,4,622
12301,HWH,HOWRAH JN.,NDLS,NEW DELHI,8,1438
12302,NDLS,NEW DELHI,HWH,HOWRAH JN.,8,1439
12303,HWH,HOWRAH JN.,NDLS,NEW DELHI,25,1516
12304,NDLS,NEW DELHI,HWH,HOWRAH JN.,25,1517
12305,HWH,HOWRAH JN.,NDLS,NEW DELHI,9,1516
12306,NDLS,NEW DELHI,HWH,HOWRAH JN.,9,1517
12307,HWH,HOWRAH JN.,JU,JODHPUR JN.,28,1803
12308,JU,JODHPUR JN.,HWH,HOWRAH JN.,28,1805
12309,RJPB,RAJENDRANAGA,NDLS,NEW DELHI,6,987
12310,NDLS,NEW DELHI,RJPB,RAJENDRANAGA,6,987
12311,HWH,HOWRAH JN.,KLK,KALKA,39,1699
12312,KLK,KALKA,HWH,HOWRAH JN.,40,1700
12313,SDAH,SEALDAH,NDLS,NEW DELHI,8,1448
12314,NDLS,NEW DELHI,SDAH,SEALDAH,8,1449
12315,KOAA,KOLKATA,UDZ,UDAIPUR CITY,23,2119
12316,UDZ,UDAIPUR CITY,KOAA,KOLKATA,23,2120
12317,KOAA,KOLKATA,ASR,AMRITSAR JN.,23,1884
12318,ASR,AMRITSAR JN.,KOAA,KOLKATA,23,1885
12319,KOAA,KOLKATA,AGC,AGRA CANTT,12,1416
12320,AGC,AGRA CANTT,KOAA,KOLKATA,11,1417
12321,HWH,HOWRAH JN.,CSMT,CST-MUMBAI,48,2165
12322,CSMT,CST-MUMBAI,HWH,HOWRAH JN.,49,2167
12323,HWH,HOWRAH JN.,ANVT,ANAND VIHAR,9,1425
12324,ANVT,ANAND VIHAR,HWH,HOWRAH JN.,9,1426
12325,KOAA,KOLKATA,NLDM,NANGAL DAM,18,1792
12326,NLDM,NANGAL DAM,KOAA,KOLKATA,18,1793
12327,HWH,HOWRAH JN.,DDN,DEHRA DUN,20,1577
12328,DDN,DEHRA DUN,HWH,HOWRAH JN.,20,1577
12329,SDAH,SEALDAH,ANVT,ANAND VIHAR,8,1435
12330,ANVT,ANAND VIHAR,SDAH,SEALDAH,8,1436
12331,HWH,HOWRAH JN.,JAT,JAMMU TAWI,32,2010
12332,JAT,JAMMU TAWI,HWH,HOWRAH JN.,32,2011
12333,HWH,HOWRAH JN.,ALY,ALLAHABAD CI,31,878
12334,ALY,ALLAHABAD CI,HWH,HOWRAH JN.,31,879
12335,BGP,BHAGALPUR,LTT,LOKMANYA TIL,39,1917
12336,LTT,LOKMANYA TIL,BGP,BHAGALPUR,38,1918
12337,HWH,HOWRAH JN.,BHP,BOLPUR,4,146
12338,BHP,BOLPUR,HWH,HOWRAH JN.,4,146
12339,HWH,HOWRAH JN.,DHN,DHANBAD JN.,13,258
12340,DHN,DHANBAD JN.,HWH,HOWRAH JN.,13,259
12341,HWH,HOWRAH JN.,ASN,ASANSOL MAIN,7,199
12342,ASN,ASANSOL MAIN,HWH,HOWRAH JN.,7,200
12343,SDAH,SEALDAH,NJP,NEW JALPAIGU,6,571
12344,NJP,NEW JALPAIGU,SDAH,SEALDAH,6,571
12345,HWH,HOWRAH JN.,GHY,GUWAHATI,13,1023
12346,GHY,GUWAHATI,HWH,HOWRAH JN.,13,1023
12347,HWH,HOWRAH JN.,RPH,RAMPUR HAT,9,206
12348,RPH,RAMPUR HAT,HWH,HOWRAH JN.,9,206
12349,BGP,BHAGALPUR,NDLS,NEW DELHI,13,1206
12350,NDLS,NEW DELHI,BGP,BHAGALPUR,13,1206
12351,HWH,HOWRAH JN.,RJPB,RAJENDRANAGA,23,528
12352,RJPB,RAJENDRANAGA,HWH,HOWRAH JN.,23,529
12353,HWH,HOWRAH JN.,LKU,LALKUA JN.,18,1299
12354,LKU,LALKUA JN.,HWH,HOWRAH JN.,18,1300
12355,RJPB,RAJENDRANAGA,JAT,JAMMU TAWI,19,1506
12356,JAT,JAMMU TAWI,RJPB,RAJENDRANAGA,19,1506
12357,KOAA,KOLKATA,ASR,AMRITSAR JN.,15,1807
12358,ASR,AMRITSAR JN.,KOAA,KOLKATA,15,1807
12359,KOAA,KOLKATA,PNBE,PATNA JN.,13,534
12360,PNBE,PATNA JN.,KOAA,KOLKATA,13,534
12361,ASN,ASANSOL MAIN,CSMT,CST-MUMBAI,21,2043
12362,CSMT,CST-MUMBAI,ASN,ASANSOL MAIN,21,2044
12363,KOAA,KOLKATA,HDB,HALDIBARI,11,621
12364,HDB,HALDIBARI,KOAA,KOLKATA,11,620
12365,PNBE,PATNA JN.,RNC,RANCHI,12,410
12366,RNC,RANCHI,PNBE,PATNA JN.,12,407
12367,BGP,BHAGALPUR,ANVT,ANAND VIHAR,21,1193
12368,ANVT,ANAND VIHAR,BGP,BHAGALPUR,21,1193
12369,HWH,HOWRAH JN.,HW,HARIDWAR JN,20,1525
12370,HW,HARIDWAR JN,HWH,HOWRAH JN.,20,1526
12371,HWH,HOWRAH JN.,JSM,JAISALMER,29,2245
12372,JSM,JAISALMER,HWH,HOWRAH JN.,29,2246
12373,SDAH,SEALDAH,RPH,RAMPUR HAT,7,217
12374,RPH,RAMPUR HAT,SDAH,SEALDAH,7,216
12375,MAS,CHENNAI CENT,ASN,ASANSOL MAIN,27,1729
12376,ASN,ASANSOL MAIN,MAS,CHENNAI CENT,27,1727
12377,SDAH,SEALDAH,NOQ,NEW ALIPURDU,10,718
12378,NOQ,NEW ALIPURDU,SDAH,SEALDAH,10,718
12379,SDAH,SEALDAH,ASR,AMRITSAR JN.,15,1889
12380,ASR,AMRITSAR JN.,SDAH,SEALDAH,15,1890
12381,HWH,HOWRAH JN.,NDLS,NEW DELHI,22,1438
12382,NDLS,NEW DELHI,HWH,HOWRAH JN.,22,1439
12383,SDAH,SEALDAH,ASN,ASANSOL MAIN,9,221
12384,ASN,ASANSOL MAIN,SDAH,SEALDAH,9,222
12389,GAYA,GAYA JN.,MS,CHENNAI EGMO,17,2348
12390,MS,CHENNAI EGMO,GAYA,GAYA JN.,17,2353
12391,RGD,RAJGIR,NDLS,NEW DELHI,33,1092
12392,NDLS,NEW DELHI,RGD,RAJGIR,33,1092
12393,RJPB,RAJENDRANAGA,NDLS,NEW DELHI,5,987
12394,NDLS,NEW DELHI,RJPB,RAJENDRANAGA,5,987
12395,RJPB,RAJENDRANAGA,AII,AJMER JN.,15,1287
12396,AII,AJMER JN.,RJPB,RAJENDRANAGA,15,1287
12397,GAYA,GAYA JN.,NDLS,NEW DELHI,15,981
12398,NDLS,NEW DELHI,GAYA,GAYA JN.,15,981
12401,IPR,ISLAMPUR,NDLS,NEW DELHI,28,1049
12402,NDLS,NEW DELHI,IPR,ISLAMPUR,28,1049
12405,BSL,BHUSAVAL JN.,NZM,HAZRAT NIZAM,29,1461
12406,NZM,HAZRAT NIZAM,BSL,BHUSAVAL JN.,29,1464
12407,NJP,NEW JALPAIGU,ASR,AMRITSAR JN.,19,1821
12408,ASR,AMRITSAR JN.,NJP,NEW JALPAIGU,19,1824
12409,RIG,RAIGARH,NZM,HAZRAT NIZAM,35,1613
12410,NZM,HAZRAT NIZAM,RIG,RAIGARH,35,1608
12411,CDG,CHANDIGARH,ASR,AMRITSAR JN.,9,247
12412,ASR,AMRITSAR JN.,CDG,CHANDIGARH,9,247
12413,AII,AJMER JN.,JAT,JAMMU TAWI,21,1016
12414,JAT,JAMMU TAWI,AII,AJMER JN.,22,1017
12415,INDB,INDORE BG,DEE,DELHI-SARAI,23,815
12416,DEE,DELHI-SARAI,INDB,INDORE BG,22,817
12417,ALD,ALLAHABAD JN,NDLS,NEW DELHI,6,624
12418,NDLS,NEW DELHI,ALD,ALLAHABAD JN,7,624
12419,LKO,LUCKNOW JN.,NDLS,NEW DELHI,16,504
12420,NDLS,NEW DELHI,LKO,LUCKNOW JN.,16,504
12421,NED,NANDED,ASR,AMRITSAR JN.,23,1927
12422,ASR,AMRITSAR JN.,NED,NANDED,23,1929
12423,DBRT,DIBRUGARH TO,NDLS,NEW DELHI,22,2422
12424,NDLS,NEW DELHI,DBRT,DIBRUGARH TO,22,2423
12425,NDLS,NEW DELHI,JAT,JAMMU TAWI,5,576
12426,JAT,JAMMU TAWI,NDLS,NEW DELHI,5,576
12427,REWA,REWA,ANVT,ANAND VIHAR,12,844
12428,ANVT,ANAND VIHAR,REWA,REWA,13,844
12431,TVC,TRIVANDRUM C,NZM,HAZRAT NIZAM,19,2841
12432,NZM,HAZRAT NIZAM,TVC,TRIVANDRUM C,19,2840
12433,MAS,CHENNAI CENT,NZM,HAZRAT NIZAM,10,2156
12434,NZM,HAZRAT NIZAM,MAS,CHENNAI CENT,10,2155
12435,DBRT,DIBRUGARH TO,NDLS,NEW DELHI,26,2452
12436,NDLS,NEW DELHI,DBRT,DIBRUGARH TO,26,2454
12437,SC,SECUNDERABAD,NZM,HAZRAT NIZAM,7,1651
12438,NZM,HAZRAT NIZAM,SC,SECUNDERABAD,7,1652
12439,RNC,RANCHI,NDLS,NEW DELHI,8,1297
12440,NDLS,NEW DELHI,RNC,RANCHI,8,1300
12441,BSP,BILASPUR JN.,NDLS,NEW DELHI,10,1487
12442,NDLS,NEW DELHI,BSP,BILASPUR JN.,10,1483
12443,HLZ,HALDIA,ANVT,ANAND VIHAR,14,1572
12444,ANVT,ANAND VIHAR,HLZ,HALDIA,14,1572
12445,NDLS,NEW DELHI,SVDK,SHRI MATA VA,11,654
12446,SVDK,SHRI MATA VA,NDLS,NEW DELHI,11,654
12447,MKP,MANIKPUR JN.,NZM,HAZRAT NIZAM,12,676
12448,NZM,HAZRAT NIZAM,MKP,MANIKPUR JN.,12,679
12449,MAO,MADGOAN JN.,CDG,CHANDIGARH,14,2159
12450,CDG,CHANDIGARH,MAO,MADGOAN JN.,14,2157
12451,CNB,KANPUR CENTR,NDLS,NEW DELHI,3,430
12452,NDLS,NEW DELHI,CNB,KANPUR CENTR,3,430
12453,RNC,RANCHI,NDLS,NEW DELHI,7,1333
12454,NDLS,NEW DELHI,RNC,RANCHI,7,1336
12455,DEE,DELHI-SARAI,BKN,BIKANER JN.,21,790
12456,BKN,BIKANER JN.,DEE,DELHI-SARAI,21,790
12457,DEE,DELHI-SARAI,BKN,BIKANER JN.,14,455
12458,BKN,BIKANER JN.,DEE,DELHI-SARAI,14,455
12459,NDLS,NEW DELHI,ASR,AMRITSAR JN.,15,447
12460,ASR,AMRITSAR JN.,NDLS,NEW DELHI,17,447
12461,DLI,DELHI JN.,JU,JODHPUR JN.,18,618
12462,JU,JODHPUR JN.,DLI,DELHI JN.,16,619
12463,DEE,DELHI-SARAI,JU,JODHPUR JN.,8,614
12464,JU,JODHPUR JN.,DEE,DELHI-SARAI,8,615
12465,INDB,INDORE BG,JU,JODHPUR JN.,29,905
12466,JU,JODHPUR JN.,INDB,INDORE BG,29,906
12467,JSM,JAISALMER,JP,JAIPUR JN.,22,700
12468,JP,JAIPUR JN.,JSM,JAISALMER,22,699
12469,CNB,KANPUR CENTR,JAT,JAMMU TAWI,14,1025
12470,JAT,JAMMU TAWI,CNB,KANPUR CENTR,14,1025
12471,BDTS,BANDRA TERMI,SVDK,SHRI MATA VA,26,2017
12472,SVDK,SHRI MATA VA,BDTS,BANDRA TERMI,26,2019
12473,ADI,AHMEDABAD,SVDK,SHRI MATA VA,24,1736
12474,SVDK,SHRI MATA VA,ADI,AHMEDABAD,25,1739
12475,HAPA,HAPA,SVDK,SHRI MATA VA,31,2055
12476,SVDK,SHRI MATA VA,HAPA,HAPA,31,2058
12477,JAM,JAMNAGAR,SVDK,SHRI MATA VA,31,2064
12478,SVDK,SHRI MATA VA,JAM,JAMNAGAR,31,2066
12479,JU,JODHPUR JN.,BDTS,BANDRA TERMI,17,934
12480,BDTS,BANDRA TERMI,JU,JODHPUR JN.,17,932
12481,DLI,DELHI JN.,SGNR,SHRI GANGANA,15,409
12482,SGNR,SHRI GANGANA,DLI,DELHI JN.,15,409
12483,KCVL,KOCHUVELI,ASR,AMRITSAR JN.,27,3290
12484,ASR,AMRITSAR JN.,KCVL,KOCHUVELI,27,3288
12485,NED,NANDED,SGNR,SHRI GANGANA,27,1937
12486,SGNR,SHRI GANGANA,NED,NANDED,27,1940
12487,JBN,JOGBANI,ANVT,ANAND VIHAR,19,1364
12488,ANVT,ANAND VIHAR,JBN,JOGBANI,19,1364
12489,BKN,BIKANER JN.,DDR,DADAR,22,1244
12490,DDR,DADAR,BKN,BIKANER JN.,22,1244
12491,BJU,BARAUNI JN.,JAT,JAMMU TAWI,22,1609
12492,JAT,JAMMU TAWI,BJU,BARAUNI JN.,22,1612
12493,PUNE,PUNE JN.,NZM,HAZRAT NIZAM,10,1498
12494,NZM,HAZRAT NIZAM,PUNE,PUNE JN.,10,1501
12495,BKN,BIKANER JN.,KOAA,KOLKATA,20,1878
12496,KOAA,KOLKATA,BKN,BIKANER JN.,20,1876
12497,NDLS,NEW DELHI,ASR,AMRITSAR JN.,14,447
12498,ASR,AMRITSAR JN.,NDLS,NEW DELHI,15,447
12501,GHY,GUWAHATI,NDLS,NEW DELHI,10,1914
12502,NDLS,NEW DELHI,GHY,GUWAHATI,10,1914
12503,BNC,BANGALORE CA,KYQ,KAMAKHYA JN,23,3032
12504,KYQ,KAMAKHYA JN,BNC,BANGALORE CA,23,3032
12505,GHY,GUWAHATI,ANVT,ANAND VIHAR,30,1850
12506,ANVT,ANAND VIHAR,GHY,GUWAHATI,29,1850
12507,TVC,TRIVANDRUM C,SCL,SILCHAR,58,3932
12508,SCL,SILCHAR,TVC,TRIVANDRUM C,56,3930
12509,BNC,BANGALORE CA,GHY,GUWAHATI,42,2992
12510,GHY,GUWAHATI,BNC,BANGALORE CA,41,2993
12511,GKP,GORAKHPUR JN,TVC,TRIVANDRUM C,61,3239
12512,TVC,TRIVANDRUM C,GKP,GORAKHPUR JN,60,3245
12513,SC,SECUNDERABAD,GHY,GUWAHATI,31,2564
12514,GHY,GUWAHATI,SC,SECUNDERABAD,30,2567
12515,TVC,TRIVANDRUM C,SCL,SILCHAR,57,3932
12516,SCL,SILCHAR,TVC,TRIVANDRUM C,56,3930
12517,KOAA,KOLKATA,GHY,GUWAHATI,14,1027
12518,GHY,GUWAHATI,KOAA,KOLKATA,14,1027
12519,LTT,LOKMANYA TIL,KYQ,KAMAKHYA JN,28,2568
12520,KYQ,KAMAKHYA JN,LTT,LOKMANYA TIL,28,2567
12521,BJU,BARAUNI JN.,ERS,ERNAKULAM. J,63,3427
12522,ERS,ERNAKULAM. J,BJU,BARAUNI JN.,62,3435
12523,NJP,NEW JALPAIGU,NDLS,NEW DELHI,18,1496
12524,NDLS,NEW DELHI,NJP,NEW JALPAIGU,18,1499
12525,KOAA,KOLKATA,DBRG,DIBRUGARH,23,1584
12526,DBRG,DIBRUGARH,KOAA,KOLKATA,23,1583
12527,RMR,RAMNAGAR,CDG,CHANDIGARH,11,395
12529,PPTA,PATLIPUTRA,LJN,LUCKNOW JN.,10,518
12530,LJN,LUCKNOW JN.,PPTA,PATLIPUTRA,10,522
12531,GKP,GORAKHPUR JN,LJN,LUCKNOW JN.,12,277
12532,LJN,LUCKNOW JN.,GKP,GORAKHPUR JN,12,278
12533,LJN,LUCKNOW JN.,CSMT,CST-MUMBAI,16,1424
12534,CSMT,CST-MUMBAI,LJN,LUCKNOW JN.,15,1423
12535,LJN,LUCKNOW JN.,R,RAIPUR JN.,13,903
12536,R,RAIPUR JN.,LJN,LUCKNOW JN.,12,905
12537,MFP,MUZAFFARPUR,MUV,MANDUADIH,15,543
12538,MUV,MANDUADIH,MFP,MUZAFFARPUR,15,543
12539,YPR,YESVANTPUR J,LKO,LUCKNOW JN.,18,2548
12540,LKO,LUCKNOW JN.,YPR,YESVANTPUR J,18,2541
12541,GKP,GORAKHPUR JN,LTT,LOKMANYA TIL,16,1685
12542,LTT,LOKMANYA TIL,GKP,GORAKHPUR JN,16,1686
12545,RXL,RAXAUL JN.,LTT,LOKMANYA TIL,21,2045
12546,LTT,LOKMANYA TIL,RXL,RAXAUL JN.,21,2045
12547,AF,AGRA  FORT,ADI,AHMEDABAD,12,866
12548,ADI,AHMEDABAD,AF,AGRA  FORT,12,864
12549,DURG,DURG,JAT,JAMMU TAWI,18,1847
12550,JAT,JAMMU TAWI,DURG,DURG,18,1858
12551,YPR,YESVANTPUR J,KYQ,KAMAKHYA JN,29,3024
12552,KYQ,KAMAKHYA JN,YPR,YESVANTPUR J,29,3024
12553,BJU,BARAUNI JN.,NDLS,NEW DELHI,21,1167
12554,NDLS,NEW DELHI,BJU,BARAUNI JN.,21,1170
12555,GKP,GORAKHPUR JN,HSR,HISAR JN,15,952
12556,HSR,HISAR JN,GKP,GORAKHPUR JN,15,953
12557,MFP,MUZAFFARPUR,ANVT,ANAND VIHAR,16,1057
12558,ANVT,ANAND VIHAR,MFP,MUZAFFARPUR,16,1059
12559,MUV,MANDUADIH,NDLS,NEW DELHI,4,745
12560,NDLS,NEW DELHI,MUV,MANDUADIH,4,745
12561,JYG,JAYNAGAR,NDLS,NEW DELHI,22,1223
12562,NDLS,NEW DELHI,JYG,JAYNAGAR,21,1224
12565,DBG,DARBHANGA JN,NDLS,NEW DELHI,11,1153
12566,NDLS,NEW DELHI,DBG,DARBHANGA JN,11,1156
12567,SHC,SAHARSA JN.,PNBE,PATNA JN.,9,219
12568,PNBE,PATNA JN.,SHC,SAHARSA JN.,9,219
12569,JYG,JAYNAGAR,ANVT,ANAND VIHAR,23,1238
12570,ANVT,ANAND VIHAR,JYG,JAYNAGAR,23,1238
12572,ANVT,ANAND VIHAR,GKP,GORAKHPUR JN,9,829
12577,DBG,DARBHANGA JN,MYS,MYSORE JN.,41,3045
12578,MYS,MYSORE JN.,DBG,DARBHANGA JN,40,3051
12581,MUV,MANDUADIH,NDLS,NEW DELHI,6,745
12582,NDLS,NEW DELHI,MUV,MANDUADIH,6,745
12587,GKP,GORAKHPUR JN,JAT,JAMMU TAWI,18,1246
12588,JAT,JAMMU TAWI,GKP,GORAKHPUR JN,18,1247
12589,GKP,GORAKHPUR JN,SC,SECUNDERABAD,31,1833
12590,SC,SECUNDERABAD,GKP,GORAKHPUR JN,31,1836
12591,GKP,GORAKHPUR JN,YPR,YESVANTPUR J,40,2513
12592,YPR,YESVANTPUR J,GKP,GORAKHPUR JN,40,2504
12593,LJN,LUCKNOW JN.,BPL,BHOPAL,6,581
12594,BPL,BHOPAL,LJN,LUCKNOW JN.,6,581
12595,GKP,GORAKHPUR JN,ANVT,ANAND VIHAR,6,760
12596,ANVT,ANAND VIHAR,GKP,GORAKHPUR JN,6,761
12597,GKP,GORAKHPUR JN,CSMT,CST-MUMBAI,13,1693
12598,CSMT,CST-MUMBAI,GKP,GORAKHPUR JN,13,1694
12601,MAS,CHENNAI CENT,MAQ,MANGALORE CE,31,883
12602,MAQ,MANGALORE CE,MAS,CHENNAI CENT,33,885
12603,MAS,CHENNAI CENT,HYB,HYDERABAD DE,22,715
12604,HYB,HYDERABAD DE,MAS,CHENNAI CENT,21,716
12605,MS,CHENNAI EGMO,KKDI,KARAIKKUDI,13,425
12606,KKDI,KARAIKKUDI,MS,CHENNAI EGMO,13,425
12607,MAS,CHENNAI CENT,SBC,KRANTIVIRA S,12,360
12608,SBC,KRANTIVIRA S,MAS,CHENNAI CENT,13,361
12609,MAS,CHENNAI CENT,SBC,KRANTIVIRA S,19,360
12610,SBC,KRANTIVIRA S,MAS,CHENNAI CENT,19,361
12611,MAS,CHENNAI CENT,NZM,HAZRAT NIZAM,11,2156
12612,NZM,HAZRAT NIZAM,MAS,CHENNAI CENT,11,2155
12613,MYS,MYSORE JN.,SBC,KRANTIVIRA S,4,138
12614,SBC,KRANTIVIRA S,MYS,MYSORE JN.,4,138
12615,MAS,CHENNAI CENT,DEE,DELHI-SARAI,41,2169
12616,DEE,DELHI-SARAI,MAS,CHENNAI CENT,40,2168
12617,ERS,ERNAKULAM. J,NZM,HAZRAT NIZAM,48,2751
12618,NZM,HAZRAT NIZAM,ERS,ERNAKULAM. J,48,2748
12619,LTT,LOKMANYA TIL,MAQ,MANGALORE CE,24,893
12620,MAQ,MANGALORE CE,LTT,LOKMANYA TIL,22,899
12621,MAS,CHENNAI CENT,NDLS,NEW DELHI,12,2163
12622,NDLS,NEW DELHI,MAS,CHENNAI CENT,11,2163
12623,MAS,CHENNAI CENT,TVC,TRIVANDRUM C,21,913
12624,TVC,TRIVANDRUM C,MAS,CHENNAI CENT,22,916
12625,TVC,TRIVANDRUM C,NDLS,NEW DELHI,43,3013
12626,NDLS,NEW DELHI,TVC,TRIVANDRUM C,42,3010
12627,SBC,KRANTIVIRA S,NDLS,NEW DELHI,36,2386
12628,NDLS,NEW DELHI,SBC,KRANTIVIRA S,35,2389
12629,YPR,YESVANTPUR J,NZM,HAZRAT NIZAM,14,2595
12630,NZM,HAZRAT NIZAM,YPR,YESVANTPUR J,14,2595
12631,MS,CHENNAI EGMO,TEN,TIRUNELVELI,15,649
12632,TEN,TIRUNELVELI,MS,CHENNAI EGMO,16,649
12633,MS,CHENNAI EGMO,CAPE,KANNIYAKUMAR,17,738
12634,CAPE,KANNIYAKUMAR,MS,CHENNAI EGMO,18,737
12635,MS,CHENNAI EGMO,MDU,MADURAI JN,10,492
12636,MDU,MADURAI JN,MS,CHENNAI EGMO,11,492
12637,MS,CHENNAI EGMO,MDU,MADURAI JN,11,492
12638,MDU,MADURAI JN,MS,CHENNAI EGMO,12,492
12639,MAS,CHENNAI CENT,SBC,KRANTIVIRA S,12,360
12640,SBC,KRANTIVIRA S,MAS,CHENNAI CENT,13,361
12641,CAPE,KANNIYAKUMAR,NZM,HAZRAT NIZAM,25,2899
12642,NZM,HAZRAT NIZAM,CAPE,KANNIYAKUMAR,26,2898
12643,TVC,TRIVANDRUM C,NZM,HAZRAT NIZAM,32,2991
12644,NZM,HAZRAT NIZAM,TVC,TRIVANDRUM C,31,2988
12645,ERS,ERNAKULAM. J,NZM,HAZRAT NIZAM,29,2786
12646,NZM,HAZRAT NIZAM,ERS,ERNAKULAM. J,28,2782
12647,CBE,COIMBATORE,NZM,HAZRAT NIZAM,28,2650
12648,NZM,HAZRAT NIZAM,CBE,COIMBATORE,28,2651
12649,YPR,YESVANTPUR J,NZM,HAZRAT NIZAM,9,2257
12650,NZM,HAZRAT NIZAM,YPR,YESVANTPUR J,9,2258
12651,MDU,MADURAI JN,NZM,HAZRAT NIZAM,15,2653
12652,NZM,HAZRAT NIZAM,MDU,MADURAI JN,15,2652
12653,MS,CHENNAI EGMO,TPJ,TIRUCHIRAPPA,14,336
12654,TPJ,TIRUCHIRAPPA,MS,CHENNAI EGMO,15,335
12655,ADI,AHMEDABAD,MAS,CHENNAI CENT,41,1893
12656,MAS,CHENNAI CENT,ADI,AHMEDABAD,42,1895
12657,MAS,CHENNAI CENT,SBC,KRANTIVIRA S,8,360
12658,SBC,KRANTIVIRA S,MAS,CHENNAI CENT,8,361
12659,NCJ,NAGERCOIL JN,SHM,SHALIMAR,44,2579
12660,SHM,SHALIMAR,NCJ,NAGERCOIL JN,44,2579
12661,MS,CHENNAI EGMO,SCT,SENGOTTAI JN,18,665
12662,SCT,SENGOTTAI JN,MS,CHENNAI EGMO,18,665
12663,HWH,HOWRAH JN.,TPJ,TIRUCHIRAPPA,24,2005
12664,TPJ,TIRUCHIRAPPA,HWH,HOWRAH JN.,24,2004
12665,HWH,HOWRAH JN.,CAPE,KANNIYAKUMAR,32,2407
12666,CAPE,KANNIYAKUMAR,HWH,HOWRAH JN.,32,2406
12667,MS,CHENNAI EGMO,NCJ,NAGERCOIL JN,11,722
12668,NCJ,NAGERCOIL JN,MS,CHENNAI EGMO,11,722
12669,MAS,CHENNAI CENT,CPR,CHHAPRA JN.,25,2348
12670,CPR,CHHAPRA JN.,MAS,CHENNAI CENT,24,2343
12671,MAS,CHENNAI CENT,MTP,METTUPALAIYA,9,526
12672,MTP,METTUPALAIYA,MAS,CHENNAI CENT,9,529
12673,MAS,CHENNAI CENT,CBE,COIMBATORE,8,491
12674,CBE,COIMBATORE,MAS,CHENNAI CENT,9,493
12675,MAS,CHENNAI CENT,CBE,COIMBATORE,11,491
12676,CBE,COIMBATORE,MAS,CHENNAI CENT,12,493
12677,SBC,KRANTIVIRA S,ERS,ERNAKULAM. J,14,581
12678,ERS,ERNAKULAM. J,SBC,KRANTIVIRA S,14,582
12679,MAS,CHENNAI CENT,CBE,COIMBATORE,12,491
12680,CBE,COIMBATORE,MAS,CHENNAI CENT,12,493
12681,MAS,CHENNAI CENT,CBE,COIMBATORE,7,491
12682,CBE,COIMBATORE,MAS,CHENNAI CENT,8,493
12683,ERS,ERNAKULAM. J,SBC,KRANTIVIRA S,14,617
12684,SBC,KRANTIVIRA S,ERS,ERNAKULAM. J,14,616
12685,MAS,CHENNAI CENT,MAQ,MANGALORE CE,18,883
12686,MAQ,MANGALORE CE,MAS,CHENNAI CENT,18,885
12687,MDU,MADURAI JN,DDN,DEHRA DUN,30,3067
12688,DDN,DEHRA DUN,MDU,MADURAI JN,31,3064
12689,MAS,CHENNAI CENT,NCJ,NAGERCOIL JN,19,918
12690,NCJ,NAGERCOIL JN,MAS,CHENNAI CENT,20,920
12691,MAS,CHENNAI CENT,SSPN,SRI SATYA SA,11,528
12692,SSPN,SRI SATYA SA,MAS,CHENNAI CENT,14,528
12693,MS,CHENNAI EGMO,TN,TUTICORIN,22,652
12694,TN,TUTICORIN,MS,CHENNAI EGMO,22,651
12695,MAS,CHENNAI CENT,TVC,TRIVANDRUM C,21,914
12696,TVC,TRIVANDRUM C,MAS,CHENNAI CENT,21,916
12697,MAS,CHENNAI CENT,TVC,TRIVANDRUM C,14,901
12698,TVC,TRIVANDRUM C,MAS,CHENNAI CENT,14,903
12701,CSMT,CST-MUMBAI,HYB,HYDERABAD DE,16,791
12702,HYB,HYDERABAD DE,CSMT,CST-MUMBAI,17,793
12703,HWH,HOWRAH JN.,SC,SECUNDERABAD,26,1549
12704,SC,SECUNDERABAD,HWH,HOWRAH JN.,27,1548
12705,GNT,GUNTUR JN.,SC,SECUNDERABAD,14,391
12706,SC,SECUNDERABAD,GNT,GUNTUR JN.,14,390
12707,TPTY,TIRUPATI,NZM,HAZRAT NIZAM,20,2292
12708,NZM,HAZRAT NIZAM,TPTY,TIRUPATI,20,2294
12709,GDR,GUDUR JN.,SC,SECUNDERABAD,17,651
12710,SC,SECUNDERABAD,GDR,GUDUR JN.,17,650
12711,BZA,VIJAYWADA JN,MAS,CHENNAI CENT,14,430
12712,MAS,CHENNAI CENT,BZA,VIJAYWADA JN,14,429
12713,BZA,VIJAYWADA JN,SC,SECUNDERABAD,9,358
12714,SC,SECUNDERABAD,BZA,VIJAYWADA JN,9,358
12715,NED,NANDED,ASR,AMRITSAR JN.,37,2056
12716,ASR,AMRITSAR JN.,NED,NANDED,36,2059
12717,VSKP,VISAKHAPATNA,BZA,VIJAYWADA JN,13,350
12718,BZA,VIJAYWADA JN,VSKP,VISAKHAPATNA,13,350
12719,AII,AJMER JN.,HYB,HYDERABAD DE,21,1718
12720,HYB,HYDERABAD DE,AII,AJMER JN.,21,1720
12721,HYB,HYDERABAD DE,NZM,HAZRAT NIZAM,46,1662
12722,NZM,HAZRAT NIZAM,HYB,HYDERABAD DE,46,1662
12723,HYB,HYDERABAD DE,NDLS,NEW DELHI,18,1669
12724,NDLS,NEW DELHI,HYB,HYDERABAD DE,16,1669
12725,SBC,KRANTIVIRA S,DWR,DHARWAD,17,491
12726,DWR,DHARWAD,SBC,KRANTIVIRA S,17,488
12727,VSKP,VISAKHAPATNA,HYB,HYDERABAD DE,21,718
12728,HYB,HYDERABAD DE,VSKP,VISAKHAPATNA,21,719
12729,PUNE,PUNE JN.,NED,NANDED,13,658
12730,NED,NANDED,PUNE,PUNE JN.,13,658
12731,TPTY,TIRUPATI,SC,SECUNDERABAD,16,790
12732,SC,SECUNDERABAD,TPTY,TIRUPATI,16,790
12733,TPTY,TIRUPATI,SC,SECUNDERABAD,23,661
12734,SC,SECUNDERABAD,TPTY,TIRUPATI,23,661
12735,SC,SECUNDERABAD,YPR,YESVANTPUR J,11,686
12736,YPR,YESVANTPUR J,SC,SECUNDERABAD,11,686
12737,COA,KAKINADA POR,SC,SECUNDERABAD,21,575
12738,SC,SECUNDERABAD,COA,KAKINADA POR,21,575
12739,VSKP,VISAKHAPATNA,SC,SECUNDERABAD,12,708
12740,SC,SECUNDERABAD,VSKP,VISAKHAPATNA,12,708
12741,VSG,VASCO-DA-GAM,PNBE,PATNA JN.,21,2243
12742,PNBE,PATNA JN.,VSG,VASCO-DA-GAM,20,2238
12747,GNT,GUNTUR JN.,VKB,VIKRABAD JN.,15,353
12748,VKB,VIKRABAD JN.,GNT,GUNTUR JN.,15,353
12749,MTM,MACHILIPATNA,SC,SECUNDERABAD,19,441
12750,SC,SECUNDERABAD,MTM,MACHILIPATNA,19,438
12757,SC,SECUNDERABAD,SKZR,SIRPURKAGHAZ,14,305
12758,SKZR,SIRPURKAGHAZ,SC,SECUNDERABAD,14,305
12759,MAS,CHENNAI CENT,HYB,HYDERABAD DE,17,797
12760,HYB,HYDERABAD DE,MAS,CHENNAI CENT,17,798
12761,TPTY,TIRUPATI,KRMR,KARIM NAGAR,12,712
12762,KRMR,KARIM NAGAR,TPTY,TIRUPATI,12,710
12763,TPTY,TIRUPATI,SC,SECUNDERABAD,19,744
12764,SC,SECUNDERABAD,TPTY,TIRUPATI,19,743
12765,TPTY,TIRUPATI,AMI,AMRAVATI,24,1305
12766,AMI,AMRAVATI,TPTY,TIRUPATI,24,1305
12767,NED,NANDED,SRC,SANTRAGACHI,19,1572
12768,SRC,SANTRAGACHI,NED,NANDED,19,1578
12769,TPTY,TIRUPATI,SC,SECUNDERABAD,17,711
12770,SC,SECUNDERABAD,TPTY,TIRUPATI,17,711
12771,SC,SECUNDERABAD,NGP,NAGPUR JN.(C,14,587
12772,NGP,NAGPUR JN.(C,SC,SECUNDERABAD,14,586
12773,SHM,SHALIMAR,SC,SECUNDERABAD,16,1590
12774,SC,SECUNDERABAD,SHM,SHALIMAR,16,1589
12775,CCT,KAKINADA TOW,SC,SECUNDERABAD,11,598
12776,SC,SECUNDERABAD,CCT,KAKINADA TOW,11,598
12777,UBL,HUBLI JN.,KCVL,KOCHUVELI,22,1295
12778,KCVL,KOCHUVELI,UBL,HUBLI JN.,22,1297
12779,VSG,VASCO-DA-GAM,NZM,HAZRAT NIZAM,29,2148
12780,NZM,HAZRAT NIZAM,VSG,VASCO-DA-GAM,29,2151
12781,MYS,MYSORE JN.,NZM,HAZRAT NIZAM,32,2602
12782,NZM,HAZRAT NIZAM,MYS,MYSORE JN.,32,2602
12783,VSKP,VISAKHAPATNA,SC,SECUNDERABAD,15,710
12784,SC,SECUNDERABAD,VSKP,VISAKHAPATNA,15,708
12785,KCG,KACHEGUDA,SBC,KRANTIVIRA S,17,623
12786,SBC,KRANTIVIRA S,KCG,KACHEGUDA,16,623
12791,SC,SECUNDERABAD,DNR,DANAPUR,29,1843
12792,DNR,DANAPUR,SC,SECUNDERABAD,28,1840
12795,BZA,VIJAYWADA JN,SC,SECUNDERABAD,4,314
12796,SC,SECUNDERABAD,BZA,VIJAYWADA JN,4,314
12797,KCG,KACHEGUDA,CTO,CHITTOOR,22,707
12798,CTO,CHITTOOR,KCG,KACHEGUDA,24,707
12801,PURI,PURI,NDLS,NEW DELHI,32,1860
12802,NDLS,NEW DELHI,PURI,PURI,31,1860
12803,VSKP,VISAKHAPATNA,NZM,HAZRAT NIZAM,21,2076
12804,NZM,HAZRAT NIZAM,VSKP,VISAKHAPATNA,21,2076
12805,VSKP,VISAKHAPATNA,SC,SECUNDERABAD,21,688
12806,SC,SECUNDERABAD,VSKP,VISAKHAPATNA,21,689
12807,VSKP,VISAKHAPATNA,NZM,HAZRAT NIZAM,41,1900
12808,NZM,HAZRAT NIZAM,VSKP,VISAKHAPATNA,40,1895
12809,CSMT,CST-MUMBAI,HWH,HOWRAH JN.,44,1972
12810,HWH,HOWRAH JN.,CSMT,CST-MUMBAI,42,1979
12811,LTT,LOKMANYA TIL,HTE,HATIA,18,1701
12812,HTE,HATIA,LTT,LOKMANYA TIL,18,1709
12813,HWH,HOWRAH JN.,TATA,TATANAGAR JN,8,254
12814,TATA,TATANAGAR JN,HWH,HOWRAH JN.,9,253
12815,PURI,PURI,NDLS,NEW DELHI,29,1794
12816,NDLS,NEW DELHI,PURI,PURI,29,1788
12817,HTE,HATIA,ANVT,ANAND VIHAR,19,1291
12818,ANVT,ANAND VIHAR,HTE,HATIA,19,1294
12819,BBS,BHUBANESWAR,ANVT,ANAND VIHAR,13,1774
12820,ANVT,ANAND VIHAR,BBS,BHUBANESWAR,13,1774
12821,HWH,HOWRAH JN.,PURI,PURI,15,504
12822,PURI,PURI,HWH,HOWRAH JN.,16,503
12823,DURG,DURG,NZM,HAZRAT NIZAM,12,1255
12824,NZM,HAZRAT NIZAM,DURG,DURG,12,1266
12825,RNC,RANCHI,NDLS,NEW DELHI,9,1297
12826,NDLS,NEW DELHI,RNC,RANCHI,9,1300
12827,HWH,HOWRAH JN.,PRR,PURULIA JN.,14,323
12828,PRR,PURULIA JN.,HWH,HOWRAH JN.,15,323
12829,MAS,CHENNAI CENT,BBS,BHUBANESWAR,21,1222
12830,BBS,BHUBANESWAR,MAS,CHENNAI CENT,21,1222
12831,BKSC,BOKARO STEEL,BBS,BHUBANESWAR,12,725
12832,BBS,BHUBANESWAR,BKSC,BOKARO STEEL,12,722
12833,ADI,AHMEDABAD,HWH,HOWRAH JN.,63,2097
12834,HWH,HOWRAH JN.,ADI,AHMEDABAD,64,2098
12835,HTE,HATIA,YPR,YESVANTPUR J,24,1891
12836,YPR,YESVANTPUR J,HTE,HATIA,25,1891
12837,HWH,HOWRAH JN.,PURI,PURI,14,504
12838,PURI,PURI,HWH,HOWRAH JN.,14,503
12839,HWH,HOWRAH JN.,MAS,CHENNAI CENT,35,1664
12840,MAS,CHENNAI CENT,HWH,HOWRAH JN.,36,1663
12841,HWH,HOWRAH JN.,MAS,CHENNAI CENT,15,1664
12842,MAS,CHENNAI CENT,HWH,HOWRAH JN.,17,1663
12843,PURI,PURI,ADI,AHMEDABAD,43,2148
12844,ADI,AHMEDABAD,PURI,PURI,43,2141
12845,BBS,BHUBANESWAR,BNC,BANGALORE CA,21,1510
12846,BNC,BANGALORE CA,BBS,BHUBANESWAR,21,1510
12847,HWH,HOWRAH JN.,DGHA,DIGHA FS,5,185
12848,DGHA,DIGHA FS,HWH,HOWRAH JN.,5,186
12849,BSP,BILASPUR JN.,PUNE,PUNE JN.,18,1312
12850,PUNE,PUNE JN.,BSP,BILASPUR JN.,18,1305
12851,BSP,BILASPUR JN.,MAS,CHENNAI CENT,17,1412
12852,MAS,CHENNAI CENT,BSP,BILASPUR JN.,17,1409
12853,DURG,DURG,BPL,BHOPAL,31,889
12854,BPL,BHOPAL,DURG,DURG,31,897
12855,BSP,BILASPUR JN.,NGP,NAGPUR JN.(C,16,416
12856,NGP,NAGPUR JN.(C,BSP,BILASPUR JN.,17,405
12857,HWH,HOWRAH JN.,DGHA,DIGHA FS,8,185
12858,DGHA,DIGHA FS,HWH,HOWRAH JN.,8,186
12859,CSMT,CST-MUMBAI,HWH,HOWRAH JN.,27,1972
12860,HWH,HOWRAH JN.,CSMT,CST-MUMBAI,26,1979
12861,VSKP,VISAKHAPATNA,KZJ,KAZIPET JN.,18,578
12862,KZJ,KAZIPET JN.,VSKP,VISAKHAPATNA,19,576
12863,HWH,HOWRAH JN.,YPR,YESVANTPUR J,35,1959
12864,YPR,YESVANTPUR J,HWH,HOWRAH JN.,36,1959
12865,HWH,HOWRAH JN.,PRR,PURULIA JN.,9,344
12866,PRR,PURULIA JN.,HWH,HOWRAH JN.,9,343
12867,HWH,HOWRAH JN.,PDY,PONDICHERRY,17,1922
12868,PDY,PONDICHERRY,HWH,HOWRAH JN.,16,1922
12869,CSMT,CST-MUMBAI,HWH,HOWRAH JN.,20,1972
12870,HWH,HOWRAH JN.,CSMT,CST-MUMBAI,19,1979
12871,HWH,HOWRAH JN.,TIG,TITLA GARH J,31,745
12872,TIG,TITLA GARH J,HWH,HOWRAH JN.,31,746
12873,HTE,HATIA,ANVT,ANAND VIHAR,21,1322
12874,ANVT,ANAND VIHAR,HTE,HATIA,21,1325
12875,PURI,PURI,NDLS,NEW DELHI,42,1911
12876,NDLS,NEW DELHI,PURI,PURI,41,1912
12877,RNC,RANCHI,NDLS,NEW DELHI,15,1333
12878,NDLS,NEW DELHI,RNC,RANCHI,15,1336
12879,LTT,LOKMANYA TIL,BBS,BHUBANESWAR,20,1790
12880,BBS,BHUBANESWAR,LTT,LOKMANYA TIL,20,1798
12881,HWH,HOWRAH JN.,PURI,PURI,9,504
12882,PURI,PURI,HWH,HOWRAH JN.,9,503
12883,SRC,SANTRAGACHI,PRR,PURULIA JN.,12,322
12884,PRR,PURULIA JN.,HWH,HOWRAH JN.,13,330
12885,SHM,SHALIMAR,BJE,BHOJUDIH JN.,13,318
12886,BJE,BHOJUDIH JN.,SHM,SHALIMAR,13,317
12887,HWH,HOWRAH JN.,PURI,PURI,10,504
12888,PURI,PURI,HWH,HOWRAH JN.,11,503
12889,TATA,TATANAGAR JN,YPR,YESVANTPUR J,26,1890
12890,YPR,YESVANTPUR J,TATA,TATANAGAR JN,24,1893
12891,BGY,BANGRIPOSI,BBS,BHUBANESWAR,16,311
12892,BBS,BHUBANESWAR,BGY,BANGRIPOSI,16,311
12893,BBS,BHUBANESWAR,BLGR,BALANGIR,16,395
12894,BLGR,BALANGIR,BBS,BHUBANESWAR,16,395
12895,HWH,HOWRAH JN.,PURI,PURI,10,504
12896,PURI,PURI,HWH,HOWRAH JN.,11,503
12897,PDY,PONDICHERRY,BBS,BHUBANESWAR,19,1423
12898,BBS,BHUBANESWAR,PDY,PONDICHERRY,19,1423
12901,BCT,MUMBAI CENTR,ADI,AHMEDABAD,14,490
12902,ADI,AHMEDABAD,BCT,MUMBAI CENTR,14,490
12903,BCT,MUMBAI CENTR,ASR,AMRITSAR JN.,34,1885
12904,ASR,AMRITSAR JN.,BCT,MUMBAI CENTR,35,1888
12905,PBR,PORBANDAR,HWH,HOWRAH JN.,30,2559
12906,HWH,HOWRAH JN.,PBR,PORBANDAR,30,2566
12907,BDTS,BANDRA TERMI,NZM,HAZRAT NIZAM,5,1355
12908,NZM,HAZRAT NIZAM,BDTS,BANDRA TERMI,5,1358
12909,BDTS,BANDRA TERMI,NZM,HAZRAT NIZAM,9,1355
12910,NZM,HAZRAT NIZAM,BDTS,BANDRA TERMI,9,1358
12911,BL,VALSAD,HW,HARIDWAR JN,16,1427
12912,HW,HARIDWAR JN,BL,VALSAD,16,1430
12913,INDB,INDORE BG,NGP,NAGPUR JN.(C,14,650
12914,NGP,NAGPUR JN.(C,INDB,INDORE BG,14,650
12915,ADI,AHMEDABAD,DLI,DELHI JN.,20,930
12916,DLI,DELHI JN.,ADI,AHMEDABAD,20,933
12917,ADI,AHMEDABAD,NZM,HAZRAT NIZAM,10,1075
12918,NZM,HAZRAT NIZAM,ADI,AHMEDABAD,10,1077
12919,INDB,INDORE BG,SVDK,SHRI MATA VA,52,1598
12920,SVDK,SHRI MATA VA,INDB,INDORE BG,51,1601
12921,BCT,MUMBAI CENTR,ST,SURAT,14,262
12922,ST,SURAT,BCT,MUMBAI CENTR,14,262
12923,INDB,INDORE BG,NGP,NAGPUR JN.(C,12,606
12924,NGP,NAGPUR JN.(C,INDB,INDORE BG,12,606
12925,BDTS,BANDRA TERMI,ASR,AMRITSAR JN.,42,1810
12926,ASR,AMRITSAR JN.,BDTS,BANDRA TERMI,41,1813
12927,BCT,MUMBAI CENTR,BRC,VADODARA JN.,7,391
12928,BRC,VADODARA JN.,BCT,MUMBAI CENTR,7,391
12929,BL,VALSAD,DHD,DAHOD,19,344
12930,DHD,DAHOD,BL,VALSAD,19,344
12931,BCT,MUMBAI CENTR,ADI,AHMEDABAD,11,490
12932,ADI,AHMEDABAD,BCT,MUMBAI CENTR,11,490
12933,BCT,MUMBAI CENTR,ADI,AHMEDABAD,11,490
12934,ADI,AHMEDABAD,BCT,MUMBAI CENTR,10,490
12935,BDTS,BANDRA TERMI,ST,SURAT,10,251
12936,ST,SURAT,BDTS,BANDRA TERMI,10,251
12937,GIMB,GANDHIDHAM J,HWH,HOWRAH JN.,17,2509
12938,HWH,HOWRAH JN.,GIMB,GANDHIDHAM J,17,2508
12939,PUNE,PUNE JN.,JP,JAIPUR JN.,13,1289
12940,JP,JAIPUR JN.,PUNE,PUNE JN.,12,1290
12941,BVC,BHAVNAGAR TE,ASN,ASANSOL MAIN,32,2308
12942,ASN,ASANSOL MAIN,BVC,BHAVNAGAR TE,32,2308
12943,BL,VALSAD,CNB,KANPUR CENTR,12,1301
12944,CNB,KANPUR CENTR,BL,VALSAD,12,1301
12946,MHV,MAHUVA,ST,SURAT,14,632
12947,ADI,AHMEDABAD,PNBE,PATNA JN.,19,1754
12948,PNBE,PATNA JN.,ADI,AHMEDABAD,19,1754
12949,PBR,PORBANDAR,SRC,SANTRAGACHI,37,2664
12950,SRC,SANTRAGACHI,PBR,PORBANDAR,37,2670
12951,BCT,MUMBAI CENTR,NDLS,NEW DELHI,8,1373
12952,NDLS,NEW DELHI,BCT,MUMBAI CENTR,8,1376
12953,BCT,MUMBAI CENTR,NZM,HAZRAT NIZAM,13,1366
12954,NZM,HAZRAT NIZAM,BCT,MUMBAI CENTR,13,1369
12955,BCT,MUMBAI CENTR,JP,JAIPUR JN.,19,1157
12956,JP,JAIPUR JN.,BCT,MUMBAI CENTR,19,1158
12957,ADI,AHMEDABAD,NDLS,NEW DELHI,10,931
12958,NDLS,NEW DELHI,ADI,AHMEDABAD,10,934
12959,DDR,DADAR,BHUJ,NEW BHUJ,20,972
12960,BHUJ,NEW BHUJ,DDR,DADAR,20,972
12961,BCT,MUMBAI CENTR,INDB,INDORE BG,19,831
12962,INDB,INDORE BG,BCT,MUMBAI CENTR,19,831
12963,NZM,HAZRAT NIZAM,UDZ,UDAIPUR CITY,18,735
12964,UDZ,UDAIPUR CITY,NZM,HAZRAT NIZAM,18,733
12967,MAS,CHENNAI CENT,JP,JAIPUR JN.,32,2179
12968,JP,JAIPUR JN.,MAS,CHENNAI CENT,32,2174
12969,CBE,COIMBATORE,JP,JAIPUR JN.,39,2673
12970,JP,JAIPUR JN.,CBE,COIMBATORE,39,2667
12971,BDTS,BANDRA TERMI,BVC,BHAVNAGAR TE,20,778
12972,BVC,BHAVNAGAR TE,BDTS,BANDRA TERMI,20,778
12973,INDB,INDORE BG,JP,JAIPUR JN.,8,593
12974,JP,JAIPUR JN.,INDB,INDORE BG,8,593
12975,MYS,MYSORE JN.,JP,JAIPUR JN.,42,2483
12976,JP,JAIPUR JN.,MYS,MYSORE JN.,43,2483
12977,ERS,ERNAKULAM. J,THVM,THIVIM,17,778
12978,CAN,KANNUR,ERS,ERNAKULAM. J,7,2560
12979,BDTS,BANDRA TERMI,JP,JAIPUR JN.,17,1146
12980,JP,JAIPUR JN.,BDTS,BANDRA TERMI,17,1147
12981,DEE,DELHI-SARAI,UDZ,UDAIPUR CITY,21,672
12982,UDZ,UDAIPUR CITY,DEE,DELHI-SARAI,21,672
12983,AII,AJMER JN.,CDG,CHANDIGARH,15,715
12984,CDG,CHANDIGARH,AII,AJMER JN.,15,715
12985,JP,JAIPUR JN.,DEE,DELHI-SARAI,6,302
12986,DEE,DELHI-SARAI,JP,JAIPUR JN.,6,302
12987,SDAH,SEALDAH,AII,AJMER JN.,22,1637
12988,AII,AJMER JN.,SDAH,SEALDAH,22,1638
12989,DDR,DADAR,AII,AJMER JN.,23,974
12990,AII,AJMER JN.,DDR,DADAR,23,976
12991,UDZ,UDAIPUR CITY,JP,JAIPUR JN.,15,434
12992,JP,JAIPUR JN.,UDZ,UDAIPUR CITY,15,434
12993,GIMB,GANDHIDHAM J,PURI,PURI,27,2288
12994,PURI,PURI,GIMB,GANDHIDHAM J,27,2295
12995,BDTS,BANDRA TERMI,UDZ,UDAIPUR CITY,19,944
12996,UDZ,UDAIPUR CITY,BDTS,BANDRA TERMI,19,945
13005,HWH,HOWRAH JN.,ASR,AMRITSAR JN.,57,1906
13006,ASR,AMRITSAR JN.,HWH,HOWRAH JN.,56,1907
13007,HWH,HOWRAH JN.,SGNR,SHRI GANGANA,112,1949
13008,SGNR,SHRI GANGANA,HWH,HOWRAH JN.,108,1952
13009,HWH,HOWRAH JN.,DDN,DEHRA DUN,77,1558
13010,DDN,DEHRA DUN,HWH,HOWRAH JN.,78,1559
13011,HWH,HOWRAH JN.,MLDT,MALDA TOWN,18,340
13012,MLDT,MALDA TOWN,HWH,HOWRAH JN.,18,340
13013,BWN,BARDDHAMAN J,RPH,RAMPUR HAT,6,111
13014,RPH,RAMPUR HAT,BWN,BARDDHAMAN J,6,111
13015,HWH,HOWRAH JN.,BHP,BOLPUR,5,158
13016,BHP,BOLPUR,HWH,HOWRAH JN.,5,158
13017,HWH,HOWRAH JN.,AZ,AZIMGANJ JN.,15,275
13018,AZ,AZIMGANJ JN.,HWH,HOWRAH JN.,15,275
13019,HWH,HOWRAH JN.,KGM,KATHGODAM,66,1517
13020,KGM,KATHGODAM,HWH,HOWRAH JN.,64,1521
13021,HWH,HOWRAH JN.,RXL,RAXAUL JN.,42,691
13022,RXL,RAXAUL JN.,HWH,HOWRAH JN.,42,692
13023,HWH,HOWRAH JN.,GAYA,GAYA JN.,33,658
13024,GAYA,GAYA JN.,HWH,HOWRAH JN.,33,658
13027,HWH,HOWRAH JN.,AZ,AZIMGANJ JN.,11,275
13028,AZ,AZIMGANJ JN.,HWH,HOWRAH JN.,11,275
13033,HWH,HOWRAH JN.,KIR,KATIHAR JN.,49,419
13034,KIR,KATIHAR JN.,HWH,HOWRAH JN.,45,419
13043,HWH,HOWRAH JN.,RXL,RAXAUL JN.,19,697
13044,RXL,RAXAUL JN.,HWH,HOWRAH JN.,19,698
13049,HWH,HOWRAH JN.,ASR,AMRITSAR JN.,111,1908
13050,ASR,AMRITSAR JN.,HWH,HOWRAH JN.,106,1909
13053,HWH,HOWRAH JN.,SURI,SIURI,6,210
13054,SURI,SIURI,HWH,HOWRAH JN.,6,210
13063,HWH,HOWRAH JN.,BLGT,BALURGHAT,12,403
13064,BLGT,BALURGHAT,HWH,HOWRAH JN.,12,424
13071,HWH,HOWRAH JN.,JMP,JAMALPUR JN.,21,472
13072,JMP,JAMALPUR JN.,HWH,HOWRAH JN.,21,472
13103,SDAH,SEALDAH,LGL,LALGOLA,14,229
13104,LGL,LALGOLA,SDAH,SEALDAH,14,229
13105,SDAH,SEALDAH,BUI,BALLIA,30,680
13106,BUI,BALLIA,SDAH,SEALDAH,30,681
13109,KOAA,KOLKATA,GEDE,GEDE,2,112
13110,GEDE,GEDE,KOAA,KOLKATA,2,112
13113,KOAA,KOLKATA,LGL,LALGOLA,12,222
13114,LGL,LALGOLA,KOAA,KOLKATA,12,222
13117,KOAA,KOLKATA,LGL,LALGOLA,11,222
13118,LGL,LALGOLA,KOAA,KOLKATA,11,222
13119,SDAH,SEALDAH,ANVT,ANAND VIHAR,89,1627
13120,ANVT,ANAND VIHAR,SDAH,SEALDAH,91,1627
13121,KOAA,KOLKATA,GCT,GHAZIPUR CIT,16,740
13122,GCT,GHAZIPUR CIT,KOAA,KOLKATA,16,741
13129,KOAA,KOLKATA,PTPL,PETRAPOLE,2,78
13130,PTPL,PETRAPOLE,KOAA,KOLKATA,2,78
13131,KOAA,KOLKATA,PNBE,PATNA JN.,44,545
13132,PNBE,PATNA JN.,KOAA,KOLKATA,45,546
13133,SDAH,SEALDAH,BSB,VARANASI JN.,82,871
13134,BSB,VARANASI JN.,SDAH,SEALDAH,84,871
13135,KOAA,KOLKATA,JYG,JAYNAGAR,17,618
13136,JYG,JAYNAGAR,KOAA,KOLKATA,17,619
13137,KOAA,KOLKATA,AMH,AZAMGARH,22,785
13138,AMH,AZAMGARH,KOAA,KOLKATA,22,786
13141,SDAH,SEALDAH,NOQ,NEW ALIPURDU,34,716
13142,NOQ,NEW ALIPURDU,SDAH,SEALDAH,34,716
13145,KOAA,KOLKATA,RDP,RADHIKAPUR,20,473
13146,RDP,RADHIKAPUR,KOAA,KOLKATA,20,473
13147,SDAH,SEALDAH,NCB,NEW COOCH BE,24,692
13148,NCB,NEW COOCH BE,SDAH,SEALDAH,24,692
13149,SDAH,SEALDAH,APDJ,ALIPUR DUAR,25,734
13150,APDJ,ALIPUR DUAR,SDAH,SEALDAH,25,734
13151,KOAA,KOLKATA,JAT,JAMMU TAWI,96,1978
13152,JAT,JAMMU TAWI,KOAA,KOLKATA,97,1979
13153,SDAH,SEALDAH,MLDT,MALDA TOWN,14,350
13154,MLDT,MALDA TOWN,SDAH,SEALDAH,15,350
13155,KOAA,KOLKATA,SMI,SITAMARHI,19,618
13156,SMI,SITAMARHI,KOAA,KOLKATA,19,618
13157,KOAA,KOLKATA,MFP,MUZAFFARPUR,14,564
13158,MFP,MUZAFFARPUR,KOAA,KOLKATA,14,565
13159,KOAA,KOLKATA,JBN,JOGBANI,16,542
13160,JBN,JOGBANI,KOAA,KOLKATA,16,542
13161,KOAA,KOLKATA,BLGT,BALURGHAT,12,427
13162,BLGT,BALURGHAT,KOAA,KOLKATA,12,426
13163,SDAH,SEALDAH,SHC,SAHARSA JN.,33,589
13164,SHC,SAHARSA JN.,SDAH,SEALDAH,33,589
13165,KOAA,KOLKATA,SMI,SITAMARHI,15,606
13166,SMI,SITAMARHI,KOAA,KOLKATA,15,618
13167,KOAA,KOLKATA,AGC,AGRA CANTT,22,1462
13168,AGC,AGRA CANTT,KOAA,KOLKATA,22,1463
13169,SDAH,SEALDAH,SHC,SAHARSA JN.,27,569
13170,SHC,SAHARSA JN.,SDAH,SEALDAH,27,568
13185,SDAH,SEALDAH,JYG,JAYNAGAR,22,625
13186,JYG,JAYNAGAR,SDAH,SEALDAH,21,626
13187,SDAH,SEALDAH,RPH,RAMPUR HAT,10,228
13188,RPH,RAMPUR HAT,SDAH,SEALDAH,10,228
13201,RJPB,RAJENDRANAGA,LTT,LOKMANYA TIL,67,1698
13202,LTT,LOKMANYA TIL,RJPB,RAJENDRANAGA,63,1699
13205,SHC,SAHARSA JN.,DNR,DANAPUR,9,223
13206,DNR,DANAPUR,SHC,SAHARSA JN.,9,223
13225,JYG,JAYNAGAR,RJPB,RAJENDRANAGA,20,264
13226,RJPB,RAJENDRANAGA,JYG,JAYNAGAR,20,264
13233,RGD,RAJGIR,DNR,DANAPUR,15,108
13234,DNR,DANAPUR,RGD,RAJGIR,15,108
13235,SBG,SAHIBGANJ,DNR,DANAPUR,29,305
13236,DNR,DANAPUR,SBG,SAHIBGANJ,29,305
13237,PNBE,PATNA JN.,KOTA,KOTA,28,1245
13238,KOTA,KOTA,PNBE,PATNA JN.,28,1246
13239,PNBE,PATNA JN.,KOTA,KOTA,24,1198
13240,KOTA,KOTA,PNBE,PATNA JN.,24,1199
13241,BAKA,BANKA,RJPB,RAJENDRANAGA,21,271
13242,RJPB,RAJENDRANAGA,BAKA,BANKA,21,271
13243,PNBE,PATNA JN.,BBU,BHABUA ROAD,24,242
13244,BBU,BHABUA ROAD,PNBE,PATNA JN.,24,242
13245,NJP,NEW JALPAIGU,RJPB,RAJENDRANAGA,32,487
13246,RJPB,RAJENDRANAGA,NJP,NEW JALPAIGU,35,485
13247,KYQ,KAMAKHYA JN,RJPB,RAJENDRANAGA,41,969
13248,RJPB,RAJENDRANAGA,KYQ,KAMAKHYA JN,44,967
13249,PNBE,PATNA JN.,BBU,BHABUA ROAD,12,193
13250,BBU,BHABUA ROAD,PNBE,PATNA JN.,12,193
13257,DNR,DANAPUR,ANVT,ANAND VIHAR,8,971
13258,ANVT,ANAND VIHAR,DNR,DANAPUR,8,971
13287,DURG,DURG,RJPB,RAJENDRANAGA,51,1112
13288,RJPB,RAJENDRANAGA,DURG,DURG,52,1113
13301,DHN,DHANBAD JN.,TATA,TATANAGAR JN,12,198
13302,TATA,TATANAGAR JN,DHN,DHANBAD JN.,12,197
13303,DHN,DHANBAD JN.,RNC,RANCHI,10,295
13304,RNC,RANCHI,DHN,DHANBAD JN.,10,292
13305,DHN,DHANBAD JN.,GAYA,GAYA JN.,17,198
13306,GAYA,GAYA JN.,DHN,DHANBAD JN.,17,198
13307,DHN,DHANBAD JN.,FZR,FIROZPUR CAN,74,1600
13308,FZR,FIROZPUR CAN,DHN,DHANBAD JN.,71,1600
13319,DGHR,DEOGHAR,RNC,RANCHI,20,331
13320,RNC,RANCHI,DGHR,DEOGHAR,20,328
13329,DHN,DHANBAD JN.,PNBE,PATNA JN.,11,290
13330,PNBE,PATNA JN.,DHN,DHANBAD JN.,11,290
13331,DHN,DHANBAD JN.,PNBE,PATNA JN.,22,367
13332,PNBE,PATNA JN.,DHN,DHANBAD JN.,22,367
13345,BSB,VARANASI JN.,SGRL,SINGRAULI,9,208
13346,SGRL,SINGRAULI,BSB,VARANASI JN.,9,208
13347,BRKA,BARKAKANA,PNBE,PATNA JN.,32,493
13348,PNBE,PATNA JN.,BRKA,BARKAKANA,32,493
13351,DHN,DHANBAD JN.,ALLP,ALLEPPEY,96,2535
13352,ALLP,ALLEPPEY,DHN,DHANBAD JN.,97,2534
13401,BGP,BHAGALPUR,DNR,DANAPUR,28,230
13402,DNR,DANAPUR,BGP,BHAGALPUR,28,230
13403,RNC,RANCHI,BGP,BHAGALPUR,26,572
13404,BGP,BHAGALPUR,RNC,RANCHI,26,575
13409,MLDT,MALDA TOWN,JMP,JAMALPUR JN.,17,231
13410,JMP,JAMALPUR JN.,MLDT,MALDA TOWN,17,231
13413,MLDT,MALDA TOWN,DLI,DELHI JN.,63,1399
13414,DLI,DELHI JN.,MLDT,MALDA TOWN,61,1399
13415,MLDT,MALDA TOWN,PNBE,PATNA JN.,18,399
13416,PNBE,PATNA JN.,MLDT,MALDA TOWN,18,399
13417,DGHA,DIGHA FS,MLDT,MALDA TOWN,16,659
13418,MLDT,MALDA TOWN,DGHA,DIGHA FS,16,660
13419,BGP,BHAGALPUR,MFP,MUZAFFARPUR,18,239
13420,MFP,MUZAFFARPUR,BGP,BHAGALPUR,18,239
13421,NDAE,NABADWIP DHA,MLDT,MALDA TOWN,11,224
13422,MLDT,MALDA TOWN,NDAE,NABADWIP DHA,11,224
13423,BGP,BHAGALPUR,AII,AJMER JN.,18,1748
13424,AII,AJMER JN.,BGP,BHAGALPUR,18,1749
13425,MLDT,MALDA TOWN,ST,SURAT,30,2141
13426,ST,SURAT,MLDT,MALDA TOWN,30,2130
13429,MLDT,MALDA TOWN,ANVT,ANAND VIHAR,24,1405
13430,ANVT,ANAND VIHAR,MLDT,MALDA TOWN,24,1405
13465,HWH,HOWRAH JN.,MLDT,MALDA TOWN,15,329
13466,MLDT,MALDA TOWN,HWH,HOWRAH JN.,15,329
13483,MLDT,MALDA TOWN,DLI,DELHI JN.,65,1447
13484,DLI,DELHI JN.,MLDT,MALDA TOWN,63,1447
13501,HLZ,HALDIA,ASN,ASANSOL MAIN,18,330
13502,ASN,ASANSOL MAIN,HLZ,HALDIA,18,323
13505,DGHA,DIGHA FS,ASN,ASANSOL MAIN,14,379
13506,ASN,ASANSOL MAIN,DGHA,DIGHA FS,14,372
13507,ASN,ASANSOL MAIN,GKP,GORAKHPUR JN,15,641
13508,GKP,GORAKHPUR JN,ASN,ASANSOL MAIN,15,643
13509,ASN,ASANSOL MAIN,GD,GONDA JN.,24,859
13510,GD,GONDA JN.,ASN,ASANSOL MAIN,22,861
13511,TATA,TATANAGAR JN,ASN,ASANSOL MAIN,9,166
13512,ASN,ASANSOL MAIN,TATA,TATANAGAR JN,9,166
14001,DLI,DELHI JN.,ATT,ATARI JN,2,471
14002,ATT,ATARI JN,DLI,DELHI JN.,2,471
14003,MLDT,MALDA TOWN,NDLS,NEW DELHI,23,1418
14004,NDLS,NEW DELHI,MLDT,MALDA TOWN,23,1418
14005,SMI,SITAMARHI,ANVT,ANAND VIHAR,41,1182
14006,ANVT,ANAND VIHAR,SMI,SITAMARHI,43,1183
14007,RXL,RAXAUL JN.,ANVT,ANAND VIHAR,34,1235
14008,ANVT,ANAND VIHAR,RXL,RAXAUL JN.,34,1236
14011,DLI,DELHI JN.,HSX,HOSHIARPUR,9,410
14012,HSX,HOSHIARPUR,DLI,DELHI JN.,9,410
14013,SLN,SULTANPUR JN,ANVT,ANAND VIHAR,15,627
14014,ANVT,ANAND VIHAR,SLN,SULTANPUR JN,15,627
14015,RXL,RAXAUL JN.,ANVT,ANAND VIHAR,35,1218
14016,ANVT,ANAND VIHAR,RXL,RAXAUL JN.,36,1219
14017,RXL,RAXAUL JN.,ANVT,ANAND VIHAR,36,1282
14018,ANVT,ANAND VIHAR,RXL,RAXAUL JN.,36,1283
14019,AGTL,AGARTALA,ANVT,ANAND VIHAR,18,2478
14020,ANVT,ANAND VIHAR,AGTL,AGARTALA,18,2479
14021,DEE,DELHI-SARAI,SIKR,SIKAR JN.,18,291
14022,SIKR,SIKAR JN.,DEE,DELHI-SARAI,18,291
14033,DLI,DELHI JN.,SVDK,SHRI MATA VA,32,653
14034,SVDK,SHRI MATA VA,DLI,DELHI JN.,30,653
14035,DLI,DELHI JN.,PTK,PATHANKOT JN,19,495
14036,PTK,PATHANKOT JN,DLI,DELHI JN.,20,495
14041,DEE,DELHI-SARAI,DDN,DEHRA DUN,20,338
14042,DDN,DEHRA DUN,DEE,DELHI-SARAI,20,338
14043,KTW,KOTDWARA,DLI,DELHI JN.,13,237
14044,DLI,DELHI JN.,KTW,KOTDWARA,13,237
14055,DBRG,DIBRUGARH,DLI,DELHI JN.,62,2578
14056,DLI,DELHI JN.,DBRG,DIBRUGARH,61,2579
14085,TKJ,TILAK BRIDGE,SSA,SIRSA,20,263
14086,SSA,SIRSA,TKJ,TILAK BRIDGE,20,263
14095,DEE,DELHI-SARAI,KLK,KALKA,14,269
14096,KLK,KALKA,DEE,DELHI-SARAI,15,269
14101,PRG,PRAYAG JN.,CNB,KANPUR CENTR,13,208
14102,CNB,KANPUR CENTR,PRG,PRAYAG JN.,13,208
14109,CKTD,CHITRAKUTDHA,CNB,KANPUR CENTR,12,213
14110,CNB,KANPUR CENTR,CKTD,CHITRAKUTDHA,12,213
14113,ALJN,ALIGARH JN.,DDN,DEHRA DUN,15,360
14114,DDN,DEHRA DUN,ALJN,ALIGARH JN.,16,360
14115,ALD,ALLAHABAD JN,HW,HARIDWAR JN,15,724
14116,HW,HARIDWAR JN,ALD,ALLAHABAD JN,15,724
14117,ALD,ALLAHABAD JN,BST,BASTI,10,263
14118,BST,BASTI,ALD,ALLAHABAD JN,10,263
14119,KGM,KATHGODAM,DDN,DEHRA DUN,11,335
14120,DDN,DEHRA DUN,KGM,KATHGODAM,11,335
14123,PBH,PARTAPGARH J,CNB,KANPUR CENTR,15,246
14124,CNB,KANPUR CENTR,PBH,PARTAPGARH J,15,246
14125,ALD,ALLAHABAD JN,MUR,MANKAPUR JN.,15,202
14126,MUR,MANKAPUR JN.,ALD,ALLAHABAD JN,15,202
14151,CNB,KANPUR CENTR,ANVT,ANAND VIHAR,13,429
14152,ANVT,ANAND VIHAR,CNB,KANPUR CENTR,13,478
14163,ALD,ALLAHABAD JN,MTC,MEERUT CITY,30,629
14164,MTC,MEERUT CITY,ALD,ALLAHABAD JN,24,629
14201,JNU,JAUNPUR JN.,RBL,RAE BARELI J,11,197
14202,RBL,RAE BARELI J,JNU,JAUNPUR JN.,11,197
14203,BSB,VARANASI JN.,LKO,LUCKNOW JN.,14,301
14204,LKO,LUCKNOW JN.,BSB,VARANASI JN.,14,301
14205,FD,FAIZABAD JN.,DLI,DELHI JN.,11,614
14206,DLI,DELHI JN.,FD,FAIZABAD JN.,11,614
14207,PBH,PARTAPGARH J,DLI,DELHI JN.,16,659
14208,DLI,DELHI JN.,PBH,PARTAPGARH J,16,659
14209,PRG,PRAYAG JN.,LKO,LUCKNOW JN.,8,194
14210,LKO,LUCKNOW JN.,PRG,PRAYAG JN.,8,194
14211,AGC,AGRA CANTT,NDLS,NEW DELHI,18,188
14212,NDLS,NEW DELHI,AGC,AGRA CANTT,18,191
14213,BSB,VARANASI JN.,GD,GONDA JN.,12,254
14214,GD,GONDA JN.,BSB,VARANASI JN.,12,255
14215,ALD,ALLAHABAD JN,LKO,LUCKNOW JN.,11,200
14216,LKO,LUCKNOW JN.,ALD,ALLAHABAD JN,11,200
14217,PRG,PRAYAG JN.,CDG,CHANDIGARH,41,875
14218,CDG,CHANDIGARH,PRG,PRAYAG JN.,40,875
14219,BSB,VARANASI JN.,LKO,LUCKNOW JN.,12,301
14220,LKO,LUCKNOW JN.,BSB,VARANASI JN.,12,301
14221,FD,FAIZABAD JN.,CPA,KANPUR ANWAR,9,203
14222,CPA,KANPUR ANWAR,FD,FAIZABAD JN.,9,203
14227,BSB,VARANASI JN.,LKO,LUCKNOW JN.,13,276
14228,LKO,LUCKNOW JN.,BSB,VARANASI JN.,12,276
14235,BSB,VARANASI JN.,BE,BAREILLY JN.,48,558
14236,BE,BAREILLY JN.,BSB,VARANASI JN.,45,558
14257,BSB,VARANASI JN.,NDLS,NEW DELHI,32,793
14258,NDLS,NEW DELHI,BSB,VARANASI JN.,34,793
14260,LKO,LUCKNOW JN.,MGS,MUGHAL SARAI,8,319
14265,BSB,VARANASI JN.,DDN,DEHRA DUN,49,845
14266,DDN,DEHRA DUN,BSB,VARANASI JN.,51,845
14307,PRG,PRAYAG JN.,BE,BAREILLY JN.,41,460
14308,BE,BAREILLY JN.,PRG,PRAYAG JN.,40,460
14309,UJN,UJJAIN JN,DDN,DEHRA DUN,30,1226
14310,DDN,DEHRA DUN,UJN,UJJAIN JN,30,1228
14311,BE,BAREILLY JN.,BHUJ,NEW BHUJ,46,1543
14312,BHUJ,NEW BHUJ,BE,BAREILLY JN.,45,1540
14313,LTT,LOKMANYA TIL,BE,BAREILLY JN.,26,1592
14314,BE,BAREILLY JN.,LTT,LOKMANYA TIL,27,1591
14315,BE,BAREILLY JN.,NDLS,NEW DELHI,16,257
14316,NDLS,NEW DELHI,BE,BAREILLY JN.,16,257
14317,INDB,INDORE BG,DDN,DEHRA DUN,30,1165
14318,DDN,DEHRA DUN,INDB,INDORE BG,30,1168
14319,INDB,INDORE BG,BE,BAREILLY JN.,19,1021
14320,BE,BAREILLY JN.,INDB,INDORE BG,19,1020
14321,BE,BAREILLY JN.,BHUJ,NEW BHUJ,46,1409
14322,BHUJ,NEW BHUJ,BE,BAREILLY JN.,45,1407
14323,NDLS,NEW DELHI,ROK,ROHTAK JN.,6,71
14324,ROK,ROHTAK JN.,NDLS,NEW DELHI,6,71
14369,SGRL,SINGRAULI,BE,BAREILLY JN.,36,722
14370,BE,BAREILLY JN.,SGRL,SINGRAULI,36,722
14371,BRWD,BARWADIH JN,CPU,CHOPAN,10,201
14372,CPU,CHOPAN,BRWD,BARWADIH JN,10,201
14501,BTI,BATHINDA JN,JAT,JAMMU TAWI,13,523
14502,JAT,JAMMU TAWI,BTI,BATHINDA JN,13,523
14503,KLK,KALKA,SVDK,SHRI MATA VA,10,479
14504,SVDK,SHRI MATA VA,KLK,KALKA,10,479
14505,ASR,AMRITSAR JN.,NLDM,NANGAL DAM,11,286
14506,NLDM,NANGAL DAM,ASR,AMRITSAR JN.,12,286
14511,ALD,ALLAHABAD JN,SRE,SAHARANPUR J,29,773
14512,SRE,SAHARANPUR J,ALD,ALLAHABAD JN,28,773
14519,DLI,DELHI JN.,BTI,BATHINDA JN,19,335
14520,BTI,BATHINDA JN,DLI,DELHI JN.,19,335
14521,DLI,DELHI JN.,UMB,AMBALA CANTT,14,261
14522,UMB,AMBALA CANTT,DLI,DELHI JN.,14,261
14523,BJU,BARAUNI JN.,UMB,AMBALA CANTT,21,1295
14524,UMB,AMBALA CANTT,BJU,BARAUNI JN.,21,1296
14525,UMB,AMBALA CANTT,SGNR,SHRI GANGANA,15,314
14526,SGNR,SHRI GANGANA,UMB,AMBALA CANTT,15,314
14545,FN,FARUKHNAGAR,SRE,SAHARANPUR J,27,212
14546,SRE,SAHARANPUR J,FN,FARUKHNAGAR,27,203
14553,DLI,DELHI JN.,AADR,AMB  ANDAURA,28,398
14554,AADR,AMB  ANDAURA,DLI,DELHI JN.,26,398
14555,BE,BAREILLY JN.,DLI,DELHI JN.,21,271
14556,DLI,DELHI JN.,BE,BAREILLY JN.,21,271
14601,FZR,FIROZPUR CAN,SGNR,SHRI GANGANA,10,184
14602,SGNR,SHRI GANGANA,FZR,FIROZPUR CAN,10,184
14603,SHC,SAHARSA JN.,ASR,AMRITSAR JN.,33,1568
14604,ASR,AMRITSAR JN.,SHC,SAHARSA JN.,33,1571
14609,RKSH,RISHIKESH,SVDK,SHRI MATA VA,22,635
14610,SVDK,SHRI MATA VA,RKSH,RISHIKESH,22,635
14611,GCT,GHAZIPUR CIT,SVDK,SHRI MATA VA,14,1385
14613,CDG,CHANDIGARH,FZR,FIROZPUR CAN,8,236
14614,FZR,FIROZPUR CAN,CDG,CHANDIGARH,8,236
14615,LKU,LALKUA JN.,ASR,AMRITSAR JN.,18,661
14616,ASR,AMRITSAR JN.,LKU,LALKUA JN.,18,661
14623,CWA,CHHINWARA JN,DEE,DELHI-SARAI,23,1027
14624,DEE,DELHI-SARAI,CWA,CHHINWARA JN,23,1029
14625,DEE,DELHI-SARAI,FZR,FIROZPUR CAN,18,382
14626,FZR,FIROZPUR CAN,DEE,DELHI-SARAI,18,382
14629,LDH,LUDHIANA JN.,FZR,FIROZPUR CAN,9,123
14630,FZR,FIROZPUR CAN,LDH,LUDHIANA JN.,9,123
14631,DDN,DEHRA DUN,ASR,AMRITSAR JN.,27,462
14632,ASR,AMRITSAR JN.,DDN,DEHRA DUN,29,462
14633,ASR,AMRITSAR JN.,PTK,PATHANKOT JN,7,106
14634,PTK,PATHANKOT JN,ASR,AMRITSAR JN.,7,106
14645,DLI,DELHI JN.,JAT,JAMMU TAWI,29,639
14646,JAT,JAMMU TAWI,DLI,DELHI JN.,28,639
14649,JYG,JAYNAGAR,ASR,AMRITSAR JN.,63,1668
14650,ASR,AMRITSAR JN.,JYG,JAYNAGAR,58,1669
14659,DLI,DELHI JN.,JSM,JAISALMER,39,919
14660,JSM,JAISALMER,DLI,DELHI JN.,39,919
14661,JU,JODHPUR JN.,BME,BARMER,8,209
14662,BME,BARMER,JU,JODHPUR JN.,8,209
14673,JYG,JAYNAGAR,ASR,AMRITSAR JN.,58,1650
14674,ASR,AMRITSAR JN.,JYG,JAYNAGAR,58,1653
14681,NDLS,NEW DELHI,JUC,JALANDHAR CI,21,438
14682,JUC,JALANDHAR CI,NDLS,NEW DELHI,21,438
14703,JSM,JAISALMER,LGH,LALGARH JN.,14,314
14704,LGH,LALGARH JN.,JSM,JAISALMER,14,314
14707,BKN,BIKANER JN.,BDTS,BANDRA TERMI,34,1211
14708,BDTS,BANDRA TERMI,BKN,BIKANER JN.,34,1209
14709,BKN,BIKANER JN.,PURI,PURI,31,2094
14710,PURI,PURI,BKN,BIKANER JN.,31,2091
14711,HW,HARIDWAR JN,SGNR,SHRI GANGANA,21,471
14712,SGNR,SHRI GANGANA,HW,HARIDWAR JN,21,471
14713,SGNR,SHRI GANGANA,JAT,JAMMU TAWI,15,534
14714,JAT,JAMMU TAWI,SGNR,SHRI GANGANA,15,534
14715,HSR,HISAR JN,HW,HARIDWAR JN,10,445
14716,HW,HARIDWAR JN,HSR,HISAR JN,10,445
14717,BKN,BIKANER JN.,HW,HARIDWAR JN,14,751
14718,HW,HARIDWAR JN,BKN,BIKANER JN.,14,751
14723,CNB,KANPUR CENTR,BNW,BHIWANI JN.,31,604
14724,BNW,BHIWANI JN.,CNB,KANPUR CENTR,30,605
14731,DLI,DELHI JN.,FKA,FAZILKA JN.,29,521
14732,FKA,FAZILKA JN.,DLI,DELHI JN.,29,521
14795,BNW,BHIWANI JN.,PNP,PANIPAT JN.,6,108
14796,PNP,PANIPAT JN.,BNW,BHIWANI JN.,6,108
14801,JU,JODHPUR JN.,INDB,INDORE BG,41,735
14803,BGKT,BHAGAT-KI-KO,ADI,AHMEDABAD,17,479
14804,ADI,AHMEDABAD,BGKT,BHAGAT-KI-KO,17,479
14805,YPR,YESVANTPUR J,BME,BARMER,38,2242
14806,BME,BARMER,YPR,YESVANTPUR J,37,2240
14807,JP,JAIPUR JN.,AWR,ALWAR JN.,10,150
14808,AWR,ALWAR JN.,JP,JAIPUR JN.,10,150
14809,JSM,JAISALMER,JU,JODHPUR JN.,11,300
14810,JU,JODHPUR JN.,JSM,JAISALMER,11,300
14811,SIKR,SIKAR JN.,DEE,DELHI-SARAI,12,291
14812,DEE,DELHI-SARAI,SIKR,SIKAR JN.,12,291
14853,BSB,VARANASI JN.,JU,JODHPUR JN.,36,1193
14854,JU,JODHPUR JN.,BSB,VARANASI JN.,37,1194
14863,BSB,VARANASI JN.,JU,JODHPUR JN.,31,1145
14864,JU,JODHPUR JN.,BSB,VARANASI JN.,32,1146
14865,BSB,VARANASI JN.,JU,JODHPUR JN.,33,1170
14866,JU,JODHPUR JN.,BSB,VARANASI JN.,33,1171
14887,KLK,KALKA,BME,BARMER,40,1082
14888,BME,BARMER,KLK,KALKA,40,1082
14889,BGKT,BHAGAT-KI-KO,MBF,MUNABAO,2,324
14890,MBF,MUNABAO,BGKT,BHAGAT-KI-KO,2,324
15001,MFP,MUZAFFARPUR,DDN,DEHRA DUN,26,1122
15002,DDN,DEHRA DUN,MFP,MUZAFFARPUR,26,1124
15003,CPA,KANPUR ANWAR,GKP,GORAKHPUR JN,31,551
15004,GKP,GORAKHPUR JN,CPA,KANPUR ANWAR,28,551
15005,GKP,GORAKHPUR JN,DDN,DEHRA DUN,16,813
15006,DDN,DEHRA DUN,GKP,GORAKHPUR JN,16,814
15007,BCY,VARANASI CIT,LJN,LUCKNOW JN.,36,503
15008,LJN,LUCKNOW JN.,BCY,VARANASI CIT,37,505
15009,GKP,GORAKHPUR JN,GTNR,GOMTINAGAR F,16,329
15011,LJN,LUCKNOW JN.,CDG,CHANDIGARH,20,698
15012,CDG,CHANDIGARH,LJN,LUCKNOW JN.,20,698
15013,JSM,JAISALMER,KGM,KATHGODAM,39,1255
15014,KGM,KATHGODAM,JSM,JAISALMER,39,1256
15015,GKP,GORAKHPUR JN,YPR,YESVANTPUR J,23,2501
15016,YPR,YESVANTPUR J,GKP,GORAKHPUR JN,23,2504
15017,LTT,LOKMANYA TIL,GKP,GORAKHPUR JN,73,1718
15018,GKP,GORAKHPUR JN,LTT,LOKMANYA TIL,73,1718
15019,GKP,GORAKHPUR JN,NTV,NAUTANWA,5,81
15020,NTV,NAUTANWA,GKP,GORAKHPUR JN,5,81
15021,SHM,SHALIMAR,GKP,GORAKHPUR JN,15,1056
15022,GKP,GORAKHPUR JN,SHM,SHALIMAR,15,1055
15023,GKP,GORAKHPUR JN,YPR,YESVANTPUR J,24,2460
15024,YPR,YESVANTPUR J,GKP,GORAKHPUR JN,24,2473
15025,MAU,MAU JN.,ANVT,ANAND VIHAR,11,823
15026,ANVT,ANAND VIHAR,MAU,MAU JN.,11,823
15027,HTE,HATIA,GKP,GORAKHPUR JN,50,859
15028,GKP,GORAKHPUR JN,HTE,HATIA,50,864
15029,GKP,GORAKHPUR JN,PUNE,PUNE JN.,20,1747
15030,PUNE,PUNE JN.,GKP,GORAKHPUR JN,20,1748
15033,HW,HARIDWAR JN,RMR,RAMNAGAR,8,243
15034,RMR,RAMNAGAR,HW,HARIDWAR JN,8,243
15035,DLI,DELHI JN.,KGM,KATHGODAM,10,278
15036,KGM,KATHGODAM,DLI,DELHI JN.,10,277
15037,CNB,KANPUR CENTR,KSJ,KASGANJ JN.,20,246
15038,KSJ,KASGANJ JN.,CNB,KANPUR CENTR,20,247
15039,FBD,FARRUKHABAD,KSJ,KASGANJ JN.,8,107
15040,KSJ,KASGANJ JN.,FBD,FARRUKHABAD,8,107
15041,FBD,FARRUKHABAD,KSJ,KASGANJ JN.,9,107
15042,KSJ,KASGANJ JN.,FBD,FARRUKHABAD,9,107
15043,LJN,LUCKNOW JN.,KGM,KATHGODAM,11,341
15044,KGM,KATHGODAM,LJN,LUCKNOW JN.,11,341
15045,GKP,GORAKHPUR JN,OKHA,OKHA,39,2285
15046,OKHA,OKHA,GKP,GORAKHPUR JN,39,2286
15047,KOAA,KOLKATA,GKP,GORAKHPUR JN,19,855
15048,GKP,GORAKHPUR JN,KOAA,KOLKATA,19,858
15049,KOAA,KOLKATA,GKP,GORAKHPUR JN,27,879
15050,GKP,GORAKHPUR JN,KOAA,KOLKATA,27,882
15051,KOAA,KOLKATA,GKP,GORAKHPUR JN,22,873
15052,GKP,GORAKHPUR JN,KOAA,KOLKATA,23,875
15053,CPR,CHHAPRA JN.,LJN,LUCKNOW JN.,13,535
15054,LJN,LUCKNOW JN.,CPR,CHHAPRA JN.,13,536
15055,AF,AGRA  FORT,RMR,RAMNAGAR,21,440
15056,RMR,RAMNAGAR,AF,AGRA  FORT,21,440
15057,GKP,GORAKHPUR JN,ANVT,ANAND VIHAR,8,748
15058,ANVT,ANAND VIHAR,GKP,GORAKHPUR JN,8,749
15059,LKU,LALKUA JN.,ANVT,ANAND VIHAR,11,248
15060,ANVT,ANAND VIHAR,LKU,LALKUA JN.,11,248
15063,GKP,GORAKHPUR JN,LTT,LOKMANYA TIL,23,1745
15064,LTT,LOKMANYA TIL,GKP,GORAKHPUR JN,23,1745
15065,GKP,GORAKHPUR JN,PNVL,PANVEL,23,1743
15066,PNVL,PANVEL,GKP,GORAKHPUR JN,23,1743
15067,GKP,GORAKHPUR JN,BDTS,BANDRA TERMI,26,1896
15068,BDTS,BANDRA TERMI,GKP,GORAKHPUR JN,26,1895
15069,GKP,GORAKHPUR JN,BNZ,BADSHAHNAGAR,11,333
15070,BNZ,BADSHAHNAGAR,GKP,GORAKHPUR JN,11,333
15097,BGP,BHAGALPUR,JAT,JAMMU TAWI,31,1777
15098,JAT,JAMMU TAWI,BGP,BHAGALPUR,31,1780
15101,CPR,CHHAPRA JN.,CSMT,CST-MUMBAI,19,1878
15102,CSMT,CST-MUMBAI,CPR,CHHAPRA JN.,19,1882
15103,GKP,GORAKHPUR JN,MUV,MANDUADIH,15,234
15104,MUV,MANDUADIH,GKP,GORAKHPUR JN,16,234
15105,CPR,CHHAPRA JN.,GKP,GORAKHPUR JN,10,177
15106,GKP,GORAKHPUR JN,CPR,CHHAPRA JN.,16,179
15111,CPR,CHHAPRA JN.,BCY,VARANASI CIT,14,222
15112,BCY,VARANASI CIT,CPR,CHHAPRA JN.,14,222
15115,CPR,CHHAPRA JN.,DLI,DELHI JN.,21,996
15116,DLI,DELHI JN.,CPR,CHHAPRA JN.,21,996
15117,MUV,MANDUADIH,JBP,JABALPUR,11,492
15118,JBP,JABALPUR,MUV,MANDUADIH,10,493
15119,RMM,RAMESWARAM,MUV,MANDUADIH,37,2790
15120,MUV,MANDUADIH,RMM,RAMESWARAM,37,2785
15159,CPR,CHHAPRA JN.,DURG,DURG,50,1091
15160,DURG,DURG,CPR,CHHAPRA JN.,46,1092
15201,PPTA,PATLIPUTRA,RXL,RAXAUL JN.,17,204
15202,RXL,RAXAUL JN.,PPTA,PATLIPUTRA,17,204
15203,BJU,BARAUNI JN.,LJN,LUCKNOW JN.,37,670
15204,LJN,LUCKNOW JN.,BJU,BARAUNI JN.,37,674
15205,LJN,LUCKNOW JN.,JBP,JABALPUR,28,585
15206,JBP,JABALPUR,LJN,LUCKNOW JN.,27,585
15209,SHC,SAHARSA JN.,ASR,AMRITSAR JN.,48,1520
15210,ASR,AMRITSAR JN.,SHC,SAHARSA JN.,48,1523
15211,DBG,DARBHANGA JN,ASR,AMRITSAR JN.,48,1485
15212,ASR,AMRITSAR JN.,DBG,DARBHANGA JN,46,1486
15215,MFP,MUZAFFARPUR,NKE,NARKATIAGANJ,13,159
15216,NKE,NARKATIAGANJ,MFP,MUZAFFARPUR,13,159
15227,YPR,YESVANTPUR J,MFP,MUZAFFARPUR,36,2729
15228,MFP,MUZAFFARPUR,YPR,YESVANTPUR J,35,2729
15231,BJU,BARAUNI JN.,G,GONDIA JN.,32,1523
15232,G,GONDIA JN.,BJU,BARAUNI JN.,34,1520
15233,KOAA,KOLKATA,DBG,DARBHANGA JN,10,534
15234,DBG,DARBHANGA JN,KOAA,KOLKATA,10,534
15235,HWH,HOWRAH JN.,DBG,DARBHANGA JN,11,535
15236,DBG,DARBHANGA JN,HWH,HOWRAH JN.,11,536
15267,RXL,RAXAUL JN.,LTT,LOKMANYA TIL,24,1924
15268,LTT,LOKMANYA TIL,RXL,RAXAUL JN.,23,1925
15269,MFP,MUZAFFARPUR,ADI,AHMEDABAD,25,1744
15270,ADI,AHMEDABAD,MFP,MUZAFFARPUR,25,1745
15271,HWH,HOWRAH JN.,MFP,MUZAFFARPUR,12,549
15272,MFP,MUZAFFARPUR,HWH,HOWRAH JN.,12,550
15273,RXL,RAXAUL JN.,ANVT,ANAND VIHAR,45,955
15274,ANVT,ANAND VIHAR,RXL,RAXAUL JN.,45,956
15275,SHC,SAHARSA JN.,BJU,BARAUNI JN.,8,109
15276,BJU,BARAUNI JN.,SHC,SAHARSA JN.,8,109
15279,SHC,SAHARSA JN.,ANVT,ANAND VIHAR,22,1182
15280,ANVT,ANAND VIHAR,SHC,SAHARSA JN.,22,1185
15283,KIR,KATIHAR JN.,JYG,JAYNAGAR,19,373
15284,JYG,JAYNAGAR,KIR,KATIHAR JN.,19,373
15417,APDJ,ALIPUR DUAR,SHTT,SILGHAT TOWN,26,589
15418,SHTT,SILGHAT TOWN,APDJ,ALIPUR DUAR,26,589
15463,BLGT,BALURGHAT,SGUJ,SILIGURI JN.,15,308
15464,SGUJ,SILIGURI JN.,BLGT,BALURGHAT,15,309
15483,APDJ,ALIPUR DUAR,DLI,DELHI JN.,58,1638
15484,DLI,DELHI JN.,APDJ,ALIPUR DUAR,59,1638
15529,SHC,SAHARSA JN.,ANVT,ANAND VIHAR,25,1253
15530,ANVT,ANAND VIHAR,SHC,SAHARSA JN.,25,1255
15531,SHC,SAHARSA JN.,ASR,AMRITSAR JN.,28,1612
15532,ASR,AMRITSAR JN.,SHC,SAHARSA JN.,28,1615
15547,JYG,JAYNAGAR,LTT,LOKMANYA TIL,20,1963
15548,LTT,LOKMANYA TIL,JYG,JAYNAGAR,20,1963
15549,JYG,JAYNAGAR,PNBE,PATNA JN.,10,243
15550,PNBE,PATNA JN.,JYG,JAYNAGAR,10,243
15559,DBG,DARBHANGA JN,ADI,AHMEDABAD,27,2018
15560,ADI,AHMEDABAD,DBG,DARBHANGA JN,27,2020
15563,JYG,JAYNAGAR,UDN,UDHNA JN.,26,1865
15564,UDN,UDHNA JN.,JYG,JAYNAGAR,26,1866
15601,SCL,SILCHAR,NDLS,NEW DELHI,14,2294
15602,NDLS,NEW DELHI,SCL,SILCHAR,14,2295
15603,GHY,GUWAHATI,LEDO,LEDO,35,571
15604,LEDO,LEDO,GHY,GUWAHATI,35,570
15605,FKG,FURKATING JN,DBRG,DIBRUGARH,20,233
15606,DBRG,DIBRUGARH,FKG,FURKATING JN,20,233
15613,KYQ,KAMAKHYA JN,MZS,MURKEONG SEL,25,491
15614,MZS,MURKEONG SEL,KYQ,KAMAKHYA JN,25,491
15617,GHY,GUWAHATI,NHLN,NAHARLAGUN,14,332
15618,NHLN,NAHARLAGUN,GHY,GUWAHATI,14,332
15619,GAYA,GAYA JN.,KYQ,KAMAKHYA JN,21,1093
15620,KYQ,KAMAKHYA JN,GAYA,GAYA JN.,21,1093
15621,KYQ,KAMAKHYA JN,ANVT,ANAND VIHAR,25,1901
15622,ANVT,ANAND VIHAR,KYQ,KAMAKHYA JN,25,1904
15623,BGKT,BHAGAT-KI-KO,KYQ,KAMAKHYA JN,46,2541
15624,KYQ,KAMAKHYA JN,BGKT,BHAGAT-KI-KO,46,2540
15629,TBM,TAMBARAM,GHY,GUWAHATI,40,2796
15630,GHY,GUWAHATI,TBM,TAMBARAM,40,2797
15631,BME,BARMER,GHY,GUWAHATI,34,2462
15632,GHY,GUWAHATI,BME,BARMER,34,2461
15635,OKHA,OKHA,GHY,GUWAHATI,44,3219
15636,GHY,GUWAHATI,OKHA,OKHA,44,3219
15639,PURI,PURI,KYQ,KAMAKHYA JN,26,1512
15640,KYQ,KAMAKHYA JN,PURI,PURI,26,1513
15643,PURI,PURI,KYQ,KAMAKHYA JN,27,1534
15644,KYQ,KAMAKHYA JN,PURI,PURI,26,1548
15645,LTT,LOKMANYA TIL,GHY,GUWAHATI,47,2598
15646,GHY,GUWAHATI,LTT,LOKMANYA TIL,48,2597
15647,LTT,LOKMANYA TIL,GHY,GUWAHATI,54,2740
15648,GHY,GUWAHATI,LTT,LOKMANYA TIL,55,2739
15651,GHY,GUWAHATI,JAT,JAMMU TAWI,43,2344
15652,JAT,JAMMU TAWI,GHY,GUWAHATI,43,2348
15653,GHY,GUWAHATI,JAT,JAMMU TAWI,43,2431
15654,JAT,JAMMU TAWI,GHY,GUWAHATI,43,2433
15655,KYQ,KAMAKHYA JN,SVDK,SHRI MATA VA,40,2606
15656,SVDK,SHRI MATA VA,KYQ,KAMAKHYA JN,40,2607
15657,SDAH,SEALDAH,GHY,GUWAHATI,33,977
15658,GHY,GUWAHATI,SDAH,SEALDAH,33,977
15659,SDAH,SEALDAH,AGTL,AGARTALA,40,1555
15660,AGTL,AGARTALA,SDAH,SEALDAH,40,1554
15661,RNC,RANCHI,KYQ,KAMAKHYA JN,29,1228
15662,KYQ,KAMAKHYA JN,RNC,RANCHI,29,1232
15665,GHY,GUWAHATI,DMV,DIMAPUR,9,250
15666,DMV,DIMAPUR,GHY,GUWAHATI,9,249
15667,GIMB,GANDHIDHAM J,KYQ,KAMAKHYA JN,36,3142
15668,KYQ,KAMAKHYA JN,GIMB,GANDHIDHAM J,36,3142
15669,GHY,GUWAHATI,DMV,DIMAPUR,7,250
15670,DMV,DIMAPUR,GHY,GUWAHATI,7,249
15707,KIR,KATIHAR JN.,ASR,AMRITSAR JN.,51,1787
15708,ASR,AMRITSAR JN.,KIR,KATIHAR JN.,53,1790
15711,HWH,HOWRAH JN.,KIR,KATIHAR JN.,11,398
15712,KIR,KATIHAR JN.,HWH,HOWRAH JN.,11,419
15713,KIR,KATIHAR JN.,PNBE,PATNA JN.,19,289
15714,PNBE,PATNA JN.,KIR,KATIHAR JN.,19,289
15715,KNE,KISHANGANJ,AII,AJMER JN.,28,1834
15716,AII,AJMER JN.,KNE,KISHANGANJ,28,1834
15717,GHY,GUWAHATI,MXN,MARIANI JN.,26,405
15718,MXN,MARIANI JN.,GHY,GUWAHATI,26,404
15719,KIR,KATIHAR JN.,SGUJ,SILIGURI JN.,18,202
15720,SGUJ,SILIGURI JN.,KIR,KATIHAR JN.,18,202
15721,DGHA,DIGHA FS,NJP,NEW JALPAIGU,18,752
15722,NJP,NEW JALPAIGU,DGHA,DIGHA FS,18,773
15723,NJP,NEW JALPAIGU,SMI,SITAMARHI,13,545
15724,SMI,SITAMARHI,NJP,NEW JALPAIGU,13,545
15765,SGUJ,SILIGURI JN.,DBB,DHUBRI,19,262
15766,DBB,DHUBRI,SGUJ,SILIGURI JN.,19,262
15767,SGUJ,SILIGURI JN.,APDJ,ALIPUR DUAR,14,161
15768,APDJ,ALIPUR DUAR,SGUJ,SILIGURI JN.,14,161
15769,APDJ,ALIPUR DUAR,LMG,LUMDING JN.,27,450
15770,LMG,LUMDING JN.,APDJ,ALIPUR DUAR,26,449
15771,APDJ,ALIPUR DUAR,KYQ,KAMAKHYA JN,20,300
15772,KYQ,KAMAKHYA JN,APDJ,ALIPUR DUAR,20,300
15815,KYQ,KAMAKHYA JN,DKGN,DEKARGAON,12,182
15816,DKGN,DEKARGAON,KYQ,KAMAKHYA JN,12,182
15903,DBRG,DIBRUGARH,CDG,CHANDIGARH,35,2636
15904,CDG,CHANDIGARH,DBRG,DIBRUGARH,35,2640
15905,CAPE,KANNIYAKUMAR,DBRG,DIBRUGARH,57,4260
15906,DBRG,DIBRUGARH,CAPE,KANNIYAKUMAR,58,4256
15909,DBRG,DIBRUGARH,LGH,LALGARH JN.,89,3114
15927,RNY,RANGIYA JN.,NTSK,NEW TINSUKIA,27,595
15928,NTSK,NEW TINSUKIA,RNY,RANGIYA JN.,27,595
15929,TBM,TAMBARAM,DBRG,DIBRUGARH,51,3353
15930,DBRG,DIBRUGARH,TBM,TAMBARAM,51,3353
15933,DBRG,DIBRUGARH,ASR,AMRITSAR JN.,38,2870
15934,ASR,AMRITSAR JN.,DBRG,DIBRUGARH,38,2872
15941,JAJ,JHAJHA,DBRG,DIBRUGARH,32,1712
15942,DBRG,DIBRUGARH,JAJ,JHAJHA,32,1712
15959,HWH,HOWRAH JN.,DBRG,DIBRUGARH,56,1507
15960,DBRG,DIBRUGARH,HWH,HOWRAH JN.,56,1528
15967,RNY,RANGIYA JN.,DBRG,DIBRUGARH,31,604
15968,DBRG,DIBRUGARH,RNY,RANGIYA JN.,31,603
16003,MAS,CHENNAI CENT,NSL,NAGARSOL,26,1365
16004,NSL,NAGARSOL,MAS,CHENNAI CENT,27,1363
16021,MAS,CHENNAI CENT,MYS,MYSORE JN.,24,498
16022,MYS,MYSORE JN.,MAS,CHENNAI CENT,23,499
16023,MYS,MYSORE JN.,YPR,YESVANTPUR J,10,143
16024,YPR,YESVANTPUR J,MYS,MYSORE JN.,10,143
16031,MAS,CHENNAI CENT,SVDK,SHRI MATA VA,81,2859
16032,SVDK,SHRI MATA VA,MAS,CHENNAI CENT,82,2857
16053,MAS,CHENNAI CENT,TPTY,TIRUPATI,8,148
16054,TPTY,TIRUPATI,MAS,CHENNAI CENT,9,146
16057,MAS,CHENNAI CENT,TPTY,TIRUPATI,8,148
16058,TPTY,TIRUPATI,MAS,CHENNAI CENT,9,146
16085,AJJ,ARAKKONAM JN,JTJ,JOLARPETTAI,15,144
16086,JTJ,JOLARPETTAI,AJJ,ARAKKONAM JN,14,144
16089,MAS,CHENNAI CENT,JTJ,JOLARPETTAI,16,212
16090,JTJ,JOLARPETTAI,MAS,CHENNAI CENT,16,213
16093,MAS,CHENNAI CENT,LJN,LUCKNOW JN.,47,2086
16094,LJN,LUCKNOW JN.,MAS,CHENNAI CENT,46,2083
16101,MS,CHENNAI EGMO,RMM,RAMESWARAM,24,664
16102,RMM,RAMESWARAM,MS,CHENNAI EGMO,25,664
16105,MS,CHENNAI EGMO,TCN,TIRUCHENDUR,29,775
16106,TCN,TIRUCHENDUR,MS,CHENNAI EGMO,29,774
16115,MS,CHENNAI EGMO,PDY,PONDICHERRY,10,196
16116,PDY,PONDICHERRY,MS,CHENNAI EGMO,10,196
16127,MS,CHENNAI EGMO,GUV,GURUVAYUR,48,1095
16128,GUV,GURUVAYUR,MS,CHENNAI EGMO,48,1096
16129,MEJ,VANCHI MANIY,TN,TUTICORIN,4,31
16130,TN,TUTICORIN,MEJ,VANCHI MANIY,3,31
16175,MS,CHENNAI EGMO,KIK,KARAIKAL,16,360
16176,KIK,KARAIKAL,MS,CHENNAI EGMO,16,360
16179,MS,CHENNAI EGMO,MQ,MANNARGUDI,13,394
16180,MQ,MANNARGUDI,MS,CHENNAI EGMO,13,394
16181,MS,CHENNAI EGMO,SCT,SENGOTTAI JN,26,682
16182,SCT,SENGOTTAI JN,MS,CHENNAI EGMO,27,682
16183,MS,CHENNAI EGMO,TJ,THANJAVUR JN,18,351
16184,TJ,THANJAVUR JN,MS,CHENNAI EGMO,18,350
16185,NGT,NAGAPPATTINA,VLNK,VELANKANNI,2,10
16186,VLNK,VELANKANNI,NGT,NAGAPPATTINA,2,10
16187,KIK,KARAIKAL,ERS,ERNAKULAM. J,29,591
16188,ERS,ERNAKULAM. J,KIK,KARAIKAL,27,592
16203,MAS,CHENNAI CENT,TPTY,TIRUPATI,10,148
16204,TPTY,TIRUPATI,MAS,CHENNAI CENT,11,146
16205,TLGP,TALGUPPA,MYS,MYSORE JN.,13,372
16206,MYS,MYSORE JN.,TLGP,TALGUPPA,13,372
16209,AII,AJMER JN.,MYS,MYSORE JN.,45,2278
16210,MYS,MYSORE JN.,AII,AJMER JN.,44,2279
16215,MYS,MYSORE JN.,SBC,KRANTIVIRA S,10,138
16216,SBC,KRANTIVIRA S,MYS,MYSORE JN.,10,138
16217,MYS,MYSORE JN.,SNSI,SAI NAGAR SH,24,1304
16218,SNSI,SAI NAGAR SH,MYS,MYSORE JN.,24,1304
16227,MYS,MYSORE JN.,TLGP,TALGUPPA,35,508
16228,TLGP,TALGUPPA,MYS,MYSORE JN.,31,508
16229,MYS,MYSORE JN.,BSB,VARANASI JN.,35,2698
16231,MV,MAYILADUTURA,MYS,MYSORE JN.,24,676
16232,MYS,MYSORE JN.,MV,MAYILADUTURA,25,676
16233,MV,MAYILADUTURA,TPJ,TIRUCHIRAPPA,7,120
16234,TPJ,TIRUCHIRAPPA,MV,MAYILADUTURA,7,120
16235,TN,TUTICORIN,MYS,MYSORE JN.,35,775
16301,SRR,SHORANUR JN.,TVC,TRIVANDRUM C,30,327
16302,TVC,TRIVANDRUM C,SRR,SHORANUR JN.,30,327
16303,ERS,ERNAKULAM. J,TVC,TRIVANDRUM C,19,220
16304,TVC,TRIVANDRUM C,ERS,ERNAKULAM. J,19,219
16305,ERS,ERNAKULAM. J,CAN,KANNUR,16,282
16306,CAN,KANNUR,ERS,ERNAKULAM. J,17,282
16307,ALLP,ALLEPPEY,CAN,KANNUR,27,338
16308,CAN,KANNUR,ALLP,ALLEPPEY,28,339
16311,BKN,BIKANER JN.,KCVL,KOCHUVELI,44,2701
16312,KCVL,KOCHUVELI,BKN,BIKANER JN.,44,2704
16313,ALLP,ALLEPPEY,CAN,KANNUR,27,338
16314,CAN,KANNUR,ALLP,ALLEPPEY,26,339
16315,SBC,KRANTIVIRA S,KCVL,KOCHUVELI,22,829
16316,KCVL,KOCHUVELI,SBC,KRANTIVIRA S,22,830
16317,CAPE,KANNIYAKUMAR,SVDK,SHRI MATA VA,71,3769
16318,SVDK,SHRI MATA VA,CAPE,KANNIYAKUMAR,75,3765
16331,CSMT,CST-MUMBAI,TVC,TRIVANDRUM C,43,1953
16332,TVC,TRIVANDRUM C,CSMT,CST-MUMBAI,42,1954
16333,VRL,VERAVAL,TVC,TRIVANDRUM C,59,2407
16334,TVC,TRIVANDRUM C,VRL,VERAVAL,59,2411
16335,GIMB,GANDHIDHAM J,NCJ,NAGERCOIL JN,56,2348
16336,NCJ,NAGERCOIL JN,GIMB,GANDHIDHAM J,56,2352
16337,OKHA,OKHA,ERS,ERNAKULAM. J,50,2253
16338,ERS,ERNAKULAM. J,OKHA,OKHA,51,2258
16339,CSMT,CST-MUMBAI,NCJ,NAGERCOIL JN,40,1874
16340,NCJ,NAGERCOIL JN,CSMT,CST-MUMBAI,39,1875
16341,GUV,GURUVAYUR,TVC,TRIVANDRUM C,23,302
16342,TVC,TRIVANDRUM C,GUV,GURUVAYUR,22,302
16343,TVC,TRIVANDRUM C,MDU,MADURAI JN,22,609
16344,MDU,MADURAI JN,TVC,TRIVANDRUM C,22,610
16345,LTT,LOKMANYA TIL,TVC,TRIVANDRUM C,46,1510
16346,TVC,TRIVANDRUM C,LTT,LOKMANYA TIL,46,1514
16347,TVC,TRIVANDRUM C,MAQ,MANGALORE CE,50,630
16348,MAQ,MANGALORE CE,TVC,TRIVANDRUM C,49,632
16349,SRR,SHORANUR JN.,NIL,NILAMBUR ROA,9,67
16350,NIL,NILAMBUR ROA,SRR,SHORANUR JN.,9,66
16351,CSMT,CST-MUMBAI,NCJ,NAGERCOIL JN,47,1942
16352,NCJ,NAGERCOIL JN,CSMT,CST-MUMBAI,46,1945
16353,KCG,KACHEGUDA,NCJ,NAGERCOIL JN,31,1490
16354,NCJ,NAGERCOIL JN,KCG,KACHEGUDA,31,1492
16359,ERS,ERNAKULAM. J,PNBE,PATNA JN.,44,2987
16360,PNBE,PATNA JN.,ERS,ERNAKULAM. J,44,2980
16381,CSMT,CST-MUMBAI,CAPE,KANNIYAKUMAR,63,2130
16382,CAPE,KANNIYAKUMAR,CSMT,CST-MUMBAI,62,2132
16501,ADI,AHMEDABAD,YPR,YESVANTPUR J,25,1797
16502,YPR,YESVANTPUR J,ADI,AHMEDABAD,27,1785
16505,GIMB,GANDHIDHAM J,SBC,KRANTIVIRA S,34,1949
16506,SBC,KRANTIVIRA S,GIMB,GANDHIDHAM J,33,1952
16507,JU,JODHPUR JN.,SBC,KRANTIVIRA S,46,2103
16508,SBC,KRANTIVIRA S,JU,JODHPUR JN.,45,2104
16515,YPR,YESVANTPUR J,KAWR,KAWR,22,667
16516,KAWR,KAWR,YPR,YESVANTPUR J,22,649
16517,SBC,KRANTIVIRA S,CAN,KANNUR,20,579
16518,CAN,KANNUR,SBC,KRANTIVIRA S,20,578
16519,JTJ,JOLARPETTAI,SBC,KRANTIVIRA S,16,148
16520,SBC,KRANTIVIRA S,JTJ,JOLARPETTAI,15,148
16521,BWT,BANGARPET JN,SBC,KRANTIVIRA S,8,70
16522,SBC,KRANTIVIRA S,BWT,BANGARPET JN,8,70
16523,MAQ,MANGALORE CE,KAWR,KAWR,14,262
16524,KAWR,KAWR,MAQ,MANGALORE CE,14,260
16525,CAPE,KANNIYAKUMAR,SBC,KRANTIVIRA S,46,934
16526,SBC,KRANTIVIRA S,CAPE,KANNIYAKUMAR,49,934
16527,YPR,YESVANTPUR J,CAN,KANNUR,18,655
16528,CAN,KANNUR,YPR,YESVANTPUR J,18,654
16531,AII,AJMER JN.,SBC,KRANTIVIRA S,38,2213
16532,SBC,KRANTIVIRA S,AII,AJMER JN.,38,2201
16533,BGKT,BHAGAT-KI-KO,SBC,KRANTIVIRA S,30,2173
16534,SBC,KRANTIVIRA S,BGKT,BHAGAT-KI-KO,30,2161
16535,MYS,MYSORE JN.,SUR,SOLAPUR,32,966
16536,SUR,SOLAPUR,MYS,MYSORE JN.,32,964
16557,MYS,MYSORE JN.,SBC,KRANTIVIRA S,9,138
16558,SBC,KRANTIVIRA S,MYS,MYSORE JN.,9,138
16565,YPR,YESVANTPUR J,MAQ,MANGALORE CE,20,833
16566,MAQ,MANGALORE CE,YPR,YESVANTPUR J,20,833
16569,YPR,YESVANTPUR J,KCG,KACHEGUDA,15,611
16570,KCG,KACHEGUDA,YPR,YESVANTPUR J,15,599
16571,YPR,YESVANTPUR J,BIDR,BIDAR,18,687
16572,BIDR,BIDAR,YPR,YESVANTPUR J,18,687
16573,YPR,YESVANTPUR J,PDY,PONDICHERRY,10,453
16574,PDY,PONDICHERRY,YPR,YESVANTPUR J,10,452
16575,YPR,YESVANTPUR J,MAJN,MANGALORE JN,14,409
16576,MAJN,MANGALORE JN,YPR,YESVANTPUR J,14,394
16577,YPR,YESVANTPUR J,HRR,HARIHAR JN.,12,333
16578,HRR,HARIHAR JN.,YPR,YESVANTPUR J,12,332
16579,YPR,YESVANTPUR J,SMET,SHIMOGA TOWN,9,268
16580,SMET,SHIMOGA TOWN,YPR,YESVANTPUR J,9,267
16581,YPR,YESVANTPUR J,SMET,SHIMOGA TOWN,10,268
16582,SMET,SHIMOGA TOWN,YPR,YESVANTPUR J,10,267
16587,YPR,YESVANTPUR J,BKN,BIKANER JN.,35,2440
16588,BKN,BIKANER JN.,YPR,YESVANTPUR J,34,2440
16589,SBC,KRANTIVIRA S,KOP,CHHATRAPATI,30,797
16590,KOP,CHHATRAPATI,SBC,KRANTIVIRA S,30,794
16591,UBL,HUBLI JN.,MYS,MYSORE JN.,30,668
16592,MYS,MYSORE JN.,UBL,HUBLI JN.,30,668
16593,NED,NANDED,SBC,KRANTIVIRA S,43,1021
16594,SBC,KRANTIVIRA S,NED,NANDED,43,1021
16603,MAQ,MANGALORE CE,TVC,TRIVANDRUM C,32,620
16604,TVC,TRIVANDRUM C,MAQ,MANGALORE CE,31,619
16605,MAQ,MANGALORE CE,NCJ,NAGERCOIL JN,41,691
16606,NCJ,NAGERCOIL JN,MAQ,MANGALORE CE,41,689
16613,RJT,RAJKOT,CBE,COIMBATORE,35,2220
16614,CBE,COIMBATORE,RJT,RAJKOT,36,2222
16615,MQ,MANNARGUDI,CBE,COIMBATORE,10,334
16616,CBE,COIMBATORE,MQ,MANNARGUDI,9,334
16617,RMM,RAMESWARAM,CBE,COIMBATORE,17,498
16618,CBE,COIMBATORE,RMM,RAMESWARAM,15,498
16629,TVC,TRIVANDRUM C,MAQ,MANGALORE CE,54,631
16630,MAQ,MANGALORE CE,TVC,TRIVANDRUM C,54,632
16649,MAQ,MANGALORE CE,NCJ,NAGERCOIL JN,52,703
16650,NCJ,NAGERCOIL JN,MAQ,MANGALORE CE,50,702
16687,MAQ,MANGALORE CE,SVDK,SHRI MATA VA,63,3663
16688,SVDK,SHRI MATA VA,MAQ,MANGALORE CE,67,3661
16723,MS,CHENNAI EGMO,QLN,QUILON,31,858
16724,QLN,QUILON,MS,CHENNAI EGMO,32,858
16733,RMM,RAMESWARAM,OKHA,OKHA,42,3177
16734,OKHA,OKHA,RMM,RAMESWARAM,42,3175
16779,TPTY,TIRUPATI,RMM,RAMESWARAM,23,816
16780,RMM,RAMESWARAM,TPTY,TIRUPATI,23,817
16787,TEN,TIRUNELVELI,ED,ERODE JN.,11,454
16788,ED,ERODE JN.,TEN,TIRUNELVELI,11,454
16790,ED,ERODE JN.,TEN,TIRUNELVELI,11,454
16791,PUU,PUNALUR,PGT,PALAKKAD JN,29,347
16792,PGT,PALAKKAD JN,PUU,PUNALUR,29,348
16793,RMM,RAMESWARAM,FD,FAIZABAD JN.,20,2916
16794,FD,FAIZABAD JN.,RMM,RAMESWARAM,20,2912
16853,MS,CHENNAI EGMO,TPJ,TIRUCHIRAPPA,19,400
16854,TPJ,TIRUCHIRAPPA,MS,CHENNAI EGMO,19,400
16855,PDY,PONDICHERRY,MAQ,MANGALORE CE,23,796
16856,MAQ,MANGALORE CE,PDY,PONDICHERRY,23,795
16857,PDY,PONDICHERRY,MAQ,MANGALORE CE,19,861
16858,MAQ,MANGALORE CE,PDY,PONDICHERRY,19,861
16859,MS,CHENNAI EGMO,MAQ,MANGALORE CE,52,983
16860,MAQ,MANGALORE CE,MS,CHENNAI EGMO,53,982
16861,PDY,PONDICHERRY,CAPE,KANNIYAKUMAR,23,699
16862,CAPE,KANNIYAKUMAR,PDY,PONDICHERRY,23,698
16863,BGKT,BHAGAT-KI-KO,MQ,MANNARGUDI,43,2853
16864,MQ,MANNARGUDI,BGKT,BHAGAT-KI-KO,42,2855
17001,SNSI,SAI NAGAR SH,SC,SECUNDERABAD,25,771
17002,SC,SECUNDERABAD,SNSI,SAI NAGAR SH,25,771
17009,BIDR,BIDAR,HYB,HYDERABAD DE,9,163
17010,SC,SECUNDERABAD,BIDR,BIDAR,9,162
17011,HYB,HYDERABAD DE,SKZR,SIRPURKAGHAZ,21,316
17012,SKZR,SIRPURKAGHAZ,SC,SECUNDERABAD,20,305
17013,PUNE,PUNE JN.,HYB,HYDERABAD DE,15,639
17014,HYB,HYDERABAD DE,PUNE,PUNE JN.,15,640
17015,BBS,BHUBANESWAR,SC,SECUNDERABAD,41,1135
17016,SC,SECUNDERABAD,BBS,BHUBANESWAR,41,1135
17017,RJT,RAJKOT,SC,SECUNDERABAD,27,1467
17018,SC,SECUNDERABAD,RJT,RAJKOT,28,1468
17019,JP,JAIPUR JN.,HYB,HYDERABAD DE,34,2002
17020,HYB,HYDERABAD DE,JP,JAIPUR JN.,34,2004
17021,HYB,HYDERABAD DE,GTL,GUNTAKAL JN.,9,376
17022,GTL,GUNTAKAL JN.,HYB,HYDERABAD DE,9,373
17023,SC,SECUNDERABAD,KRNT,KURNOOL TOWN,16,243
17024,KRNT,KURNOOL TOWN,SC,SECUNDERABAD,14,243
17025,MUGR,MANUGURU,SC,SECUNDERABAD,15,341
17026,SC,SECUNDERABAD,MUGR,MANUGURU,15,341
17027,SC,SECUNDERABAD,KRNT,KURNOOL TOWN,13,243
17028,KRNT,KURNOOL TOWN,SC,SECUNDERABAD,13,243
17031,CSMT,CST-MUMBAI,HYB,HYDERABAD DE,26,791
17032,HYB,HYDERABAD DE,CSMT,CST-MUMBAI,26,793
17037,SC,SECUNDERABAD,BKN,BIKANER JN.,28,2120
17038,BKN,BIKANER JN.,SC,SECUNDERABAD,28,2121
17057,CSMT,CST-MUMBAI,SC,SECUNDERABAD,30,875
17058,SC,SECUNDERABAD,CSMT,CST-MUMBAI,29,875
17063,MMR,MANMAD JN.,SC,SECUNDERABAD,23,615
17064,SC,SECUNDERABAD,MMR,MANMAD JN.,23,615
17201,GNT,GUNTUR JN.,SC,SECUNDERABAD,24,391
17202,SC,SECUNDERABAD,GNT,GUNTUR JN.,25,390
17203,BVC,BHAVNAGAR TE,COA,KAKINADA POR,31,2051
17204,COA,KAKINADA POR,BVC,BHAVNAGAR TE,32,2053
17205,SNSI,SAI NAGAR SH,COA,KAKINADA POR,39,1346
17206,COA,KAKINADA POR,SNSI,SAI NAGAR SH,39,1347
17207,SNSI,SAI NAGAR SH,BZA,VIJAYWADA JN,32,1129
17208,BZA,VIJAYWADA JN,SNSI,SAI NAGAR SH,32,1130
17209,SBC,KRANTIVIRA S,CCT,KAKINADA TOW,35,962
17210,CCT,KAKINADA TOW,SBC,KRANTIVIRA S,36,962
17211,MTM,MACHILIPATNA,YPR,YESVANTPUR J,21,768
17212,YPR,YESVANTPUR J,MTM,MACHILIPATNA,21,768
17213,NS,NARASAPUR,NSL,NAGARSOL,23,1092
17214,NSL,NAGARSOL,NS,NARASAPUR,23,1092
17215,BZA,VIJAYWADA JN,DMM,DHARMAVARAM,16,619
17216,DMM,DHARMAVARAM,BZA,VIJAYWADA JN,16,619
17221,COA,KAKINADA POR,LTT,LOKMANYA TIL,23,1306
17222,LTT,LOKMANYA TIL,COA,KAKINADA POR,23,1306
17225,BZA,VIJAYWADA JN,UBL,HUBLI JN.,26,693
17226,UBL,HUBLI JN.,BZA,VIJAYWADA JN,26,691
17229,TVC,TRIVANDRUM C,HYB,HYDERABAD DE,43,1562
17230,HYB,HYDERABAD DE,TVC,TRIVANDRUM C,43,1563
17231,NS,NARASAPUR,NSL,NAGARSOL,27,1048
17232,NSL,NAGARSOL,NS,NARASAPUR,28,1048
17233,SC,SECUNDERABAD,BPQ,BALHARSHAH,34,375
17234,BPQ,BALHARSHAH,SC,SECUNDERABAD,34,374
17235,SBC,KRANTIVIRA S,NCJ,NAGERCOIL JN,16,669
17236,NCJ,NAGERCOIL JN,SBC,KRANTIVIRA S,16,668
17239,GNT,GUNTUR JN.,VSKP,VISAKHAPATNA,27,382
17240,VSKP,VISAKHAPATNA,GNT,GUNTUR JN.,26,383
17241,NS,NARASAPUR,NDD,NIDADAVOLU J,8,76
17242,NDD,NIDADAVOLU J,NS,NARASAPUR,8,77
17255,NS,NARASAPUR,HYB,HYDERABAD DE,21,462
17256,HYB,HYDERABAD DE,NS,NARASAPUR,21,464
17301,MYS,MYSORE JN.,DWR,DHARWAD,18,493
17302,DWR,DHARWAD,MYS,MYSORE JN.,17,490
17305,UBL,HUBLI JN.,LD,LONDA JN.,4,90
17307,MYS,MYSORE JN.,BGK,BAGALKOT,34,993
17308,BGK,BAGALKOT,MYS,MYSORE JN.,32,994
17309,YPR,YESVANTPUR J,VSG,VASCO-DA-GAM,18,665
17310,VSG,VASCO-DA-GAM,YPR,YESVANTPUR J,18,662
17311,MAS,CHENNAI CENT,VSG,VASCO-DA-GAM,24,1029
17312,VSG,VASCO-DA-GAM,MAS,CHENNAI CENT,25,1027
17315,VSG,VASCO-DA-GAM,VLNK,VELANKANNI,24,1269
17316,VLNK,VELANKANNI,VSG,VASCO-DA-GAM,27,1273
17317,UBL,HUBLI JN.,LTT,LOKMANYA TIL,16,732
17318,LTT,LOKMANYA TIL,UBL,HUBLI JN.,16,731
17319,UBL,HUBLI JN.,SC,SECUNDERABAD,22,660
17320,SC,SECUNDERABAD,UBL,HUBLI JN.,22,661
17321,UBL,HUBLI JN.,LTT,LOKMANYA TIL,12,796
17322,LTT,LOKMANYA TIL,UBL,HUBLI JN.,13,797
17323,UBL,HUBLI JN.,BSB,VARANASI JN.,24,2037
17324,BSB,VARANASI JN.,UBL,HUBLI JN.,24,2037
17325,UBL,HUBLI JN.,MYS,MYSORE JN.,25,607
17326,MYS,MYSORE JN.,UBL,HUBLI JN.,25,609
17401,TPTY,TIRUPATI,MTM,MACHILIPATNA,21,466
17402,MTM,MACHILIPATNA,TPTY,TIRUPATI,21,466
17403,GDV,GUDIVADA JN.,NS,NARASAPUR,8,94
17404,NS,NARASAPUR,GDV,GUDIVADA JN.,9,94
17405,TPTY,TIRUPATI,ADB,ADILABAD,61,1154
17406,ADB,ADILABAD,TPTY,TIRUPATI,62,1153
17407,TPTY,TIRUPATI,MQ,MANNARGUDI,19,462
17408,MQ,MANNARGUDI,TPTY,TIRUPATI,19,463
17409,ADB,ADILABAD,NED,NANDED,9,184
17410,NED,NANDED,ADB,ADILABAD,9,184
17411,CSMT,CST-MUMBAI,KOP,CHHATRAPATI,18,517
17412,KOP,CHHATRAPATI,CSMT,CST-MUMBAI,19,517
17413,TPTY,TIRUPATI,PDY,PONDICHERRY,11,302
17414,PDY,PONDICHERRY,TPTY,TIRUPATI,11,302
17415,TPTY,TIRUPATI,KOP,CHHATRAPATI,31,904
17416,KOP,CHHATRAPATI,TPTY,TIRUPATI,32,903
17417,TPTY,TIRUPATI,SNSI,SAI NAGAR SH,37,1419
17418,SNSI,SAI NAGAR SH,TPTY,TIRUPATI,38,1419
17419,TPTY,TIRUPATI,VSG,VASCO-DA-GAM,31,778
17420,VSG,VASCO-DA-GAM,TPTY,TIRUPATI,26,777
17479,PURI,PURI,TPTY,TIRUPATI,72,1231
17480,TPTY,TIRUPATI,PURI,PURI,73,1231
17481,BSP,BILASPUR JN.,TPTY,TIRUPATI,65,1402
17482,TPTY,TIRUPATI,BSP,BILASPUR JN.,66,1400
17487,TPTY,TIRUPATI,VSKP,VISAKHAPATNA,36,735
17488,VSKP,VISAKHAPATNA,TPTY,TIRUPATI,33,736
17603,KCG,KACHEGUDA,YPR,YESVANTPUR J,18,653
17604,YPR,YESVANTPUR J,KCG,KACHEGUDA,18,652
17605,MAQ,MANGALORE CE,KCG,KACHEGUDA,28,1522
17606,KCG,KACHEGUDA,MAQ,MANGALORE CE,28,1518
17609,PNBE,PATNA JN.,PAU,PURNA  JN.,17,1736
17610,PAU,PURNA  JN.,PNBE,PATNA JN.,17,1738
17613,PNVL,PANVEL,NED,NANDED,13,667
17614,NED,NANDED,PNVL,PANVEL,14,667
17615,KCG,KACHEGUDA,MDU,MADURAI JN,23,1283
17616,MDU,MADURAI JN,KCG,KACHEGUDA,23,1286
17617,CSMT,CST-MUMBAI,NED,NANDED,20,604
17618,NED,NANDED,CSMT,CST-MUMBAI,20,604
17619,AWB,AURANGABAD,NED,NANDED,8,236
17620,NED,NANDED,AWB,AURANGABAD,8,236
17621,AWB,AURANGABAD,RU,RENIGUNTA JN,28,1148
17622,RU,RENIGUNTA JN,AWB,AURANGABAD,28,1148
17623,NED,NANDED,BKN,BIKANER JN.,29,1675
17624,BKN,BIKANER JN.,NED,NANDED,29,1677
17625,KCG,KACHEGUDA,RAL,REPALLE,21,347
17626,RAL,REPALLE,SC,SECUNDERABAD,19,341
17639,KCG,KACHEGUDA,AK,AKOLA JN.,21,513
17640,AK,AKOLA JN.,KCG,KACHEGUDA,21,513
17641,KCG,KACHEGUDA,NRKR,NARKHER,32,730
17642,NRKR,NARKHER,KCG,KACHEGUDA,32,730
17643,CGL,CHENGALPATTU,COA,KAKINADA POR,36,759
17644,COA,KAKINADA POR,CGL,CHENGALPATTU,36,760
17651,CGL,CHENGALPATTU,KCG,KACHEGUDA,21,825
17652,KCG,KACHEGUDA,CGL,CHENGALPATTU,23,824
17687,MMR,MANMAD JN.,DAB,DHARMABAD,24,416
17688,DAB,DHARMABAD,MMR,MANMAD JN.,24,419
18005,HWH,HOWRAH JN.,JDB,JAGADALPUR,48,1163
18006,JDB,JAGADALPUR,HWH,HOWRAH JN.,46,1164
18007,SHM,SHALIMAR,VZR,BHANJPUR,13,260
18008,VZR,BHANJPUR,SHM,SHALIMAR,13,259
18009,SRC,SANTRAGACHI,AII,AJMER JN.,24,2000
18010,AII,AJMER JN.,SRC,SANTRAGACHI,24,2002
18029,LTT,LOKMANYA TIL,SHM,SHALIMAR,83,1957
18030,SHM,SHALIMAR,LTT,LOKMANYA TIL,82,1955
18047,HWH,HOWRAH JN.,VSG,VASCO-DA-GAM,44,2128
18048,VSG,VASCO-DA-GAM,HWH,HOWRAH JN.,45,2125
18101,TATA,TATANAGAR JN,JAT,JAMMU TAWI,71,2017
18102,JAT,JAMMU TAWI,TATA,TATANAGAR JN,72,2017
18103,TATA,TATANAGAR JN,ASR,AMRITSAR JN.,25,1746
18104,ASR,AMRITSAR JN.,TATA,TATANAGAR JN,25,1747
18107,ROU,ROURKELA,KRPU,KORAPUT JN.,13,644
18108,KRPU,KORAPUT JN.,ROU,ROURKELA,13,644
18111,TATA,TATANAGAR JN,YPR,YESVANTPUR J,42,2434
18112,YPR,YESVANTPUR J,TATA,TATANAGAR JN,42,2421
18117,ROU,ROURKELA,GNPR,GUNUPUR,26,796
18118,GNPR,GUNUPUR,ROU,ROURKELA,26,796
18181,TATA,TATANAGAR JN,CPR,CHHAPRA JN.,37,629
18182,CPR,CHHAPRA JN.,TATA,TATANAGAR JN,37,629
18183,TATA,TATANAGAR JN,DNR,DANAPUR,36,507
18184,DNR,DANAPUR,TATA,TATANAGAR JN,35,507
18189,TATA,TATANAGAR JN,ROU,ROURKELA,9,159
18190,ROU,ROURKELA,TATA,TATANAGAR JN,10,159
18191,CPR,CHHAPRA JN.,FBD,FARRUKHABAD,33,685
18192,FBD,FARRUKHABAD,CPR,CHHAPRA JN.,31,687
18201,DURG,DURG,NTV,NAUTANWA,25,1207
18202,NTV,NAUTANWA,DURG,DURG,25,1212
18203,DURG,DURG,CNB,KANPUR CENTR,20,879
18204,CNB,KANPUR CENTR,DURG,DURG,21,883
18205,DURG,DURG,NTV,NAUTANWA,24,1153
18206,NTV,NAUTANWA,DURG,DURG,24,1161
18207,DURG,DURG,AII,AJMER JN.,22,1396
18208,AII,AJMER JN.,DURG,DURG,22,1404
18211,DURG,DURG,JDB,JAGADALPUR,15,660
18212,JDB,JAGADALPUR,DURG,DURG,15,665
18213,DURG,DURG,JP,JAIPUR JN.,20,1250
18214,JP,JAIPUR JN.,DURG,DURG,20,1258
18215,DURG,DURG,JAT,JAMMU TAWI,26,1906
18216,JAT,JAMMU TAWI,DURG,DURG,26,1916
18233,INDB,INDORE BG,BSP,BILASPUR JN.,72,1008
18234,BSP,BILASPUR JN.,INDB,INDORE BG,74,1009
18235,BPL,BHOPAL,BSP,BILASPUR JN.,67,720
18236,BSP,BILASPUR JN.,BPL,BHOPAL,67,721
18237,BSP,BILASPUR JN.,ASR,AMRITSAR JN.,85,1998
18238,ASR,AMRITSAR JN.,BSP,BILASPUR JN.,89,1990
18239,GAD,GEVRA-ROAD,NGP,NAGPUR JN.(C,31,520
18240,NGP,NAGPUR JN.(C,BSP,BILASPUR JN.,18,406
18241,DURG,DURG,ABKP,AMBIKAPUR,32,463
18242,ABKP,AMBIKAPUR,DURG,DURG,32,471
18243,BSP,BILASPUR JN.,BGKT,BHAGAT-KI-KO,33,1818
18244,BGKT,BHAGAT-KI-KO,BSP,BILASPUR JN.,33,1808
18245,BSP,BILASPUR JN.,BKN,BIKANER JN.,33,1884
18246,BKN,BIKANER JN.,BSP,BILASPUR JN.,33,1874
18247,BSP,BILASPUR JN.,REWA,REWA,39,468
18248,REWA,REWA,BSP,BILASPUR JN.,39,465
18301,SBP,SAMBALPUR JN,RGDA,RAYAGADA JN.,20,321
18302,RGDA,RAYAGADA JN.,SBP,SAMBALPUR JN,20,321
18303,SBP,SAMBALPUR JN,PURI,PURI,16,340
18304,PURI,PURI,SBP,SAMBALPUR JN,16,340
18309,SBP,SAMBALPUR JN,MURI,MURI,14,378
18310,MURI,MURI,SBP,SAMBALPUR JN,14,381
18311,SBP,SAMBALPUR JN,BSB,VARANASI JN.,37,890
18312,BSB,VARANASI JN.,SBP,SAMBALPUR JN,37,893
18401,PURI,PURI,OKHA,OKHA,41,2779
18402,OKHA,OKHA,PURI,PURI,41,2775
18403,CKP,CHAKARADHARP,BBN,BARBIL,6,126
18404,BBN,BARBIL,CKP,CHAKARADHARP,6,126
18405,PURI,PURI,ADI,AHMEDABAD,40,2013
18406,ADI,AHMEDABAD,PURI,PURI,40,2005
18407,PURI,PURI,SNSI,SAI NAGAR SH,26,1697
18408,SNSI,SAI NAGAR SH,PURI,PURI,26,1691
18409,HWH,HOWRAH JN.,PURI,PURI,20,504
18410,PURI,PURI,HWH,HOWRAH JN.,21,503
18413,PRDP,PARADEEP,PURI,PURI,12,172
18414,PURI,PURI,PRDP,PARADEEP,12,172
18415,BBN,BARBIL,PURI,PURI,30,396
18416,PURI,PURI,BBN,BARBIL,30,396
18419,PURI,PURI,JYG,JAYNAGAR,24,998
18420,JYG,JAYNAGAR,PURI,PURI,24,998
18421,PURI,PURI,AII,AJMER JN.,41,2483
18422,AII,AJMER JN.,PURI,PURI,41,2479
18425,PURI,PURI,DURG,DURG,28,810
18426,DURG,DURG,PURI,PURI,28,803
18437,RGDA,RAYAGADA JN.,JNRD,JUNAGARH ROA,11,146
18438,JNRD,JUNAGARH ROA,RGDA,RAYAGADA JN.,11,146
18447,BBS,BHUBANESWAR,JDB,JAGADALPUR,41,784
18448,JDB,JAGADALPUR,BBS,BHUBANESWAR,41,784
18449,PURI,PURI,PNBE,PATNA JN.,27,926
18450,PNBE,PATNA JN.,PURI,PURI,27,926
18451,HTE,HATIA,PURI,PURI,24,686
18452,PURI,PURI,HTE,HATIA,25,686
18463,BBS,BHUBANESWAR,SBC,KRANTIVIRA S,47,1546
18464,SBC,KRANTIVIRA S,BBS,BHUBANESWAR,46,1545
18477,PURI,PURI,HW,HARIDWAR JN,76,2347
18478,HW,HARIDWAR JN,PURI,PURI,75,2354
18495,RMM,RAMESWARAM,BBS,BHUBANESWAR,25,1884
18496,BBS,BHUBANESWAR,RMM,RAMESWARAM,25,1884
18501,VSKP,VISAKHAPATNA,GIMB,GANDHIDHAM J,29,2116
18502,GIMB,GANDHIDHAM J,VSKP,VISAKHAPATNA,29,2113
18503,VSKP,VISAKHAPATNA,SNSI,SAI NAGAR SH,25,1406
18504,SNSI,SAI NAGAR SH,VSKP,VISAKHAPATNA,25,1405
18507,VSKP,VISAKHAPATNA,ASR,AMRITSAR JN.,48,2552
18508,ASR,AMRITSAR JN.,VSKP,VISAKHAPATNA,48,2556
18511,KRPU,KORAPUT JN.,VSKP,VISAKHAPATNA,12,357
18512,VSKP,VISAKHAPATNA,KRPU,KORAPUT JN.,11,357
18517,KRBA,KORBA,VSKP,VISAKHAPATNA,31,726
18518,VSKP,VISAKHAPATNA,KRBA,KORBA,31,727
18519,VSKP,VISAKHAPATNA,LTT,LOKMANYA TIL,20,1512
18520,LTT,LOKMANYA TIL,VSKP,VISAKHAPATNA,20,1497
18567,VSKP,VISAKHAPATNA,QLN,QUILON,33,1572
18568,QLN,QUILON,VSKP,VISAKHAPATNA,33,1576
18573,VSKP,VISAKHAPATNA,BGKT,BHAGAT-KI-KO,35,2056
18574,BGKT,BHAGAT-KI-KO,VSKP,VISAKHAPATNA,35,2060
18605,RNC,RANCHI,JYG,JAYNAGAR,17,637
18606,JYG,JAYNAGAR,RNC,RANCHI,17,640
18609,RNC,RANCHI,LTT,LOKMANYA TIL,29,2014
18610,LTT,LOKMANYA TIL,RNC,RANCHI,29,2018
18611,RNC,RANCHI,BSB,VARANASI JN.,30,574
18612,BSB,VARANASI JN.,RNC,RANCHI,30,576
18613,RNC,RANCHI,CPU,CHOPAN,20,480
18614,CPU,CHOPAN,RNC,RANCHI,20,482
18615,HWH,HOWRAH JN.,HTE,HATIA,17,430
18616,HTE,HATIA,HWH,HOWRAH JN.,17,426
18619,RNC,RANCHI,DUMK,DUMKA,17,400
18620,DUMK,DUMKA,RNC,RANCHI,17,402
18621,PNBE,PATNA JN.,HTE,HATIA,42,571
18622,HTE,HATIA,PNBE,PATNA JN.,43,569
18623,PNBE,PATNA JN.,HTE,HATIA,26,417
18624,HTE,HATIA,PNBE,PATNA JN.,25,414
18625,PNBE,PATNA JN.,HTE,HATIA,21,417
18626,HTE,HATIA,PNBE,PATNA JN.,21,414
18631,RNC,RANCHI,AII,AJMER JN.,39,1663
18632,AII,AJMER JN.,RNC,RANCHI,39,1665
18637,HTE,HATIA,BNC,BANGALORE CA,27,1884
18638,BNC,BANGALORE CA,HTE,HATIA,27,1884
18645,HWH,HOWRAH JN.,HYB,HYDERABAD DE,59,1602
18646,HYB,HYDERABAD DE,HWH,HOWRAH JN.,61,1602
18695,IPR,ISLAMPUR,PNBE,PATNA JN.,8,64
18696,PNBE,PATNA JN.,IPR,ISLAMPUR,8,64
18697,PRNC,PURNEA COURT,PNBE,PATNA JN.,27,314
18698,PNBE,PATNA JN.,PRNC,PURNEA COURT,27,314
19015,BCT,MUMBAI CENTR,PBR,PORBANDAR,63,958
19016,PBR,PORBANDAR,BCT,MUMBAI CENTR,62,958
19019,BDTS,BANDRA TERMI,DDN,DEHRA DUN,98,1676
19020,DDN,DEHRA DUN,BDTS,BANDRA TERMI,92,1678
19021,BDTS,BANDRA TERMI,LJN,LUCKNOW JN.,23,1681
19022,LJN,LUCKNOW JN.,BDTS,BANDRA TERMI,23,1681
19023,BCT,MUMBAI CENTR,FZR,FIROZPUR CAN,94,1759
19024,FZR,FIROZPUR CAN,BCT,MUMBAI CENTR,97,1762
19025,ST,SURAT,AMI,AMRAVATI,21,567
19026,AMI,AMRAVATI,ST,SURAT,21,567
19027,BDTS,BANDRA TERMI,JAT,JAMMU TAWI,33,1878
19028,JAT,JAMMU TAWI,BDTS,BANDRA TERMI,33,1879
19031,ADI,AHMEDABAD,HW,HARIDWAR JN,43,1200
19032,HW,HARIDWAR JN,ADI,AHMEDABAD,43,1203
19033,BL,VALSAD,ADI,AHMEDABAD,27,297
19034,ADI,AHMEDABAD,BL,VALSAD,27,297
19035,BRC,VADODARA JN.,ADI,AHMEDABAD,10,99
19036,ADI,AHMEDABAD,BRC,VADODARA JN.,11,99
19037,BDTS,BANDRA TERMI,GKP,GORAKHPUR JN,68,1832
19038,GKP,GORAKHPUR JN,BDTS,BANDRA TERMI,68,1831
19039,BDTS,BANDRA TERMI,MFP,MUZAFFARPUR,82,2142
19040,MFP,MUZAFFARPUR,BDTS,BANDRA TERMI,82,2140
19041,BDTS,BANDRA TERMI,GCT,GHAZIPUR CIT,31,1909
19042,GCT,GHAZIPUR CIT,BDTS,BANDRA TERMI,27,1910
19045,ST,SURAT,CPR,CHHAPRA JN.,35,1732
19046,CPR,CHHAPRA JN.,ST,SURAT,35,1730
19051,BL,VALSAD,MFP,MUZAFFARPUR,17,1786
19052,MFP,MUZAFFARPUR,BL,VALSAD,17,1785
19053,ST,SURAT,MFP,MUZAFFARPUR,25,2121
19054,MFP,MUZAFFARPUR,ST,SURAT,25,2120
19055,BL,VALSAD,JU,JODHPUR JN.,18,750
19056,JU,JODHPUR JN.,BL,VALSAD,18,751
19057,UDN,UDHNA JN.,BSB,VARANASI JN.,13,1403
19058,BSB,VARANASI JN.,UDN,UDHNA JN.,13,1402
19061,BDTS,BANDRA TERMI,RMR,RAMNAGAR,28,1635
19062,RMR,RAMNAGAR,BDTS,BANDRA TERMI,28,1636
19063,UDN,UDHNA JN.,DNR,DANAPUR,18,1596
19064,DNR,DANAPUR,UDN,UDHNA JN.,18,1595
19107,ADI,AHMEDABAD,UHP,UDHAMPUR,19,1537
19108,UHP,UDHAMPUR,ADI,AHMEDABAD,19,1539
19115,DDR,DADAR,BHUJ,NEW BHUJ,29,843
19116,BHUJ,NEW BHUJ,DDR,DADAR,29,843
19119,ADI,AHMEDABAD,SMNH,SOMNATH,19,435
19120,SMNH,SOMNATH,ADI,AHMEDABAD,19,435
19151,PNU,PALANPUR JN,GIMB,GANDHIDHAM J,17,300
19152,GIMB,GANDHIDHAM J,PNU,PALANPUR JN,17,300
19165,ADI,AHMEDABAD,DBG,DARBHANGA JN,70,1945
19166,DBG,DARBHANGA JN,ADI,AHMEDABAD,72,1945
19167,ADI,AHMEDABAD,BSB,VARANASI JN.,57,1600
19168,BSB,VARANASI JN.,ADI,AHMEDABAD,57,1601
19201,SC,SECUNDERABAD,PBR,PORBANDAR,29,1690
19202,PBR,PORBANDAR,SC,SECUNDERABAD,29,1689
19215,BCT,MUMBAI CENTR,PBR,PORBANDAR,63,958
19217,BDTS,BANDRA TERMI,JAM,JAMNAGAR,30,807
19218,JAM,JAMNAGAR,BDTS,BANDRA TERMI,33,807
19223,ADI,AHMEDABAD,JAT,JAMMU TAWI,58,1474
19224,JAT,JAMMU TAWI,ADI,AHMEDABAD,60,1476
19225,BTI,BATHINDA JN,JAT,JAMMU TAWI,24,489
19226,JAT,JAMMU TAWI,BTI,BATHINDA JN,24,489
19251,SMNH,SOMNATH,OKHA,OKHA,17,438
19252,OKHA,OKHA,SMNH,SOMNATH,17,438
19259,KCVL,KOCHUVELI,BVC,BHAVNAGAR TE,41,2274
19260,BVC,BHAVNAGAR TE,KCVL,KOCHUVELI,41,2270
19261,KCVL,KOCHUVELI,PBR,PORBANDAR,30,2427
19262,PBR,PORBANDAR,KCVL,KOCHUVELI,30,2423
19263,PBR,PORBANDAR,DEE,DELHI-SARAI,28,1394
19264,DEE,DELHI-SARAI,PBR,PORBANDAR,32,1396
19269,PBR,PORBANDAR,MFP,MUZAFFARPUR,35,2465
19270,MFP,MUZAFFARPUR,PBR,PORBANDAR,35,2465
19301,INDB,INDORE BG,YPR,YESVANTPUR J,32,1895
19302,YPR,YESVANTPUR J,INDB,INDORE BG,32,1895
19303,INDB,INDORE BG,BPL,BHOPAL,18,262
19304,BPL,BHOPAL,INDB,INDORE BG,17,262
19307,INDB,INDORE BG,CDG,CHANDIGARH,19,1100
19308,CDG,CHANDIGARH,INDB,INDORE BG,19,1102
19309,GNC,GANDHINAGAR,INDB,INDORE BG,19,563
19310,INDB,INDORE BG,GNC,GANDHINAGAR,19,564
19311,PUNE,PUNE JN.,INDB,INDORE BG,17,969
19312,INDB,INDORE BG,PUNE,PUNE JN.,17,970
19313,INDB,INDORE BG,RJPB,RAJENDRANAGA,17,1347
19314,RJPB,RAJENDRANAGA,INDB,INDORE BG,17,1347
19321,INDB,INDORE BG,RJPB,RAJENDRANAGA,17,1394
19322,RJPB,RAJENDRANAGA,INDB,INDORE BG,17,1395
19323,INDB,INDORE BG,BPL,BHOPAL,7,217
19324,BPL,BHOPAL,INDB,INDORE BG,7,217
19325,INDB,INDORE BG,ASR,AMRITSAR JN.,24,1323
19326,ASR,AMRITSAR JN.,INDB,INDORE BG,24,1326
19327,RTM,RATLAM JN,UDZ,UDAIPUR CITY,16,302
19328,UDZ,UDAIPUR CITY,RTM,RATLAM JN,16,302
19329,INDB,INDORE BG,UDZ,UDAIPUR CITY,18,481
19330,UDZ,UDAIPUR CITY,INDB,INDORE BG,18,481
19331,KCVL,KOCHUVELI,INDB,INDORE BG,32,2300
19332,INDB,INDORE BG,KCVL,KOCHUVELI,32,2296
19401,ADI,AHMEDABAD,LKO,LUCKNOW JN.,27,1298
19402,LKO,LUCKNOW JN.,ADI,AHMEDABAD,27,1300
19403,ADI,AHMEDABAD,SLN,SULTANPUR JN,20,1550
19404,SLN,SULTANPUR JN,ADI,AHMEDABAD,20,1552
19407,ADI,AHMEDABAD,BSB,VARANASI JN.,21,1693
19408,BSB,VARANASI JN.,ADI,AHMEDABAD,21,1696
19409,ADI,AHMEDABAD,GKP,GORAKHPUR JN,29,1569
19410,GKP,GORAKHPUR JN,ADI,AHMEDABAD,29,1569
19411,ADI,AHMEDABAD,AII,AJMER JN.,12,489
19412,AII,AJMER JN.,ADI,AHMEDABAD,12,491
19413,ADI,AHMEDABAD,KOAA,KOLKATA,37,2617
19414,KOAA,KOLKATA,ADI,AHMEDABAD,37,2618
19415,ADI,AHMEDABAD,SVDK,SHRI MATA VA,31,1716
19416,SVDK,SHRI MATA VA,ADI,AHMEDABAD,31,1718
19419,MAS,CHENNAI CENT,ADI,AHMEDABAD,26,1721
19420,ADI,AHMEDABAD,MAS,CHENNAI CENT,27,1719
19421,ADI,AHMEDABAD,PNBE,PATNA JN.,29,1666
19422,PNBE,PATNA JN.,ADI,AHMEDABAD,28,1669
19565,OKHA,OKHA,DDN,DEHRA DUN,33,1662
19566,DDN,DEHRA DUN,OKHA,OKHA,33,1664
19567,TN,TUTICORIN,OKHA,OKHA,42,2730
19568,OKHA,OKHA,TN,TUTICORIN,43,2730
19571,RJT,RAJKOT,PBR,PORBANDAR,15,201
19572,PBR,PORBANDAR,RJT,RAJKOT,15,201
19573,OKHA,OKHA,JP,JAIPUR JN.,20,1049
19574,JP,JAIPUR JN.,OKHA,OKHA,20,1051
19575,OKHA,OKHA,NDT,NATHDWARA,20,1126
19576,NDT,NATHDWARA,OKHA,OKHA,20,1126
19577,TEN,TIRUNELVELI,JAM,JAMNAGAR,29,2438
19578,JAM,JAMNAGAR,TEN,TIRUNELVELI,29,2434
19579,RJT,RAJKOT,DEE,DELHI-SARAI,24,1102
19580,DEE,DELHI-SARAI,RJT,RAJKOT,24,1105
19601,UDZ,UDAIPUR CITY,NJP,NEW JALPAIGU,29,2235
19602,NJP,NEW JALPAIGU,UDZ,UDAIPUR CITY,29,2232
19607,KOAA,KOLKATA,MDJN,MADAR JN,30,2000
19608,MDJN,MADAR JN,KOAA,KOLKATA,30,2004
19609,UDZ,UDAIPUR CITY,HW,HARIDWAR JN,29,968
19611,AII,AJMER JN.,ASR,AMRITSAR JN.,31,1006
19612,ASR,AMRITSAR JN.,AII,AJMER JN.,31,1006
19613,AII,AJMER JN.,ASR,AMRITSAR JN.,26,847
19614,ASR,AMRITSAR JN.,AII,AJMER JN.,26,847
19659,SHM,SHALIMAR,UDZ,UDAIPUR CITY,24,1880
19660,UDZ,UDAIPUR CITY,SHM,SHALIMAR,24,1883
19665,KURJ,KHAJAURAHO,UDZ,UDAIPUR CITY,29,1080
19666,UDZ,UDAIPUR CITY,KURJ,KHAJAURAHO,29,1080
19707,BDTS,BANDRA TERMI,JP,JAIPUR JN.,39,1103
19708,JP,JAIPUR JN.,BDTS,BANDRA TERMI,39,1106
19709,JP,JAIPUR JN.,KYQ,KAMAKHYA JN,37,2213
19710,KYQ,KAMAKHYA JN,JP,JAIPUR JN.,37,2210
19711,JP,JAIPUR JN.,BPL,BHOPAL,34,792
19712,BPL,BHOPAL,JP,JAIPUR JN.,34,792
19713,JP,JAIPUR JN.,SC,SECUNDERABAD,31,1726
19714,SC,SECUNDERABAD,JP,JAIPUR JN.,31,1726
19715,JP,JAIPUR JN.,LJN,LUCKNOW JN.,17,675
19716,LJN,LUCKNOW JN.,JP,JAIPUR JN.,17,674
19717,JP,JAIPUR JN.,CDG,CHANDIGARH,17,569
19718,CDG,CHANDIGARH,JP,JAIPUR JN.,17,569
19803,KOTA,KOTA,SVDK,SHRI MATA VA,30,1125
19804,SVDK,SHRI MATA VA,KOTA,KOTA,30,1127
19805,KOTA,KOTA,UHP,UDHAMPUR,22,1084
19806,UHP,UDHAMPUR,KOTA,KOTA,22,1086
19807,KOTA,KOTA,JP,JAIPUR JN.,11,238
19808,JP,JAIPUR JN.,KOTA,KOTA,11,239
20501,AGTL,AGARTALA,ANVT,ANAND VIHAR,16,2412
20502,ANVT,ANAND VIHAR,AGTL,AGARTALA,16,2413
20601,MAS,CHENNAI CENT,MDU,MADURAI JN,6,558
20602,MDU,MADURAI JN,MAS,CHENNAI CENT,7,554
20651,SBC,KRANTIVIRA S,SMET,SHIMOGA TOWN,11,273
20652,SMET,SHIMOGA TOWN,SBC,KRANTIVIRA S,11,273
20809,SBP,SAMBALPUR JN,NED,NANDED,22,1486
20810,NED,NANDED,SBP,SAMBALPUR JN,22,1484
20811,VSKP,VISAKHAPATNA,NED,NANDED,13,981
20812,NED,NANDED,VSKP,VISAKHAPATNA,13,978
20813,PURI,PURI,JU,JODHPUR JN.,43,2433
20814,JU,JODHPUR JN.,PURI,PURI,43,2426
20815,TATA,TATANAGAR JN,VSKP,VISAKHAPATNA,24,862
20816,VSKP,VISAKHAPATNA,TATA,TATANAGAR JN,24,862
20817,BBS,BHUBANESWAR,NDLS,NEW DELHI,13,1893
20818,NDLS,NEW DELHI,BBS,BHUBANESWAR,13,1894
20889,HWH,HOWRAH JN.,BZA,VIJAYWADA JN,8,1234
20890,BZA,VIJAYWADA JN,HWH,HOWRAH JN.,8,1233
20901,COR,CHITTAURGARH,AII,AJMER JN.,4,185
20902,AII,AJMER JN.,COR,CHITTAURGARH,4,185
20903,BRC,VADODARA JN.,BSB,VARANASI JN.,11,1536
20904,BSB,VARANASI JN.,BRC,VADODARA JN.,11,1535
21067,PBH,PARTAPGARH J,RBL,RAE BARELI J,4,95
21068,RBL,RAE BARELI J,PBH,PARTAPGARH J,4,95
21107,KURJ,KHAJAURAHO,MBA,MAHOBA,2,63
21108,MBA,MAHOBA,KURJ,KHAJAURAHO,2,63
21125,INDB,INDORE BG,BIX,BHIND,17,643
21126,BIX,BHIND,INDB,INDORE BG,17,643
22101,CSMT,CST-MUMBAI,MMR,MANMAD JN.,7,260
22102,MMR,MANMAD JN.,CSMT,CST-MUMBAI,8,260
22103,LTT,LOKMANYA TIL,FD,FAIZABAD JN.,17,1600
22104,FD,FAIZABAD JN.,LTT,LOKMANYA TIL,17,1599
22105,CSMT,CST-MUMBAI,PUNE,PUNE JN.,8,191
22106,PUNE,PUNE JN.,CSMT,CST-MUMBAI,7,191
22109,LTT,LOKMANYA TIL,NZM,HAZRAT NIZAM,9,1501
22110,NZM,HAZRAT NIZAM,LTT,LOKMANYA TIL,9,1504
22111,BSL,BHUSAVAL JN.,NGP,NAGPUR JN.(C,20,603
22112,NGP,NAGPUR JN.(C,BSL,BHUSAVAL JN.,20,604
22113,LTT,LOKMANYA TIL,KCVL,KOCHUVELI,26,1513
22114,KCVL,KOCHUVELI,LTT,LOKMANYA TIL,26,1517
22115,LTT,LOKMANYA TIL,KRMI,KARMALI,8,545
22116,KRMI,KARMALI,LTT,LOKMANYA TIL,8,547
22117,PUNE,PUNE JN.,AMI,AMRAVATI,10,730
22118,AMI,AMRAVATI,PUNE,PUNE JN.,10,730
22119,CSMT,CST-MUMBAI,KRMI,KARMALI,7,561
22120,KRMI,KARMALI,CSMT,CST-MUMBAI,7,563
22121,LTT,LOKMANYA TIL,LKO,LUCKNOW JN.,11,1411
22122,LKO,LUCKNOW JN.,LTT,LOKMANYA TIL,11,1411
22123,PUNE,PUNE JN.,AJNI,AJNI,10,892
22124,AJNI,AJNI,PUNE,PUNE JN.,10,892
22125,NGP,NAGPUR JN.(C,ASR,AMRITSAR JN.,10,1518
22126,ASR,AMRITSAR JN.,NGP,NAGPUR JN.(C,10,1521
22127,LTT,LOKMANYA TIL,KZJ,KAZIPET JN.,21,1122
22128,KZJ,KAZIPET JN.,LTT,LOKMANYA TIL,21,1123
22131,PUNE,PUNE JN.,MUV,MANDUADIH,19,1543
22132,MUV,MANDUADIH,PUNE,PUNE JN.,19,1543
22133,SUR,SOLAPUR,YPR,YESVANTPUR J,13,644
22134,YPR,YESVANTPUR J,SUR,SOLAPUR,13,644
22135,NGP,NAGPUR JN.(C,REWA,REWA,16,780
22136,REWA,REWA,NGP,NAGPUR JN.(C,16,780
22137,NGP,NAGPUR JN.(C,ADI,AHMEDABAD,14,961
22138,ADI,AHMEDABAD,NGP,NAGPUR JN.(C,14,961
22140,SUR,SOLAPUR,CSMT,CST-MUMBAI,8,457
22143,CSMT,CST-MUMBAI,BIDR,BIDAR,17,667
22144,BIDR,BIDAR,CSMT,CST-MUMBAI,17,667
22145,PVR,PANDHARPUR,MRJ,MIRAJ JN.,9,136
22146,MRJ,MIRAJ JN.,PVR,PANDHARPUR,9,136
22147,DR,DADAR,SNSI,SAI NAGAR SH,8,330
22148,SNSI,SAI NAGAR SH,DR,DADAR,8,330
22149,ERS,ERNAKULAM. J,PUNE,PUNE JN.,18,1371
22150,PUNE,PUNE JN.,ERS,ERNAKULAM. J,18,1366
22151,PUNE,PUNE JN.,KZJ,KAZIPET JN.,19,1191
22152,KZJ,KAZIPET JN.,PUNE,PUNE JN.,19,1193
22161,BPL,BHOPAL,DMO,DAMOH,11,290
22162,DMO,DAMOH,BPL,BHOPAL,11,292
22163,BPL,BHOPAL,KURJ,KHAJAURAHO,9,367
22164,KURJ,KHAJAURAHO,BPL,BHOPAL,9,367
22165,BPL,BHOPAL,SGRL,SINGRAULI,11,656
22166,SGRL,SINGRAULI,BPL,BHOPAL,11,655
22168,NZM,HAZRAT NIZAM,SGRL,SINGRAULI,11,1050
22181,JBP,JABALPUR,NZM,HAZRAT NIZAM,15,883
22182,NZM,HAZRAT NIZAM,JBP,JABALPUR,15,886
22187,HBJ,HABIBGANJ,JBP,JABALPUR,10,330
22188,JBP,JABALPUR,HBJ,HABIBGANJ,10,330
22189,JBP,JABALPUR,REWA,REWA,11,238
22190,REWA,REWA,JBP,JABALPUR,11,238
22191,INDB,INDORE BG,JBP,JABALPUR,19,554
22192,JBP,JABALPUR,INDB,INDORE BG,19,554
22201,SDAH,SEALDAH,PURI,PURI,3,527
22202,PURI,PURI,SDAH,SEALDAH,3,526
22203,VSKP,VISAKHAPATNA,SC,SECUNDERABAD,3,708
22204,SC,SECUNDERABAD,VSKP,VISAKHAPATNA,3,708
22205,MAS,CHENNAI CENT,MDU,MADURAI JN,3,553
22206,MDU,MADURAI JN,MAS,CHENNAI CENT,3,555
22207,MAS,CHENNAI CENT,TVC,TRIVANDRUM C,11,901
22208,TVC,TRIVANDRUM C,MAS,CHENNAI CENT,11,904
22209,BCT,MUMBAI CENTR,NDLS,NEW DELHI,5,1373
22210,NDLS,NEW DELHI,BCT,MUMBAI CENTR,5,1376
22213,SHM,SHALIMAR,PNBE,PATNA JN.,4,538
22214,PNBE,PATNA JN.,SHM,SHALIMAR,4,539
22307,MTD,MERTA ROAD J,BKN,BIKANER JN.,5,172
22308,BKN,BIKANER JN.,MTD,MERTA ROAD J,5,173
22309,HWH,HOWRAH JN.,NJP,NEW JALPAIGU,8,560
22310,NJP,NEW JALPAIGU,HWH,HOWRAH JN.,8,560
22321,HWH,HOWRAH JN.,SURI,SIURI,10,239
22322,SURI,SIURI,HWH,HOWRAH JN.,10,240
22323,KOAA,KOLKATA,GCT,GHAZIPUR CIT,9,757
22324,GCT,GHAZIPUR CIT,KOAA,KOLKATA,9,758
22351,PPTA,PATLIPUTRA,YPR,YESVANTPUR J,28,2706
22352,YPR,YESVANTPUR J,PPTA,PATLIPUTRA,28,2712
22356,CDG,CHANDIGARH,PPTA,PATLIPUTRA,16,1142
22387,HWH,HOWRAH JN.,DHN,DHANBAD JN.,16,269
22388,DHN,DHANBAD JN.,HWH,HOWRAH JN.,16,270
22401,DEE,DELHI-SARAI,UHP,UDHAMPUR,8,630
22402,UHP,UDHAMPUR,DEE,DELHI-SARAI,8,630
22403,PDY,PONDICHERRY,NDLS,NEW DELHI,15,2364
22404,NDLS,NEW DELHI,PDY,PONDICHERRY,15,2363
22405,BGP,BHAGALPUR,ANVT,ANAND VIHAR,22,1193
22406,ANVT,ANAND VIHAR,BGP,BHAGALPUR,22,1193
22407,BSB,VARANASI JN.,ANVT,ANAND VIHAR,9,780
22408,ANVT,ANAND VIHAR,BSB,VARANASI JN.,9,780
22409,GAYA,GAYA JN.,ANVT,ANAND VIHAR,10,968
22410,ANVT,ANAND VIHAR,GAYA,GAYA JN.,10,968
22411,NHLN,NAHARLAGUN,NDLS,NEW DELHI,16,2127
22412,NDLS,NEW DELHI,NHLN,NAHARLAGUN,16,2130
22413,MAO,MADGOAN JN.,NZM,HAZRAT NIZAM,10,1908
22414,NZM,HAZRAT NIZAM,MAO,MADGOAN JN.,10,1907
22415,VSKP,VISAKHAPATNA,NDLS,NEW DELHI,21,2083
22416,NDLS,NEW DELHI,VSKP,VISAKHAPATNA,21,2083
22417,BSB,VARANASI JN.,NDLS,NEW DELHI,9,768
22418,NDLS,NEW DELHI,BSB,VARANASI JN.,9,768
22419,GCT,GHAZIPUR CIT,ANVT,ANAND VIHAR,12,809
22420,ANVT,ANAND VIHAR,GCT,GHAZIPUR CIT,12,809
22421,DEE,DELHI-SARAI,BGKT,BHAGAT-KI-KO,22,623
22422,BGKT,BHAGAT-KI-KO,DEE,DELHI-SARAI,22,624
22423,GKP,GORAKHPUR JN,ASR,AMRITSAR JN.,16,1086
22424,ASR,AMRITSAR JN.,GKP,GORAKHPUR JN,16,1087
22427,BUI,BALLIA,ANVT,ANAND VIHAR,11,876
22428,ANVT,ANAND VIHAR,BUI,BALLIA,11,876
22429,DLI,DELHI JN.,PTK,PATHANKOT JN,15,553
22430,PTK,PATHANKOT JN,DLI,DELHI JN.,17,553
22431,ALD,ALLAHABAD JN,UHP,UDHAMPUR,18,1255
22432,UHP,UDHAMPUR,ALD,ALLAHABAD JN,18,1255
22433,GCT,GHAZIPUR CIT,ANVT,ANAND VIHAR,11,822
22434,ANVT,ANAND VIHAR,GCT,GHAZIPUR CIT,10,824
22439,NDLS,NEW DELHI,SVDK,SHMATA VD KATRA,5,655
22441,ALD,ALLAHABAD JN,CNB,KANPUR CENTR,9,194
22442,CNB,KANPUR CENTR,ALD,ALLAHABAD JN,9,194
22443,CNB,KANPUR CENTR,BDTS,BANDRA TERMI,22,1607
22444,BDTS,BANDRA TERMI,CNB,KANPUR CENTR,22,1608
22445,CNB,KANPUR CENTR,ASR,AMRITSAR JN.,14,897
22446,ASR,AMRITSAR JN.,CNB,KANPUR CENTR,14,897
22447,KURJ,KHAJAURAHO,MBA,MAHOBA,2,63
22448,MBA,MAHOBA,KURJ,KHAJAURAHO,2,63
22451,BDTS,BANDRA TERMI,CDG,CHANDIGARH,24,1580
22452,CDG,CHANDIGARH,BDTS,BANDRA TERMI,24,1583
22453,LJN,LUCKNOW JN.,MTC,MEERUT CITY,10,458
22454,MTC,MEERUT CITY,LJN,LUCKNOW JN.,10,458
22455,SNSI,SAI NAGAR SH,KLK,KALKA,15,1615
22456,KLK,KALKA,SNSI,SAI NAGAR SH,15,1618
22457,NED,NANDED,UHL,UNA HIMACHAL,26,1849
22458,UHL,UNA HIMACHAL,NED,NANDED,26,1852
22461,NDLS,NEW DELHI,SVDK,SHRI MATA VA,8,654
22462,SVDK,SHRI MATA VA,NDLS,NEW DELHI,8,654
22463,MTD,MERTA ROAD J,BKN,BIKANER JN.,4,172
22464,BKN,BIKANER JN.,MTD,MERTA ROAD J,4,173
22471,BKN,BIKANER JN.,DEE,DELHI-SARAI,14,455
22472,DEE,DELHI-SARAI,BKN,BIKANER JN.,14,455
22473,BKN,BIKANER JN.,BDTS,BANDRA TERMI,23,1211
22474,BDTS,BANDRA TERMI,BKN,BIKANER JN.,23,1209
22475,BKN,BIKANER JN.,CBE,COIMBATORE,34,2478
22476,CBE,COIMBATORE,BKN,BIKANER JN.,34,2482
22477,JU,JODHPUR JN.,JP,JAIPUR JN.,12,312
22478,JP,JAIPUR JN.,JU,JODHPUR JN.,12,311
22481,JU,JODHPUR JN.,DEE,DELHI-SARAI,19,620
22482,DEE,DELHI-SARAI,JU,JODHPUR JN.,19,619
22483,JU,JODHPUR JN.,GIMB,GANDHIDHAM J,14,558
22484,GIMB,GANDHIDHAM J,JU,JODHPUR JN.,14,558
22487,RDP,RADHIKAPUR,KIR,KATIHAR JN.,7,91
22488,KIR,KATIHAR JN.,RDP,RADHIKAPUR,7,91
22497,SGNR,SHRI GANGANA,TPJ,TIRUCHIRAPPA,37,3101
22501,SBC,KRANTIVIRA S,NTSK,NEW TINSUKIA,41,3617
22502,NTSK,NEW TINSUKIA,SBC,KRANTIVIRA S,39,3617
22511,LTT,LOKMANYA TIL,KYQ,KAMAKHYA JN,27,3011
22512,KYQ,KAMAKHYA JN,LTT,LOKMANYA TIL,27,3006
22531,CPR,CHHAPRA JN.,MTJ,MATHURA JN.,22,879
22532,MTJ,MATHURA JN.,CPR,CHHAPRA JN.,22,884
22601,MAS,CHENNAI CENT,SNSI,SAI NAGAR SH,23,1391
22602,SNSI,SAI NAGAR SH,MAS,CHENNAI CENT,24,1391
22603,KGP,KHARAGPUR,VM,VILLUPURAM J,20,1779
22604,VM,VILLUPURAM J,KGP,KHARAGPUR,20,1782
22605,PRR,PURULIA JN.,VM,VILLUPURAM J,30,1984
22606,VM,VILLUPURAM J,PRR,PURULIA JN.,30,1986
22607,ERS,ERNAKULAM. J,SBC,KRANTIVIRA S,14,617
22608,SBC,KRANTIVIRA S,ERS,ERNAKULAM. J,14,616
22609,MAQ,MANGALORE CE,CBE,COIMBATORE,14,404
22610,CBE,COIMBATORE,MAQ,MANGALORE CE,14,405
22611,MAS,CHENNAI CENT,NJP,NEW JALPAIGU,22,2295
22612,NJP,NEW JALPAIGU,MAS,CHENNAI CENT,22,2295
22613,MAS,CHENNAI CENT,HLZ,HALDIA,15,1661
22614,HLZ,HALDIA,MAS,CHENNAI CENT,15,1662
22615,TPTY,TIRUPATI,CBE,COIMBATORE,8,466
22616,CBE,COIMBATORE,TPTY,TIRUPATI,8,469
22617,SBC,KRANTIVIRA S,TPTY,TIRUPATI,9,336
22618,TPTY,TIRUPATI,SBC,KRANTIVIRA S,9,336
22619,BSP,BILASPUR JN.,TEN,TIRUNELVELI,30,2494
22620,TEN,TIRUNELVELI,BSP,BILASPUR JN.,30,2494
22621,RMM,RAMESWARAM,CAPE,KANNIYAKUMAR,12,399
22622,CAPE,KANNIYAKUMAR,RMM,RAMESWARAM,12,398
22623,MS,CHENNAI EGMO,MDU,MADURAI JN,11,556
22624,MDU,MADURAI JN,MS,CHENNAI EGMO,11,557
22625,MAS,CHENNAI CENT,SBC,KRANTIVIRA S,11,360
22626,SBC,KRANTIVIRA S,MAS,CHENNAI CENT,12,361
22627,TPJ,TIRUCHIRAPPA,TVC,TRIVANDRUM C,13,457
22628,TVC,TRIVANDRUM C,TPJ,TIRUCHIRAPPA,13,457
22629,DR,DADAR,TEN,TIRUNELVELI,26,1758
22630,TEN,TIRUNELVELI,DR,DADAR,26,1763
22631,MAS,CHENNAI CENT,BKN,BIKANER JN.,32,2560
22632,BKN,BIKANER JN.,MAS,CHENNAI CENT,32,2558
22633,TVC,TRIVANDRUM C,NZM,HAZRAT NIZAM,29,2841
22634,NZM,HAZRAT NIZAM,TVC,TRIVANDRUM C,29,2840
22635,MAO,MADGOAN JN.,MAQ,MANGALORE CE,10,319
22636,MAQ,MANGALORE CE,MAO,MADGOAN JN.,10,320
22637,MAS,CHENNAI CENT,MAQ,MANGALORE CE,31,896
22638,MAQ,MANGALORE CE,MAS,CHENNAI CENT,32,898
22639,MAS,CHENNAI CENT,ALLP,ALLEPPEY,25,753
22640,ALLP,ALLEPPEY,MAS,CHENNAI CENT,26,755
22641,TVC,TRIVANDRUM C,SHM,SHALIMAR,37,2565
22642,SHM,SHALIMAR,TVC,TRIVANDRUM C,37,2564
22643,ERS,ERNAKULAM. J,PNBE,PATNA JN.,44,2785
22644,PNBE,PATNA JN.,ERS,ERNAKULAM. J,42,2782
22645,INDB,INDORE BG,TVC,TRIVANDRUM C,52,2643
22646,TVC,TRIVANDRUM C,INDB,INDORE BG,51,2648
22647,KRBA,KORBA,TVC,TRIVANDRUM C,55,2510
22648,TVC,TRIVANDRUM C,KRBA,KORBA,55,2508
22649,MAS,CHENNAI CENT,ED,ERODE JN.,18,390
22650,ED,ERODE JN.,MAS,CHENNAI CENT,18,393
22651,MAS,CHENNAI CENT,PGT,PALAKKAD JN,19,669
22652,PGT,PALAKKAD JN,MAS,CHENNAI CENT,20,671
22653,TVC,TRIVANDRUM C,NZM,HAZRAT NIZAM,28,2854
22654,NZM,HAZRAT NIZAM,TVC,TRIVANDRUM C,28,2852
22655,TVC,TRIVANDRUM C,NZM,HAZRAT NIZAM,28,2841
22656,NZM,HAZRAT NIZAM,TVC,TRIVANDRUM C,28,2840
22659,KCVL,KOCHUVELI,DDN,DEHRA DUN,26,3154
22660,DDN,DEHRA DUN,KCVL,KOCHUVELI,27,3152
22661,MS,CHENNAI EGMO,RMM,RAMESWARAM,19,592
22662,RMM,RAMESWARAM,MS,CHENNAI EGMO,20,592
22663,MS,CHENNAI EGMO,JU,JODHPUR JN.,27,2353
22664,JU,JODHPUR JN.,MS,CHENNAI EGMO,27,2352
22667,NCJ,NAGERCOIL JN,CBE,COIMBATORE,14,531
22668,CBE,COIMBATORE,NCJ,NAGERCOIL JN,14,532
22669,TN,TUTICORIN,MEJ,VANCHI MANIY,4,31
22670,MEJ,VANCHI MANIY,TN,TUTICORIN,4,31
22677,YPR,YESVANTPUR J,KCVL,KOCHUVELI,13,844
22678,KCVL,KOCHUVELI,YPR,YESVANTPUR J,13,845
22679,YPR,YESVANTPUR J,HAS,HASSAN JN.,10,226
22680,HAS,HASSAN JN.,YPR,YESVANTPUR J,10,211
22681,MYS,MYSORE JN.,MAS,CHENNAI CENT,12,499
22682,MAS,CHENNAI CENT,MYS,MYSORE JN.,11,498
22683,YPR,YESVANTPUR J,LKO,LUCKNOW JN.,30,2352
22684,LKO,LUCKNOW JN.,YPR,YESVANTPUR J,31,2338
22685,YPR,YESVANTPUR J,CDG,CHANDIGARH,18,2846
22686,CDG,CHANDIGARH,YPR,YESVANTPUR J,18,2845
22687,SRE,SAHARANPUR J,CDG,CHANDIGARH,4,126
22688,CDG,CHANDIGARH,SRE,SAHARANPUR J,4,126
22691,SBC,KRANTIVIRA S,NZM,HAZRAT NIZAM,15,2337
22692,NZM,HAZRAT NIZAM,SBC,KRANTIVIRA S,15,2355
22697,UBL,HUBLI JN.,MAS,CHENNAI CENT,18,828
22698,MAS,CHENNAI CENT,UBL,HUBLI JN.,17,829
22705,TPTY,TIRUPATI,JAT,JAMMU TAWI,14,2964
22706,JAT,JAMMU TAWI,TPTY,TIRUPATI,14,2965
22707,VSKP,VISAKHAPATNA,TPTY,TIRUPATI,18,760
22708,TPTY,TIRUPATI,VSKP,VISAKHAPATNA,18,759
22801,VSKP,VISAKHAPATNA,MAS,CHENNAI CENT,16,804
22803,HWH,HOWRAH JN.,SBP,SAMBALPUR JN,11,664
22804,SBP,SAMBALPUR JN,HWH,HOWRAH JN.,11,663
22805,BBS,BHUBANESWAR,ANVT,ANAND VIHAR,18,1871
22806,ANVT,ANAND VIHAR,BBS,BHUBANESWAR,18,1869
22807,SRC,SANTRAGACHI,MAS,CHENNAI CENT,18,1657
22808,MAS,CHENNAI CENT,SRC,SANTRAGACHI,18,1656
22809,PRDP,PARADEEP,VSKP,VISAKHAPATNA,17,552
22810,VSKP,VISAKHAPATNA,PRDP,PARADEEP,17,552
22811,BBS,BHUBANESWAR,NDLS,NEW DELHI,14,1717
22812,NDLS,NEW DELHI,BBS,BHUBANESWAR,14,1718
22813,SRC,SANTRAGACHI,PRDP,PARADEEP,12,490
22814,PRDP,PARADEEP,SRC,SANTRAGACHI,12,489
22815,BSP,BILASPUR JN.,ERS,ERNAKULAM. J,23,2144
22816,ERS,ERNAKULAM. J,BSP,BILASPUR JN.,23,2145
22817,HWH,HOWRAH JN.,MYS,MYSORE JN.,21,2106
22818,MYS,MYSORE JN.,HWH,HOWRAH JN.,23,2107
22819,BBS,BHUBANESWAR,VSKP,VISAKHAPATNA,27,442
22821,JGM,JHARGRAM,PRR,PURULIA JN.,11,188
22822,PRR,PURULIA JN.,JGM,JHARGRAM,11,189
22823,BBS,BHUBANESWAR,NDLS,NEW DELHI,13,1802
22824,NDLS,NEW DELHI,BBS,BHUBANESWAR,13,1802
22825,SHM,SHALIMAR,MAS,CHENNAI CENT,24,1662
22826,MAS,CHENNAI CENT,SHM,SHALIMAR,24,1661
22827,PURI,PURI,ST,SURAT,18,1766
22828,ST,SURAT,PURI,PURI,18,1759
22829,BHUJ,NEW BHUJ,SHM,SHALIMAR,31,2431
22830,SHM,SHALIMAR,BHUJ,NEW BHUJ,31,2431
22831,HWH,HOWRAH JN.,SSPN,SRI SATYA SA,19,1765
22832,SSPN,SRI SATYA SA,HWH,HOWRAH JN.,19,1764
22833,BBS,BHUBANESWAR,KJM,KRISHNA RAJA,19,1511
22834,KJM,KRISHNA RAJA,BBS,BHUBANESWAR,19,1514
22835,SHM,SHALIMAR,PURI,PURI,11,502
22836,PURI,PURI,SHM,SHALIMAR,11,500
22837,HTE,HATIA,ERS,ERNAKULAM. J,28,2234
22838,ERS,ERNAKULAM. J,HTE,HATIA,27,2238
22839,ROU,ROURKELA,BBS,BHUBANESWAR,12,417
22840,BBS,BHUBANESWAR,ROU,ROURKELA,12,417
22843,BSP,BILASPUR JN.,PNBE,PATNA JN.,22,966
22844,PNBE,PATNA JN.,BSP,BILASPUR JN.,22,964
22845,PUNE,PUNE JN.,HTE,HATIA,19,1771
22846,HTE,HATIA,PUNE,PUNE JN.,19,1779
22847,VSKP,VISAKHAPATNA,LTT,LOKMANYA TIL,23,1662
22848,LTT,LOKMANYA TIL,VSKP,VISAKHAPATNA,24,1655
22849,SHM,SHALIMAR,SC,SECUNDERABAD,20,1590
22850,SC,SECUNDERABAD,SHM,SHALIMAR,20,1589
22851,SRC,SANTRAGACHI,MAQ,MANGALORE CE,40,2485
22852,MAQ,MANGALORE CE,SRC,SANTRAGACHI,40,2485
22853,SHM,SHALIMAR,VSKP,VISAKHAPATNA,16,882
22854,VSKP,VISAKHAPATNA,SHM,SHALIMAR,16,880
22855,SRC,SANTRAGACHI,TPTY,TIRUPATI,18,1613
22856,TPTY,TIRUPATI,SRC,SANTRAGACHI,18,1612
22857,SRC,SANTRAGACHI,ANVT,ANAND VIHAR,11,1567
22858,ANVT,ANAND VIHAR,SRC,SANTRAGACHI,11,1566
22859,PURI,PURI,MAS,CHENNAI CENT,21,1247
22860,MAS,CHENNAI CENT,PURI,PURI,21,1247
22861,SHM,SHALIMAR,ADRA,ADRA,10,288
22862,ADRA,ADRA,SHM,SHALIMAR,10,288
22863,HWH,HOWRAH JN.,YPR,YESVANTPUR J,12,1957
22864,YPR,YESVANTPUR J,HWH,HOWRAH JN.,12,1959
22865,LTT,LOKMANYA TIL,PURI,PURI,18,1853
22866,PURI,PURI,LTT,LOKMANYA TIL,18,1860
22867,DURG,DURG,NZM,HAZRAT NIZAM,16,1255
22868,NZM,HAZRAT NIZAM,DURG,DURG,16,1266
22869,VSKP,VISAKHAPATNA,MAS,CHENNAI CENT,13,780
22870,MAS,CHENNAI CENT,VSKP,VISAKHAPATNA,13,780
22871,BBS,BHUBANESWAR,TPTY,TIRUPATI,19,1178
22872,TPTY,TIRUPATI,BBS,BHUBANESWAR,19,1178
22873,DGHA,DIGHA FS,VSKP,VISAKHAPATNA,17,930
22874,VSKP,VISAKHAPATNA,DGHA,DIGHA FS,16,930
22875,KGP,KHARAGPUR,PRR,PURULIA JN.,14,207
22876,PRR,PURULIA JN.,KGP,KHARAGPUR,14,207
22877,HWH,HOWRAH JN.,ERS,ERNAKULAM. J,24,2289
22878,ERS,ERNAKULAM. J,HWH,HOWRAH JN.,24,2293
22879,BBS,BHUBANESWAR,TPTY,TIRUPATI,21,1178
22880,TPTY,TIRUPATI,BBS,BHUBANESWAR,21,1178
22881,PUNE,PUNE JN.,BBS,BHUBANESWAR,14,1705
22882,BBS,BHUBANESWAR,PUNE,PUNE JN.,14,1706
22883,PURI,PURI,YPR,YESVANTPUR J,27,1493
22884,YPR,YESVANTPUR J,PURI,PURI,28,1504
22885,LTT,LOKMANYA TIL,TATA,TATANAGAR JN,14,1701
22886,TATA,TATANAGAR JN,LTT,LOKMANYA TIL,14,1704
22887,HWH,HOWRAH JN.,YPR,YESVANTPUR J,19,1970
22888,YPR,YESVANTPUR J,HWH,HOWRAH JN.,20,1973
22889,DGHA,DIGHA FS,PURI,PURI,13,550
22890,PURI,PURI,DGHA,DIGHA FS,13,550
22891,HWH,HOWRAH JN.,RNC,RANCHI,14,469
22892,RNC,RANCHI,HWH,HOWRAH JN.,15,466
22893,SNSI,SAI NAGAR SH,HWH,HOWRAH JN.,16,1795
22894,HWH,HOWRAH JN.,SNSI,SAI NAGAR SH,16,1801
22897,HWH,HOWRAH JN.,DGHA,DIGHA FS,9,185
22898,DGHA,DIGHA FS,HWH,HOWRAH JN.,9,186
22901,BDTS,BANDRA TERMI,UDZ,UDAIPUR CITY,16,944
22902,UDZ,UDAIPUR CITY,BDTS,BANDRA TERMI,16,945
22903,BDTS,BANDRA TERMI,BHUJ,NEW BHUJ,8,838
22904,BHUJ,NEW BHUJ,BDTS,BANDRA TERMI,8,838
22905,OKHA,OKHA,HAPA,HAPA,5,176
22906,HAPA,HAPA,OKHA,OKHA,5,176
22907,MAO,MADGOAN JN.,HAPA,HAPA,18,1352
22908,HAPA,HAPA,MAO,MADGOAN JN.,18,1348
22909,BL,VALSAD,PURI,PURI,24,2073
22910,PURI,PURI,BL,VALSAD,24,2075
22911,INDB,INDORE BG,HWH,HOWRAH JN.,34,1744
22912,HWH,HOWRAH JN.,INDB,INDORE BG,34,1745
22914,PNBE,PATNA JN.,BDTS,BANDRA TERMI,13,1846
22915,BDTS,BANDRA TERMI,HSR,HISAR JN,30,1404
22916,HSR,HISAR JN,BDTS,BANDRA TERMI,30,1405
22917,BDTS,BANDRA TERMI,HW,HARIDWAR JN,26,1610
22918,HW,HARIDWAR JN,BDTS,BANDRA TERMI,26,1613
22919,MAS,CHENNAI CENT,ADI,AHMEDABAD,12,1721
22920,ADI,AHMEDABAD,MAS,CHENNAI CENT,12,1719
22925,UMB,AMBALA CANTT,KLK,KALKA,3,69
22926,KLK,KALKA,UMB,AMBALA CANTT,3,69
22927,BDTS,BANDRA TERMI,ADI,AHMEDABAD,22,480
22928,ADI,AHMEDABAD,BDTS,BANDRA TERMI,17,480
22929,BLD,BHILAD,BRC,VADODARA JN.,14,234
22930,BRC,VADODARA JN.,BLD,BHILAD,14,234
22931,BDTS,BANDRA TERMI,JSM,JAISALMER,27,1226
22932,JSM,JAISALMER,BDTS,BANDRA TERMI,27,1227
22933,BDTS,BANDRA TERMI,JP,JAIPUR JN.,15,1146
22934,JP,JAIPUR JN.,BDTS,BANDRA TERMI,15,1147
22935,BDTS,BANDRA TERMI,PIT,PALITANA,12,787
22936,PIT,PALITANA,BDTS,BANDRA TERMI,12,787
22937,RJT,RAJKOT,REWA,REWA,23,1600
22938,REWA,REWA,RJT,RAJKOT,23,1600
22939,HAPA,HAPA,BSP,BILASPUR JN.,23,1689
22940,BSP,BILASPUR JN.,HAPA,HAPA,23,1697
22941,INDB,INDORE BG,JAT,JAMMU TAWI,16,1393
22942,JAT,JAMMU TAWI,INDB,INDORE BG,16,1396
22943,PUNE,PUNE JN.,INDB,INDORE BG,17,963
22944,INDB,INDORE BG,PUNE,PUNE JN.,17,963
22945,BCT,MUMBAI CENTR,OKHA,OKHA,30,986
22946,OKHA,OKHA,BCT,MUMBAI CENTR,31,986
22949,BDTS,BANDRA TERMI,DEE,DELHI-SARAI,27,1342
22951,BDTS,BANDRA TERMI,GIMB,GANDHIDHAM J,15,853
22952,GIMB,GANDHIDHAM J,BDTS,BANDRA TERMI,15,853
22953,BCT,MUMBAI CENTR,ADI,AHMEDABAD,27,490
22954,ADI,AHMEDABAD,BCT,MUMBAI CENTR,27,490
22955,BDTS,BANDRA TERMI,BHUJ,NEW BHUJ,22,838
22956,BHUJ,NEW BHUJ,BDTS,BANDRA TERMI,22,838
22957,ADI,AHMEDABAD,VRL,VERAVAL,16,430
22959,ST,SURAT,JAM,JAMNAGAR,21,556
22960,JAM,JAMNAGAR,ST,SURAT,21,556
22961,ST,SURAT,HAPA,HAPA,18,547
22962,HAPA,HAPA,ST,SURAT,18,547
22963,BDTS,BANDRA TERMI,BVC,BHAVNAGAR TE,18,780
22964,BVC,BHAVNAGAR TE,BDTS,BANDRA TERMI,18,780
22965,BDTS,BANDRA TERMI,BGKT,BHAGAT-KI-KO,10,929
22966,BGKT,BHAGAT-KI-KO,BDTS,BANDRA TERMI,10,931
22967,ADI,AHMEDABAD,ALD,ALLAHABAD JN,20,1488
22968,ALD,ALLAHABAD JN,ADI,AHMEDABAD,20,1487
22969,OKHA,OKHA,BSB,VARANASI JN.,23,2023
22970,BSB,VARANASI JN.,OKHA,OKHA,23,2024
22971,BDTS,BANDRA TERMI,PNBE,PATNA JN.,14,1847
22972,PNBE,PATNA JN.,BDTS,BANDRA TERMI,14,1846
22973,GIMB,GANDHIDHAM J,PURI,PURI,38,2436
22974,PURI,PURI,GIMB,GANDHIDHAM J,38,2443
22981,KOTA,KOTA,SGNR,SHRI GANGANA,28,918
22982,SGNR,SHRI GANGANA,KOTA,KOTA,28,919
22983,KOTA,KOTA,INDB,INDORE BG,14,432
22989,BDTS,BANDRA TERMI,MHV,MAHUVA,16,881
22990,MHV,MAHUVA,BDTS,BANDRA TERMI,16,881
22991,BDTS,BANDRA TERMI,VRL,VERAVAL,12,910
22992,VRL,VERAVAL,BDTS,BANDRA TERMI,12,910
22993,BDTS,BANDRA TERMI,MHV,MAHUVA,15,881
22994,MHV,MAHUVA,BDTS,BANDRA TERMI,15,881
22995,COR,CHITTAURGARH,AII,AJMER JN.,4,185
22996,AII,AJMER JN.,COR,CHITTAURGARH,4,185
23141,RQJ,RANINAGAR JA,HDB,HALDIBARI,3,30
23142,HDB,HALDIBARI,RQJ,RANINAGAR JA,3,30
23225,SHC,SAHARSA JN.,BJU,BARAUNI JN.,11,109
23226,BJU,BARAUNI JN.,SHC,SAHARSA JN.,11,109
23345,CPU,CHOPAN,SKTN,SHAKTINAGAR,6,81
23346,SKTN,SHAKTINAGAR,CPU,CHOPAN,6,81
23347,SGRL,SINGRAULI,GHD,GARWA ROAD J,11,204
23348,GHD,GARWA ROAD J,SGRL,SINGRAULI,11,204
24041,NBD,NAJIBABAD JN,KTW,KOTDWARA,3,24
24042,KTW,KOTDWARA,NBD,NAJIBABAD JN,3,24
24227,BSB,VARANASI JN.,CNB,KANPUR CENTR,15,349
24228,CNB,KANPUR CENTR,BSB,VARANASI JN.,15,349
24369,SKTN,SHAKTINAGAR,BE,BAREILLY JN.,38,740
24370,BE,BAREILLY JN.,SKTN,SHAKTINAGAR,38,740
24887,HW,HARIDWAR JN,UMB,AMBALA CANTT,6,157
24888,UMB,AMBALA CANTT,HW,HARIDWAR JN,6,157
25013,MB,MORADABAD JN,RMR,RAMNAGAR,3,76
25014,RMR,RAMNAGAR,MB,MORADABAD JN,3,76
25035,MB,MORADABAD JN,RMR,RAMNAGAR,3,76
25036,RMR,RAMNAGAR,MB,MORADABAD JN,3,76
25201,SGL,SAGAULI JN.,NKE,NARKATIAGANJ,6,58
25202,NKE,NARKATIAGANJ,SGL,SAGAULI JN.,6,58
25631,BKN,BIKANER JN.,MTD,MERTA ROAD J,4,173
25632,MTD,MERTA ROAD J,BKN,BIKANER JN.,4,172
25657,SDAH,SEALDAH,SCL,SILCHAR,37,1358
25658,SCL,SILCHAR,SDAH,SEALDAH,37,1357
28181,BJU,BARAUNI JN.,KIR,KATIHAR JN.,14,179
28182,KIR,KATIHAR JN.,BJU,BARAUNI JN.,14,179
29019,MDS,MANDSOR,KOTA,KOTA,8,276
29020,KOTA,KOTA,MDS,MANDSOR,8,276
30111,BLN,BALLYGUNGE J,BP,BARRACKPORE,23,45
30112,BP,BARRACKPORE,MJT,MAJERHAT,19,33
30116,BP,BARRACKPORE,BBDB,BENOY BADAL,14,25
30121,NACC,NEW ALIPUR (,NH,NAIHATI JN.,26,51
30122,NH,NAIHATI JN.,BLN,BALLYGUNGE J,29,60
30123,MJT,MAJERHAT,NH,NAIHATI JN.,25,49
30128,KLYM,KALYANI SIMA,NACC,NEW ALIPUR (,32,66
30135,MJT,MAJERHAT,RHA,RANAGHAT JN.,34,84
30142,GEDE,GEDE,MJT,MAJERHAT,42,128
30145,BBDB,BENOY BADAL,KNJ,KRISHNA NAGA,34,102
30152,NH,NAIHATI JN.,MJT,MAJERHAT,21,53
30154,NH,NAIHATI JN.,MJT,MAJERHAT,21,53
30211,BBDB,BENOY BADAL,DDJ,DUM DUM JN.,8,9
30311,PPGT,PRINCEP GHAT,BT,BARASAT JN.,18,28
30312,BT,BARASAT JN.,MJT,MAJERHAT,21,33
30313,MJT,MAJERHAT,BT,BARASAT JN.,21,33
30314,DTK,DATTAPUKUR,MJT,MAJERHAT,23,41
30317,MJT,MAJERHAT,DTK,DATTAPUKUR,23,41
30321,MJT,MAJERHAT,HNB,HASANABAD,35,85
30322,HNB,HASANABAD,BBDB,BENOY BADAL,34,77
30324,HNB,HASANABAD,PPGT,PRINCEP GHAT,36,80
30331,MJT,MAJERHAT,HB,HABRA,27,55
30332,HB,HABRA,MJT,MAJERHAT,27,55
30333,MJT,MAJERHAT,HB,HABRA,27,55
30342,BNJ,BANGAON JN.,MJT,MAJERHAT,28,87
30344,BNJ,BANGAON JN.,MJT,MAJERHAT,34,87
30346,BNJ,BANGAON JN.,MJT,MAJERHAT,34,87
30351,MJT,MAJERHAT,BT,BARASAT JN.,17,37
30353,MJT,MAJERHAT,DTK,DATTAPUKUR,19,45
30357,MJT,MAJERHAT,MMG,MADHYAM GRAM,15,33
30358,MMG,MADHYAM GRAM,MJT,MAJERHAT,15,33
30361,MJT,MAJERHAT,HNB,HASANABAD,31,90
30411,BBDB,BENOY BADAL,SDAH,SEALDAH,11,24
30412,SDAH,SEALDAH,BBDB,BENOY BADAL,11,24
30413,BBDB,BENOY BADAL,SDAH,SEALDAH,11,24
30414,SDAH,SEALDAH,BBDB,BENOY BADAL,11,24
30416,SDAH,SEALDAH,BBDB,BENOY BADAL,11,24
30451,BBDB,BENOY BADAL,SDAH,SEALDAH,11,24
30452,SDAH,SEALDAH,KOAA,KOLKATA,16,31
30511,CHT,CHAMPAHATI,MJT,MAJERHAT,14,30
30552,MJT,MAJERHAT,GOF,GHUTIARI SHA,17,37
30612,KOAA,KOLKATA,BRP,BARUIPUR JN.,24,46
30711,LKPR,LAKSHMIKANTA,MJT,MAJERHAT,26,67
30712,MJT,MAJERHAT,LKPR,LAKSHMIKANTA,26,67
31051,BGB,BUDGE BUDGE,NH,NAIHATI JN.,26,67
31053,BGB,BUDGE BUDGE,NH,NAIHATI JN.,26,67
31055,BGB,BUDGE BUDGE,NH,NAIHATI JN.,26,67
31111,SDAH,SEALDAH,KWAE,KATWA JN.,39,154
31112,KWAE,KATWA JN.,SDAH,SEALDAH,37,154
31151,SDAH,SEALDAH,BWN,BARDDHAMAN J,35,116
31152,BWN,BARDDHAMAN J,SDAH,SEALDAH,35,116
31191,NH,NAIHATI JN.,KLYM,KALYANI SIMA,7,15
31192,KLYM,KALYANI SIMA,NH,NAIHATI JN.,7,15
31211,SDAH,SEALDAH,BP,BARRACKPORE,9,25
31212,BP,BARRACKPORE,SDAH,SEALDAH,9,25
31213,SDAH,SEALDAH,BP,BARRACKPORE,4,25
31214,BP,BARRACKPORE,SDAH,SEALDAH,5,25
31215,SDAH,SEALDAH,BP,BARRACKPORE,5,25
31216,BP,BARRACKPORE,SDAH,SEALDAH,9,25
31217,SDAH,SEALDAH,BP,BARRACKPORE,9,25
31218,BP,BARRACKPORE,SDAH,SEALDAH,7,25
31219,SDAH,SEALDAH,BP,BARRACKPORE,9,25
31220,BP,BARRACKPORE,SDAH,SEALDAH,9,25
31221,SDAH,SEALDAH,BP,BARRACKPORE,9,25
31222,BP,BARRACKPORE,SDAH,SEALDAH,9,25
31223,SDAH,SEALDAH,BP,BARRACKPORE,9,25
31224,BP,BARRACKPORE,SDAH,SEALDAH,9,25
31225,SDAH,SEALDAH,BP,BARRACKPORE,9,25
31226,BP,BARRACKPORE,SDAH,SEALDAH,9,25
31227,SDAH,SEALDAH,BP,BARRACKPORE,9,25
31228,BP,BARRACKPORE,SDAH,SEALDAH,9,25
31229,SDAH,SEALDAH,BP,BARRACKPORE,9,25
31230,BP,BARRACKPORE,SDAH,SEALDAH,9,25
31231,SDAH,SEALDAH,BP,BARRACKPORE,9,25
31232,BP,BARRACKPORE,SDAH,SEALDAH,9,25
31233,SDAH,SEALDAH,BP,BARRACKPORE,9,25
31234,BP,BARRACKPORE,SDAH,SEALDAH,9,25
31235,SDAH,SEALDAH,BP,BARRACKPORE,9,25
31236,BP,BARRACKPORE,SDAH,SEALDAH,9,25
31237,SDAH,SEALDAH,BP,BARRACKPORE,9,25
31238,BP,BARRACKPORE,SDAH,SEALDAH,9,25
31239,SDAH,SEALDAH,BP,BARRACKPORE,9,25
31240,BP,BARRACKPORE,SDAH,SEALDAH,9,25
31241,SDAH,SEALDAH,BP,BARRACKPORE,9,25
31261,KGK,KANKURGACHHI,BP,BARRACKPORE,9,20
31311,SDAH,SEALDAH,KLYM,KALYANI SIMA,21,55
31312,KLYM,KALYANI SIMA,SDAH,SEALDAH,21,55
31313,SDAH,SEALDAH,KLYM,KALYANI SIMA,21,55
31314,KLYM,KALYANI SIMA,SDAH,SEALDAH,21,55
31315,SDAH,SEALDAH,KLYM,KALYANI SIMA,21,55
31316,KLYM,KALYANI SIMA,SDAH,SEALDAH,21,55
31317,SDAH,SEALDAH,KLYM,KALYANI SIMA,21,55
31318,KLYM,KALYANI SIMA,SDAH,SEALDAH,21,55
31319,SDAH,SEALDAH,KLYM,KALYANI SIMA,21,55
31320,KLYM,KALYANI SIMA,SDAH,SEALDAH,12,55
31321,SDAH,SEALDAH,KLYM,KALYANI SIMA,21,55
31322,KLYM,KALYANI SIMA,SDAH,SEALDAH,21,55
31323,SDAH,SEALDAH,KLYM,KALYANI SIMA,21,55
31324,KLYM,KALYANI SIMA,SDAH,SEALDAH,21,55
31325,SDAH,SEALDAH,KLYM,KALYANI SIMA,21,55
31326,KLYM,KALYANI SIMA,SDAH,SEALDAH,21,55
31327,SDAH,SEALDAH,KLYM,KALYANI SIMA,21,55
31328,KLYM,KALYANI SIMA,SDAH,SEALDAH,21,55
31329,SDAH,SEALDAH,KLYM,KALYANI SIMA,21,55
31330,KLYM,KALYANI SIMA,SDAH,SEALDAH,21,55
31331,SDAH,SEALDAH,KLYM,KALYANI SIMA,21,55
31332,KLYM,KALYANI SIMA,SDAH,SEALDAH,21,55
31333,SDAH,SEALDAH,KLYM,KALYANI SIMA,21,55
31334,KLYM,KALYANI SIMA,SDAH,SEALDAH,21,55
31335,SDAH,SEALDAH,KLYM,KALYANI SIMA,21,55
31336,KLYM,KALYANI SIMA,SDAH,SEALDAH,21,55
31337,SDAH,SEALDAH,KLYM,KALYANI SIMA,13,55
31338,KLYM,KALYANI SIMA,SDAH,SEALDAH,21,55
31339,SDAH,SEALDAH,KLYM,KALYANI SIMA,21,55
31411,SDAH,SEALDAH,NH,NAIHATI JN.,9,40
31412,NH,NAIHATI JN.,SDAH,SEALDAH,15,40
31413,SDAH,SEALDAH,NH,NAIHATI JN.,15,40
31414,NH,NAIHATI JN.,SDAH,SEALDAH,15,40
31415,SDAH,SEALDAH,NH,NAIHATI JN.,15,40
31416,NH,NAIHATI JN.,SDAH,SEALDAH,15,40
31417,SDAH,SEALDAH,NH,NAIHATI JN.,15,40
31418,NH,NAIHATI JN.,SDAH,SEALDAH,15,40
31420,NH,NAIHATI JN.,SDAH,SEALDAH,15,40
31421,SDAH,SEALDAH,NH,NAIHATI JN.,15,40
31422,NH,NAIHATI JN.,SDAH,SEALDAH,15,40
31423,SDAH,SEALDAH,NH,NAIHATI JN.,15,40
31424,NH,NAIHATI JN.,SDAH,SEALDAH,15,40
31425,SDAH,SEALDAH,NH,NAIHATI JN.,15,40
31426,NH,NAIHATI JN.,SDAH,SEALDAH,15,40
31427,SDAH,SEALDAH,NH,NAIHATI JN.,15,40
31428,NH,NAIHATI JN.,SDAH,SEALDAH,15,40
31429,SDAH,SEALDAH,NH,NAIHATI JN.,15,40
31430,NH,NAIHATI JN.,SDAH,SEALDAH,15,40
31431,SDAH,SEALDAH,NH,NAIHATI JN.,15,40
31432,NH,NAIHATI JN.,SDAH,SEALDAH,15,40
31433,SDAH,SEALDAH,NH,NAIHATI JN.,15,40
31434,NH,NAIHATI JN.,SDAH,SEALDAH,15,40
31435,SDAH,SEALDAH,NH,NAIHATI JN.,15,40
31436,NH,NAIHATI JN.,SDAH,SEALDAH,15,40
31437,SDAH,SEALDAH,NH,NAIHATI JN.,15,40
31438,NH,NAIHATI JN.,SDAH,SEALDAH,15,40
31439,SDAH,SEALDAH,NH,NAIHATI JN.,15,40
31440,NH,NAIHATI JN.,SDAH,SEALDAH,15,40
31441,SDAH,SEALDAH,NH,NAIHATI JN.,15,40
31442,NH,NAIHATI JN.,SDAH,SEALDAH,15,40
31443,SDAH,SEALDAH,NH,NAIHATI JN.,15,40
31444,NH,NAIHATI JN.,SDAH,SEALDAH,15,40
31445,SDAH,SEALDAH,NH,NAIHATI JN.,15,40
31446,NH,NAIHATI JN.,SDAH,SEALDAH,15,40
31447,SDAH,SEALDAH,NH,NAIHATI JN.,15,40
31448,NH,NAIHATI JN.,SDAH,SEALDAH,15,40
31449,SDAH,SEALDAH,NH,NAIHATI JN.,15,40
31450,NH,NAIHATI JN.,SDAH,SEALDAH,15,40
31451,SDAH,SEALDAH,NH,NAIHATI JN.,15,40
31471,KGK,KANKURGACHHI,NH,NAIHATI JN.,15,35
31511,SDAH,SEALDAH,STB,SHANTIPUR JN,29,96
31512,STB,SHANTIPUR JN,SDAH,SEALDAH,28,96
31513,SDAH,SEALDAH,STB,SHANTIPUR JN,28,96
31514,STB,SHANTIPUR JN,SDAH,SEALDAH,29,96
31515,SDAH,SEALDAH,STB,SHANTIPUR JN,29,96
31516,STB,SHANTIPUR JN,SDAH,SEALDAH,29,96
31517,SDAH,SEALDAH,STB,SHANTIPUR JN,29,96
31518,STB,SHANTIPUR JN,SDAH,SEALDAH,25,96
31519,SDAH,SEALDAH,STB,SHANTIPUR JN,27,96
31520,STB,SHANTIPUR JN,SDAH,SEALDAH,28,96
31521,SDAH,SEALDAH,STB,SHANTIPUR JN,29,96
31522,STB,SHANTIPUR JN,SDAH,SEALDAH,29,96
31523,SDAH,SEALDAH,STB,SHANTIPUR JN,27,96
31524,STB,SHANTIPUR JN,SDAH,SEALDAH,28,96
31525,SDAH,SEALDAH,STB,SHANTIPUR JN,28,96
31526,STB,SHANTIPUR JN,SDAH,SEALDAH,29,96
31527,SDAH,SEALDAH,STB,SHANTIPUR JN,29,96
31528,STB,SHANTIPUR JN,SDAH,SEALDAH,27,96
31529,SDAH,SEALDAH,STB,SHANTIPUR JN,29,96
31530,STB,SHANTIPUR JN,SDAH,SEALDAH,29,96
31531,SDAH,SEALDAH,STB,SHANTIPUR JN,23,96
31532,STB,SHANTIPUR JN,SDAH,SEALDAH,29,96
31533,SDAH,SEALDAH,STB,SHANTIPUR JN,27,96
31534,STB,SHANTIPUR JN,SDAH,SEALDAH,24,96
31535,SDAH,SEALDAH,STB,SHANTIPUR JN,27,96
31536,STB,SHANTIPUR JN,SDAH,SEALDAH,26,96
31537,SDAH,SEALDAH,STB,SHANTIPUR JN,28,96
31538,STB,SHANTIPUR JN,SDAH,SEALDAH,28,96
31539,SDAH,SEALDAH,STB,SHANTIPUR JN,28,96
31540,STB,SHANTIPUR JN,SDAH,SEALDAH,27,96
31541,SDAH,SEALDAH,STB,SHANTIPUR JN,28,96
31542,STB,SHANTIPUR JN,SDAH,SEALDAH,27,96
31571,RHA,RANAGHAT JN.,KNJ,KRISHNA NAGA,6,35
31584,KNJ,KRISHNA NAGA,STB,SHANTIPUR JN,2,15
31585,STB,SHANTIPUR JN,KNJ,KRISHNA NAGA,2,15
31586,KNJ,KRISHNA NAGA,STB,SHANTIPUR JN,2,15
31601,SDAH,SEALDAH,RHA,RANAGHAT JN.,24,76
31602,RHA,RANAGHAT JN.,SDAH,SEALDAH,24,76
31611,SDAH,SEALDAH,RHA,RANAGHAT JN.,23,76
31612,RHA,RANAGHAT JN.,SDAH,SEALDAH,24,76
31613,SDAH,SEALDAH,RHA,RANAGHAT JN.,24,76
31614,RHA,RANAGHAT JN.,SDAH,SEALDAH,24,76
31615,SDAH,SEALDAH,RHA,RANAGHAT JN.,24,76
31616,RHA,RANAGHAT JN.,SDAH,SEALDAH,24,76
31617,SDAH,SEALDAH,RHA,RANAGHAT JN.,24,76
31618,RHA,RANAGHAT JN.,SDAH,SEALDAH,11,76
31619,SDAH,SEALDAH,RHA,RANAGHAT JN.,12,76
31620,RHA,RANAGHAT JN.,SDAH,SEALDAH,20,76
31621,SDAH,SEALDAH,RHA,RANAGHAT JN.,24,76
31622,RHA,RANAGHAT JN.,SDAH,SEALDAH,24,76
31623,SDAH,SEALDAH,RHA,RANAGHAT JN.,23,76
31624,RHA,RANAGHAT JN.,SDAH,SEALDAH,24,76
31625,SDAH,SEALDAH,RHA,RANAGHAT JN.,16,76
31626,RHA,RANAGHAT JN.,SDAH,SEALDAH,10,76
31627,SDAH,SEALDAH,RHA,RANAGHAT JN.,24,76
31628,RHA,RANAGHAT JN.,SDAH,SEALDAH,21,76
31629,SDAH,SEALDAH,RHA,RANAGHAT JN.,24,76
31630,RHA,RANAGHAT JN.,SDAH,SEALDAH,23,76
31631,SDAH,SEALDAH,RHA,RANAGHAT JN.,24,76
31632,RHA,RANAGHAT JN.,SDAH,SEALDAH,24,76
31633,SDAH,SEALDAH,RHA,RANAGHAT JN.,24,76
31634,RHA,RANAGHAT JN.,SDAH,SEALDAH,24,76
31636,RHA,RANAGHAT JN.,SDAH,SEALDAH,23,76
31711,NH,NAIHATI JN.,RHA,RANAGHAT JN.,10,35
31712,RHA,RANAGHAT JN.,NH,NAIHATI JN.,9,35
31713,NH,NAIHATI JN.,RHA,RANAGHAT JN.,6,35
31714,RHA,RANAGHAT JN.,NH,NAIHATI JN.,6,35
31721,RHA,RANAGHAT JN.,KNJ,KRISHNA NAGA,6,26
31722,KNJ,KRISHNA NAGA,RHA,RANAGHAT JN.,6,26
31723,RHA,RANAGHAT JN.,KNJ,KRISHNA NAGA,6,26
31724,KNJ,KRISHNA NAGA,RHA,RANAGHAT JN.,5,26
31725,RHA,RANAGHAT JN.,KNJ,KRISHNA NAGA,7,26
31726,KNJ,KRISHNA NAGA,RHA,RANAGHAT JN.,7,26
31741,RHA,RANAGHAT JN.,GEDE,GEDE,13,43
31742,GEDE,GEDE,RHA,RANAGHAT JN.,13,43
31743,RHA,RANAGHAT JN.,GEDE,GEDE,10,43
31744,GEDE,GEDE,RHA,RANAGHAT JN.,13,43
31745,RHA,RANAGHAT JN.,GEDE,GEDE,13,43
31746,GEDE,GEDE,RHA,RANAGHAT JN.,13,43
31747,RHA,RANAGHAT JN.,GEDE,GEDE,13,43
31748,GEDE,GEDE,RHA,RANAGHAT JN.,13,43
31749,RHA,RANAGHAT JN.,GEDE,GEDE,13,43
31750,GEDE,GEDE,RHA,RANAGHAT JN.,13,43
31751,RHA,RANAGHAT JN.,GEDE,GEDE,13,43
31752,GEDE,GEDE,RHA,RANAGHAT JN.,13,43
31753,RHA,RANAGHAT JN.,GEDE,GEDE,13,43
31754,GEDE,GEDE,RHA,RANAGHAT JN.,13,43
31755,RHA,RANAGHAT JN.,GEDE,GEDE,13,43
31756,GEDE,GEDE,RHA,RANAGHAT JN.,13,43
31757,RHA,RANAGHAT JN.,GEDE,GEDE,13,43
31758,GEDE,GEDE,RHA,RANAGHAT JN.,13,43
31765,RHA,RANAGHAT JN.,LGL,LALGOLA,25,154
31766,LGL,LALGOLA,RHA,RANAGHAT JN.,25,153
31767,RHA,RANAGHAT JN.,LGL,LALGOLA,29,154
31768,LGL,LALGOLA,RHA,RANAGHAT JN.,27,153
31770,LGL,LALGOLA,RHA,RANAGHAT JN.,29,153
31771,RHA,RANAGHAT JN.,LGL,LALGOLA,28,154
31772,LGL,LALGOLA,RHA,RANAGHAT JN.,29,153
31781,RHA,RANAGHAT JN.,STB,SHANTIPUR JN,6,20
31782,STB,SHANTIPUR JN,RHA,RANAGHAT JN.,6,19
31783,RHA,RANAGHAT JN.,STB,SHANTIPUR JN,5,20
31784,STB,SHANTIPUR JN,RHA,RANAGHAT JN.,5,19
31786,STB,SHANTIPUR JN,RHA,RANAGHAT JN.,5,19
31801,SDAH,SEALDAH,KNJ,KRISHNA NAGA,29,102
31802,KNJ,KRISHNA NAGA,SDAH,SEALDAH,29,102
31811,SDAH,SEALDAH,KNJ,KRISHNA NAGA,29,102
31812,KNJ,KRISHNA NAGA,SDAH,SEALDAH,29,102
31813,SDAH,SEALDAH,KNJ,KRISHNA NAGA,30,102
31814,KNJ,KRISHNA NAGA,SDAH,SEALDAH,22,102
31815,SDAH,SEALDAH,KNJ,KRISHNA NAGA,29,102
31816,KNJ,KRISHNA NAGA,SDAH,SEALDAH,29,102
31817,SDAH,SEALDAH,KNJ,KRISHNA NAGA,30,102
31818,KNJ,KRISHNA NAGA,SDAH,SEALDAH,25,102
31819,SDAH,SEALDAH,KNJ,KRISHNA NAGA,21,102
31820,KNJ,KRISHNA NAGA,SDAH,SEALDAH,29,102
31821,SDAH,SEALDAH,KNJ,KRISHNA NAGA,29,102
31822,KNJ,KRISHNA NAGA,SDAH,SEALDAH,29,102
31823,SDAH,SEALDAH,KNJ,KRISHNA NAGA,28,102
31824,KNJ,KRISHNA NAGA,SDAH,SEALDAH,28,102
31825,SDAH,SEALDAH,KNJ,KRISHNA NAGA,30,102
31826,KNJ,KRISHNA NAGA,SDAH,SEALDAH,20,102
31827,SDAH,SEALDAH,KNJ,KRISHNA NAGA,30,102
31828,KNJ,KRISHNA NAGA,SDAH,SEALDAH,29,102
31829,SDAH,SEALDAH,KNJ,KRISHNA NAGA,23,102
31830,KNJ,KRISHNA NAGA,SDAH,SEALDAH,26,102
31831,SDAH,SEALDAH,KNJ,KRISHNA NAGA,16,102
31832,KNJ,KRISHNA NAGA,SDAH,SEALDAH,28,102
31833,SDAH,SEALDAH,KNJ,KRISHNA NAGA,22,102
31834,KNJ,KRISHNA NAGA,SDAH,SEALDAH,26,102
31835,SDAH,SEALDAH,KNJ,KRISHNA NAGA,29,102
31836,KNJ,KRISHNA NAGA,SDAH,SEALDAH,29,102
31837,SDAH,SEALDAH,KNJ,KRISHNA NAGA,28,102
31838,KNJ,KRISHNA NAGA,SDAH,SEALDAH,30,102
31839,SDAH,SEALDAH,KNJ,KRISHNA NAGA,19,102
31840,KNJ,KRISHNA NAGA,SDAH,SEALDAH,16,102
31841,SDAH,SEALDAH,KNJ,KRISHNA NAGA,9,102
31842,KNJ,KRISHNA NAGA,SDAH,SEALDAH,9,102
31843,SDAH,SEALDAH,KNJ,KRISHNA NAGA,10,102
31844,KNJ,KRISHNA NAGA,SDAH,SEALDAH,10,102
31861,KNJ,KRISHNA NAGA,LGL,LALGOLA,23,128
31862,LGL,LALGOLA,KNJ,KRISHNA NAGA,24,127
31863,KNJ,KRISHNA NAGA,LGL,LALGOLA,21,128
31864,LGL,LALGOLA,KNJ,KRISHNA NAGA,20,127
31865,KNJ,KRISHNA NAGA,LGL,LALGOLA,20,128
31866,LGL,LALGOLA,KNJ,KRISHNA NAGA,21,127
31911,SDAH,SEALDAH,GEDE,GEDE,36,119
31912,GEDE,GEDE,SDAH,SEALDAH,36,119
31913,SDAH,SEALDAH,GEDE,GEDE,36,119
31914,GEDE,GEDE,SDAH,SEALDAH,36,119
31915,SDAH,SEALDAH,GEDE,GEDE,36,119
31916,GEDE,GEDE,SDAH,SEALDAH,30,119
31917,SDAH,SEALDAH,GEDE,GEDE,36,119
31918,GEDE,GEDE,SDAH,SEALDAH,36,119
31919,SDAH,SEALDAH,GEDE,GEDE,36,119
31920,GEDE,GEDE,SDAH,SEALDAH,35,119
31921,SDAH,SEALDAH,GEDE,GEDE,36,119
31922,GEDE,GEDE,SDAH,SEALDAH,36,119
31923,SDAH,SEALDAH,GEDE,GEDE,36,119
31924,GEDE,GEDE,SDAH,SEALDAH,35,119
31925,SDAH,SEALDAH,GEDE,GEDE,35,119
31926,GEDE,GEDE,SDAH,SEALDAH,36,119
31927,SDAH,SEALDAH,GEDE,GEDE,36,119
31928,GEDE,GEDE,SDAH,SEALDAH,31,119
31929,SDAH,SEALDAH,GEDE,GEDE,36,119
32211,SDAH,SEALDAH,DKAE,DANKUNI JN.,9,28
32212,DKAE,DANKUNI JN.,SDAH,SEALDAH,9,28
32213,SDAH,SEALDAH,DKAE,DANKUNI JN.,9,28
32214,DKAE,DANKUNI JN.,SDAH,SEALDAH,9,28
32215,SDAH,SEALDAH,DKAE,DANKUNI JN.,9,28
32216,DKAE,DANKUNI JN.,SDAH,SEALDAH,9,28
32217,SDAH,SEALDAH,DKAE,DANKUNI JN.,9,28
32218,DKAE,DANKUNI JN.,SDAH,SEALDAH,9,28
32219,SDAH,SEALDAH,DKAE,DANKUNI JN.,9,28
32220,DKAE,DANKUNI JN.,SDAH,SEALDAH,9,28
32221,SDAH,SEALDAH,DKAE,DANKUNI JN.,9,28
32222,DKAE,DANKUNI JN.,SDAH,SEALDAH,9,28
32223,SDAH,SEALDAH,DKAE,DANKUNI JN.,9,28
32224,DKAE,DANKUNI JN.,SDAH,SEALDAH,9,28
32225,SDAH,SEALDAH,DKAE,DANKUNI JN.,9,28
32226,DKAE,DANKUNI JN.,SDAH,SEALDAH,9,28
32227,SDAH,SEALDAH,DKAE,DANKUNI JN.,9,28
32228,DKAE,DANKUNI JN.,SDAH,SEALDAH,9,28
32229,SDAH,SEALDAH,DKAE,DANKUNI JN.,9,28
32230,DKAE,DANKUNI JN.,SDAH,SEALDAH,9,28
32231,SDAH,SEALDAH,DKAE,DANKUNI JN.,9,28
32232,DKAE,DANKUNI JN.,SDAH,SEALDAH,9,28
32233,SDAH,SEALDAH,DKAE,DANKUNI JN.,9,28
32234,DKAE,DANKUNI JN.,SDAH,SEALDAH,9,28
32235,SDAH,SEALDAH,DKAE,DANKUNI JN.,9,28
32236,DKAE,DANKUNI JN.,SDAH,SEALDAH,9,28
32237,SDAH,SEALDAH,DKAE,DANKUNI JN.,9,28
32238,DKAE,DANKUNI JN.,SDAH,SEALDAH,9,28
32239,SDAH,SEALDAH,DKAE,DANKUNI JN.,9,28
32240,DKAE,DANKUNI JN.,SDAH,SEALDAH,9,28
32241,SDAH,SEALDAH,DKAE,DANKUNI JN.,9,28
32242,DKAE,DANKUNI JN.,SDAH,SEALDAH,9,28
32243,SDAH,SEALDAH,DKAE,DANKUNI JN.,9,28
32244,DKAE,DANKUNI JN.,SDAH,SEALDAH,9,28
32245,SDAH,SEALDAH,DKAE,DANKUNI JN.,9,28
32246,DKAE,DANKUNI JN.,SDAH,SEALDAH,9,28
32247,SDAH,SEALDAH,DKAE,DANKUNI JN.,9,28
32248,DKAE,DANKUNI JN.,SDAH,SEALDAH,9,28
32249,SDAH,SEALDAH,DKAE,DANKUNI JN.,9,28
32250,DKAE,DANKUNI JN.,SDAH,SEALDAH,9,28
32252,DKAE,DANKUNI JN.,SDAH,SEALDAH,9,28
32411,SDAH,SEALDAH,BRPA,BARUI PARA,13,39
32412,BRPA,BARUI PARA,SDAH,SEALDAH,13,39
32413,SDAH,SEALDAH,BRPA,BARUI PARA,13,39
32414,BRPA,BARUI PARA,SDAH,SEALDAH,13,39
33061,CG,CANNING,BT,BARASAT JN.,26,66
33212,DDJ,DUM DUM JN.,SDAH,SEALDAH,3,9
33231,DDJ,DUM DUM JN.,BP,BARRACKPORE,7,15
33232,BP,BARRACKPORE,DDJ,DUM DUM JN.,7,15
33262,BT,BARASAT JN.,DDJ,DUM DUM JN.,9,15
33271,DDJ,DUM DUM JN.,GBG,GOBARDANGA,18,50
33282,HNB,HASANABAD,DDJ,DUM DUM JN.,27,67
33291,DDJ,DUM DUM JN.,DKAE,DANKUNI JN.,7,18
33311,BT,BARASAT JN.,HNB,HASANABAD,19,52
33312,HNB,HASANABAD,BT,BARASAT JN.,19,52
33313,BT,BARASAT JN.,HNB,HASANABAD,19,52
33314,HNB,HASANABAD,BT,BARASAT JN.,19,52
33315,BT,BARASAT JN.,HNB,HASANABAD,19,52
33316,HNB,HASANABAD,BT,BARASAT JN.,19,52
33317,BT,BARASAT JN.,HNB,HASANABAD,19,52
33318,HNB,HASANABAD,BT,BARASAT JN.,19,52
33319,BT,BARASAT JN.,HNB,HASANABAD,19,52
33320,HNB,HASANABAD,BT,BARASAT JN.,19,52
33321,BT,BARASAT JN.,HNB,HASANABAD,19,52
33323,BT,BARASAT JN.,HNB,HASANABAD,19,52
33325,BT,BARASAT JN.,HNB,HASANABAD,19,52
33351,BT,BARASAT JN.,HB,HABRA,7,22
33357,BT,BARASAT JN.,DTK,DATTAPUKUR,3,7
33361,BT,BARASAT JN.,BNJ,BANGAON JN.,14,54
33362,BNJ,BANGAON JN.,BT,BARASAT JN.,12,54
33363,BT,BARASAT JN.,BNJ,BANGAON JN.,12,54
33364,BNJ,BANGAON JN.,BT,BARASAT JN.,12,54
33365,BT,BARASAT JN.,BNJ,BANGAON JN.,12,54
33366,BNJ,BANGAON JN.,BT,BARASAT JN.,12,54
33367,BT,BARASAT JN.,BNJ,BANGAON JN.,13,54
33382,GBG,GOBARDANGA,BT,BARASAT JN.,10,35
33401,SDAH,SEALDAH,BT,BARASAT JN.,11,24
33402,BT,BARASAT JN.,SDAH,SEALDAH,11,25
33411,SDAH,SEALDAH,DDC,DUMDUM CANTO,4,12
33412,DDC,DUMDUM CANTO,SDAH,SEALDAH,4,12
33421,SDAH,SEALDAH,MMG,MADHYAM GRAM,9,20
33422,MMG,MADHYAM GRAM,SDAH,SEALDAH,9,20
33431,SDAH,SEALDAH,BT,BARASAT JN.,11,24
33432,BT,BARASAT JN.,SDAH,SEALDAH,11,25
33433,SDAH,SEALDAH,BT,BARASAT JN.,11,24
33434,BT,BARASAT JN.,SDAH,SEALDAH,11,25
33435,SDAH,SEALDAH,BT,BARASAT JN.,11,24
33436,BT,BARASAT JN.,SDAH,SEALDAH,11,25
33437,SDAH,SEALDAH,BT,BARASAT JN.,11,24
33438,BT,BARASAT JN.,SDAH,SEALDAH,11,25
33439,SDAH,SEALDAH,BT,BARASAT JN.,11,24
33440,BT,BARASAT JN.,SDAH,SEALDAH,11,25
33441,SDAH,SEALDAH,BT,BARASAT JN.,11,24
33443,SDAH,SEALDAH,BT,BARASAT JN.,11,24
33445,SDAH,SEALDAH,BT,BARASAT JN.,11,24
33447,SDAH,SEALDAH,BT,BARASAT JN.,11,24
33511,SDAH,SEALDAH,HNB,HASANABAD,29,77
33512,HNB,HASANABAD,SDAH,SEALDAH,29,77
33513,SDAH,SEALDAH,HNB,HASANABAD,29,77
33514,HNB,HASANABAD,SDAH,SEALDAH,29,77
33515,SDAH,SEALDAH,HNB,HASANABAD,29,77
33516,HNB,HASANABAD,SDAH,SEALDAH,25,77
33517,SDAH,SEALDAH,HNB,HASANABAD,29,77
33518,HNB,HASANABAD,SDAH,SEALDAH,26,77
33519,SDAH,SEALDAH,HNB,HASANABAD,29,77
33520,HNB,HASANABAD,SDAH,SEALDAH,29,77
33521,SDAH,SEALDAH,HNB,HASANABAD,29,77
33522,HNB,HASANABAD,SDAH,SEALDAH,29,77
33523,SDAH,SEALDAH,HNB,HASANABAD,29,77
33524,HNB,HASANABAD,SDAH,SEALDAH,24,77
33525,SDAH,SEALDAH,HNB,HASANABAD,29,77
33526,HNB,HASANABAD,SDAH,SEALDAH,29,77
33527,SDAH,SEALDAH,HNB,HASANABAD,25,77
33528,HNB,HASANABAD,SDAH,SEALDAH,24,77
33529,SDAH,SEALDAH,HNB,HASANABAD,25,77
33530,HNB,HASANABAD,SDAH,SEALDAH,29,77
33531,SDAH,SEALDAH,HNB,HASANABAD,25,77
33532,HNB,HASANABAD,SDAH,SEALDAH,29,77
33533,SDAH,SEALDAH,HNB,HASANABAD,29,77
33534,HNB,HASANABAD,SDAH,SEALDAH,25,77
33536,HNB,HASANABAD,SDAH,SEALDAH,29,77
33538,HNB,HASANABAD,SDAH,SEALDAH,24,77
33611,SDAH,SEALDAH,DTK,DATTAPUKUR,13,32
33612,DTK,DATTAPUKUR,SDAH,SEALDAH,13,32
33613,SDAH,SEALDAH,DTK,DATTAPUKUR,13,32
33614,DTK,DATTAPUKUR,SDAH,SEALDAH,13,32
33615,SDAH,SEALDAH,DTK,DATTAPUKUR,13,32
33616,DTK,DATTAPUKUR,SDAH,SEALDAH,13,32
33617,SDAH,SEALDAH,DTK,DATTAPUKUR,13,32
33618,DTK,DATTAPUKUR,SDAH,SEALDAH,13,32
33619,SDAH,SEALDAH,DTK,DATTAPUKUR,13,32
33620,DTK,DATTAPUKUR,SDAH,SEALDAH,13,32
33621,SDAH,SEALDAH,DTK,DATTAPUKUR,13,32
33622,DTK,DATTAPUKUR,SDAH,SEALDAH,11,32
33623,SDAH,SEALDAH,DTK,DATTAPUKUR,13,32
33624,DTK,DATTAPUKUR,SDAH,SEALDAH,13,32
33626,DTK,DATTAPUKUR,SDAH,SEALDAH,13,32
33628,DTK,DATTAPUKUR,SDAH,SEALDAH,13,32
33630,DTK,DATTAPUKUR,SDAH,SEALDAH,13,32
33651,SDAH,SEALDAH,HB,HABRA,17,47
33652,HB,HABRA,SDAH,SEALDAH,17,47
33653,SDAH,SEALDAH,HB,HABRA,17,47
33654,HB,HABRA,SDAH,SEALDAH,17,47
33655,SDAH,SEALDAH,HB,HABRA,17,47
33656,HB,HABRA,SDAH,SEALDAH,17,47
33657,SDAH,SEALDAH,HB,HABRA,17,47
33658,HB,HABRA,SDAH,SEALDAH,17,47
33659,SDAH,SEALDAH,HB,HABRA,17,47
33660,HB,HABRA,SDAH,SEALDAH,17,47
33664,HB,HABRA,SDAH,SEALDAH,17,47
33666,HB,HABRA,SDAH,SEALDAH,17,47
33681,SDAH,SEALDAH,GBG,GOBARDANGA,20,59
33682,GBG,GOBARDANGA,SDAH,SEALDAH,20,60
33685,SDAH,SEALDAH,GBG,GOBARDANGA,20,59
33686,GBG,GOBARDANGA,SDAH,SEALDAH,20,60
33687,SDAH,SEALDAH,GBG,GOBARDANGA,20,59
33688,GBG,GOBARDANGA,SDAH,SEALDAH,20,60
33711,RHA,RANAGHAT JN.,BNJ,BANGAON JN.,8,32
33712,BNJ,BANGAON JN.,RHA,RANAGHAT JN.,8,32
33713,RHA,RANAGHAT JN.,BNJ,BANGAON JN.,9,32
33714,BNJ,BANGAON JN.,RHA,RANAGHAT JN.,9,32
33715,RHA,RANAGHAT JN.,BNJ,BANGAON JN.,8,32
33716,BNJ,BANGAON JN.,RHA,RANAGHAT JN.,8,32
33717,RHA,RANAGHAT JN.,BNJ,BANGAON JN.,8,32
33718,BNJ,BANGAON JN.,RHA,RANAGHAT JN.,9,32
33719,RHA,RANAGHAT JN.,BNJ,BANGAON JN.,8,32
33720,BNJ,BANGAON JN.,RHA,RANAGHAT JN.,8,32
33721,RHA,RANAGHAT JN.,BNJ,BANGAON JN.,9,32
33722,BNJ,BANGAON JN.,RHA,RANAGHAT JN.,8,32
33723,RHA,RANAGHAT JN.,BNJ,BANGAON JN.,8,32
33724,BNJ,BANGAON JN.,RHA,RANAGHAT JN.,8,32
33725,RHA,RANAGHAT JN.,BNJ,BANGAON JN.,8,32
33726,BNJ,BANGAON JN.,RHA,RANAGHAT JN.,9,32
33727,RHA,RANAGHAT JN.,BNJ,BANGAON JN.,8,32
33728,BNJ,BANGAON JN.,RHA,RANAGHAT JN.,8,32
33729,RHA,RANAGHAT JN.,BNJ,BANGAON JN.,9,32
33730,BNJ,BANGAON JN.,RHA,RANAGHAT JN.,9,32
33731,RHA,RANAGHAT JN.,BNJ,BANGAON JN.,8,32
33732,BNJ,BANGAON JN.,RHA,RANAGHAT JN.,8,32
33733,RHA,RANAGHAT JN.,BNJ,BANGAON JN.,9,32
33734,BNJ,BANGAON JN.,RHA,RANAGHAT JN.,8,32
33735,RHA,RANAGHAT JN.,BNJ,BANGAON JN.,9,32
33736,BNJ,BANGAON JN.,RHA,RANAGHAT JN.,9,32
33737,RHA,RANAGHAT JN.,BNJ,BANGAON JN.,8,32
33738,BNJ,BANGAON JN.,RHA,RANAGHAT JN.,8,32
33739,RHA,RANAGHAT JN.,BNJ,BANGAON JN.,9,32
33751,STB,SHANTIPUR JN,BNJ,BANGAON JN.,12,52
33752,BNJ,BANGAON JN.,STB,SHANTIPUR JN,12,52
33801,SDAH,SEALDAH,BNJ,BANGAON JN.,24,79
33802,BNJ,BANGAON JN.,SDAH,SEALDAH,24,79
33811,SDAH,SEALDAH,BNJ,BANGAON JN.,17,79
33812,BNJ,BANGAON JN.,SDAH,SEALDAH,23,79
33813,SDAH,SEALDAH,BNJ,BANGAON JN.,23,79
33814,BNJ,BANGAON JN.,SDAH,SEALDAH,21,79
33815,SDAH,SEALDAH,BNJ,BANGAON JN.,24,79
33816,BNJ,BANGAON JN.,SDAH,SEALDAH,22,79
33817,SDAH,SEALDAH,BNJ,BANGAON JN.,21,79
33818,BNJ,BANGAON JN.,SDAH,SEALDAH,24,79
33819,SDAH,SEALDAH,BNJ,BANGAON JN.,23,79
33820,BNJ,BANGAON JN.,SDAH,SEALDAH,22,79
33821,SDAH,SEALDAH,BNJ,BANGAON JN.,24,79
33822,BNJ,BANGAON JN.,SDAH,SEALDAH,24,79
33823,SDAH,SEALDAH,BNJ,BANGAON JN.,24,79
33824,BNJ,BANGAON JN.,SDAH,SEALDAH,24,79
33825,SDAH,SEALDAH,BNJ,BANGAON JN.,23,79
33826,BNJ,BANGAON JN.,SDAH,SEALDAH,24,79
33827,SDAH,SEALDAH,BNJ,BANGAON JN.,24,79
33828,BNJ,BANGAON JN.,SDAH,SEALDAH,24,79
33829,SDAH,SEALDAH,BNJ,BANGAON JN.,24,79
33830,BNJ,BANGAON JN.,SDAH,SEALDAH,24,79
33831,SDAH,SEALDAH,BNJ,BANGAON JN.,24,79
33832,BNJ,BANGAON JN.,SDAH,SEALDAH,23,79
33833,SDAH,SEALDAH,BNJ,BANGAON JN.,23,79
33834,BNJ,BANGAON JN.,SDAH,SEALDAH,24,79
33835,SDAH,SEALDAH,BNJ,BANGAON JN.,24,79
33836,BNJ,BANGAON JN.,SDAH,SEALDAH,23,79
33837,SDAH,SEALDAH,BNJ,BANGAON JN.,24,79
33838,BNJ,BANGAON JN.,SDAH,SEALDAH,24,79
33839,SDAH,SEALDAH,BNJ,BANGAON JN.,24,79
33840,BNJ,BANGAON JN.,SDAH,SEALDAH,24,79
33841,SDAH,SEALDAH,BNJ,BANGAON JN.,24,79
33842,BNJ,BANGAON JN.,SDAH,SEALDAH,24,79
33843,SDAH,SEALDAH,BNJ,BANGAON JN.,24,79
33844,BNJ,BANGAON JN.,SDAH,SEALDAH,23,79
33845,SDAH,SEALDAH,BNJ,BANGAON JN.,24,79
33846,BNJ,BANGAON JN.,SDAH,SEALDAH,24,79
33847,SDAH,SEALDAH,BNJ,BANGAON JN.,23,79
33848,BNJ,BANGAON JN.,SDAH,SEALDAH,23,79
33849,SDAH,SEALDAH,BNJ,BANGAON JN.,24,79
33850,BNJ,BANGAON JN.,SDAH,SEALDAH,24,79
33851,SDAH,SEALDAH,BNJ,BANGAON JN.,24,79
33852,BNJ,BANGAON JN.,SDAH,SEALDAH,23,79
33853,SDAH,SEALDAH,BNJ,BANGAON JN.,24,79
33854,BNJ,BANGAON JN.,SDAH,SEALDAH,22,79
33855,SDAH,SEALDAH,BNJ,BANGAON JN.,23,79
33856,BNJ,BANGAON JN.,SDAH,SEALDAH,17,79
33857,SDAH,SEALDAH,BNJ,BANGAON JN.,23,79
33858,BNJ,BANGAON JN.,SDAH,SEALDAH,23,79
33859,SDAH,SEALDAH,BNJ,BANGAON JN.,22,79
33860,BNJ,BANGAON JN.,SDAH,SEALDAH,24,79
33861,SDAH,SEALDAH,BNJ,BANGAON JN.,23,79
33863,SDAH,SEALDAH,BNJ,BANGAON JN.,24,79
33895,SDAH,SEALDAH,TKNR,THAKURNAGAR,15,65
33896,TKNR,THAKURNAGAR,SDAH,SEALDAH,15,65
34052,NH,NAIHATI JN.,BGB,BUDGE BUDGE,26,67
34054,NH,NAIHATI JN.,BGB,BUDGE BUDGE,26,67
34056,KLYM,KALYANI SIMA,BGB,BUDGE BUDGE,32,82
34062,BNJ,BANGAON JN.,CG,CANNING,41,120
34111,BGB,BUDGE BUDGE,SDAH,SEALDAH,11,30
34112,SDAH,SEALDAH,BGB,BUDGE BUDGE,11,30
34113,BGB,BUDGE BUDGE,SDAH,SEALDAH,11,30
34114,SDAH,SEALDAH,BGB,BUDGE BUDGE,11,30
34115,BGB,BUDGE BUDGE,SDAH,SEALDAH,11,30
34116,SDAH,SEALDAH,BGB,BUDGE BUDGE,11,30
34117,BGB,BUDGE BUDGE,SDAH,SEALDAH,11,30
34118,SDAH,SEALDAH,BGB,BUDGE BUDGE,11,30
34119,BGB,BUDGE BUDGE,SDAH,SEALDAH,11,30
34120,SDAH,SEALDAH,BGB,BUDGE BUDGE,11,30
34121,BGB,BUDGE BUDGE,SDAH,SEALDAH,11,30
34122,SDAH,SEALDAH,BGB,BUDGE BUDGE,11,30
34123,BGB,BUDGE BUDGE,SDAH,SEALDAH,11,30
34124,SDAH,SEALDAH,BGB,BUDGE BUDGE,11,30
34125,BGB,BUDGE BUDGE,SDAH,SEALDAH,11,30
34126,SDAH,SEALDAH,BGB,BUDGE BUDGE,11,30
34127,BGB,BUDGE BUDGE,SDAH,SEALDAH,11,30
34128,SDAH,SEALDAH,BGB,BUDGE BUDGE,11,30
34129,BGB,BUDGE BUDGE,SDAH,SEALDAH,11,30
34130,SDAH,SEALDAH,BGB,BUDGE BUDGE,11,30
34131,BGB,BUDGE BUDGE,SDAH,SEALDAH,11,30
34132,SDAH,SEALDAH,BGB,BUDGE BUDGE,11,30
34133,BGB,BUDGE BUDGE,SDAH,SEALDAH,11,30
34134,SDAH,SEALDAH,BGB,BUDGE BUDGE,11,30
34135,BGB,BUDGE BUDGE,SDAH,SEALDAH,11,30
34136,SDAH,SEALDAH,BGB,BUDGE BUDGE,11,30
34137,BGB,BUDGE BUDGE,SDAH,SEALDAH,11,30
34138,SDAH,SEALDAH,BGB,BUDGE BUDGE,11,30
34139,BGB,BUDGE BUDGE,SDAH,SEALDAH,11,30
34140,SDAH,SEALDAH,BGB,BUDGE BUDGE,11,30
34141,BGB,BUDGE BUDGE,SDAH,SEALDAH,11,30
34142,SDAH,SEALDAH,BGB,BUDGE BUDGE,11,30
34143,BGB,BUDGE BUDGE,SDAH,SEALDAH,11,30
34144,SDAH,SEALDAH,BGB,BUDGE BUDGE,11,30
34145,BGB,BUDGE BUDGE,SDAH,SEALDAH,11,30
34146,SDAH,SEALDAH,BGB,BUDGE BUDGE,11,30
34147,BGB,BUDGE BUDGE,SDAH,SEALDAH,11,30
34148,SDAH,SEALDAH,BGB,BUDGE BUDGE,11,30
34149,BGB,BUDGE BUDGE,SDAH,SEALDAH,11,30
34150,SDAH,SEALDAH,BGB,BUDGE BUDGE,11,30
34151,BGB,BUDGE BUDGE,SDAH,SEALDAH,11,30
34152,SDAH,SEALDAH,BGB,BUDGE BUDGE,11,30
34153,BGB,BUDGE BUDGE,SDAH,SEALDAH,11,30
34154,SDAH,SEALDAH,BGB,BUDGE BUDGE,11,30
34155,BGB,BUDGE BUDGE,SDAH,SEALDAH,11,30
34156,SDAH,SEALDAH,BGB,BUDGE BUDGE,11,30
34157,BGB,BUDGE BUDGE,SDAH,SEALDAH,11,30
34158,SDAH,SEALDAH,BGB,BUDGE BUDGE,11,30
34159,BGB,BUDGE BUDGE,SDAH,SEALDAH,11,30
34160,SDAH,SEALDAH,BGB,BUDGE BUDGE,11,30
34161,BGB,BUDGE BUDGE,SDAH,SEALDAH,11,30
34162,SDAH,SEALDAH,BGB,BUDGE BUDGE,11,30
34163,BGB,BUDGE BUDGE,SDAH,SEALDAH,11,30
34164,SDAH,SEALDAH,BGB,BUDGE BUDGE,11,30
34165,BGB,BUDGE BUDGE,SDAH,SEALDAH,11,30
34166,SDAH,SEALDAH,BGB,BUDGE BUDGE,11,30
34311,BRP,BARUIPUR JN.,SPR,SONARPUR JN.,4,8
34312,SPR,SONARPUR JN.,BRP,BARUIPUR JN.,4,8
34313,BRP,BARUIPUR JN.,SPR,SONARPUR JN.,4,8
34331,LKPR,LAKSHMIKANTA,BRP,BARUIPUR JN.,13,36
34332,BRP,BARUIPUR JN.,LKPR,LAKSHMIKANTA,13,36
34334,BRP,BARUIPUR JN.,LKPR,LAKSHMIKANTA,13,36
34351,CG,CANNING,SPR,SONARPUR JN.,10,29
34352,SPR,SONARPUR JN.,CG,CANNING,10,28
34353,CG,CANNING,SPR,SONARPUR JN.,9,29
34354,SPR,SONARPUR JN.,CG,CANNING,9,29
34355,CG,CANNING,SPR,SONARPUR JN.,7,29
34356,SPR,SONARPUR JN.,CG,CANNING,9,29
34358,SPR,SONARPUR JN.,CG,CANNING,9,29
34360,SPR,SONARPUR JN.,CG,CANNING,10,28
34411,SPR,SONARPUR JN.,SDAH,SEALDAH,8,16
34412,SDAH,SEALDAH,SPR,SONARPUR JN.,8,16
34413,SPR,SONARPUR JN.,SDAH,SEALDAH,8,16
34414,SDAH,SEALDAH,SPR,SONARPUR JN.,8,16
34415,SPR,SONARPUR JN.,SDAH,SEALDAH,8,16
34416,SDAH,SEALDAH,SPR,SONARPUR JN.,8,16
34417,SPR,SONARPUR JN.,SDAH,SEALDAH,8,16
34418,SDAH,SEALDAH,SPR,SONARPUR JN.,8,16
34419,SPR,SONARPUR JN.,SDAH,SEALDAH,8,16
34420,SDAH,SEALDAH,SPR,SONARPUR JN.,8,16
34421,SPR,SONARPUR JN.,SDAH,SEALDAH,8,16
34422,SDAH,SEALDAH,SPR,SONARPUR JN.,8,16
34423,SPR,SONARPUR JN.,SDAH,SEALDAH,8,16
34424,SDAH,SEALDAH,SPR,SONARPUR JN.,8,16
34425,SPR,SONARPUR JN.,SDAH,SEALDAH,8,16
34426,SDAH,SEALDAH,SPR,SONARPUR JN.,8,16
34427,SPR,SONARPUR JN.,SDAH,SEALDAH,8,16
34428,SDAH,SEALDAH,SPR,SONARPUR JN.,8,16
34429,SPR,SONARPUR JN.,SDAH,SEALDAH,8,16
34430,SDAH,SEALDAH,SPR,SONARPUR JN.,8,16
34431,SPR,SONARPUR JN.,SDAH,SEALDAH,8,16
34432,SDAH,SEALDAH,SPR,SONARPUR JN.,8,16
34434,SDAH,SEALDAH,SPR,SONARPUR JN.,8,16
34436,SDAH,SEALDAH,SPR,SONARPUR JN.,9,16
34501,CG,CANNING,SDAH,SEALDAH,17,45
34502,SDAH,SEALDAH,CG,CANNING,17,45
34511,CG,CANNING,SDAH,SEALDAH,17,45
34512,SDAH,SEALDAH,CG,CANNING,16,45
34513,CG,CANNING,SDAH,SEALDAH,17,45
34514,SDAH,SEALDAH,CG,CANNING,17,45
34515,CG,CANNING,SDAH,SEALDAH,17,45
34516,SDAH,SEALDAH,CG,CANNING,16,45
34517,CG,CANNING,SDAH,SEALDAH,17,45
34518,SDAH,SEALDAH,CG,CANNING,17,45
34519,CG,CANNING,SDAH,SEALDAH,17,45
34520,SDAH,SEALDAH,CG,CANNING,17,45
34521,CG,CANNING,SDAH,SEALDAH,17,45
34522,SDAH,SEALDAH,CG,CANNING,17,45
34523,CG,CANNING,SDAH,SEALDAH,17,45
34524,SDAH,SEALDAH,CG,CANNING,17,45
34525,CG,CANNING,SDAH,SEALDAH,17,45
34526,SDAH,SEALDAH,CG,CANNING,17,45
34527,CG,CANNING,SDAH,SEALDAH,17,45
34528,SDAH,SEALDAH,CG,CANNING,17,45
34529,CG,CANNING,SDAH,SEALDAH,17,45
34530,SDAH,SEALDAH,CG,CANNING,17,45
34531,CG,CANNING,SDAH,SEALDAH,17,45
34532,SDAH,SEALDAH,CG,CANNING,17,45
34533,CG,CANNING,SDAH,SEALDAH,17,45
34534,SDAH,SEALDAH,CG,CANNING,17,45
34535,CG,CANNING,SDAH,SEALDAH,17,45
34536,SDAH,SEALDAH,CG,CANNING,17,45
34537,CG,CANNING,SDAH,SEALDAH,16,45
34538,SDAH,SEALDAH,CG,CANNING,17,45
34539,CG,CANNING,SDAH,SEALDAH,17,45
34540,SDAH,SEALDAH,CG,CANNING,17,45
34541,CG,CANNING,SDAH,SEALDAH,17,45
34542,SDAH,SEALDAH,CG,CANNING,17,45
34543,CG,CANNING,SDAH,SEALDAH,17,45
34544,SDAH,SEALDAH,CG,CANNING,16,45
34545,CG,CANNING,SDAH,SEALDAH,17,45
34546,SDAH,SEALDAH,CG,CANNING,17,45
34547,CG,CANNING,SDAH,SEALDAH,17,45
34548,SDAH,SEALDAH,CG,CANNING,17,45
34549,CG,CANNING,SDAH,SEALDAH,17,45
34550,SDAH,SEALDAH,CG,CANNING,17,45
34551,CG,CANNING,SDAH,SEALDAH,16,45
34552,SDAH,SEALDAH,CG,CANNING,17,45
34553,CG,CANNING,SDAH,SEALDAH,17,45
34554,SDAH,SEALDAH,CG,CANNING,17,45
34555,CG,CANNING,SDAH,SEALDAH,15,45
34557,CG,CANNING,SDAH,SEALDAH,17,45
34601,BRP,BARUIPUR JN.,SDAH,SEALDAH,11,24
34602,SDAH,SEALDAH,BRP,BARUIPUR JN.,11,24
34611,BRP,BARUIPUR JN.,SDAH,SEALDAH,11,24
34612,SDAH,SEALDAH,BRP,BARUIPUR JN.,11,24
34613,BRP,BARUIPUR JN.,SDAH,SEALDAH,11,24
34614,SDAH,SEALDAH,BRP,BARUIPUR JN.,11,24
34615,BRP,BARUIPUR JN.,SDAH,SEALDAH,11,24
34616,SDAH,SEALDAH,BRP,BARUIPUR JN.,11,24
34617,BRP,BARUIPUR JN.,SDAH,SEALDAH,11,24
34618,SDAH,SEALDAH,BRP,BARUIPUR JN.,11,24
34619,BRP,BARUIPUR JN.,SDAH,SEALDAH,11,24
34620,SDAH,SEALDAH,BRP,BARUIPUR JN.,11,24
34621,BRP,BARUIPUR JN.,SDAH,SEALDAH,11,24
34622,SDAH,SEALDAH,BRP,BARUIPUR JN.,11,24
34623,BRP,BARUIPUR JN.,SDAH,SEALDAH,11,24
34624,SDAH,SEALDAH,BRP,BARUIPUR JN.,11,24
34625,BRP,BARUIPUR JN.,SDAH,SEALDAH,11,24
34626,SDAH,SEALDAH,BRP,BARUIPUR JN.,10,24
34627,BRP,BARUIPUR JN.,SDAH,SEALDAH,11,24
34628,SDAH,SEALDAH,BRP,BARUIPUR JN.,11,24
34629,BRP,BARUIPUR JN.,SDAH,SEALDAH,11,24
34630,SDAH,SEALDAH,BRP,BARUIPUR JN.,11,24
34631,BRP,BARUIPUR JN.,SDAH,SEALDAH,11,24
34632,SDAH,SEALDAH,BRP,BARUIPUR JN.,11,24
34633,BRP,BARUIPUR JN.,SDAH,SEALDAH,11,24
34634,SDAH,SEALDAH,BRP,BARUIPUR JN.,11,24
34635,BRP,BARUIPUR JN.,SDAH,SEALDAH,11,24
34636,SDAH,SEALDAH,BRP,BARUIPUR JN.,11,24
34637,BRP,BARUIPUR JN.,SDAH,SEALDAH,11,24
34638,SDAH,SEALDAH,BRP,BARUIPUR JN.,11,24
34639,BRP,BARUIPUR JN.,SDAH,SEALDAH,11,24
34640,SDAH,SEALDAH,BRP,BARUIPUR JN.,11,24
34641,BRP,BARUIPUR JN.,SDAH,SEALDAH,11,24
34642,SDAH,SEALDAH,BRP,BARUIPUR JN.,11,24
34643,BRP,BARUIPUR JN.,SDAH,SEALDAH,11,24
34644,SDAH,SEALDAH,BRP,BARUIPUR JN.,11,24
34645,BRP,BARUIPUR JN.,SDAH,SEALDAH,11,24
34646,SDAH,SEALDAH,BRP,BARUIPUR JN.,11,24
34647,BRP,BARUIPUR JN.,SDAH,SEALDAH,11,24
34648,SDAH,SEALDAH,BRP,BARUIPUR JN.,11,24
34711,LKPR,LAKSHMIKANTA,SDAH,SEALDAH,19,61
34712,SDAH,SEALDAH,LKPR,LAKSHMIKANTA,19,61
34713,LKPR,LAKSHMIKANTA,SDAH,SEALDAH,21,61
34714,SDAH,SEALDAH,LKPR,LAKSHMIKANTA,20,61
34715,LKPR,LAKSHMIKANTA,SDAH,SEALDAH,23,61
34716,SDAH,SEALDAH,LKPR,LAKSHMIKANTA,21,61
34717,LKPR,LAKSHMIKANTA,SDAH,SEALDAH,21,61
34718,SDAH,SEALDAH,LKPR,LAKSHMIKANTA,21,61
34719,LKPR,LAKSHMIKANTA,SDAH,SEALDAH,22,61
34720,SDAH,SEALDAH,LKPR,LAKSHMIKANTA,23,61
34721,LKPR,LAKSHMIKANTA,SDAH,SEALDAH,23,61
34722,SDAH,SEALDAH,LKPR,LAKSHMIKANTA,23,61
34723,LKPR,LAKSHMIKANTA,SDAH,SEALDAH,23,61
34724,SDAH,SEALDAH,LKPR,LAKSHMIKANTA,23,61
34725,LKPR,LAKSHMIKANTA,SDAH,SEALDAH,22,61
34726,SDAH,SEALDAH,LKPR,LAKSHMIKANTA,23,61
34727,LKPR,LAKSHMIKANTA,SDAH,SEALDAH,23,61
34728,SDAH,SEALDAH,LKPR,LAKSHMIKANTA,21,61
34729,LKPR,LAKSHMIKANTA,SDAH,SEALDAH,23,61
34730,SDAH,SEALDAH,LKPR,LAKSHMIKANTA,23,61
34731,LKPR,LAKSHMIKANTA,SDAH,SEALDAH,23,61
34732,SDAH,SEALDAH,LKPR,LAKSHMIKANTA,23,61
34733,LKPR,LAKSHMIKANTA,SDAH,SEALDAH,22,61
34734,SDAH,SEALDAH,LKPR,LAKSHMIKANTA,23,61
34735,LKPR,LAKSHMIKANTA,SDAH,SEALDAH,21,61
34736,SDAH,SEALDAH,LKPR,LAKSHMIKANTA,23,61
34737,LKPR,LAKSHMIKANTA,SDAH,SEALDAH,23,61
34738,SDAH,SEALDAH,LKPR,LAKSHMIKANTA,23,61
34739,LKPR,LAKSHMIKANTA,SDAH,SEALDAH,21,61
34740,SDAH,SEALDAH,LKPR,LAKSHMIKANTA,23,61
34741,LKPR,LAKSHMIKANTA,SDAH,SEALDAH,23,61
34742,SDAH,SEALDAH,LKPR,LAKSHMIKANTA,23,61
34743,LKPR,LAKSHMIKANTA,SDAH,SEALDAH,23,61
34744,SDAH,SEALDAH,LKPR,LAKSHMIKANTA,23,61
34745,LKPR,LAKSHMIKANTA,SDAH,SEALDAH,23,61
34746,SDAH,SEALDAH,LKPR,LAKSHMIKANTA,23,61
34747,LKPR,LAKSHMIKANTA,SDAH,SEALDAH,21,61
34748,SDAH,SEALDAH,LKPR,LAKSHMIKANTA,21,61
34749,LKPR,LAKSHMIKANTA,SDAH,SEALDAH,23,61
34750,SDAH,SEALDAH,LKPR,LAKSHMIKANTA,21,61
34751,LKPR,LAKSHMIKANTA,SDAH,SEALDAH,21,61
34752,SDAH,SEALDAH,LKPR,LAKSHMIKANTA,21,61
34753,LKPR,LAKSHMIKANTA,SDAH,SEALDAH,21,61
34754,SDAH,SEALDAH,LKPR,LAKSHMIKANTA,21,61
34755,LKPR,LAKSHMIKANTA,SDAH,SEALDAH,21,61
34757,LKPR,LAKSHMIKANTA,SDAH,SEALDAH,21,61
34782,SDAH,SEALDAH,KWDP,KWAKDWIP,29,94
34791,NMKA,NAMKHANA,SDAH,SEALDAH,23,108
34792,SDAH,SEALDAH,NMKA,NAMKHANA,30,108
34793,NMKA,NAMKHANA,SDAH,SEALDAH,30,108
34794,SDAH,SEALDAH,NMKA,NAMKHANA,21,108
34811,DH,DIAMOND HARB,SDAH,SEALDAH,19,59
34812,SDAH,SEALDAH,DH,DIAMOND HARB,15,59
34813,DH,DIAMOND HARB,SDAH,SEALDAH,24,59
34814,SDAH,SEALDAH,DH,DIAMOND HARB,24,59
34815,DH,DIAMOND HARB,SDAH,SEALDAH,22,59
34816,SDAH,SEALDAH,DH,DIAMOND HARB,22,59
34817,DH,DIAMOND HARB,SDAH,SEALDAH,24,59
34818,SDAH,SEALDAH,DH,DIAMOND HARB,24,59
34819,DH,DIAMOND HARB,SDAH,SEALDAH,24,59
34820,SDAH,SEALDAH,DH,DIAMOND HARB,24,59
34821,DH,DIAMOND HARB,SDAH,SEALDAH,24,59
34822,SDAH,SEALDAH,DH,DIAMOND HARB,17,59
34823,DH,DIAMOND HARB,SDAH,SEALDAH,24,59
34824,SDAH,SEALDAH,DH,DIAMOND HARB,24,59
34825,DH,DIAMOND HARB,SDAH,SEALDAH,24,59
34826,SDAH,SEALDAH,DH,DIAMOND HARB,24,59
34827,DH,DIAMOND HARB,SDAH,SEALDAH,24,59
34828,SDAH,SEALDAH,DH,DIAMOND HARB,24,59
34829,DH,DIAMOND HARB,SDAH,SEALDAH,17,59
34830,SDAH,SEALDAH,DH,DIAMOND HARB,24,59
34831,DH,DIAMOND HARB,SDAH,SEALDAH,24,59
34832,SDAH,SEALDAH,DH,DIAMOND HARB,22,59
34833,DH,DIAMOND HARB,SDAH,SEALDAH,22,59
34834,SDAH,SEALDAH,DH,DIAMOND HARB,24,59
34835,DH,DIAMOND HARB,SDAH,SEALDAH,24,59
34836,SDAH,SEALDAH,DH,DIAMOND HARB,24,59
34837,DH,DIAMOND HARB,SDAH,SEALDAH,24,59
34838,SDAH,SEALDAH,DH,DIAMOND HARB,24,59
34839,DH,DIAMOND HARB,SDAH,SEALDAH,24,59
34840,SDAH,SEALDAH,DH,DIAMOND HARB,24,59
34841,DH,DIAMOND HARB,SDAH,SEALDAH,24,59
34842,SDAH,SEALDAH,DH,DIAMOND HARB,24,59
34843,DH,DIAMOND HARB,SDAH,SEALDAH,24,59
34844,SDAH,SEALDAH,DH,DIAMOND HARB,24,59
34845,DH,DIAMOND HARB,SDAH,SEALDAH,24,59
34846,SDAH,SEALDAH,DH,DIAMOND HARB,24,59
34847,DH,DIAMOND HARB,SDAH,SEALDAH,24,59
34848,SDAH,SEALDAH,DH,DIAMOND HARB,24,59
34849,DH,DIAMOND HARB,SDAH,SEALDAH,22,59
34850,SDAH,SEALDAH,DH,DIAMOND HARB,22,59
34851,DH,DIAMOND HARB,SDAH,SEALDAH,23,59
34852,SDAH,SEALDAH,DH,DIAMOND HARB,24,59
34853,DH,DIAMOND HARB,SDAH,SEALDAH,24,59
34854,SDAH,SEALDAH,DH,DIAMOND HARB,24,59
34855,DH,DIAMOND HARB,SDAH,SEALDAH,22,59
34856,SDAH,SEALDAH,DH,DIAMOND HARB,23,59
34857,DH,DIAMOND HARB,SDAH,SEALDAH,21,59
34858,SDAH,SEALDAH,DH,DIAMOND HARB,20,59
34859,DH,DIAMOND HARB,SDAH,SEALDAH,24,59
34860,SDAH,SEALDAH,DH,DIAMOND HARB,24,59
34881,DH,DIAMOND HARB,SPR,SONARPUR JN.,17,43
34882,SPR,SONARPUR JN.,DH,DIAMOND HARB,17,43
34891,DH,DIAMOND HARB,BRP,BARUIPUR JN.,14,34
34892,BRP,BARUIPUR JN.,DH,DIAMOND HARB,14,34
34898,SDAH,SEALDAH,MGT,MAGRAHAT,16,39
34899,MGT,MAGRAHAT,SDAH,SEALDAH,16,39
34911,NMKA,NAMKHANA,LKPR,LAKSHMIKANTA,8,46
34912,LKPR,LAKSHMIKANTA,NMKA,NAMKHANA,8,46
34913,NMKA,NAMKHANA,LKPR,LAKSHMIKANTA,8,46
34914,LKPR,LAKSHMIKANTA,NMKA,NAMKHANA,8,46
34915,NMKA,NAMKHANA,LKPR,LAKSHMIKANTA,8,46
34916,LKPR,LAKSHMIKANTA,NMKA,NAMKHANA,8,46
34917,NMKA,NAMKHANA,LKPR,LAKSHMIKANTA,8,46
34918,LKPR,LAKSHMIKANTA,NMKA,NAMKHANA,8,46
34919,NMKA,NAMKHANA,LKPR,LAKSHMIKANTA,8,46
34920,LKPR,LAKSHMIKANTA,NMKA,NAMKHANA,8,46
34921,NMKA,NAMKHANA,LKPR,LAKSHMIKANTA,8,46
34922,LKPR,LAKSHMIKANTA,NMKA,NAMKHANA,8,46
34923,NMKA,NAMKHANA,LKPR,LAKSHMIKANTA,8,46
34924,LKPR,LAKSHMIKANTA,NMKA,NAMKHANA,8,46
34925,NMKA,NAMKHANA,LKPR,LAKSHMIKANTA,8,46
34926,LKPR,LAKSHMIKANTA,NMKA,NAMKHANA,8,46
34927,NMKA,NAMKHANA,LKPR,LAKSHMIKANTA,8,46
34928,LKPR,LAKSHMIKANTA,NMKA,NAMKHANA,8,46
34929,NMKA,NAMKHANA,LKPR,LAKSHMIKANTA,8,46
34930,LKPR,LAKSHMIKANTA,NMKA,NAMKHANA,8,46
34931,NMKA,NAMKHANA,LKPR,LAKSHMIKANTA,8,46
34932,LKPR,LAKSHMIKANTA,NMKA,NAMKHANA,8,46
34933,NMKA,NAMKHANA,LKPR,LAKSHMIKANTA,8,46
34934,LKPR,LAKSHMIKANTA,NMKA,NAMKHANA,8,46
34981,KWDP,KWAKDWIP,LKPR,LAKSHMIKANTA,7,33
35011,BWN,BARDDHAMAN J,BGNA,BALGONA,9,26
35012,BGNA,BALGONA,BWN,BARDDHAMAN J,9,26
35013,BWN,BARDDHAMAN J,BGNA,BALGONA,9,26
35014,BWN,BARDDHAMAN J,BGNA,BALGONA,9,26
35015,BWN,BARDDHAMAN J,BGNA,BALGONA,9,26
35016,BGNA,BALGONA,BWN,BARDDHAMAN J,9,26
35017,BWN,BARDDHAMAN J,SPS,SHRIPAT SHRI,15,46
35018,SPS,SHRIPAT SHRI,BWN,BARDDHAMAN J,15,46
35019,BWN,BARDDHAMAN J,BGNA,BALGONA,9,26
35020,BGNA,BALGONA,BWN,BARDDHAMAN J,9,26
35021,BWN,BARDDHAMAN J,BGNA,BALGONA,9,26
35022,BGNA,BALGONA,BWN,BARDDHAMAN J,9,26
36011,HWH,HOWRAH JN.,BRPA,BARUI PARA,9,26
36012,BRPA,BARUI PARA,HWH,HOWRAH JN.,9,26
36031,HWH,HOWRAH JN.,CDAE,CHANDANPUR,14,40
36032,CDAE,CHANDANPUR,HWH,HOWRAH JN.,14,40
36033,HWH,HOWRAH JN.,CDAE,CHANDANPUR,14,40
36034,CDAE,CHANDANPUR,HWH,HOWRAH JN.,14,40
36035,HWH,HOWRAH JN.,CDAE,CHANDANPUR,14,40
36036,CDAE,CHANDANPUR,HWH,HOWRAH JN.,14,40
36037,HWH,HOWRAH JN.,CDAE,CHANDANPUR,14,40
36038,CDAE,CHANDANPUR,HWH,HOWRAH JN.,14,40
36071,HWH,HOWRAH JN.,GRAE,GURAP,18,58
36072,GRAE,GURAP,HWH,HOWRAH JN.,18,58
36081,HWH,HOWRAH JN.,MSAE,MASAGRAM,22,72
36082,MSAE,MASAGRAM,HWH,HOWRAH JN.,24,72
36083,HWH,HOWRAH JN.,MSAE,MASAGRAM,24,72
36084,MSAE,MASAGRAM,HWH,HOWRAH JN.,24,72
36085,HWH,HOWRAH JN.,MSAE,MASAGRAM,24,72
36086,MSAE,MASAGRAM,HWH,HOWRAH JN.,24,72
36087,HWH,HOWRAH JN.,MSAE,MASAGRAM,24,72
36088,MSAE,MASAGRAM,HWH,HOWRAH JN.,22,72
36811,HWH,HOWRAH JN.,BWN,BARDDHAMAN J,29,94
36812,BWN,BARDDHAMAN J,HWH,HOWRAH JN.,25,94
36813,HWH,HOWRAH JN.,BWN,BARDDHAMAN J,27,94
36814,BWN,BARDDHAMAN J,HWH,HOWRAH JN.,29,94
36815,HWH,HOWRAH JN.,BWN,BARDDHAMAN J,30,94
36816,BWN,BARDDHAMAN J,HWH,HOWRAH JN.,28,94
36817,HWH,HOWRAH JN.,BWN,BARDDHAMAN J,28,94
36818,BWN,BARDDHAMAN J,HWH,HOWRAH JN.,27,94
36819,HWH,HOWRAH JN.,BWN,BARDDHAMAN J,29,94
36820,BWN,BARDDHAMAN J,HWH,HOWRAH JN.,29,94
36821,HWH,HOWRAH JN.,BWN,BARDDHAMAN J,29,94
36822,BWN,BARDDHAMAN J,HWH,HOWRAH JN.,29,94
36823,HWH,HOWRAH JN.,BWN,BARDDHAMAN J,29,94
36824,BWN,BARDDHAMAN J,HWH,HOWRAH JN.,28,94
36825,HWH,HOWRAH JN.,BWN,BARDDHAMAN J,26,94
36826,BWN,BARDDHAMAN J,HWH,HOWRAH JN.,29,94
36827,HWH,HOWRAH JN.,BWN,BARDDHAMAN J,29,94
36828,BWN,BARDDHAMAN J,HWH,HOWRAH JN.,29,94
36829,HWH,HOWRAH JN.,BWN,BARDDHAMAN J,29,94
36830,BWN,BARDDHAMAN J,HWH,HOWRAH JN.,2,94
36831,HWH,HOWRAH JN.,BWN,BARDDHAMAN J,30,94
36832,BWN,BARDDHAMAN J,HWH,HOWRAH JN.,29,94
36833,HWH,HOWRAH JN.,BWN,BARDDHAMAN J,29,94
36834,BWN,BARDDHAMAN J,HWH,HOWRAH JN.,28,94
36835,HWH,HOWRAH JN.,BWN,BARDDHAMAN J,8,94
36836,BWN,BARDDHAMAN J,HWH,HOWRAH JN.,29,94
36837,HWH,HOWRAH JN.,BWN,BARDDHAMAN J,29,94
36838,BWN,BARDDHAMAN J,HWH,HOWRAH JN.,29,94
36839,HWH,HOWRAH JN.,BWN,BARDDHAMAN J,29,94
36840,BWN,BARDDHAMAN J,HWH,HOWRAH JN.,29,94
36841,HWH,HOWRAH JN.,BWN,BARDDHAMAN J,29,94
36842,BWN,BARDDHAMAN J,HWH,HOWRAH JN.,28,94
36843,HWH,HOWRAH JN.,BWN,BARDDHAMAN J,28,94
36844,BWN,BARDDHAMAN J,HWH,HOWRAH JN.,30,94
36845,HWH,HOWRAH JN.,BWN,BARDDHAMAN J,28,94
36846,BWN,BARDDHAMAN J,HWH,HOWRAH JN.,30,94
36847,HWH,HOWRAH JN.,BWN,BARDDHAMAN J,29,94
36848,BWN,BARDDHAMAN J,HWH,HOWRAH JN.,29,94
36849,HWH,HOWRAH JN.,BWN,BARDDHAMAN J,29,94
36850,BWN,BARDDHAMAN J,HWH,HOWRAH JN.,29,94
36851,HWH,HOWRAH JN.,BWN,BARDDHAMAN J,26,94
36852,BWN,BARDDHAMAN J,HWH,HOWRAH JN.,29,94
36853,HWH,HOWRAH JN.,BWN,BARDDHAMAN J,30,94
36854,BWN,BARDDHAMAN J,HWH,HOWRAH JN.,29,94
36855,HWH,HOWRAH JN.,BWN,BARDDHAMAN J,29,94
36856,BWN,BARDDHAMAN J,HWH,HOWRAH JN.,29,94
36858,BWN,BARDDHAMAN J,HWH,HOWRAH JN.,29,94
36860,BWN,BARDDHAMAN J,HWH,HOWRAH JN.,30,94
37011,HWH,HOWRAH JN.,SRP,SHRIRAMPUR,9,19
37012,SRP,SHRIRAMPUR,HWH,HOWRAH JN.,9,19
37013,HWH,HOWRAH JN.,SRP,SHRIRAMPUR,9,19
37014,SRP,SHRIRAMPUR,HWH,HOWRAH JN.,9,19
37017,HWH,HOWRAH JN.,SRP,SHRIRAMPUR,9,19
37018,SRP,SHRIRAMPUR,HWH,HOWRAH JN.,9,19
37019,HWH,HOWRAH JN.,SRP,SHRIRAMPUR,9,19
37020,SRP,SHRIRAMPUR,HWH,HOWRAH JN.,9,19
37021,HWH,HOWRAH JN.,SRP,SHRIRAMPUR,9,19
37022,SRP,SHRIRAMPUR,HWH,HOWRAH JN.,9,19
37041,HWH,HOWRAH JN.,SHE,SEORAPHULI J,10,22
37042,SHE,SEORAPHULI J,HWH,HOWRAH JN.,10,22
37043,HWH,HOWRAH JN.,SHE,SEORAPHULI J,10,22
37044,SHE,SEORAPHULI J,HWH,HOWRAH JN.,10,22
37045,HWH,HOWRAH JN.,SHE,SEORAPHULI J,10,22
37046,SHE,SEORAPHULI J,HWH,HOWRAH JN.,10,22
37047,HWH,HOWRAH JN.,SHE,SEORAPHULI J,10,22
37048,SHE,SEORAPHULI J,HWH,HOWRAH JN.,10,22
37049,HWH,HOWRAH JN.,SHE,SEORAPHULI J,10,22
37050,SHE,SEORAPHULI J,HWH,HOWRAH JN.,10,22
37053,HWH,HOWRAH JN.,SHE,SEORAPHULI J,10,22
37054,SHE,SEORAPHULI J,HWH,HOWRAH JN.,10,22
37055,HWH,HOWRAH JN.,SHE,SEORAPHULI J,10,22
37056,SHE,SEORAPHULI J,HWH,HOWRAH JN.,10,22
37057,HWH,HOWRAH JN.,SHE,SEORAPHULI J,10,22
37058,SHE,SEORAPHULI J,HWH,HOWRAH JN.,10,22
37060,SHE,SEORAPHULI J,HWH,HOWRAH JN.,10,22
37061,HWH,HOWRAH JN.,SHE,SEORAPHULI J,10,22
37062,SHE,SEORAPHULI J,HWH,HOWRAH JN.,10,22
37063,HWH,HOWRAH JN.,SHE,SEORAPHULI J,10,22
37064,SHE,SEORAPHULI J,HWH,HOWRAH JN.,10,22
37065,HWH,HOWRAH JN.,SHE,SEORAPHULI J,10,22
37066,SHE,SEORAPHULI J,HWH,HOWRAH JN.,10,22
37067,HWH,HOWRAH JN.,SHE,SEORAPHULI J,10,22
37068,SHE,SEORAPHULI J,HWH,HOWRAH JN.,10,22
37111,HWH,HOWRAH JN.,BRMH,BELURMATH,2,6
37112,BRMH,BELURMATH,HWH,HOWRAH JN.,3,6
37113,HWH,HOWRAH JN.,BRMH,BELURMATH,2,6
37114,BRMH,BELURMATH,HWH,HOWRAH JN.,3,6
37115,HWH,HOWRAH JN.,BRMH,BELURMATH,2,6
37116,BRMH,BELURMATH,HWH,HOWRAH JN.,3,6
37117,HWH,HOWRAH JN.,BRMH,BELURMATH,2,6
37118,BRMH,BELURMATH,HWH,HOWRAH JN.,3,6
37119,HWH,HOWRAH JN.,BRMH,BELURMATH,2,6
37120,BRMH,BELURMATH,HWH,HOWRAH JN.,3,6
37121,HWH,HOWRAH JN.,BRMH,BELURMATH,2,6
37122,BRMH,BELURMATH,HWH,HOWRAH JN.,3,6
37201,HWH,HOWRAH JN.,BDC,BANDEL JN.,17,39
37202,BDC,BANDEL JN.,HWH,HOWRAH JN.,17,39
37211,HWH,HOWRAH JN.,BDC,BANDEL JN.,17,39
37212,BDC,BANDEL JN.,HWH,HOWRAH JN.,17,39
37213,HWH,HOWRAH JN.,BDC,BANDEL JN.,17,39
37214,BDC,BANDEL JN.,HWH,HOWRAH JN.,17,39
37215,HWH,HOWRAH JN.,BDC,BANDEL JN.,17,39
37216,BDC,BANDEL JN.,HWH,HOWRAH JN.,17,39
37217,HWH,HOWRAH JN.,BDC,BANDEL JN.,17,39
37218,BDC,BANDEL JN.,HWH,HOWRAH JN.,17,39
37219,HWH,HOWRAH JN.,BDC,BANDEL JN.,17,39
37220,BDC,BANDEL JN.,HWH,HOWRAH JN.,17,39
37221,HWH,HOWRAH JN.,BDC,BANDEL JN.,17,39
37222,BDC,BANDEL JN.,HWH,HOWRAH JN.,17,39
37223,HWH,HOWRAH JN.,BDC,BANDEL JN.,17,39
37224,BDC,BANDEL JN.,HWH,HOWRAH JN.,17,39
37225,HWH,HOWRAH JN.,BDC,BANDEL JN.,17,39
37226,BDC,BANDEL JN.,HWH,HOWRAH JN.,17,39
37227,HWH,HOWRAH JN.,BDC,BANDEL JN.,17,39
37228,BDC,BANDEL JN.,HWH,HOWRAH JN.,17,39
37229,HWH,HOWRAH JN.,BDC,BANDEL JN.,17,39
37230,BDC,BANDEL JN.,HWH,HOWRAH JN.,17,39
37231,HWH,HOWRAH JN.,BDC,BANDEL JN.,17,39
37232,BDC,BANDEL JN.,HWH,HOWRAH JN.,17,39
37233,HWH,HOWRAH JN.,BDC,BANDEL JN.,17,39
37234,BDC,BANDEL JN.,HWH,HOWRAH JN.,17,39
37235,HWH,HOWRAH JN.,BDC,BANDEL JN.,17,39
37236,BDC,BANDEL JN.,HWH,HOWRAH JN.,17,39
37237,HWH,HOWRAH JN.,BDC,BANDEL JN.,17,39
37238,BDC,BANDEL JN.,HWH,HOWRAH JN.,17,39
37239,HWH,HOWRAH JN.,BDC,BANDEL JN.,17,39
37240,BDC,BANDEL JN.,HWH,HOWRAH JN.,17,39
37241,HWH,HOWRAH JN.,BDC,BANDEL JN.,17,39
37242,BDC,BANDEL JN.,HWH,HOWRAH JN.,17,39
37243,HWH,HOWRAH JN.,BDC,BANDEL JN.,17,39
37244,BDC,BANDEL JN.,HWH,HOWRAH JN.,17,39
37245,HWH,HOWRAH JN.,BDC,BANDEL JN.,17,39
37246,BDC,BANDEL JN.,HWH,HOWRAH JN.,17,39
37247,HWH,HOWRAH JN.,BDC,BANDEL JN.,17,39
37248,BDC,BANDEL JN.,HWH,HOWRAH JN.,17,39
37249,HWH,HOWRAH JN.,BDC,BANDEL JN.,17,39
37250,BDC,BANDEL JN.,HWH,HOWRAH JN.,17,39
37251,HWH,HOWRAH JN.,BDC,BANDEL JN.,17,39
37252,BDC,BANDEL JN.,HWH,HOWRAH JN.,17,39
37253,HWH,HOWRAH JN.,BDC,BANDEL JN.,17,39
37254,BDC,BANDEL JN.,HWH,HOWRAH JN.,17,39
37255,HWH,HOWRAH JN.,BDC,BANDEL JN.,17,39
37256,BDC,BANDEL JN.,HWH,HOWRAH JN.,17,39
37257,HWH,HOWRAH JN.,BDC,BANDEL JN.,17,39
37258,BDC,BANDEL JN.,HWH,HOWRAH JN.,17,39
37259,HWH,HOWRAH JN.,BDC,BANDEL JN.,17,39
37260,BDC,BANDEL JN.,HWH,HOWRAH JN.,17,39
37261,HWH,HOWRAH JN.,BDC,BANDEL JN.,17,39
37262,BDC,BANDEL JN.,HWH,HOWRAH JN.,17,39
37263,HWH,HOWRAH JN.,BDC,BANDEL JN.,17,39
37264,BDC,BANDEL JN.,HWH,HOWRAH JN.,17,39
37265,HWH,HOWRAH JN.,BDC,BANDEL JN.,17,39
37266,BDC,BANDEL JN.,HWH,HOWRAH JN.,17,39
37267,HWH,HOWRAH JN.,BDC,BANDEL JN.,17,39
37268,BDC,BANDEL JN.,HWH,HOWRAH JN.,17,39
37269,HWH,HOWRAH JN.,BDC,BANDEL JN.,17,39
37270,BDC,BANDEL JN.,HWH,HOWRAH JN.,17,39
37271,HWH,HOWRAH JN.,BDC,BANDEL JN.,17,39
37272,BDC,BANDEL JN.,HWH,HOWRAH JN.,17,39
37273,HWH,HOWRAH JN.,BDC,BANDEL JN.,17,39
37274,BDC,BANDEL JN.,HWH,HOWRAH JN.,17,39
37275,HWH,HOWRAH JN.,BDC,BANDEL JN.,17,39
37276,BDC,BANDEL JN.,HWH,HOWRAH JN.,17,39
37277,HWH,HOWRAH JN.,BDC,BANDEL JN.,17,39
37278,BDC,BANDEL JN.,HWH,HOWRAH JN.,17,39
37279,HWH,HOWRAH JN.,BDC,BANDEL JN.,17,39
37280,BDC,BANDEL JN.,HWH,HOWRAH JN.,17,39
37281,HWH,HOWRAH JN.,BDC,BANDEL JN.,17,39
37282,BDC,BANDEL JN.,HWH,HOWRAH JN.,17,39
37283,HWH,HOWRAH JN.,BDC,BANDEL JN.,17,39
37284,BDC,BANDEL JN.,HWH,HOWRAH JN.,17,39
37285,HWH,HOWRAH JN.,BDC,BANDEL JN.,17,39
37286,BDC,BANDEL JN.,HWH,HOWRAH JN.,17,39
37287,HWH,HOWRAH JN.,BDC,BANDEL JN.,17,39
37288,BDC,BANDEL JN.,HWH,HOWRAH JN.,17,39
37289,HWH,HOWRAH JN.,BDC,BANDEL JN.,17,39
37290,BDC,BANDEL JN.,HWH,HOWRAH JN.,17,39
37291,HWH,HOWRAH JN.,BDC,BANDEL JN.,17,39
37303,HWH,HOWRAH JN.,SIU,SINGUR,13,33
37304,SIU,SINGUR,HWH,HOWRAH JN.,13,33
37305,HWH,HOWRAH JN.,SIU,SINGUR,13,33
37306,SIU,SINGUR,HWH,HOWRAH JN.,13,33
37307,HWH,HOWRAH JN.,HPL,HARI PAL,17,44
37308,HPL,HARI PAL,HWH,HOWRAH JN.,17,44
37311,HWH,HOWRAH JN.,TAK,TARAKESHWAR,21,57
37312,TAK,TARAKESHWAR,HWH,HOWRAH JN.,21,57
37313,HWH,HOWRAH JN.,TAK,TARAKESHWAR,21,57
37314,TAK,TARAKESHWAR,HWH,HOWRAH JN.,21,57
37315,HWH,HOWRAH JN.,TAK,TARAKESHWAR,21,57
37316,TAK,TARAKESHWAR,HWH,HOWRAH JN.,21,57
37317,HWH,HOWRAH JN.,TAK,TARAKESHWAR,21,57
37318,TAK,TARAKESHWAR,HWH,HOWRAH JN.,21,57
37319,HWH,HOWRAH JN.,TAK,TARAKESHWAR,21,57
37320,TAK,TARAKESHWAR,HWH,HOWRAH JN.,20,57
37321,HWH,HOWRAH JN.,TAK,TARAKESHWAR,21,57
37322,TAK,TARAKESHWAR,HWH,HOWRAH JN.,18,57
37323,HWH,HOWRAH JN.,TAK,TARAKESHWAR,21,57
37324,TAK,TARAKESHWAR,HWH,HOWRAH JN.,21,57
37325,HWH,HOWRAH JN.,TAK,TARAKESHWAR,21,57
37326,TAK,TARAKESHWAR,HWH,HOWRAH JN.,21,57
37327,HWH,HOWRAH JN.,TAK,TARAKESHWAR,21,57
37328,TAK,TARAKESHWAR,HWH,HOWRAH JN.,21,57
37329,HWH,HOWRAH JN.,TAK,TARAKESHWAR,21,57
37330,TAK,TARAKESHWAR,HWH,HOWRAH JN.,21,57
37331,HWH,HOWRAH JN.,TAK,TARAKESHWAR,21,57
37332,TAK,TARAKESHWAR,HWH,HOWRAH JN.,21,57
37333,HWH,HOWRAH JN.,TAK,TARAKESHWAR,21,57
37334,TAK,TARAKESHWAR,HWH,HOWRAH JN.,21,57
37335,HWH,HOWRAH JN.,TAK,TARAKESHWAR,21,57
37336,TAK,TARAKESHWAR,HWH,HOWRAH JN.,21,57
37337,HWH,HOWRAH JN.,TAK,TARAKESHWAR,21,57
37338,TAK,TARAKESHWAR,HWH,HOWRAH JN.,21,57
37339,HWH,HOWRAH JN.,TAK,TARAKESHWAR,21,57
37340,TAK,TARAKESHWAR,HWH,HOWRAH JN.,21,57
37341,HWH,HOWRAH JN.,TAK,TARAKESHWAR,21,57
37342,TAK,TARAKESHWAR,HWH,HOWRAH JN.,21,57
37343,HWH,HOWRAH JN.,TAK,TARAKESHWAR,21,57
37344,TAK,TARAKESHWAR,HWH,HOWRAH JN.,21,57
37345,HWH,HOWRAH JN.,TAK,TARAKESHWAR,21,57
37346,TAK,TARAKESHWAR,HWH,HOWRAH JN.,21,57
37347,HWH,HOWRAH JN.,TAK,TARAKESHWAR,21,57
37348,TAK,TARAKESHWAR,HWH,HOWRAH JN.,21,57
37349,HWH,HOWRAH JN.,TAK,TARAKESHWAR,21,57
37350,TAK,TARAKESHWAR,HWH,HOWRAH JN.,21,57
37351,HWH,HOWRAH JN.,TAK,TARAKESHWAR,21,57
37352,TAK,TARAKESHWAR,HWH,HOWRAH JN.,21,57
37354,TAK,TARAKESHWAR,HWH,HOWRAH JN.,21,57
37361,HWH,HOWRAH JN.,AMBG,ARAMBAG,23,81
37362,AMBG,ARAMBAG,HWH,HOWRAH JN.,23,81
37363,HWH,HOWRAH JN.,AMBG,ARAMBAG,23,81
37364,AMBG,ARAMBAG,HWH,HOWRAH JN.,23,81
37365,HWH,HOWRAH JN.,AMBG,ARAMBAG,23,81
37366,AMBG,ARAMBAG,HWH,HOWRAH JN.,23,81
37367,HWH,HOWRAH JN.,AMBG,ARAMBAG,23,81
37368,AMBG,ARAMBAG,HWH,HOWRAH JN.,23,81
37371,HWH,HOWRAH JN.,AMBG,ARAMBAG,23,81
37372,AMBG,ARAMBAG,HWH,HOWRAH JN.,22,81
37373,HWH,HOWRAH JN.,AMBG,ARAMBAG,23,81
37374,AMBG,ARAMBAG,HWH,HOWRAH JN.,23,81
37375,HWH,HOWRAH JN.,AMBG,ARAMBAG,23,81
37376,AMBG,ARAMBAG,HWH,HOWRAH JN.,23,81
37378,AMBG,ARAMBAG,HWH,HOWRAH JN.,23,81
37379,HWH,HOWRAH JN.,AMBG,ARAMBAG,23,81
37385,TAK,TARAKESHWAR,AMBG,ARAMBAG,3,24
37386,AMBG,ARAMBAG,TAK,TARAKESHWAR,3,24
37387,TAK,TARAKESHWAR,AMBG,ARAMBAG,5,24
37388,AMBG,ARAMBAG,TAK,TARAKESHWAR,5,24
37389,TAK,TARAKESHWAR,AMBG,ARAMBAG,3,24
37390,AMBG,ARAMBAG,TAK,TARAKESHWAR,3,24
37391,TAK,TARAKESHWAR,AMBG,ARAMBAG,5,24
37392,AMBG,ARAMBAG,TAK,TARAKESHWAR,3,24
37394,AMBG,ARAMBAG,TAK,TARAKESHWAR,5,24
37411,SHE,SEORAPHULI J,TAK,TARAKESHWAR,12,34
37412,TAK,TARAKESHWAR,SHE,SEORAPHULI J,12,34
37413,SHE,SEORAPHULI J,TAK,TARAKESHWAR,12,34
37414,TAK,TARAKESHWAR,SHE,SEORAPHULI J,12,34
37511,BLY,BALLY,BDC,BANDEL JN.,14,30
37512,BDC,BANDEL JN.,BLY,BALLY,14,30
37521,NH,NAIHATI JN.,BDC,BANDEL JN.,4,8
37522,BDC,BANDEL JN.,NH,NAIHATI JN.,4,8
37523,NH,NAIHATI JN.,BDC,BANDEL JN.,4,8
37524,BDC,BANDEL JN.,NH,NAIHATI JN.,4,8
37525,NH,NAIHATI JN.,BDC,BANDEL JN.,4,8
37526,BDC,BANDEL JN.,NH,NAIHATI JN.,4,8
37527,NH,NAIHATI JN.,BDC,BANDEL JN.,4,8
37528,BDC,BANDEL JN.,NH,NAIHATI JN.,4,8
37529,NH,NAIHATI JN.,BDC,BANDEL JN.,4,8
37530,BDC,BANDEL JN.,NH,NAIHATI JN.,4,8
37531,NH,NAIHATI JN.,BDC,BANDEL JN.,4,8
37532,BDC,BANDEL JN.,NH,NAIHATI JN.,4,8
37533,NH,NAIHATI JN.,BDC,BANDEL JN.,4,8
37534,BDC,BANDEL JN.,NH,NAIHATI JN.,4,8
37535,NH,NAIHATI JN.,BDC,BANDEL JN.,4,8
37536,BDC,BANDEL JN.,NH,NAIHATI JN.,4,8
37537,NH,NAIHATI JN.,BDC,BANDEL JN.,4,8
37538,BDC,BANDEL JN.,NH,NAIHATI JN.,4,8
37539,NH,NAIHATI JN.,BDC,BANDEL JN.,4,8
37540,BDC,BANDEL JN.,NH,NAIHATI JN.,4,8
37541,NH,NAIHATI JN.,BDC,BANDEL JN.,4,8
37542,BDC,BANDEL JN.,NH,NAIHATI JN.,4,8
37543,NH,NAIHATI JN.,BDC,BANDEL JN.,4,8
37544,BDC,BANDEL JN.,NH,NAIHATI JN.,4,8
37545,NH,NAIHATI JN.,BDC,BANDEL JN.,4,8
37546,BDC,BANDEL JN.,NH,NAIHATI JN.,4,8
37547,NH,NAIHATI JN.,BDC,BANDEL JN.,4,8
37548,BDC,BANDEL JN.,NH,NAIHATI JN.,4,8
37549,NH,NAIHATI JN.,BDC,BANDEL JN.,4,8
37550,BDC,BANDEL JN.,NH,NAIHATI JN.,4,8
37551,NH,NAIHATI JN.,BDC,BANDEL JN.,4,8
37552,BDC,BANDEL JN.,NH,NAIHATI JN.,4,8
37553,NH,NAIHATI JN.,BDC,BANDEL JN.,4,8
37554,BDC,BANDEL JN.,NH,NAIHATI JN.,4,8
37555,NH,NAIHATI JN.,BDC,BANDEL JN.,4,8
37556,BDC,BANDEL JN.,NH,NAIHATI JN.,4,8
37557,NH,NAIHATI JN.,BDC,BANDEL JN.,4,8
37558,BDC,BANDEL JN.,NH,NAIHATI JN.,4,8
37611,HWH,HOWRAH JN.,PDA,PUNDOOAH,20,60
37612,PDA,PUNDOOAH,HWH,HOWRAH JN.,15,60
37614,PDA,PUNDOOAH,HWH,HOWRAH JN.,20,60
37651,HWH,HOWRAH JN.,MYM,MEMARI,18,81
37652,MYM,MEMARI,HWH,HOWRAH JN.,18,81
37653,HWH,HOWRAH JN.,MYM,MEMARI,28,81
37654,MYM,MEMARI,HWH,HOWRAH JN.,28,81
37655,HWH,HOWRAH JN.,MYM,MEMARI,28,81
37656,MYM,MEMARI,HWH,HOWRAH JN.,28,81
37657,HWH,HOWRAH JN.,MYM,MEMARI,28,81
37658,MYM,MEMARI,HWH,HOWRAH JN.,28,81
37711,BDC,BANDEL JN.,PDA,PUNDOOAH,6,21
37731,BDC,BANDEL JN.,MYM,MEMARI,12,42
37732,MYM,MEMARI,BDC,BANDEL JN.,12,42
37741,BDC,BANDEL JN.,KWAE,KATWA JN.,27,104
37742,KWAE,KATWA JN.,BDC,BANDEL JN.,25,104
37743,BDC,BANDEL JN.,KWAE,KATWA JN.,24,104
37744,KWAE,KATWA JN.,BDC,BANDEL JN.,28,104
37745,BDC,BANDEL JN.,KWAE,KATWA JN.,26,104
37746,KWAE,KATWA JN.,BDC,BANDEL JN.,27,104
37747,BDC,BANDEL JN.,KWAE,KATWA JN.,27,104
37748,KWAE,KATWA JN.,BDC,BANDEL JN.,28,104
37750,KWAE,KATWA JN.,BDC,BANDEL JN.,28,104
37751,BDC,BANDEL JN.,KWAE,KATWA JN.,28,104
37752,KWAE,KATWA JN.,BDC,BANDEL JN.,28,104
37753,BDC,BANDEL JN.,KWAE,KATWA JN.,28,104
37754,KWAE,KATWA JN.,BDC,BANDEL JN.,25,104
37756,KWAE,KATWA JN.,BDC,BANDEL JN.,28,104
37757,BDC,BANDEL JN.,KWAE,KATWA JN.,24,104
37758,KWAE,KATWA JN.,BDC,BANDEL JN.,25,104
37781,BDC,BANDEL JN.,BWN,BARDDHAMAN J,18,67
37782,BWN,BARDDHAMAN J,BDC,BANDEL JN.,18,67
37783,BDC,BANDEL JN.,BWN,BARDDHAMAN J,18,67
37784,BWN,BARDDHAMAN J,BDC,BANDEL JN.,18,67
37785,BDC,BANDEL JN.,BWN,BARDDHAMAN J,18,67
37786,BWN,BARDDHAMAN J,BDC,BANDEL JN.,18,67
37811,HWH,HOWRAH JN.,BWN,BARDDHAMAN J,34,106
37812,BWN,BARDDHAMAN J,HWH,HOWRAH JN.,32,106
37813,HWH,HOWRAH JN.,BWN,BARDDHAMAN J,34,106
37814,BWN,BARDDHAMAN J,HWH,HOWRAH JN.,34,106
37815,HWH,HOWRAH JN.,BWN,BARDDHAMAN J,27,106
37816,BWN,BARDDHAMAN J,HWH,HOWRAH JN.,34,106
37817,HWH,HOWRAH JN.,BWN,BARDDHAMAN J,34,106
37818,BWN,BARDDHAMAN J,HWH,HOWRAH JN.,34,106
37819,HWH,HOWRAH JN.,BWN,BARDDHAMAN J,34,106
37820,BWN,BARDDHAMAN J,HWH,HOWRAH JN.,34,106
37821,HWH,HOWRAH JN.,BWN,BARDDHAMAN J,34,106
37822,BWN,BARDDHAMAN J,HWH,HOWRAH JN.,3,106
37823,HWH,HOWRAH JN.,BWN,BARDDHAMAN J,34,106
37824,BWN,BARDDHAMAN J,HWH,HOWRAH JN.,28,106
37825,HWH,HOWRAH JN.,BWN,BARDDHAMAN J,34,106
37826,BWN,BARDDHAMAN J,HWH,HOWRAH JN.,22,106
37827,HWH,HOWRAH JN.,BWN,BARDDHAMAN J,34,106
37828,BWN,BARDDHAMAN J,HWH,HOWRAH JN.,27,106
37829,HWH,HOWRAH JN.,BWN,BARDDHAMAN J,34,106
37830,BWN,BARDDHAMAN J,HWH,HOWRAH JN.,27,106
37831,HWH,HOWRAH JN.,BWN,BARDDHAMAN J,30,106
37832,BWN,BARDDHAMAN J,HWH,HOWRAH JN.,34,106
37833,HWH,HOWRAH JN.,BWN,BARDDHAMAN J,33,106
37834,BWN,BARDDHAMAN J,HWH,HOWRAH JN.,34,106
37835,HWH,HOWRAH JN.,BWN,BARDDHAMAN J,21,106
37836,BWN,BARDDHAMAN J,HWH,HOWRAH JN.,34,106
37837,HWH,HOWRAH JN.,BWN,BARDDHAMAN J,27,106
37838,BWN,BARDDHAMAN J,HWH,HOWRAH JN.,34,106
37839,HWH,HOWRAH JN.,BWN,BARDDHAMAN J,29,106
37840,BWN,BARDDHAMAN J,HWH,HOWRAH JN.,34,106
37841,HWH,HOWRAH JN.,BWN,BARDDHAMAN J,22,106
37842,BWN,BARDDHAMAN J,HWH,HOWRAH JN.,34,106
37843,HWH,HOWRAH JN.,BWN,BARDDHAMAN J,3,106
37844,BWN,BARDDHAMAN J,HWH,HOWRAH JN.,22,106
37845,HWH,HOWRAH JN.,BWN,BARDDHAMAN J,30,106
37846,BWN,BARDDHAMAN J,HWH,HOWRAH JN.,33,106
37847,HWH,HOWRAH JN.,BWN,BARDDHAMAN J,27,106
37848,BWN,BARDDHAMAN J,HWH,HOWRAH JN.,34,106
37849,HWH,HOWRAH JN.,BWN,BARDDHAMAN J,11,106
37850,BWN,BARDDHAMAN J,HWH,HOWRAH JN.,34,106
37851,HWH,HOWRAH JN.,BWN,BARDDHAMAN J,34,106
37852,BWN,BARDDHAMAN J,HWH,HOWRAH JN.,34,106
37853,HWH,HOWRAH JN.,BWN,BARDDHAMAN J,30,106
37854,BWN,BARDDHAMAN J,HWH,HOWRAH JN.,34,106
37855,HWH,HOWRAH JN.,BWN,BARDDHAMAN J,34,106
37857,HWH,HOWRAH JN.,BWN,BARDDHAMAN J,34,106
37911,HWH,HOWRAH JN.,KWAE,KATWA JN.,44,143
37912,KWAE,KATWA JN.,HWH,HOWRAH JN.,41,144
37913,HWH,HOWRAH JN.,KWAE,KATWA JN.,44,143
37914,KWAE,KATWA JN.,HWH,HOWRAH JN.,29,144
37915,HWH,HOWRAH JN.,KWAE,KATWA JN.,30,144
37916,KWAE,KATWA JN.,HWH,HOWRAH JN.,31,144
37917,HWH,HOWRAH JN.,KWAE,KATWA JN.,44,143
37918,KWAE,KATWA JN.,HWH,HOWRAH JN.,44,144
37919,HWH,HOWRAH JN.,KWAE,KATWA JN.,33,144
37920,KWAE,KATWA JN.,HWH,HOWRAH JN.,30,144
37921,HWH,HOWRAH JN.,KWAE,KATWA JN.,39,143
37922,KWAE,KATWA JN.,HWH,HOWRAH JN.,44,144
37923,HWH,HOWRAH JN.,KWAE,KATWA JN.,31,144
37924,KWAE,KATWA JN.,HWH,HOWRAH JN.,30,144
37925,HWH,HOWRAH JN.,KWAE,KATWA JN.,29,144
37926,KWAE,KATWA JN.,HWH,HOWRAH JN.,44,144
37927,HWH,HOWRAH JN.,KWAE,KATWA JN.,41,143
37928,KWAE,KATWA JN.,HWH,HOWRAH JN.,40,144
38031,SHM,SHALIMAR,SRC,SANTRAGACHI,3,5
38032,SRC,SANTRAGACHI,SHM,SHALIMAR,3,5
38033,SHM,SHALIMAR,SRC,SANTRAGACHI,3,5
38034,SRC,SANTRAGACHI,SHM,SHALIMAR,3,5
38036,SRC,SANTRAGACHI,SHM,SHALIMAR,3,5
38051,HWH,HOWRAH JN.,HLZ,HALDIA,38,140
38052,HLZ,HALDIA,HWH,HOWRAH JN.,26,139
38053,HWH,HOWRAH JN.,HLZ,HALDIA,21,136
38054,HLZ,HALDIA,PKU,PANSKURA,14,68
38055,PKU,PANSKURA,HLZ,HALDIA,14,68
38056,HLZ,HALDIA,HWH,HOWRAH JN.,20,137
38057,HWH,HOWRAH JN.,HLZ,HALDIA,34,140
38058,HLZ,HALDIA,HWH,HOWRAH JN.,26,139
38101,SRC,SANTRAGACHI,ULB,ULUBARIA,9,24
38102,ULB,ULUBARIA,SRC,SANTRAGACHI,9,24
38103,HWH,HOWRAH JN.,ULB,ULUBARIA,13,32
38104,ULB,ULUBARIA,HWH,HOWRAH JN.,13,32
38105,HWH,HOWRAH JN.,ULB,ULUBARIA,14,32
38106,ULB,ULUBARIA,HWH,HOWRAH JN.,13,32
38107,SRC,SANTRAGACHI,ULB,ULUBARIA,9,24
38108,ULB,ULUBARIA,HWH,HOWRAH JN.,13,32
38202,BZN,BAGNAN,HWH,HOWRAH JN.,16,45
38204,BZN,BAGNAN,HWH,HOWRAH JN.,16,45
38206,BZN,BAGNAN,SRC,SANTRAGACHI,12,37
38301,SRC,SANTRAGACHI,MCA,MECHEDA,17,50
38302,MCA,MECHEDA,HWH,HOWRAH JN.,20,58
38303,HWH,HOWRAH JN.,MCA,MECHEDA,21,58
38304,MCA,MECHEDA,HWH,HOWRAH JN.,20,58
38305,SHM,SHALIMAR,MCA,MECHEDA,18,56
38306,MCA,MECHEDA,HWH,HOWRAH JN.,20,58
38307,HWH,HOWRAH JN.,MCA,MECHEDA,20,58
38308,MCA,MECHEDA,HWH,HOWRAH JN.,20,58
38310,MCA,MECHEDA,SHM,SHALIMAR,18,55
38312,MCA,MECHEDA,HWH,HOWRAH JN.,20,58
38314,MCA,MECHEDA,HWH,HOWRAH JN.,20,58
38316,MCA,MECHEDA,SRC,SANTRAGACHI,16,50
38318,MCA,MECHEDA,HWH,HOWRAH JN.,20,58
38321,HWH,HOWRAH JN.,MCA,MECHEDA,20,58
38401,HWH,HOWRAH JN.,PKU,PANSKURA,25,71
38402,PKU,PANSKURA,HWH,HOWRAH JN.,24,70
38403,HWH,HOWRAH JN.,PKU,PANSKURA,25,71
38404,PKU,PANSKURA,HWH,HOWRAH JN.,24,70
38405,HWH,HOWRAH JN.,PKU,PANSKURA,25,71
38406,PKU,PANSKURA,HWH,HOWRAH JN.,24,70
38407,SRC,SANTRAGACHI,PKU,PANSKURA,21,63
38408,PKU,PANSKURA,HWH,HOWRAH JN.,24,70
38409,HWH,HOWRAH JN.,PKU,PANSKURA,25,71
38410,PKU,PANSKURA,HWH,HOWRAH JN.,24,70
38411,HWH,HOWRAH JN.,PKU,PANSKURA,24,71
38412,PKU,PANSKURA,HWH,HOWRAH JN.,24,70
38413,HWH,HOWRAH JN.,PKU,PANSKURA,25,71
38414,PKU,PANSKURA,HWH,HOWRAH JN.,24,70
38416,PKU,PANSKURA,HWH,HOWRAH JN.,24,70
38419,HWH,HOWRAH JN.,PKU,PANSKURA,25,71
38421,HWH,HOWRAH JN.,PKU,PANSKURA,24,71
38423,HWH,HOWRAH JN.,PKU,PANSKURA,24,71
38425,HWH,HOWRAH JN.,PKU,PANSKURA,24,71
38427,HWH,HOWRAH JN.,PKU,PANSKURA,23,71
38431,HWH,HOWRAH JN.,PKU,PANSKURA,24,71
38433,HWH,HOWRAH JN.,PKU,PANSKURA,23,71
38437,HWH,HOWRAH JN.,PKU,PANSKURA,24,71
38447,HWH,HOWRAH JN.,PKU,PANSKURA,24,71
38449,HWH,HOWRAH JN.,PKU,PANSKURA,24,71
38451,HWH,HOWRAH JN.,PKU,PANSKURA,24,71
38452,PKU,PANSKURA,HWH,HOWRAH JN.,24,70
38453,HWH,HOWRAH JN.,PKU,PANSKURA,24,71
38454,PKU,PANSKURA,HWH,HOWRAH JN.,24,70
38455,HWH,HOWRAH JN.,PKU,PANSKURA,24,71
38456,PKU,PANSKURA,HWH,HOWRAH JN.,24,70
38501,HWH,HOWRAH JN.,BCK,BALICHAK,29,90
38502,BCK,BALICHAK,HWH,HOWRAH JN.,29,91
38601,HWH,HOWRAH JN.,KIG,KOLAGHAT,20,54
38602,KIG,KOLAGHAT,HWH,HOWRAH JN.,19,54
38701,HWH,HOWRAH JN.,KGP,KHARAGPUR,17,115
38702,KGP,KHARAGPUR,HWH,HOWRAH JN.,33,115
38703,HWH,HOWRAH JN.,KGP,KHARAGPUR,34,115
38704,KGP,KHARAGPUR,HWH,HOWRAH JN.,33,115
38705,HWH,HOWRAH JN.,KGP,KHARAGPUR,33,115
38706,KGP,KHARAGPUR,HWH,HOWRAH JN.,32,115
38707,HWH,HOWRAH JN.,KGP,KHARAGPUR,34,115
38708,KGP,KHARAGPUR,HWH,HOWRAH JN.,33,115
38709,SRC,SANTRAGACHI,KGP,KHARAGPUR,29,107
38710,KGP,KHARAGPUR,HWH,HOWRAH JN.,33,115
38711,HWH,HOWRAH JN.,KGP,KHARAGPUR,32,115
38713,HWH,HOWRAH JN.,KGP,KHARAGPUR,33,115
38719,HWH,HOWRAH JN.,KGP,KHARAGPUR,33,115
38726,KGP,KHARAGPUR,HWH,HOWRAH JN.,33,115
38728,KGP,KHARAGPUR,HWH,HOWRAH JN.,31,115
38730,KGP,KHARAGPUR,HWH,HOWRAH JN.,27,115
38801,HWH,HOWRAH JN.,MDN,MIDNAPORE,30,128
38802,MDN,MIDNAPORE,HWH,HOWRAH JN.,36,128
38803,HWH,HOWRAH JN.,MDN,MIDNAPORE,36,128
38804,MDN,MIDNAPORE,HWH,HOWRAH JN.,34,128
38805,HWH,HOWRAH JN.,MDN,MIDNAPORE,37,128
38806,MDN,MIDNAPORE,HWH,HOWRAH JN.,14,128
38807,HWH,HOWRAH JN.,MDN,MIDNAPORE,37,128
38808,MDN,MIDNAPORE,HWH,HOWRAH JN.,26,128
38809,HWH,HOWRAH JN.,MDN,MIDNAPORE,37,128
38810,MDN,MIDNAPORE,HWH,HOWRAH JN.,36,128
38811,HWH,HOWRAH JN.,MDN,MIDNAPORE,37,128
38812,MDN,MIDNAPORE,HWH,HOWRAH JN.,36,128
38813,HWH,HOWRAH JN.,MDN,MIDNAPORE,36,128
38814,MDN,MIDNAPORE,HWH,HOWRAH JN.,36,128
38815,HWH,HOWRAH JN.,MDN,MIDNAPORE,34,128
38816,MDN,MIDNAPORE,HWH,HOWRAH JN.,33,128
38817,HWH,HOWRAH JN.,MDN,MIDNAPORE,33,128
38818,MDN,MIDNAPORE,HWH,HOWRAH JN.,36,128
38819,HWH,HOWRAH JN.,MDN,MIDNAPORE,35,128
38820,MDN,MIDNAPORE,HWH,HOWRAH JN.,36,128
38821,HWH,HOWRAH JN.,MDN,MIDNAPORE,19,128
38822,MDN,MIDNAPORE,HWH,HOWRAH JN.,33,128
38823,HWH,HOWRAH JN.,MDN,MIDNAPORE,24,128
38824,MDN,MIDNAPORE,HWH,HOWRAH JN.,29,128
38825,HWH,HOWRAH JN.,MDN,MIDNAPORE,13,129
38826,MDN,MIDNAPORE,HWH,HOWRAH JN.,36,128
38827,HWH,HOWRAH JN.,MDN,MIDNAPORE,24,128
38828,MDN,MIDNAPORE,HWH,HOWRAH JN.,36,128
38829,HWH,HOWRAH JN.,MDN,MIDNAPORE,26,128
38830,MDN,MIDNAPORE,HWH,HOWRAH JN.,36,128
38831,HWH,HOWRAH JN.,MDN,MIDNAPORE,34,128
38832,MDN,MIDNAPORE,KGP,KHARAGPUR,4,12
38902,AMZ,AMTA,SRC,SANTRAGACHI,17,44
38905,HWH,HOWRAH JN.,AMZ,AMTA,21,51
38908,AMZ,AMTA,HWH,HOWRAH JN.,21,49
38909,HWH,HOWRAH JN.,AMZ,AMTA,21,51
38923,HWH,HOWRAH JN.,AMZ,AMTA,21,51
38924,AMZ,AMTA,HWH,HOWRAH JN.,21,49
40001,MSB,CHENNAI BEAC,TBM,TAMBARAM,18,29
40002,TBM,TAMBARAM,MSB,CHENNAI BEAC,18,29
40003,MSB,CHENNAI BEAC,TBM,TAMBARAM,18,29
40004,TBM,TAMBARAM,MSB,CHENNAI BEAC,18,29
40005,MSB,CHENNAI BEAC,TBM,TAMBARAM,6,29
40006,TBM,TAMBARAM,MSB,CHENNAI BEAC,18,29
40007,MSB,CHENNAI BEAC,TBM,TAMBARAM,18,29
40008,TBM,TAMBARAM,MSB,CHENNAI BEAC,18,29
40009,MSB,CHENNAI BEAC,TBM,TAMBARAM,18,29
40010,TBM,TAMBARAM,MSB,CHENNAI BEAC,18,29
40011,MSB,CHENNAI BEAC,TBM,TAMBARAM,18,29
40012,TBM,TAMBARAM,MSB,CHENNAI BEAC,18,29
40013,MSB,CHENNAI BEAC,TBM,TAMBARAM,18,29
40014,TBM,TAMBARAM,MSB,CHENNAI BEAC,18,29
40015,MSB,CHENNAI BEAC,TBM,TAMBARAM,18,29
40016,TBM,TAMBARAM,MSB,CHENNAI BEAC,18,29
40017,MSB,CHENNAI BEAC,TBM,TAMBARAM,18,29
40018,TBM,TAMBARAM,MSB,CHENNAI BEAC,18,29
40019,MSB,CHENNAI BEAC,PV,PALLAVARAM,15,23
40020,TBM,TAMBARAM,MSB,CHENNAI BEAC,18,29
40021,MSB,CHENNAI BEAC,STM,ST. THOMAS M,3,17
40022,TBM,TAMBARAM,MSB,CHENNAI BEAC,18,29
40023,MSB,CHENNAI BEAC,TBM,TAMBARAM,18,29
40025,MSB,CHENNAI BEAC,TBM,TAMBARAM,18,29
40026,TBM,TAMBARAM,MSB,CHENNAI BEAC,18,29
40027,MSB,CHENNAI BEAC,TBM,TAMBARAM,18,29
40028,TBM,TAMBARAM,MSB,CHENNAI BEAC,18,29
40029,MSB,CHENNAI BEAC,TBM,TAMBARAM,18,29
40030,TBM,TAMBARAM,MSB,CHENNAI BEAC,18,29
40031,MSB,CHENNAI BEAC,TBM,TAMBARAM,18,29
40032,TBM,TAMBARAM,MSB,CHENNAI BEAC,18,29
40033,MSB,CHENNAI BEAC,TBM,TAMBARAM,18,29
40034,TBM,TAMBARAM,MSB,CHENNAI BEAC,18,29
40035,MSB,CHENNAI BEAC,TBM,TAMBARAM,18,29
40036,TBM,TAMBARAM,MSB,CHENNAI BEAC,18,29
40037,MSB,CHENNAI BEAC,TBM,TAMBARAM,18,29
40038,TBM,TAMBARAM,MSB,CHENNAI BEAC,18,29
40039,MSB,CHENNAI BEAC,TBM,TAMBARAM,18,29
40040,TBM,TAMBARAM,MSB,CHENNAI BEAC,18,29
40041,MSB,CHENNAI BEAC,TBM,TAMBARAM,18,29
40042,STM,ST. THOMAS M,MSB,CHENNAI BEAC,2,17
40043,MSB,CHENNAI BEAC,TBM,TAMBARAM,18,29
40044,PV,PALLAVARAM,MSB,CHENNAI BEAC,2,23
40045,MSB,CHENNAI BEAC,TBM,TAMBARAM,18,29
40046,TBM,TAMBARAM,MSB,CHENNAI BEAC,18,29
40047,MSB,CHENNAI BEAC,TBM,TAMBARAM,18,29
40048,TBM,TAMBARAM,MSB,CHENNAI BEAC,18,29
40049,MSB,CHENNAI BEAC,TBM,TAMBARAM,18,29
40050,TBM,TAMBARAM,MSB,CHENNAI BEAC,18,29
40051,MSB,CHENNAI BEAC,TBM,TAMBARAM,18,29
40052,TBM,TAMBARAM,MSB,CHENNAI BEAC,2,29
40053,MSB,CHENNAI BEAC,TBM,TAMBARAM,18,29
40054,TBM,TAMBARAM,MSB,CHENNAI BEAC,18,29
40055,MSB,CHENNAI BEAC,TBM,TAMBARAM,18,29
40056,TBM,TAMBARAM,MSB,CHENNAI BEAC,18,29
40057,MSB,CHENNAI BEAC,TBM,TAMBARAM,18,29
40058,TBM,TAMBARAM,MSB,CHENNAI BEAC,18,29
40059,MSB,CHENNAI BEAC,TBM,TAMBARAM,18,29
40060,TBM,TAMBARAM,MSB,CHENNAI BEAC,18,29
40061,MSB,CHENNAI BEAC,TBM,TAMBARAM,18,29
40062,TBM,TAMBARAM,MSB,CHENNAI BEAC,18,29
40063,MSB,CHENNAI BEAC,TBM,TAMBARAM,18,29
40064,TBM,TAMBARAM,MSB,CHENNAI BEAC,18,29
40065,MSB,CHENNAI BEAC,TBM,TAMBARAM,18,29
40066,TBM,TAMBARAM,MSB,CHENNAI BEAC,18,29
40067,MSB,CHENNAI BEAC,TBM,TAMBARAM,18,29
40068,TBM,TAMBARAM,MSB,CHENNAI BEAC,18,29
40069,MSB,CHENNAI BEAC,TBM,TAMBARAM,18,29
40070,TBM,TAMBARAM,MSB,CHENNAI BEAC,18,29
40071,MSB,CHENNAI BEAC,TBM,TAMBARAM,18,29
40072,TBM,TAMBARAM,MSB,CHENNAI BEAC,18,29
40073,MSB,CHENNAI BEAC,TBM,TAMBARAM,18,29
40074,TBM,TAMBARAM,MSB,CHENNAI BEAC,2,29
40075,MSB,CHENNAI BEAC,TBM,TAMBARAM,18,29
40076,TBM,TAMBARAM,MSB,CHENNAI BEAC,2,29
40077,MSB,CHENNAI BEAC,TBM,TAMBARAM,18,29
40078,TBM,TAMBARAM,MSB,CHENNAI BEAC,2,29
40079,MSB,CHENNAI BEAC,TBM,TAMBARAM,18,29
40080,TBM,TAMBARAM,MSB,CHENNAI BEAC,2,29
40081,MSB,CHENNAI BEAC,TBM,TAMBARAM,18,29
40082,TBM,TAMBARAM,MSB,CHENNAI BEAC,2,29
40083,MSB,CHENNAI BEAC,TBM,TAMBARAM,18,29
40084,TBM,TAMBARAM,MSB,CHENNAI BEAC,2,29
40085,MSB,CHENNAI BEAC,TBM,TAMBARAM,18,29
40086,TBM,TAMBARAM,MSB,CHENNAI BEAC,2,29
40087,MSB,CHENNAI BEAC,TBM,TAMBARAM,18,29
40088,TBM,TAMBARAM,MSB,CHENNAI BEAC,2,29
40089,MSB,CHENNAI BEAC,TBM,TAMBARAM,18,29
40090,TBM,TAMBARAM,MSB,CHENNAI BEAC,2,29
40091,MSB,CHENNAI BEAC,TBM,TAMBARAM,18,29
40092,TBM,TAMBARAM,MSB,CHENNAI BEAC,2,29
40093,MSB,CHENNAI BEAC,TBM,TAMBARAM,18,29
40094,TBM,TAMBARAM,MSB,CHENNAI BEAC,2,29
40095,MSB,CHENNAI BEAC,TBM,TAMBARAM,18,29
40096,TBM,TAMBARAM,MSB,CHENNAI BEAC,2,29
40097,MSB,CHENNAI BEAC,TBM,TAMBARAM,18,29
40098,TBM,TAMBARAM,MSB,CHENNAI BEAC,2,29
40099,MSB,CHENNAI BEAC,TBM,TAMBARAM,18,29
40100,TBM,TAMBARAM,MSB,CHENNAI BEAC,2,29
40101,MSB,CHENNAI BEAC,TBM,TAMBARAM,18,29
40102,TBM,TAMBARAM,MSB,CHENNAI BEAC,2,29
40103,MSB,CHENNAI BEAC,TBM,TAMBARAM,18,29
40104,TBM,TAMBARAM,MSB,CHENNAI BEAC,2,29
40105,MSB,CHENNAI BEAC,TBM,TAMBARAM,18,29
40106,TBM,TAMBARAM,MSB,CHENNAI BEAC,2,29
40107,MSB,CHENNAI BEAC,TBM,TAMBARAM,18,29
40108,TBM,TAMBARAM,MSB,CHENNAI BEAC,2,29
40109,MSB,CHENNAI BEAC,TBM,TAMBARAM,18,29
40110,TBM,TAMBARAM,MSB,CHENNAI BEAC,2,29
40111,MSB,CHENNAI BEAC,TBM,TAMBARAM,18,29
40112,TBM,TAMBARAM,MSB,CHENNAI BEAC,2,29
40113,MSB,CHENNAI BEAC,TBM,TAMBARAM,18,29
40114,TBM,TAMBARAM,MSB,CHENNAI BEAC,2,29
40115,MSB,CHENNAI BEAC,TBM,TAMBARAM,18,29
40116,TBM,TAMBARAM,MSB,CHENNAI BEAC,2,29
40117,MSB,CHENNAI BEAC,TBM,TAMBARAM,18,29
40118,TBM,TAMBARAM,MSB,CHENNAI BEAC,2,29
40119,MSB,CHENNAI BEAC,TBM,TAMBARAM,18,29
40120,TBM,TAMBARAM,MSB,CHENNAI BEAC,2,29
40121,MSB,CHENNAI BEAC,TBM,TAMBARAM,18,29
40122,TBM,TAMBARAM,MSB,CHENNAI BEAC,2,29
40123,MSB,CHENNAI BEAC,TBM,TAMBARAM,18,29
40124,TBM,TAMBARAM,MSB,CHENNAI BEAC,2,29
40125,MSB,CHENNAI BEAC,TBM,TAMBARAM,18,29
40126,TBM,TAMBARAM,MSB,CHENNAI BEAC,2,29
40127,MSB,CHENNAI BEAC,TBM,TAMBARAM,18,29
40128,TBM,TAMBARAM,MSB,CHENNAI BEAC,2,29
40129,MSB,CHENNAI BEAC,TBM,TAMBARAM,18,29
40130,TBM,TAMBARAM,MSB,CHENNAI BEAC,2,29
40131,MSB,CHENNAI BEAC,TBM,TAMBARAM,18,29
40132,TBM,TAMBARAM,MSB,CHENNAI BEAC,2,29
40133,MSB,CHENNAI BEAC,TBM,TAMBARAM,18,29
40134,TBM,TAMBARAM,MSB,CHENNAI BEAC,2,29
40135,MSB,CHENNAI BEAC,TBM,TAMBARAM,18,29
40136,TBM,TAMBARAM,MSB,CHENNAI BEAC,2,29
40137,MSB,CHENNAI BEAC,TBM,TAMBARAM,18,29
40138,TBM,TAMBARAM,MSB,CHENNAI BEAC,6,29
40139,MSB,CHENNAI BEAC,TBM,TAMBARAM,18,29
40140,TBM,TAMBARAM,MSB,CHENNAI BEAC,6,29
40141,MSB,CHENNAI BEAC,TBM,TAMBARAM,18,29
40142,TBM,TAMBARAM,MSB,CHENNAI BEAC,6,29
40143,MSB,CHENNAI BEAC,TBM,TAMBARAM,18,29
40144,TBM,TAMBARAM,MSB,CHENNAI BEAC,2,29
40145,MSB,CHENNAI BEAC,TBM,TAMBARAM,18,29
40146,TBM,TAMBARAM,MSB,CHENNAI BEAC,2,29
40147,MSB,CHENNAI BEAC,TBM,TAMBARAM,18,29
40148,TBM,TAMBARAM,MSB,CHENNAI BEAC,2,29
40150,TBM,TAMBARAM,MSB,CHENNAI BEAC,2,29
40151,MSB,CHENNAI BEAC,TBM,TAMBARAM,18,29
40152,TBM,TAMBARAM,MSB,CHENNAI BEAC,6,29
40153,MSB,CHENNAI BEAC,TBM,TAMBARAM,18,29
40154,TBM,TAMBARAM,MSB,CHENNAI BEAC,2,29
40155,MSB,CHENNAI BEAC,TBM,TAMBARAM,18,29
40156,TBM,TAMBARAM,MSB,CHENNAI BEAC,2,29
40157,MSB,CHENNAI BEAC,TBM,TAMBARAM,18,29
40158,TBM,TAMBARAM,MSB,CHENNAI BEAC,2,29
40301,MSB,CHENNAI BEAC,TBM,TAMBARAM,18,29
40302,TBM,TAMBARAM,MSB,CHENNAI BEAC,2,29
40303,MSB,CHENNAI BEAC,TBM,TAMBARAM,18,29
40304,TBM,TAMBARAM,MSB,CHENNAI BEAC,2,29
40305,MSB,CHENNAI BEAC,TBM,TAMBARAM,18,29
40306,TBM,TAMBARAM,MSB,CHENNAI BEAC,2,29
40307,MSB,CHENNAI BEAC,TBM,TAMBARAM,18,29
40308,TBM,TAMBARAM,MSB,CHENNAI BEAC,2,29
40309,MSB,CHENNAI BEAC,TBM,TAMBARAM,18,29
40310,TBM,TAMBARAM,MSB,CHENNAI BEAC,2,29
40311,MSB,CHENNAI BEAC,TBM,TAMBARAM,18,29
40312,TBM,TAMBARAM,MSB,CHENNAI BEAC,6,29
40313,MSB,CHENNAI BEAC,TBM,TAMBARAM,18,29
40314,TBM,TAMBARAM,MSB,CHENNAI BEAC,2,29
40315,MSB,CHENNAI BEAC,TBM,TAMBARAM,18,29
40316,TBM,TAMBARAM,MSB,CHENNAI BEAC,2,29
40317,MSB,CHENNAI BEAC,TBM,TAMBARAM,18,29
40318,TBM,TAMBARAM,MSB,CHENNAI BEAC,2,29
40319,MSB,CHENNAI BEAC,TBM,TAMBARAM,18,29
40320,TBM,TAMBARAM,MSB,CHENNAI BEAC,2,29
40321,MSB,CHENNAI BEAC,TBM,TAMBARAM,18,29
40322,TBM,TAMBARAM,MSB,CHENNAI BEAC,2,29
40323,MSB,CHENNAI BEAC,TBM,TAMBARAM,18,29
40324,TBM,TAMBARAM,MSB,CHENNAI BEAC,6,29
40325,MSB,CHENNAI BEAC,TBM,TAMBARAM,18,29
40326,TBM,TAMBARAM,MSB,CHENNAI BEAC,2,29
40327,MSB,CHENNAI BEAC,TBM,TAMBARAM,18,29
40328,TBM,TAMBARAM,MSB,CHENNAI BEAC,2,29
40329,MSB,CHENNAI BEAC,TBM,TAMBARAM,18,29
40330,TBM,TAMBARAM,MSB,CHENNAI BEAC,2,29
40331,MSB,CHENNAI BEAC,TBM,TAMBARAM,18,29
40332,TBM,TAMBARAM,MSB,CHENNAI BEAC,2,29
40333,MSB,CHENNAI BEAC,TBM,TAMBARAM,18,29
40334,TBM,TAMBARAM,MSB,CHENNAI BEAC,2,29
40335,MSB,CHENNAI BEAC,TBM,TAMBARAM,18,29
40336,TBM,TAMBARAM,MSB,CHENNAI BEAC,2,29
40337,MSB,CHENNAI BEAC,TBM,TAMBARAM,18,29
40338,TBM,TAMBARAM,MSB,CHENNAI BEAC,2,29
40339,MSB,CHENNAI BEAC,TBM,TAMBARAM,18,29
40340,TBM,TAMBARAM,MSB,CHENNAI BEAC,2,29
40341,MSB,CHENNAI BEAC,TBM,TAMBARAM,18,29
40342,TBM,TAMBARAM,MSB,CHENNAI BEAC,2,29
40343,MSB,CHENNAI BEAC,TBM,TAMBARAM,18,29
40344,TBM,TAMBARAM,MSB,CHENNAI BEAC,6,29
40345,MSB,CHENNAI BEAC,TBM,TAMBARAM,18,29
40346,TBM,TAMBARAM,MSB,CHENNAI BEAC,2,29
40347,MSB,CHENNAI BEAC,TBM,TAMBARAM,18,29
40348,TBM,TAMBARAM,MSB,CHENNAI BEAC,2,29
40349,MSB,CHENNAI BEAC,TBM,TAMBARAM,18,29
40350,TBM,TAMBARAM,MSB,CHENNAI BEAC,2,29
40351,MSB,CHENNAI BEAC,TBM,TAMBARAM,18,29
40352,TBM,TAMBARAM,MSB,CHENNAI BEAC,2,29
40353,MSB,CHENNAI BEAC,TBM,TAMBARAM,18,29
40354,TBM,TAMBARAM,MSB,CHENNAI BEAC,2,29
40355,MSB,CHENNAI BEAC,TBM,TAMBARAM,18,29
40356,TBM,TAMBARAM,MSB,CHENNAI BEAC,2,29
40357,MSB,CHENNAI BEAC,TBM,TAMBARAM,18,29
40358,TBM,TAMBARAM,MSB,CHENNAI BEAC,2,29
40359,MSB,CHENNAI BEAC,TBM,TAMBARAM,18,29
40360,TBM,TAMBARAM,MSB,CHENNAI BEAC,2,29
40361,MSB,CHENNAI BEAC,TBM,TAMBARAM,18,29
40362,TBM,TAMBARAM,MSB,CHENNAI BEAC,2,29
40363,MSB,CHENNAI BEAC,TBM,TAMBARAM,18,29
40364,TBM,TAMBARAM,MSB,CHENNAI BEAC,2,29
40365,MSB,CHENNAI BEAC,TBM,TAMBARAM,18,29
40366,TBM,TAMBARAM,MSB,CHENNAI BEAC,2,29
40367,MSB,CHENNAI BEAC,TBM,TAMBARAM,18,29
40368,TBM,TAMBARAM,MSB,CHENNAI BEAC,2,29
40369,MSB,CHENNAI BEAC,TBM,TAMBARAM,18,29
40370,TBM,TAMBARAM,MSB,CHENNAI BEAC,2,29
40371,MSB,CHENNAI BEAC,TBM,TAMBARAM,18,29
40372,TBM,TAMBARAM,MSB,CHENNAI BEAC,6,29
40373,MSB,CHENNAI BEAC,TBM,TAMBARAM,18,29
40374,TBM,TAMBARAM,MSB,CHENNAI BEAC,2,29
40375,MSB,CHENNAI BEAC,TBM,TAMBARAM,18,29
40376,TBM,TAMBARAM,MSB,CHENNAI BEAC,2,29
40377,MSB,CHENNAI BEAC,TBM,TAMBARAM,18,29
40378,TBM,TAMBARAM,MSB,CHENNAI BEAC,2,29
40379,MSB,CHENNAI BEAC,TBM,TAMBARAM,18,29
40380,TBM,TAMBARAM,MSB,CHENNAI BEAC,2,29
40381,MSB,CHENNAI BEAC,TBM,TAMBARAM,18,29
40382,TBM,TAMBARAM,MSB,CHENNAI BEAC,2,29
40383,MSB,CHENNAI BEAC,TBM,TAMBARAM,18,29
40384,TBM,TAMBARAM,MSB,CHENNAI BEAC,2,29
40385,MSB,CHENNAI BEAC,TBM,TAMBARAM,18,29
40386,TBM,TAMBARAM,MSB,CHENNAI BEAC,2,29
40387,MSB,CHENNAI BEAC,TBM,TAMBARAM,18,29
40388,TBM,TAMBARAM,MSB,CHENNAI BEAC,2,29
40389,MSB,CHENNAI BEAC,TBM,TAMBARAM,18,29
40390,TBM,TAMBARAM,MSB,CHENNAI BEAC,2,29
40391,MSB,CHENNAI BEAC,TBM,TAMBARAM,18,29
40392,TBM,TAMBARAM,MSB,CHENNAI BEAC,2,29
40393,MSB,CHENNAI BEAC,TBM,TAMBARAM,18,29
40394,TBM,TAMBARAM,MSB,CHENNAI BEAC,2,29
40395,MSB,CHENNAI BEAC,TBM,TAMBARAM,18,29
40396,TBM,TAMBARAM,MSB,CHENNAI BEAC,2,29
40397,MSB,CHENNAI BEAC,TBM,TAMBARAM,18,29
40398,TBM,TAMBARAM,MSB,CHENNAI BEAC,2,29
40399,MSB,CHENNAI BEAC,TBM,TAMBARAM,18,29
40400,TBM,TAMBARAM,MSB,CHENNAI BEAC,2,29
40401,MSB,CHENNAI BEAC,TBM,TAMBARAM,18,29
40402,TBM,TAMBARAM,MSB,CHENNAI BEAC,2,29
40403,MSB,CHENNAI BEAC,TBM,TAMBARAM,18,29
40404,TBM,TAMBARAM,MSB,CHENNAI BEAC,2,29
40405,MSB,CHENNAI BEAC,TBM,TAMBARAM,18,29
40406,TBM,TAMBARAM,MSB,CHENNAI BEAC,2,29
40407,MSB,CHENNAI BEAC,TBM,TAMBARAM,18,29
40408,TBM,TAMBARAM,MSB,CHENNAI BEAC,2,29
40409,MSB,CHENNAI BEAC,TBM,TAMBARAM,18,29
40410,TBM,TAMBARAM,MSB,CHENNAI BEAC,2,29
40411,MSB,CHENNAI BEAC,TBM,TAMBARAM,18,29
40412,TBM,TAMBARAM,MSB,CHENNAI BEAC,2,29
40413,MSB,CHENNAI BEAC,TBM,TAMBARAM,18,29
40414,TBM,TAMBARAM,MSB,CHENNAI BEAC,2,29
40415,MSB,CHENNAI BEAC,TBM,TAMBARAM,18,29
40416,TBM,TAMBARAM,MSB,CHENNAI BEAC,2,29
40417,MSB,CHENNAI BEAC,TBM,TAMBARAM,18,29
40418,TBM,TAMBARAM,MSB,CHENNAI BEAC,6,29
40419,MSB,CHENNAI BEAC,TBM,TAMBARAM,18,29
40420,TBM,TAMBARAM,MSB,CHENNAI BEAC,2,29
40421,MSB,CHENNAI BEAC,TBM,TAMBARAM,18,29
40422,TBM,TAMBARAM,MSB,CHENNAI BEAC,2,29
40501,MSB,CHENNAI BEAC,CGL,CHENGALPATTU,2,59
40502,CGL,CHENGALPATTU,MSB,CHENNAI BEAC,2,59
40503,MSB,CHENNAI BEAC,CGL,CHENGALPATTU,2,59
40504,CGL,CHENGALPATTU,MSB,CHENNAI BEAC,6,59
40505,MSB,CHENNAI BEAC,CGL,CHENGALPATTU,2,59
40506,CGL,CHENGALPATTU,MSB,CHENNAI BEAC,3,59
40507,MSB,CHENNAI BEAC,CGL,CHENGALPATTU,2,59
40508,CGL,CHENGALPATTU,MSB,CHENNAI BEAC,3,59
40509,MSB,CHENNAI BEAC,CGL,CHENGALPATTU,3,59
40510,CGL,CHENGALPATTU,MSB,CHENNAI BEAC,2,59
40511,MSB,CHENNAI BEAC,CGL,CHENGALPATTU,2,59
40512,CGL,CHENGALPATTU,MSB,CHENNAI BEAC,3,59
40513,MSB,CHENNAI BEAC,CGL,CHENGALPATTU,2,59
40514,CGL,CHENGALPATTU,MSB,CHENNAI BEAC,3,59
40515,MSB,CHENNAI BEAC,CGL,CHENGALPATTU,2,59
40516,CGL,CHENGALPATTU,MSB,CHENNAI BEAC,2,59
40517,MSB,CHENNAI BEAC,CGL,CHENGALPATTU,2,59
40518,CGL,CHENGALPATTU,MSB,CHENNAI BEAC,3,59
40519,MSB,CHENNAI BEAC,CGL,CHENGALPATTU,3,59
40520,CGL,CHENGALPATTU,MSB,CHENNAI BEAC,2,59
40522,CGL,CHENGALPATTU,MSB,CHENNAI BEAC,2,59
40523,MSB,CHENNAI BEAC,CGL,CHENGALPATTU,2,59
40524,CGL,CHENGALPATTU,MSB,CHENNAI BEAC,3,59
40525,MSB,CHENNAI BEAC,CGL,CHENGALPATTU,3,59
40526,CGL,CHENGALPATTU,MSB,CHENNAI BEAC,3,59
40527,MSB,CHENNAI BEAC,CGL,CHENGALPATTU,2,59
40528,CGL,CHENGALPATTU,MSB,CHENNAI BEAC,2,59
40529,MSB,CHENNAI BEAC,CGL,CHENGALPATTU,3,59
40531,MSB,CHENNAI BEAC,CGL,CHENGALPATTU,3,59
40532,CGL,CHENGALPATTU,MSB,CHENNAI BEAC,11,59
40533,MSB,CHENNAI BEAC,CGL,CHENGALPATTU,3,59
40534,CGL,CHENGALPATTU,MSB,CHENNAI BEAC,7,59
40535,MSB,CHENNAI BEAC,CGL,CHENGALPATTU,2,59
40536,CGL,CHENGALPATTU,MSB,CHENNAI BEAC,2,59
40538,CGL,CHENGALPATTU,MSB,CHENNAI BEAC,2,59
40539,MSB,CHENNAI BEAC,CGL,CHENGALPATTU,3,59
40540,CGL,CHENGALPATTU,MSB,CHENNAI BEAC,2,59
40541,MSB,CHENNAI BEAC,CGL,CHENGALPATTU,2,59
40542,CGL,CHENGALPATTU,MSB,CHENNAI BEAC,2,59
40543,MSB,CHENNAI BEAC,CGL,CHENGALPATTU,3,59
40544,CGL,CHENGALPATTU,MSB,CHENNAI BEAC,2,59
40545,MSB,CHENNAI BEAC,CGL,CHENGALPATTU,3,59
40547,MSB,CHENNAI BEAC,CGL,CHENGALPATTU,3,59
40548,CGL,CHENGALPATTU,MSB,CHENNAI BEAC,2,59
40549,MSB,CHENNAI BEAC,CGL,CHENGALPATTU,3,59
40550,CGL,CHENGALPATTU,MSB,CHENNAI BEAC,3,59
40551,MSB,CHENNAI BEAC,CGL,CHENGALPATTU,11,59
40552,CGL,CHENGALPATTU,MSB,CHENNAI BEAC,2,59
40553,MSB,CHENNAI BEAC,CGL,CHENGALPATTU,7,59
40554,CGL,CHENGALPATTU,MSB,CHENNAI BEAC,2,59
40555,MSB,CHENNAI BEAC,CGL,CHENGALPATTU,3,59
40556,CGL,CHENGALPATTU,MSB,CHENNAI BEAC,3,59
40557,MSB,CHENNAI BEAC,CGL,CHENGALPATTU,2,59
40558,CGL,CHENGALPATTU,MSB,CHENNAI BEAC,9,59
40559,MSB,CHENNAI BEAC,CGL,CHENGALPATTU,3,59
40560,CGL,CHENGALPATTU,MSB,CHENNAI BEAC,11,59
40561,MSB,CHENNAI BEAC,CGL,CHENGALPATTU,3,59
40562,CGL,CHENGALPATTU,MSB,CHENNAI BEAC,3,59
40563,MSB,CHENNAI BEAC,CGL,CHENGALPATTU,2,59
40564,CGL,CHENGALPATTU,MSB,CHENNAI BEAC,2,59
40565,MSB,CHENNAI BEAC,CGL,CHENGALPATTU,3,59
40566,CGL,CHENGALPATTU,MSB,CHENNAI BEAC,2,59
40567,MSB,CHENNAI BEAC,CGL,CHENGALPATTU,3,59
40568,CGL,CHENGALPATTU,MSB,CHENNAI BEAC,10,59
40569,MSB,CHENNAI BEAC,CGL,CHENGALPATTU,7,59
40570,CGL,CHENGALPATTU,MSB,CHENNAI BEAC,3,59
40571,MSB,CHENNAI BEAC,CGL,CHENGALPATTU,3,59
40572,CGL,CHENGALPATTU,MSB,CHENNAI BEAC,2,59
40573,MSB,CHENNAI BEAC,CGL,CHENGALPATTU,3,59
40574,CGL,CHENGALPATTU,MSB,CHENNAI BEAC,3,59
40601,MSB,CHENNAI BEAC,CGL,CHENGALPATTU,11,59
40602,CGL,CHENGALPATTU,MSB,CHENNAI BEAC,3,59
40603,MSB,CHENNAI BEAC,CGL,CHENGALPATTU,11,59
40604,CGL,CHENGALPATTU,MSB,CHENNAI BEAC,11,59
40605,MSB,CHENNAI BEAC,CGL,CHENGALPATTU,11,59
40606,CGL,CHENGALPATTU,MSB,CHENNAI BEAC,11,59
40607,MSB,CHENNAI BEAC,CGL,CHENGALPATTU,2,59
40608,CGL,CHENGALPATTU,MSB,CHENNAI BEAC,3,59
40609,MSB,CHENNAI BEAC,CGL,CHENGALPATTU,3,59
40610,CGL,CHENGALPATTU,MSB,CHENNAI BEAC,11,59
40612,CGL,CHENGALPATTU,MSB,CHENNAI BEAC,9,59
40613,MSB,CHENNAI BEAC,CGL,CHENGALPATTU,2,59
40614,CGL,CHENGALPATTU,MSB,CHENNAI BEAC,2,59
40615,MSB,CHENNAI BEAC,CGL,CHENGALPATTU,11,59
40616,CGL,CHENGALPATTU,MSB,CHENNAI BEAC,2,59
40617,MSB,CHENNAI BEAC,CGL,CHENGALPATTU,2,59
40618,CGL,CHENGALPATTU,MSB,CHENNAI BEAC,11,59
40619,MSB,CHENNAI BEAC,CGL,CHENGALPATTU,2,59
40621,MSB,CHENNAI BEAC,CGL,CHENGALPATTU,2,59
40622,CGL,CHENGALPATTU,MSB,CHENNAI BEAC,2,59
40623,MSB,CHENNAI BEAC,CGL,CHENGALPATTU,2,59
40624,CGL,CHENGALPATTU,MSB,CHENNAI BEAC,2,59
40625,MSB,CHENNAI BEAC,CGL,CHENGALPATTU,3,59
40626,CGL,CHENGALPATTU,MSB,CHENNAI BEAC,2,59
40627,MSB,CHENNAI BEAC,CGL,CHENGALPATTU,2,59
40628,CGL,CHENGALPATTU,MSB,CHENNAI BEAC,11,59
40629,MSB,CHENNAI BEAC,CGL,CHENGALPATTU,2,59
40630,CGL,CHENGALPATTU,MSB,CHENNAI BEAC,11,59
40631,MSB,CHENNAI BEAC,CGL,CHENGALPATTU,11,59
40632,CGL,CHENGALPATTU,MSB,CHENNAI BEAC,2,59
40633,MSB,CHENNAI BEAC,CGL,CHENGALPATTU,2,59
40634,CGL,CHENGALPATTU,MSB,CHENNAI BEAC,2,59
40635,MSB,CHENNAI BEAC,CGL,CHENGALPATTU,2,59
40636,CGL,CHENGALPATTU,MSB,CHENNAI BEAC,4,59
40637,MSB,CHENNAI BEAC,CGL,CHENGALPATTU,10,59
40638,CGL,CHENGALPATTU,MSB,CHENNAI BEAC,2,59
40639,MSB,CHENNAI BEAC,CGL,CHENGALPATTU,2,59
40640,CGL,CHENGALPATTU,MSB,CHENNAI BEAC,11,59
40641,MSB,CHENNAI BEAC,CGL,CHENGALPATTU,2,59
40642,CGL,CHENGALPATTU,MSB,CHENNAI BEAC,2,59
40643,MSB,CHENNAI BEAC,CGL,CHENGALPATTU,11,59
40644,CGL,CHENGALPATTU,MSB,CHENNAI BEAC,3,59
40645,MSB,CHENNAI BEAC,CGL,CHENGALPATTU,11,59
40646,CGL,CHENGALPATTU,MSB,CHENNAI BEAC,2,59
40647,MSB,CHENNAI BEAC,CGL,CHENGALPATTU,11,59
40648,CGL,CHENGALPATTU,MSB,CHENNAI BEAC,2,59
40649,MSB,CHENNAI BEAC,CGL,CHENGALPATTU,3,59
40650,CGL,CHENGALPATTU,MSB,CHENNAI BEAC,3,59
40651,MSB,CHENNAI BEAC,CGL,CHENGALPATTU,2,59
40652,CGL,CHENGALPATTU,MSB,CHENNAI BEAC,2,59
40653,MSB,CHENNAI BEAC,CGL,CHENGALPATTU,2,59
40654,CGL,CHENGALPATTU,MSB,CHENNAI BEAC,2,59
40655,MSB,CHENNAI BEAC,CGL,CHENGALPATTU,11,59
40656,CGL,CHENGALPATTU,MSB,CHENNAI BEAC,3,59
40657,MSB,CHENNAI BEAC,CGL,CHENGALPATTU,2,59
40658,CGL,CHENGALPATTU,MSB,CHENNAI BEAC,2,59
40659,MSB,CHENNAI BEAC,CGL,CHENGALPATTU,2,59
40660,CGL,CHENGALPATTU,MSB,CHENNAI BEAC,11,59
40661,MSB,CHENNAI BEAC,CGL,CHENGALPATTU,2,59
40662,CGL,CHENGALPATTU,MSB,CHENNAI BEAC,3,59
40663,MSB,CHENNAI BEAC,CGL,CHENGALPATTU,2,59
40664,CGL,CHENGALPATTU,MSB,CHENNAI BEAC,2,59
40665,MSB,CHENNAI BEAC,CGL,CHENGALPATTU,11,59
40666,CGL,CHENGALPATTU,MSB,CHENNAI BEAC,2,59
40701,MSB,CHENNAI BEAC,TMLP,TIRUMALPUR,3,108
40702,TMLP,TIRUMALPUR,MSB,CHENNAI BEAC,4,108
40704,TMLP,TIRUMALPUR,MSB,CHENNAI BEAC,4,108
40705,MSB,CHENNAI BEAC,TMLP,TIRUMALPUR,15,108
40706,TMLP,TIRUMALPUR,MSB,CHENNAI BEAC,10,108
40707,MSB,CHENNAI BEAC,TMLP,TIRUMALPUR,8,108
40708,TMLP,TIRUMALPUR,MSB,CHENNAI BEAC,8,108
40709,MSB,CHENNAI BEAC,TMLP,TIRUMALPUR,5,108
40711,MSB,CHENNAI BEAC,TMLP,TIRUMALPUR,7,108
40712,TMLP,TIRUMALPUR,MSB,CHENNAI BEAC,12,108
40751,MSB,CHENNAI BEAC,TMLP,TIRUMALPUR,4,108
40752,TMLP,TIRUMALPUR,MSB,CHENNAI BEAC,6,108
40754,TMLP,TIRUMALPUR,MSB,CHENNAI BEAC,5,108
40755,MSB,CHENNAI BEAC,TMLP,TIRUMALPUR,15,108
40756,TMLP,TIRUMALPUR,MSB,CHENNAI BEAC,8,108
40757,MSB,CHENNAI BEAC,TMLP,TIRUMALPUR,14,108
40758,TMLP,TIRUMALPUR,MSB,CHENNAI BEAC,4,108
40759,MSB,CHENNAI BEAC,TMLP,TIRUMALPUR,3,108
40761,MSB,CHENNAI BEAC,TMLP,TIRUMALPUR,2,108
40762,TMLP,TIRUMALPUR,MSB,CHENNAI BEAC,4,108
40801,MSB,CHENNAI BEAC,CJ,KANCHIPURAM,3,95
40802,CJ,KANCHIPURAM,MSB,CHENNAI BEAC,6,95
40803,MSB,CHENNAI BEAC,CJ,KANCHIPURAM,6,95
40804,CJ,KANCHIPURAM,MSB,CHENNAI BEAC,14,95
40901,CGL,CHENGALPATTU,TMLP,TIRUMALPUR,10,48
40902,TMLP,TIRUMALPUR,CGL,CHENGALPATTU,10,48
41001,MSB,CHENNAI BEAC,VLCY,VELACHEERY,3,14
41003,MSB,CHENNAI BEAC,VLCY,VELACHEERY,3,14
41006,VLCY,VELACHEERY,MSB,CHENNAI BEAC,3,14
41008,VLCY,VELACHEERY,MSB,CHENNAI BEAC,3,14
41009,MSB,CHENNAI BEAC,VLCY,VELACHEERY,3,14
41012,VLCY,VELACHEERY,MSB,CHENNAI BEAC,3,14
41013,MSB,CHENNAI BEAC,VLCY,VELACHEERY,3,14
41014,VLCY,VELACHEERY,MSB,CHENNAI BEAC,3,14
41015,MSB,CHENNAI BEAC,VLCY,VELACHEERY,3,14
41016,VLCY,VELACHEERY,MSB,CHENNAI BEAC,3,14
41017,MSB,CHENNAI BEAC,VLCY,VELACHEERY,3,14
41020,VLCY,VELACHEERY,MSB,CHENNAI BEAC,3,14
41021,MSB,CHENNAI BEAC,VLCY,VELACHEERY,3,14
41022,VLCY,VELACHEERY,MSB,CHENNAI BEAC,3,14
41023,MSB,CHENNAI BEAC,VLCY,VELACHEERY,3,14
41024,VLCY,VELACHEERY,MSB,CHENNAI BEAC,3,14
41028,VLCY,VELACHEERY,MSB,CHENNAI BEAC,3,14
41029,MSB,CHENNAI BEAC,VLCY,VELACHEERY,3,14
41033,MSB,CHENNAI BEAC,VLCY,VELACHEERY,3,14
41035,MSB,CHENNAI BEAC,VLCY,VELACHEERY,3,14
41036,VLCY,VELACHEERY,MSB,CHENNAI BEAC,3,14
41038,VLCY,VELACHEERY,MSB,CHENNAI BEAC,3,14
41040,VLCY,VELACHEERY,MSB,CHENNAI BEAC,3,14
41042,VLCY,VELACHEERY,MSB,CHENNAI BEAC,3,14
41043,MSB,CHENNAI BEAC,VLCY,VELACHEERY,3,14
41046,VLCY,VELACHEERY,MSB,CHENNAI BEAC,3,14
41048,VLCY,VELACHEERY,MSB,CHENNAI BEAC,3,14
41050,VLCY,VELACHEERY,MSB,CHENNAI BEAC,3,14
41051,MSB,CHENNAI BEAC,VLCY,VELACHEERY,3,14
41055,MSB,CHENNAI BEAC,VLCY,VELACHEERY,3,14
41056,VLCY,VELACHEERY,MSB,CHENNAI BEAC,3,14
41057,MSB,CHENNAI BEAC,VLCY,VELACHEERY,3,14
41060,VLCY,VELACHEERY,MSB,CHENNAI BEAC,3,14
41061,MSB,CHENNAI BEAC,VLCY,VELACHEERY,3,14
41063,MSB,CHENNAI BEAC,VLCY,VELACHEERY,3,14
41064,VLCY,VELACHEERY,MSB,CHENNAI BEAC,3,14
41065,MSB,CHENNAI BEAC,VLCY,VELACHEERY,3,14
41069,MSB,CHENNAI BEAC,VLCY,VELACHEERY,3,14
41070,VLCY,VELACHEERY,MSB,CHENNAI BEAC,3,14
41073,MSB,CHENNAI BEAC,VLCY,VELACHEERY,3,14
41076,VLCY,VELACHEERY,MSB,CHENNAI BEAC,3,14
41077,MSB,CHENNAI BEAC,VLCY,VELACHEERY,3,14
41078,VLCY,VELACHEERY,MSB,CHENNAI BEAC,3,14
41079,MSB,CHENNAI BEAC,VLCY,VELACHEERY,3,14
41080,VLCY,VELACHEERY,MSB,CHENNAI BEAC,3,14
41081,MSB,CHENNAI BEAC,VLCY,VELACHEERY,3,14
41082,VLCY,VELACHEERY,MSB,CHENNAI BEAC,3,14
41084,VLCY,VELACHEERY,MSB,CHENNAI BEAC,3,14
41085,MSB,CHENNAI BEAC,VLCY,VELACHEERY,3,14
41086,VLCY,VELACHEERY,MSB,CHENNAI BEAC,2,14
41089,MSB,CHENNAI BEAC,VLCY,VELACHEERY,3,14
41091,MSB,CHENNAI BEAC,VLCY,VELACHEERY,3,14
41092,VLCY,VELACHEERY,MSB,CHENNAI BEAC,3,14
41093,MSB,CHENNAI BEAC,VLCY,VELACHEERY,3,14
41095,MSB,CHENNAI BEAC,VLCY,VELACHEERY,3,14
41096,VLCY,VELACHEERY,MSB,CHENNAI BEAC,3,14
41097,MSB,CHENNAI BEAC,VLCY,VELACHEERY,3,14
41102,VLCY,VELACHEERY,MSB,CHENNAI BEAC,3,14
41103,MSB,CHENNAI BEAC,VLCY,VELACHEERY,3,14
41104,VLCY,VELACHEERY,MSB,CHENNAI BEAC,3,14
41105,MSB,CHENNAI BEAC,VLCY,VELACHEERY,3,14
41108,VLCY,VELACHEERY,MSB,CHENNAI BEAC,3,14
41110,VLCY,VELACHEERY,MSB,CHENNAI BEAC,3,14
41111,MSB,CHENNAI BEAC,VLCY,VELACHEERY,3,14
41113,MSB,CHENNAI BEAC,VLCY,VELACHEERY,3,14
41116,VLCY,VELACHEERY,MSB,CHENNAI BEAC,3,14
41117,MSB,CHENNAI BEAC,VLCY,VELACHEERY,3,14
41119,MSB,CHENNAI BEAC,VLCY,VELACHEERY,3,14
41120,VLCY,VELACHEERY,MSB,CHENNAI BEAC,3,14
41122,VLCY,VELACHEERY,MSB,CHENNAI BEAC,3,14
41127,MSB,CHENNAI BEAC,VLCY,VELACHEERY,3,14
41128,VLCY,VELACHEERY,MSB,CHENNAI BEAC,3,14
41129,MSB,CHENNAI BEAC,VLCY,VELACHEERY,3,14
41130,VLCY,VELACHEERY,MSB,CHENNAI BEAC,3,14
41131,MSB,CHENNAI BEAC,VLCY,VELACHEERY,3,14
41132,VLCY,VELACHEERY,MSB,CHENNAI BEAC,3,14
41134,VLCY,VELACHEERY,MSB,CHENNAI BEAC,3,14
41135,MSB,CHENNAI BEAC,VLCY,VELACHEERY,3,14
41138,VLCY,VELACHEERY,MSB,CHENNAI BEAC,3,14
41140,VLCY,VELACHEERY,MSB,CHENNAI BEAC,3,14
41501,MSB,CHENNAI BEAC,VLCY,VELACHEERY,3,14
41502,VLCY,VELACHEERY,MSB,CHENNAI BEAC,3,14
41503,MSB,CHENNAI BEAC,VLCY,VELACHEERY,3,14
41504,VLCY,VELACHEERY,MSB,CHENNAI BEAC,3,14
41505,MSB,CHENNAI BEAC,VLCY,VELACHEERY,3,14
41506,VLCY,VELACHEERY,MSB,CHENNAI BEAC,3,14
41507,MSB,CHENNAI BEAC,VLCY,VELACHEERY,3,14
41508,VLCY,VELACHEERY,MSB,CHENNAI BEAC,3,14
41509,MSB,CHENNAI BEAC,VLCY,VELACHEERY,3,14
41510,VLCY,VELACHEERY,MSB,CHENNAI BEAC,3,14
41511,MSB,CHENNAI BEAC,VLCY,VELACHEERY,2,14
41512,VLCY,VELACHEERY,MSB,CHENNAI BEAC,3,14
41513,MSB,CHENNAI BEAC,VLCY,VELACHEERY,3,14
41514,VLCY,VELACHEERY,MSB,CHENNAI BEAC,3,14
41515,MSB,CHENNAI BEAC,VLCY,VELACHEERY,3,14
41516,VLCY,VELACHEERY,MSB,CHENNAI BEAC,3,14
41517,MSB,CHENNAI BEAC,VLCY,VELACHEERY,3,14
41518,VLCY,VELACHEERY,MSB,CHENNAI BEAC,3,14
41519,MSB,CHENNAI BEAC,VLCY,VELACHEERY,3,14
41520,VLCY,VELACHEERY,MSB,CHENNAI BEAC,3,14
41521,MSB,CHENNAI BEAC,VLCY,VELACHEERY,3,14
41522,VLCY,VELACHEERY,MSB,CHENNAI BEAC,3,14
41523,MSB,CHENNAI BEAC,VLCY,VELACHEERY,3,14
41524,VLCY,VELACHEERY,MSB,CHENNAI BEAC,3,14
41525,MSB,CHENNAI BEAC,VLCY,VELACHEERY,3,14
41526,VLCY,VELACHEERY,MSB,CHENNAI BEAC,3,14
41527,MSB,CHENNAI BEAC,VLCY,VELACHEERY,3,14
41528,VLCY,VELACHEERY,MSB,CHENNAI BEAC,3,14
41529,MSB,CHENNAI BEAC,VLCY,VELACHEERY,3,14
41530,VLCY,VELACHEERY,MSB,CHENNAI BEAC,3,14
41531,MSB,CHENNAI BEAC,VLCY,VELACHEERY,2,14
41532,VLCY,VELACHEERY,MSB,CHENNAI BEAC,3,14
41533,MSB,CHENNAI BEAC,VLCY,VELACHEERY,3,14
41534,VLCY,VELACHEERY,MSB,CHENNAI BEAC,3,14
41535,MSB,CHENNAI BEAC,VLCY,VELACHEERY,3,14
41536,VLCY,VELACHEERY,MSB,CHENNAI BEAC,3,14
41537,MSB,CHENNAI BEAC,VLCY,VELACHEERY,3,14
41538,VLCY,VELACHEERY,MSB,CHENNAI BEAC,3,14
41539,MSB,CHENNAI BEAC,VLCY,VELACHEERY,3,14
41540,VLCY,VELACHEERY,MSB,CHENNAI BEAC,3,14
41541,MSB,CHENNAI BEAC,VLCY,VELACHEERY,3,14
41542,VLCY,VELACHEERY,MSB,CHENNAI BEAC,3,14
41543,MSB,CHENNAI BEAC,VLCY,VELACHEERY,3,14
41544,VLCY,VELACHEERY,MSB,CHENNAI BEAC,3,14
41545,MSB,CHENNAI BEAC,VLCY,VELACHEERY,3,14
41546,VLCY,VELACHEERY,MSB,CHENNAI BEAC,3,14
41547,MSB,CHENNAI BEAC,VLCY,VELACHEERY,3,14
41548,VLCY,VELACHEERY,MSB,CHENNAI BEAC,3,14
41549,MSB,CHENNAI BEAC,VLCY,VELACHEERY,3,14
41550,VLCY,VELACHEERY,MSB,CHENNAI BEAC,3,14
41551,MSB,CHENNAI BEAC,VLCY,VELACHEERY,3,14
41552,VLCY,VELACHEERY,MSB,CHENNAI BEAC,3,14
41553,MSB,CHENNAI BEAC,VLCY,VELACHEERY,3,14
41554,VLCY,VELACHEERY,MSB,CHENNAI BEAC,3,14
41555,MSB,CHENNAI BEAC,VLCY,VELACHEERY,3,14
41556,VLCY,VELACHEERY,MSB,CHENNAI BEAC,3,14
41557,MSB,CHENNAI BEAC,VLCY,VELACHEERY,3,14
41558,VLCY,VELACHEERY,MSB,CHENNAI BEAC,3,14
41559,MSB,CHENNAI BEAC,VLCY,VELACHEERY,3,14
41560,VLCY,VELACHEERY,MSB,CHENNAI BEAC,3,14
41561,MSB,CHENNAI BEAC,VLCY,VELACHEERY,3,14
41562,VLCY,VELACHEERY,MSB,CHENNAI BEAC,3,14
41563,MSB,CHENNAI BEAC,VLCY,VELACHEERY,3,14
41564,VLCY,VELACHEERY,MSB,CHENNAI BEAC,3,14
41565,MSB,CHENNAI BEAC,VLCY,VELACHEERY,3,14
41566,VLCY,VELACHEERY,MSB,CHENNAI BEAC,3,14
41567,MSB,CHENNAI BEAC,VLCY,VELACHEERY,3,14
41568,VLCY,VELACHEERY,MSB,CHENNAI BEAC,3,14
41569,MSB,CHENNAI BEAC,VLCY,VELACHEERY,3,14
41570,VLCY,VELACHEERY,MSB,CHENNAI BEAC,3,14
41571,MSB,CHENNAI BEAC,VLCY,VELACHEERY,3,14
41572,VLCY,VELACHEERY,MSB,CHENNAI BEAC,3,14
41573,MSB,CHENNAI BEAC,VLCY,VELACHEERY,3,14
41574,VLCY,VELACHEERY,MSB,CHENNAI BEAC,3,14
41575,MSB,CHENNAI BEAC,VLCY,VELACHEERY,3,14
41576,VLCY,VELACHEERY,MSB,CHENNAI BEAC,3,14
41577,MSB,CHENNAI BEAC,VLCY,VELACHEERY,3,14
41578,VLCY,VELACHEERY,MSB,CHENNAI BEAC,3,14
41579,MSB,CHENNAI BEAC,VLCY,VELACHEERY,3,14
41580,VLCY,VELACHEERY,MSB,CHENNAI BEAC,3,14
41581,MSB,CHENNAI BEAC,VLCY,VELACHEERY,3,14
41582,VLCY,VELACHEERY,MSB,CHENNAI BEAC,3,14
41583,MSB,CHENNAI BEAC,VLCY,VELACHEERY,3,14
41584,VLCY,VELACHEERY,MSB,CHENNAI BEAC,3,14
41585,MSB,CHENNAI BEAC,VLCY,VELACHEERY,3,14
41586,VLCY,VELACHEERY,MSB,CHENNAI BEAC,3,14
41587,MSB,CHENNAI BEAC,VLCY,VELACHEERY,3,14
41588,VLCY,VELACHEERY,MSB,CHENNAI BEAC,3,14
41589,MSB,CHENNAI BEAC,VLCY,VELACHEERY,3,14
41590,VLCY,VELACHEERY,MSB,CHENNAI BEAC,3,14
41593,MSB,CHENNAI BEAC,VLCY,VELACHEERY,3,14
41594,VLCY,VELACHEERY,MSB,CHENNAI BEAC,3,14
41597,MSB,CHENNAI BEAC,VLCY,VELACHEERY,3,14
41598,VLCY,VELACHEERY,MSB,CHENNAI BEAC,3,14
41599,MSB,CHENNAI BEAC,VLCY,VELACHEERY,3,14
41600,VLCY,VELACHEERY,MSB,CHENNAI BEAC,3,14
42001,MMCC,MOOR MARKET,GPD,GUMMIDIPUNDI,16,47
42002,GPD,GUMMIDIPUNDI,MMCC,MOOR MARKET,15,47
42003,MMCC,MOOR MARKET,GPD,GUMMIDIPUNDI,16,47
42004,GPD,GUMMIDIPUNDI,MMCC,MOOR MARKET,16,47
42005,MMCC,MOOR MARKET,GPD,GUMMIDIPUNDI,16,47
42006,GPD,GUMMIDIPUNDI,MMCC,MOOR MARKET,16,47
42007,MMCC,MOOR MARKET,GPD,GUMMIDIPUNDI,12,47
42008,GPD,GUMMIDIPUNDI,MMCC,MOOR MARKET,16,47
42009,MMCC,MOOR MARKET,GPD,GUMMIDIPUNDI,16,47
42010,GPD,GUMMIDIPUNDI,MMCC,MOOR MARKET,16,47
42011,MMCC,MOOR MARKET,GPD,GUMMIDIPUNDI,16,47
42012,GPD,GUMMIDIPUNDI,MMCC,MOOR MARKET,15,47
42013,MMCC,MOOR MARKET,GPD,GUMMIDIPUNDI,16,47
42014,GPD,GUMMIDIPUNDI,MMCC,MOOR MARKET,16,47
42015,MMCC,MOOR MARKET,GPD,GUMMIDIPUNDI,16,47
42016,GPD,GUMMIDIPUNDI,MMCC,MOOR MARKET,16,47
42017,MMCC,MOOR MARKET,GPD,GUMMIDIPUNDI,16,47
42018,GPD,GUMMIDIPUNDI,MMCC,MOOR MARKET,16,47
42019,MMCC,MOOR MARKET,GPD,GUMMIDIPUNDI,16,47
42020,GPD,GUMMIDIPUNDI,MMCC,MOOR MARKET,16,47
42021,MMCC,MOOR MARKET,GPD,GUMMIDIPUNDI,16,47
42022,GPD,GUMMIDIPUNDI,MMCC,MOOR MARKET,16,47
42023,MMCC,MOOR MARKET,GPD,GUMMIDIPUNDI,16,47
42024,GPD,GUMMIDIPUNDI,MMCC,MOOR MARKET,12,47
42025,MMCC,MOOR MARKET,GPD,GUMMIDIPUNDI,16,47
42026,GPD,GUMMIDIPUNDI,MMCC,MOOR MARKET,12,47
42027,MMCC,MOOR MARKET,GPD,GUMMIDIPUNDI,16,47
42028,GPD,GUMMIDIPUNDI,MMCC,MOOR MARKET,16,47
42029,MMCC,MOOR MARKET,GPD,GUMMIDIPUNDI,16,47
42030,GPD,GUMMIDIPUNDI,MMCC,MOOR MARKET,12,47
42031,MMCC,MOOR MARKET,GPD,GUMMIDIPUNDI,16,47
42032,GPD,GUMMIDIPUNDI,MMCC,MOOR MARKET,16,47
42033,MMCC,MOOR MARKET,GPD,GUMMIDIPUNDI,16,47
42034,GPD,GUMMIDIPUNDI,MMCC,MOOR MARKET,16,47
42035,MMCC,MOOR MARKET,GPD,GUMMIDIPUNDI,16,47
42036,GPD,GUMMIDIPUNDI,MMCC,MOOR MARKET,16,47
42037,MMCC,MOOR MARKET,GPD,GUMMIDIPUNDI,16,47
42038,GPD,GUMMIDIPUNDI,MMCC,MOOR MARKET,16,47
42039,MMCC,MOOR MARKET,GPD,GUMMIDIPUNDI,16,47
42040,GPD,GUMMIDIPUNDI,MMCC,MOOR MARKET,16,47
42041,MMCC,MOOR MARKET,GPD,GUMMIDIPUNDI,16,47
42042,GPD,GUMMIDIPUNDI,MMCC,MOOR MARKET,16,47
42043,MMCC,MOOR MARKET,GPD,GUMMIDIPUNDI,16,47
42044,GPD,GUMMIDIPUNDI,MMCC,MOOR MARKET,16,47
42045,MMCC,MOOR MARKET,GPD,GUMMIDIPUNDI,16,47
42046,GPD,GUMMIDIPUNDI,MMCC,MOOR MARKET,16,47
42301,MMCC,MOOR MARKET,PON,PONNERI,14,34
42302,PON,PONNERI,MMCC,MOOR MARKET,14,34
42401,MMCC,MOOR MARKET,SPE,SULLURUPETTA,21,82
42402,SPE,SULLURUPETTA,MMCC,MOOR MARKET,21,82
42403,MMCC,MOOR MARKET,SPE,SULLURUPETTA,21,82
42404,SPE,SULLURUPETTA,MMCC,MOOR MARKET,16,82
42406,SPE,SULLURUPETTA,MMCC,MOOR MARKET,21,82
42407,MMCC,MOOR MARKET,SPE,SULLURUPETTA,21,82
42408,SPE,SULLURUPETTA,MMCC,MOOR MARKET,21,82
42409,MMCC,MOOR MARKET,SPE,SULLURUPETTA,21,82
42411,MMCC,MOOR MARKET,SPE,SULLURUPETTA,21,82
42412,SPE,SULLURUPETTA,MMCC,MOOR MARKET,21,82
42413,MMCC,MOOR MARKET,SPE,SULLURUPETTA,21,82
42414,SPE,SULLURUPETTA,MMCC,MOOR MARKET,21,82
42416,SPE,SULLURUPETTA,MMCC,MOOR MARKET,21,82
42417,MMCC,MOOR MARKET,SPE,SULLURUPETTA,21,82
42419,MMCC,MOOR MARKET,SPE,SULLURUPETTA,21,82
42420,SPE,SULLURUPETTA,MMCC,MOOR MARKET,21,82
42421,MMCC,MOOR MARKET,SPE,SULLURUPETTA,20,82
42422,SPE,SULLURUPETTA,MMCC,MOOR MARKET,21,82
42423,MMCC,MOOR MARKET,SPE,SULLURUPETTA,21,82
42451,GPD,GUMMIDIPUNDI,SPE,SULLURUPETTA,2,35
42452,SPE,SULLURUPETTA,GPD,GUMMIDIPUNDI,6,35
42601,MSB,CHENNAI BEAC,GPD,GUMMIDIPUNDI,17,47
42602,GPD,GUMMIDIPUNDI,MSB,CHENNAI BEAC,17,47
42603,MSB,CHENNAI BEAC,GPD,GUMMIDIPUNDI,17,47
42604,GPD,GUMMIDIPUNDI,MSB,CHENNAI BEAC,17,47
42605,MSB,CHENNAI BEAC,GPD,GUMMIDIPUNDI,17,47
42606,GPD,GUMMIDIPUNDI,MSB,CHENNAI BEAC,17,47
42607,MSB,CHENNAI BEAC,GPD,GUMMIDIPUNDI,17,47
42608,GPD,GUMMIDIPUNDI,MSB,CHENNAI BEAC,17,47
42651,VLCY,VELACHEERY,GPD,GUMMIDIPUNDI,15,62
42652,GPD,GUMMIDIPUNDI,VLCY,VELACHEERY,15,62
42653,VLCY,VELACHEERY,GPD,GUMMIDIPUNDI,15,62
42654,GPD,GUMMIDIPUNDI,VLCY,VELACHEERY,15,62
42655,VLCY,VELACHEERY,GPD,GUMMIDIPUNDI,15,62
42656,GPD,GUMMIDIPUNDI,VLCY,VELACHEERY,15,62
42657,VLCY,VELACHEERY,GPD,GUMMIDIPUNDI,15,62
42701,MSB,CHENNAI BEAC,PON,PONNERI,11,35
42702,PON,PONNERI,MSB,CHENNAI BEAC,15,34
42751,VLCY,VELACHEERY,PON,PONNERI,13,50
42752,PON,PONNERI,VLCY,VELACHEERY,13,49
42801,MSB,CHENNAI BEAC,SPE,SULLURUPETTA,22,82
42802,SPE,SULLURUPETTA,MSB,CHENNAI BEAC,22,82
42804,SPE,SULLURUPETTA,MSB,CHENNAI BEAC,22,82
42851,VLCY,VELACHEERY,SPE,SULLURUPETTA,19,97
42852,SPE,SULLURUPETTA,VLCY,VELACHEERY,19,97
42854,SPE,SULLURUPETTA,VLCY,VELACHEERY,19,97
42901,MMCC,MOOR MARKET,ENR,ENNORE,8,16
43001,MMCC,MOOR MARKET,AVD,AVADI,11,20
43002,AVD,AVADI,MMCC,MOOR MARKET,11,21
43003,MMCC,MOOR MARKET,AVD,AVADI,11,20
43005,MMCC,MOOR MARKET,AVD,AVADI,11,20
43006,AVD,AVADI,MMCC,MOOR MARKET,11,21
43007,MMCC,MOOR MARKET,AVD,AVADI,11,20
43008,AVD,AVADI,MMCC,MOOR MARKET,11,21
43009,MMCC,MOOR MARKET,AVD,AVADI,11,20
43011,MMCC,MOOR MARKET,AVD,AVADI,11,20
43013,MMCC,MOOR MARKET,AVD,AVADI,11,20
43014,AVD,AVADI,MMCC,MOOR MARKET,11,21
43015,MMCC,MOOR MARKET,AVD,AVADI,11,20
43016,AVD,AVADI,MMCC,MOOR MARKET,11,21
43017,MMCC,MOOR MARKET,AVD,AVADI,11,20
43018,AVD,AVADI,MMCC,MOOR MARKET,11,21
43019,MMCC,MOOR MARKET,AVD,AVADI,11,20
43020,AVD,AVADI,MMCC,MOOR MARKET,11,21
43021,MMCC,MOOR MARKET,AVD,AVADI,7,20
43022,AVD,AVADI,MMCC,MOOR MARKET,11,21
43023,MMCC,MOOR MARKET,AVD,AVADI,11,20
43025,MMCC,MOOR MARKET,AVD,AVADI,7,20
43029,MMCC,MOOR MARKET,AVD,AVADI,7,20
43101,MMCC,MOOR MARKET,PTMS,PATTABIRAM E,14,30
43102,PTMS,PATTABIRAM E,MMCC,MOOR MARKET,14,31
43103,MMCC,MOOR MARKET,PTMS,PATTABIRAM E,14,30
43104,PTMS,PATTABIRAM E,MMCC,MOOR MARKET,14,31
43105,MMCC,MOOR MARKET,PTMS,PATTABIRAM E,14,30
43106,PTMS,PATTABIRAM E,MMCC,MOOR MARKET,14,31
43107,MMCC,MOOR MARKET,PTMS,PATTABIRAM E,14,30
43108,PTMS,PATTABIRAM E,MMCC,MOOR MARKET,14,31
43109,MMCC,MOOR MARKET,PTMS,PATTABIRAM E,14,30
43110,PTMS,PATTABIRAM E,MMCC,MOOR MARKET,14,31
43111,MMCC,MOOR MARKET,PTMS,PATTABIRAM E,14,30
43112,PTMS,PATTABIRAM E,MMCC,MOOR MARKET,14,31
43113,MMCC,MOOR MARKET,PTMS,PATTABIRAM E,14,30
43114,PTMS,PATTABIRAM E,MMCC,MOOR MARKET,14,31
43115,MMCC,MOOR MARKET,PTMS,PATTABIRAM E,14,30
43116,PTMS,PATTABIRAM E,MMCC,MOOR MARKET,14,31
43117,MMCC,MOOR MARKET,PTMS,PATTABIRAM E,14,30
43118,PTMS,PATTABIRAM E,MMCC,MOOR MARKET,14,31
43119,MMCC,MOOR MARKET,PTMS,PATTABIRAM E,14,30
43120,PTMS,PATTABIRAM E,MMCC,MOOR MARKET,14,31
43121,MMCC,MOOR MARKET,PTMS,PATTABIRAM E,14,30
43122,PTMS,PATTABIRAM E,MMCC,MOOR MARKET,14,31
43123,MMCC,MOOR MARKET,PTMS,PATTABIRAM E,9,25
43124,PTMS,PATTABIRAM E,MMCC,MOOR MARKET,14,31
43125,MMCC,MOOR MARKET,PTMS,PATTABIRAM E,8,25
43126,PTMS,PATTABIRAM E,MMCC,MOOR MARKET,14,31
43127,MMCC,MOOR MARKET,PTMS,PATTABIRAM E,8,25
43128,PTMS,PATTABIRAM E,MMCC,MOOR MARKET,14,31
43130,PTMS,PATTABIRAM E,MMCC,MOOR MARKET,14,31
43132,PTMS,PATTABIRAM E,MMCC,MOOR MARKET,14,31
43201,MMCC,MOOR MARKET,TRL,TIRUVALLUR,18,46
43202,TRL,TIRUVALLUR,MMCC,MOOR MARKET,19,46
43203,MMCC,MOOR MARKET,TRL,TIRUVALLUR,19,46
43204,TRL,TIRUVALLUR,MMCC,MOOR MARKET,19,46
43205,MMCC,MOOR MARKET,TRL,TIRUVALLUR,19,46
43206,TRL,TIRUVALLUR,MMCC,MOOR MARKET,19,46
43207,MMCC,MOOR MARKET,TRL,TIRUVALLUR,19,46
43208,TRL,TIRUVALLUR,MMCC,MOOR MARKET,19,46
43209,MMCC,MOOR MARKET,TRL,TIRUVALLUR,19,46
43210,TRL,TIRUVALLUR,MMCC,MOOR MARKET,19,46
43211,MMCC,MOOR MARKET,TRL,TIRUVALLUR,19,46
43212,TRL,TIRUVALLUR,MMCC,MOOR MARKET,19,46
43213,MMCC,MOOR MARKET,TRL,TIRUVALLUR,19,46
43214,TRL,TIRUVALLUR,MMCC,MOOR MARKET,19,46
43215,MMCC,MOOR MARKET,TRL,TIRUVALLUR,19,46
43216,TRL,TIRUVALLUR,MMCC,MOOR MARKET,6,41
43217,MMCC,MOOR MARKET,TRL,TIRUVALLUR,19,46
43218,TRL,TIRUVALLUR,MMCC,MOOR MARKET,19,46
43219,MMCC,MOOR MARKET,TRL,TIRUVALLUR,19,46
43220,TRL,TIRUVALLUR,MMCC,MOOR MARKET,19,46
43221,MMCC,MOOR MARKET,TRL,TIRUVALLUR,19,46
43222,TRL,TIRUVALLUR,MMCC,MOOR MARKET,6,41
43223,MMCC,MOOR MARKET,TRL,TIRUVALLUR,19,46
43224,TRL,TIRUVALLUR,MMCC,MOOR MARKET,19,46
43225,MMCC,MOOR MARKET,TRL,TIRUVALLUR,19,46
43226,TRL,TIRUVALLUR,MMCC,MOOR MARKET,19,46
43227,MMCC,MOOR MARKET,TRL,TIRUVALLUR,18,41
43228,TRL,TIRUVALLUR,MMCC,MOOR MARKET,19,46
43229,MMCC,MOOR MARKET,TRL,TIRUVALLUR,19,46
43230,TRL,TIRUVALLUR,MMCC,MOOR MARKET,19,46
43231,MMCC,MOOR MARKET,TRL,TIRUVALLUR,19,46
43232,TRL,TIRUVALLUR,MMCC,MOOR MARKET,19,46
43233,MMCC,MOOR MARKET,TRL,TIRUVALLUR,19,46
43234,TRL,TIRUVALLUR,MMCC,MOOR MARKET,19,46
43235,MMCC,MOOR MARKET,TRL,TIRUVALLUR,19,46
43236,TRL,TIRUVALLUR,MMCC,MOOR MARKET,19,46
43237,MMCC,MOOR MARKET,TRL,TIRUVALLUR,19,46
43238,TRL,TIRUVALLUR,MMCC,MOOR MARKET,19,46
43239,MMCC,MOOR MARKET,TRL,TIRUVALLUR,19,46
43240,TRL,TIRUVALLUR,MMCC,MOOR MARKET,18,46
43241,MMCC,MOOR MARKET,TRL,TIRUVALLUR,19,46
43242,TRL,TIRUVALLUR,MMCC,MOOR MARKET,19,46
43243,MMCC,MOOR MARKET,TRL,TIRUVALLUR,19,46
43244,TRL,TIRUVALLUR,MMCC,MOOR MARKET,19,46
43245,MMCC,MOOR MARKET,TRL,TIRUVALLUR,19,46
43246,TRL,TIRUVALLUR,MMCC,MOOR MARKET,19,46
43247,MMCC,MOOR MARKET,TRL,TIRUVALLUR,10,41
43248,TRL,TIRUVALLUR,MMCC,MOOR MARKET,19,46
43250,TRL,TIRUVALLUR,MMCC,MOOR MARKET,19,46
43251,MMCC,MOOR MARKET,TRL,TIRUVALLUR,9,41
43252,TRL,TIRUVALLUR,MMCC,MOOR MARKET,19,46
43253,MMCC,MOOR MARKET,TRL,TIRUVALLUR,9,41
43254,TRL,TIRUVALLUR,MMCC,MOOR MARKET,19,46
43255,MMCC,MOOR MARKET,TRL,TIRUVALLUR,9,41
43256,TRL,TIRUVALLUR,MMCC,MOOR MARKET,19,46
43257,MMCC,MOOR MARKET,TRL,TIRUVALLUR,11,41
43258,TRL,TIRUVALLUR,MMCC,MOOR MARKET,19,46
43260,TRL,TIRUVALLUR,MMCC,MOOR MARKET,19,46
43401,MMCC,MOOR MARKET,AJJ,ARAKKONAM JN,11,68
43402,AJJ,ARAKKONAM JN,MMCC,MOOR MARKET,27,73
43403,MMCC,MOOR MARKET,AJJ,ARAKKONAM JN,27,73
43404,AJJ,ARAKKONAM JN,MMCC,MOOR MARKET,27,73
43405,MMCC,MOOR MARKET,AJJ,ARAKKONAM JN,27,73
43406,AJJ,ARAKKONAM JN,MMCC,MOOR MARKET,27,73
43407,MMCC,MOOR MARKET,AJJ,ARAKKONAM JN,27,73
43408,AJJ,ARAKKONAM JN,MMCC,MOOR MARKET,7,68
43409,MMCC,MOOR MARKET,AJJ,ARAKKONAM JN,27,73
43410,AJJ,ARAKKONAM JN,MMCC,MOOR MARKET,10,68
43411,MMCC,MOOR MARKET,AJJ,ARAKKONAM JN,27,73
43412,AJJ,ARAKKONAM JN,MMCC,MOOR MARKET,27,73
43413,MMCC,MOOR MARKET,AJJ,ARAKKONAM JN,27,73
43414,AJJ,ARAKKONAM JN,MMCC,MOOR MARKET,27,73
43415,MMCC,MOOR MARKET,AJJ,ARAKKONAM JN,27,73
43418,AJJ,ARAKKONAM JN,MMCC,MOOR MARKET,27,73
43419,MMCC,MOOR MARKET,AJJ,ARAKKONAM JN,27,73
43420,AJJ,ARAKKONAM JN,MMCC,MOOR MARKET,27,73
43421,MMCC,MOOR MARKET,AJJ,ARAKKONAM JN,27,73
43422,AJJ,ARAKKONAM JN,MMCC,MOOR MARKET,27,73
43423,MMCC,MOOR MARKET,AJJ,ARAKKONAM JN,14,68
43424,AJJ,ARAKKONAM JN,MMCC,MOOR MARKET,14,68
43425,MMCC,MOOR MARKET,AJJ,ARAKKONAM JN,27,73
43426,AJJ,ARAKKONAM JN,MMCC,MOOR MARKET,12,68
43427,MMCC,MOOR MARKET,AJJ,ARAKKONAM JN,27,73
43428,AJJ,ARAKKONAM JN,MMCC,MOOR MARKET,27,73
43429,MMCC,MOOR MARKET,AJJ,ARAKKONAM JN,12,68
43430,AJJ,ARAKKONAM JN,MMCC,MOOR MARKET,27,73
43431,MMCC,MOOR MARKET,AJJ,ARAKKONAM JN,10,68
43433,MMCC,MOOR MARKET,AJJ,ARAKKONAM JN,12,68
43434,AJJ,ARAKKONAM JN,MMCC,MOOR MARKET,24,73
43435,MMCC,MOOR MARKET,AJJ,ARAKKONAM JN,10,68
43436,AJJ,ARAKKONAM JN,MMCC,MOOR MARKET,27,73
43437,MMCC,MOOR MARKET,AJJ,ARAKKONAM JN,12,68
43438,AJJ,ARAKKONAM JN,MMCC,MOOR MARKET,27,73
43439,MMCC,MOOR MARKET,AJJ,ARAKKONAM JN,14,68
43501,MMCC,MOOR MARKET,TRT,TIRUTTANI,28,86
43502,TRT,TIRUTTANI,MMCC,MOOR MARKET,29,86
43503,MMCC,MOOR MARKET,TRT,TIRUTTANI,29,86
43504,TRT,TIRUTTANI,MMCC,MOOR MARKET,29,86
43505,MMCC,MOOR MARKET,TRT,TIRUTTANI,28,86
43506,TRT,TIRUTTANI,MMCC,MOOR MARKET,28,86
43507,MMCC,MOOR MARKET,TRT,TIRUTTANI,28,86
43508,TRT,TIRUTTANI,MMCC,MOOR MARKET,28,86
43509,MMCC,MOOR MARKET,TRT,TIRUTTANI,29,86
43510,TRT,TIRUTTANI,MMCC,MOOR MARKET,28,86
43511,MMCC,MOOR MARKET,TRT,TIRUTTANI,29,86
43512,TRT,TIRUTTANI,MMCC,MOOR MARKET,28,86
43513,MMCC,MOOR MARKET,TRT,TIRUTTANI,28,86
43514,TRT,TIRUTTANI,MMCC,MOOR MARKET,28,86
43515,MMCC,MOOR MARKET,TRT,TIRUTTANI,29,86
43516,TRT,TIRUTTANI,MMCC,MOOR MARKET,28,86
43517,MMCC,MOOR MARKET,TRT,TIRUTTANI,13,80
43518,TRT,TIRUTTANI,MMCC,MOOR MARKET,14,81
43520,TRT,TIRUTTANI,MMCC,MOOR MARKET,15,81
43551,AJJ,ARAKKONAM JN,TRT,TIRUTTANI,2,12
43552,TRT,TIRUTTANI,AJJ,ARAKKONAM JN,2,12
43553,AJJ,ARAKKONAM JN,TRT,TIRUTTANI,3,12
43554,TRT,TIRUTTANI,AJJ,ARAKKONAM JN,2,12
43556,TRT,TIRUTTANI,AJJ,ARAKKONAM JN,2,12
43601,MSB,CHENNAI BEAC,AVD,AVADI,12,22
43602,AVD,AVADI,MSB,CHENNAI BEAC,12,22
43603,MSB,CHENNAI BEAC,AVD,AVADI,12,22
43604,AVD,AVADI,MSB,CHENNAI BEAC,12,22
43605,MSB,CHENNAI BEAC,AVD,AVADI,12,22
43606,AVD,AVADI,MSB,CHENNAI BEAC,12,22
43607,MSB,CHENNAI BEAC,AVD,AVADI,12,22
43608,AVD,AVADI,MSB,CHENNAI BEAC,12,22
43610,AVD,AVADI,MSB,CHENNAI BEAC,12,22
43611,MSB,CHENNAI BEAC,AVD,AVADI,2,22
43612,AVD,AVADI,MSB,CHENNAI BEAC,12,22
43613,MSB,CHENNAI BEAC,AVD,AVADI,8,22
43614,AVD,AVADI,MSB,CHENNAI BEAC,12,22
43615,MSB,CHENNAI BEAC,AVD,AVADI,8,22
43616,AVD,AVADI,MSB,CHENNAI BEAC,12,22
43618,AVD,AVADI,MSB,CHENNAI BEAC,12,22
43620,AVD,AVADI,MSB,CHENNAI BEAC,12,22
43622,AVD,AVADI,MSB,CHENNAI BEAC,12,22
43650,AVD,AVADI,MSB,CHENNAI BEAC,8,22
43651,VLCY,VELACHEERY,AVD,AVADI,10,36
43652,AVD,AVADI,VLCY,VELACHEERY,10,37
43653,VLCY,VELACHEERY,AVD,AVADI,10,36
43654,AVD,AVADI,VLCY,VELACHEERY,10,37
43655,VLCY,VELACHEERY,AVD,AVADI,10,36
43656,AVD,AVADI,VLCY,VELACHEERY,10,37
43657,VLCY,VELACHEERY,AVD,AVADI,10,36
43658,AVD,AVADI,VLCY,VELACHEERY,10,37
43659,VLCY,VELACHEERY,AVD,AVADI,10,36
43660,AVD,AVADI,VLCY,VELACHEERY,10,37
43661,VLCY,VELACHEERY,AVD,AVADI,10,36
43662,AVD,AVADI,VLCY,VELACHEERY,10,37
43663,VLCY,VELACHEERY,AVD,AVADI,10,36
43664,AVD,AVADI,VLCY,VELACHEERY,10,37
43666,AVD,AVADI,VLCY,VELACHEERY,10,37
43668,AVD,AVADI,VLCY,VELACHEERY,10,37
43670,AVD,AVADI,VLCY,VELACHEERY,10,37
43672,AVD,AVADI,VLCY,VELACHEERY,10,37
43674,AVD,AVADI,VLCY,VELACHEERY,10,37
43701,MSB,CHENNAI BEAC,TRL,TIRUVALLUR,20,48
43702,TRL,TIRUVALLUR,MSB,CHENNAI BEAC,20,48
43703,MSB,CHENNAI BEAC,TRL,TIRUVALLUR,20,48
43704,TRL,TIRUVALLUR,MSB,CHENNAI BEAC,20,48
43705,MSB,CHENNAI BEAC,TRL,TIRUVALLUR,20,48
43706,TRL,TIRUVALLUR,MSB,CHENNAI BEAC,20,48
43707,MSB,CHENNAI BEAC,TRL,TIRUVALLUR,20,48
43708,TRL,TIRUVALLUR,MSB,CHENNAI BEAC,20,48
43709,MSB,CHENNAI BEAC,TRL,TIRUVALLUR,20,48
43710,TRL,TIRUVALLUR,MSB,CHENNAI BEAC,20,48
43711,MSB,CHENNAI BEAC,TRL,TIRUVALLUR,20,48
43713,MSB,CHENNAI BEAC,TRL,TIRUVALLUR,10,42
43715,MSB,CHENNAI BEAC,TRL,TIRUVALLUR,20,48
43751,MSB,CHENNAI BEAC,PTMS,PATTABIRAM E,15,32
43752,PTMS,PATTABIRAM E,MSB,CHENNAI BEAC,15,32
43753,MSB,CHENNAI BEAC,PTMS,PATTABIRAM E,15,32
43754,PTMS,PATTABIRAM E,MSB,CHENNAI BEAC,15,32
43755,MSB,CHENNAI BEAC,PTMS,PATTABIRAM E,15,32
43757,MSB,CHENNAI BEAC,PTMS,PATTABIRAM E,15,32
43761,VLCY,VELACHEERY,TRL,TIRUVALLUR,14,57
43762,TRL,TIRUVALLUR,VLCY,VELACHEERY,14,57
43763,VLCY,VELACHEERY,TRL,TIRUVALLUR,14,57
43764,TRL,TIRUVALLUR,VLCY,VELACHEERY,14,57
43765,VLCY,VELACHEERY,TRL,TIRUVALLUR,14,57
43766,TRL,TIRUVALLUR,VLCY,VELACHEERY,14,57
43767,VLCY,VELACHEERY,TRL,TIRUVALLUR,14,57
43768,TRL,TIRUVALLUR,VLCY,VELACHEERY,14,57
43769,VLCY,VELACHEERY,TRL,TIRUVALLUR,14,57
43770,TRL,TIRUVALLUR,VLCY,VELACHEERY,14,57
43771,VLCY,VELACHEERY,TRL,TIRUVALLUR,14,57
43773,VLCY,VELACHEERY,TRL,TIRUVALLUR,14,57
43791,VLCY,VELACHEERY,PTMS,PATTABIRAM E,13,46
43792,PTMS,PATTABIRAM E,VLCY,VELACHEERY,17,47
43793,VLCY,VELACHEERY,PTMS,PATTABIRAM E,13,46
43794,PTMS,PATTABIRAM E,VLCY,VELACHEERY,12,42
43795,VLCY,VELACHEERY,PTMS,PATTABIRAM E,13,46
43797,VLCY,VELACHEERY,PTMS,PATTABIRAM E,13,46
43801,MSB,CHENNAI BEAC,AJJ,ARAKKONAM JN,28,74
43802,AJJ,ARAKKONAM JN,MSB,CHENNAI BEAC,28,75
43803,MSB,CHENNAI BEAC,AJJ,ARAKKONAM JN,28,74
43804,AJJ,ARAKKONAM JN,MSB,CHENNAI BEAC,9,70
43805,MSB,CHENNAI BEAC,AJJ,ARAKKONAM JN,28,74
43806,AJJ,ARAKKONAM JN,MSB,CHENNAI BEAC,15,70
43820,TRT,TIRUTTANI,MSB,CHENNAI BEAC,14,82
43821,MSB,CHENNAI BEAC,TRT,TIRUTTANI,16,82
43823,MSB,CHENNAI BEAC,TRT,TIRUTTANI,13,82
43831,AVD,AVADI,TRL,TIRUVALLUR,5,20
43832,TRL,TIRUVALLUR,AVD,AVADI,8,20
43841,AVD,AVADI,AJJ,ARAKKONAM JN,17,52
43842,AJJ,ARAKKONAM JN,AVD,AVADI,16,47
43844,AJJ,ARAKKONAM JN,AVD,AVADI,2,47
43847,AVD,AVADI,TRT,TIRUTTANI,18,65
43851,PON,PONNERI,TRL,TIRUVALLUR,17,70
43852,TRL,TIRUVALLUR,PON,PONNERI,29,75
43861,ENR,ENNORE,TRL,TIRUVALLUR,13,51
43872,PRES,PATTABIRAM E,MMCC,MOOR MARKET,13,29
43882,TI,TIRUNINRAVUR,MMCC,MOOR MARKET,13,34
43891,AVD,AVADI,PTMS,PATTABIRAM E,3,4
43892,PTMS,PATTABIRAM E,AVD,AVADI,4,10
43901,MMCC,MOOR MARKET,KBT,KADAMBATTUR,21,52
43902,KBT,KADAMBATTUR,MMCC,MOOR MARKET,21,52
43903,MMCC,MOOR MARKET,KBT,KADAMBATTUR,21,52
43904,KBT,KADAMBATTUR,MMCC,MOOR MARKET,21,52
43912,KBT,KADAMBATTUR,MSB,CHENNAI BEAC,22,53
43921,TRL,TIRUVALLUR,KBT,KADAMBATTUR,2,5
43932,AJJ,ARAKKONAM JN,VLCY,VELACHEERY,17,84
43934,AJJ,ARAKKONAM JN,VLCY,VELACHEERY,16,84
43936,AJJ,ARAKKONAM JN,VLCY,VELACHEERY,11,84
43938,AJJ,ARAKKONAM JN,VLCY,VELACHEERY,17,84
43941,VLCY,VELACHEERY,TRT,TIRUTTANI,17,97
43942,TRT,TIRUTTANI,VLCY,VELACHEERY,18,97
43943,VLCY,VELACHEERY,TRT,TIRUTTANI,15,97
43952,KBT,KADAMBATTUR,VLCY,VELACHEERY,15,63
47100,HYB,HYDERABAD DE,LPI,LINGAMPALLI,13,25
47101,HYB,HYDERABAD DE,LPI,LINGAMPALLI,13,25
47102,HYB,HYDERABAD DE,LPI,LINGAMPALLI,13,25
47103,HYB,HYDERABAD DE,LPI,LINGAMPALLI,13,25
47104,HYB,HYDERABAD DE,LPI,LINGAMPALLI,13,25
47105,HYB,HYDERABAD DE,LPI,LINGAMPALLI,13,25
47106,HYB,HYDERABAD DE,LPI,LINGAMPALLI,13,25
47107,HYB,HYDERABAD DE,LPI,LINGAMPALLI,13,25
47108,HYB,HYDERABAD DE,LPI,LINGAMPALLI,13,25
47109,HYB,HYDERABAD DE,LPI,LINGAMPALLI,13,25
47110,HYB,HYDERABAD DE,LPI,LINGAMPALLI,13,25
47111,HYB,HYDERABAD DE,LPI,LINGAMPALLI,13,25
47112,HYB,HYDERABAD DE,LPI,LINGAMPALLI,13,25
47113,HYB,HYDERABAD DE,LPI,LINGAMPALLI,13,25
47114,HYB,HYDERABAD DE,LPI,LINGAMPALLI,13,25
47115,HYB,HYDERABAD DE,LPI,LINGAMPALLI,13,25
47116,HYB,HYDERABAD DE,LPI,LINGAMPALLI,13,25
47117,HYB,HYDERABAD DE,LPI,LINGAMPALLI,13,25
47118,HYB,HYDERABAD DE,LPI,LINGAMPALLI,13,25
47119,HYB,HYDERABAD DE,LPI,LINGAMPALLI,13,25
47120,HYB,HYDERABAD DE,LPI,LINGAMPALLI,13,25
47121,HYB,HYDERABAD DE,LPI,LINGAMPALLI,13,25
47122,HYB,HYDERABAD DE,LPI,LINGAMPALLI,13,25
47123,HYB,HYDERABAD DE,LPI,LINGAMPALLI,13,25
47124,HYB,HYDERABAD DE,LPI,LINGAMPALLI,13,25
47125,HYB,HYDERABAD DE,LPI,LINGAMPALLI,13,25
47126,LPI,LINGAMPALLI,HYB,HYDERABAD DE,13,23
47127,LPI,LINGAMPALLI,HYB,HYDERABAD DE,13,23
47128,LPI,LINGAMPALLI,HYB,HYDERABAD DE,13,23
47129,LPI,LINGAMPALLI,HYB,HYDERABAD DE,13,23
47130,LPI,LINGAMPALLI,HYB,HYDERABAD DE,13,23
47131,LPI,LINGAMPALLI,HYB,HYDERABAD DE,13,23
47132,LPI,LINGAMPALLI,HYB,HYDERABAD DE,13,23
47133,LPI,LINGAMPALLI,HYB,HYDERABAD DE,13,23
47134,LPI,LINGAMPALLI,HYB,HYDERABAD DE,13,23
47135,LPI,LINGAMPALLI,HYB,HYDERABAD DE,13,23
47136,LPI,LINGAMPALLI,HYB,HYDERABAD DE,13,23
47137,LPI,LINGAMPALLI,HYB,HYDERABAD DE,13,23
47138,LPI,LINGAMPALLI,HYB,HYDERABAD DE,13,23
47139,LPI,LINGAMPALLI,HYB,HYDERABAD DE,13,23
47140,LPI,LINGAMPALLI,HYB,HYDERABAD DE,13,23
47141,LPI,LINGAMPALLI,HYB,HYDERABAD DE,13,23
47142,LPI,LINGAMPALLI,HYB,HYDERABAD DE,13,23
47143,LPI,LINGAMPALLI,HYB,HYDERABAD DE,13,23
47144,LPI,LINGAMPALLI,HYB,HYDERABAD DE,13,23
47145,LPI,LINGAMPALLI,HYB,HYDERABAD DE,13,23
47146,LPI,LINGAMPALLI,HYB,HYDERABAD DE,13,23
47147,LPI,LINGAMPALLI,HYB,HYDERABAD DE,13,23
47148,LPI,LINGAMPALLI,HYB,HYDERABAD DE,13,23
47149,FM,FALAKNUMA,LPI,LINGAMPALLI,22,37
47150,FM,FALAKNUMA,LPI,LINGAMPALLI,22,37
47151,FM,FALAKNUMA,LPI,LINGAMPALLI,22,37
47152,FM,FALAKNUMA,LPI,LINGAMPALLI,22,37
47153,FM,FALAKNUMA,LPI,LINGAMPALLI,22,37
47154,FM,FALAKNUMA,LPI,LINGAMPALLI,22,37
47155,FM,FALAKNUMA,LPI,LINGAMPALLI,22,37
47156,FM,FALAKNUMA,LPI,LINGAMPALLI,22,37
47157,FM,FALAKNUMA,LPI,LINGAMPALLI,22,37
47158,FM,FALAKNUMA,LPI,LINGAMPALLI,22,37
47159,LPI,LINGAMPALLI,FM,FALAKNUMA,22,37
47160,FM,FALAKNUMA,LPI,LINGAMPALLI,22,37
47161,FM,FALAKNUMA,LPI,LINGAMPALLI,22,37
47162,FM,FALAKNUMA,LPI,LINGAMPALLI,22,37
47163,FM,FALAKNUMA,LPI,LINGAMPALLI,22,37
47164,FM,FALAKNUMA,LPI,LINGAMPALLI,22,37
47165,FM,FALAKNUMA,LPI,LINGAMPALLI,22,37
47166,FM,FALAKNUMA,LPI,LINGAMPALLI,22,37
47167,FM,FALAKNUMA,LPI,LINGAMPALLI,22,37
47168,FM,FALAKNUMA,SC,SECUNDERABAD,11,14
47169,FM,FALAKNUMA,LPI,LINGAMPALLI,22,37
47170,FM,FALAKNUMA,LPI,LINGAMPALLI,22,37
47171,LPI,LINGAMPALLI,FM,FALAKNUMA,22,37
47172,SC,SECUNDERABAD,FM,FALAKNUMA,11,14
47173,LPI,LINGAMPALLI,FM,FALAKNUMA,22,37
47174,LPI,LINGAMPALLI,FM,FALAKNUMA,22,37
47175,LPI,LINGAMPALLI,FM,FALAKNUMA,22,37
47176,LPI,LINGAMPALLI,FM,FALAKNUMA,22,37
47177,LPI,LINGAMPALLI,FM,FALAKNUMA,22,37
47178,LPI,LINGAMPALLI,FM,FALAKNUMA,22,37
47179,LPI,LINGAMPALLI,FM,FALAKNUMA,22,37
47180,LPI,LINGAMPALLI,FM,FALAKNUMA,22,37
47181,LPI,LINGAMPALLI,FM,FALAKNUMA,22,37
47182,LPI,LINGAMPALLI,FM,FALAKNUMA,22,37
47183,LPI,LINGAMPALLI,FM,FALAKNUMA,22,37
47184,LPI,LINGAMPALLI,FM,FALAKNUMA,22,37
47185,LPI,LINGAMPALLI,FM,FALAKNUMA,22,37
47186,LPI,LINGAMPALLI,FM,FALAKNUMA,22,37
47187,LPI,LINGAMPALLI,FM,FALAKNUMA,22,37
47188,LPI,LINGAMPALLI,FM,FALAKNUMA,22,37
47189,LPI,LINGAMPALLI,FM,FALAKNUMA,22,37
47190,LPI,LINGAMPALLI,FM,FALAKNUMA,22,37
47191,LPI,LINGAMPALLI,FM,FALAKNUMA,22,37
47192,LPI,LINGAMPALLI,FM,FALAKNUMA,22,37
47193,LPI,LINGAMPALLI,FM,FALAKNUMA,22,37
47194,LPI,LINGAMPALLI,FM,FALAKNUMA,22,37
47195,LPI,LINGAMPALLI,SC,SECUNDERABAD,12,22
47196,SC,SECUNDERABAD,HYB,HYDERABAD DE,7,9
47197,FM,FALAKNUMA,HYB,HYDERABAD DE,17,24
47198,FM,FALAKNUMA,LPI,LINGAMPALLI,22,37
47199,FM,FALAKNUMA,HYB,HYDERABAD DE,17,24
47200,FM,FALAKNUMA,HYB,HYDERABAD DE,17,24
47201,FM,FALAKNUMA,HYB,HYDERABAD DE,17,24
47202,FM,FALAKNUMA,HYB,HYDERABAD DE,17,24
47203,FM,FALAKNUMA,LPI,LINGAMPALLI,22,37
47204,FM,FALAKNUMA,SC,SECUNDERABAD,11,14
47205,SC,SECUNDERABAD,FM,FALAKNUMA,11,14
47206,HYB,HYDERABAD DE,FM,FALAKNUMA,17,25
47207,FM,FALAKNUMA,LPI,LINGAMPALLI,22,37
47208,HYB,HYDERABAD DE,FM,FALAKNUMA,17,25
47209,HYB,HYDERABAD DE,FM,FALAKNUMA,17,25
47210,LPI,LINGAMPALLI,FM,FALAKNUMA,22,37
47211,FM,FALAKNUMA,LPI,LINGAMPALLI,22,37
47212,LPI,LINGAMPALLI,FM,FALAKNUMA,22,37
47213,LPI,LINGAMPALLI,FM,FALAKNUMA,22,37
47214,FM,FALAKNUMA,LPI,LINGAMPALLI,22,37
47215,LPI,LINGAMPALLI,FM,FALAKNUMA,22,37
47216,FM,FALAKNUMA,LPI,LINGAMPALLI,22,37
47217,LPI,LINGAMPALLI,FM,FALAKNUMA,22,37
47218,FM,FALAKNUMA,LPI,LINGAMPALLI,22,37
47219,LPI,LINGAMPALLI,FM,FALAKNUMA,22,37
47220,FM,FALAKNUMA,LPI,LINGAMPALLI,22,37
50101,RN,RATNAGIRI,MAO,MADGOAN JN.,22,251
50102,MAO,MADGOAN JN.,RN,RATNAGIRI,22,244
50103,DR,DADAR,RN,RATNAGIRI,38,347
50104,RN,RATNAGIRI,DR,DADAR,38,349
50105,DIVA,DIVA JN,SWV,SAWANTWADI R,49,486
50106,SWV,SAWANTWADI R,DIVA,DIVA JN,49,476
50107,SWV,SAWANTWADI R,MAO,MADGOAN JN.,9,78
50108,MAO,MADGOAN JN.,SWV,SAWANTWADI R,9,83
50119,DIVA,DIVA JN,PNVL,PANVEL,6,27
50120,PNVL,PANVEL,DIVA,DIVA JN,7,27
51027,CSMT,CST-MUMBAI,PVR,PANDHARPUR,26,430
51028,PVR,PANDHARPUR,CSMT,CST-MUMBAI,29,430
51029,CSMT,CST-MUMBAI,BJP,BIJAPUR JN,31,565
51030,BJP,BIJAPUR JN,CSMT,CST-MUMBAI,34,566
51033,DD,DAUND JN.,SNSI,SAI NAGAR SH,8,187
51034,SNSI,SAI NAGAR SH,DD,DAUND JN.,7,187
51111,CSN,CHALISGAON J,DHI,DHULE,9,56
51112,DHI,DHULE,CSN,CHALISGAON J,9,56
51113,CSN,CHALISGAON J,DHI,DHULE,9,56
51114,DHI,DHULE,CSN,CHALISGAON J,9,56
51115,CSN,CHALISGAON J,DHI,DHULE,9,56
51116,DHI,DHULE,CSN,CHALISGAON J,9,56
51135,BD,BADNERA JN.,AMI,AMRAVATI,2,9
51136,AMI,AMRAVATI,BD,BADNERA JN.,2,9
51137,BD,BADNERA JN.,AMI,AMRAVATI,2,9
51138,AMI,AMRAVATI,BD,BADNERA JN.,2,9
51139,BD,BADNERA JN.,AMI,AMRAVATI,2,9
51140,AMI,AMRAVATI,BD,BADNERA JN.,2,9
51141,BD,BADNERA JN.,AMI,AMRAVATI,2,9
51142,AMI,AMRAVATI,BD,BADNERA JN.,2,9
51145,BD,BADNERA JN.,AMI,AMRAVATI,2,9
51146,AMI,AMRAVATI,BD,BADNERA JN.,2,9
51147,BD,BADNERA JN.,AMI,AMRAVATI,2,9
51148,AMI,AMRAVATI,BD,BADNERA JN.,2,9
51149,BD,BADNERA JN.,AMI,AMRAVATI,2,9
51150,AMI,AMRAVATI,BD,BADNERA JN.,2,9
51151,NAVI,NEW AMRAVATI,NRKR,NARKHER,8,108
51152,NRKR,NARKHER,NAVI,NEW AMRAVATI,11,109
51153,CSMT,CST-MUMBAI,BSL,BHUSAVAL JN.,48,444
51154,BSL,BHUSAVAL JN.,CSMT,CST-MUMBAI,47,444
51157,BSL,BHUSAVAL JN.,ET,ITARSI,37,306
51158,ET,ITARSI,BSL,BHUSAVAL JN.,37,306
51181,DVL,DEVLALI,BSL,BHUSAVAL JN.,30,262
51182,BSL,BHUSAVAL JN.,DVL,DEVLALI,30,262
51183,BSL,BHUSAVAL JN.,NRKR,NARKHER,36,361
51184,NRKR,NARKHER,BSL,BHUSAVAL JN.,37,339
51187,BSL,BHUSAVAL JN.,KTE,KATNI,71,642
51188,KTE,KATNI,BSL,BHUSAVAL JN.,71,642
51189,ET,ITARSI,ACOI,CHHEOKI,64,610
51190,ACOI,CHHEOKI,ET,ITARSI,64,609
51195,WR,WARDHA JN.,BPQ,BALHARSHAH,15,132
51196,BPQ,BALHARSHAH,WR,WARDHA JN.,16,132
51197,BSL,BHUSAVAL JN.,WR,WARDHA JN.,35,318
51198,WR,WARDHA JN.,BSL,BHUSAVAL JN.,36,318
51239,AMLA,AMLA JN.,BZU,BETUL,4,22
51240,BZU,BETUL,AMLA,AMLA JN.,4,22
51253,AMLA,AMLA JN.,CWA,CHHINWARA JN,16,115
51254,CWA,CHHINWARA JN,AMLA,AMLA JN.,12,115
51255,BXY,BORDHAI,CWA,CHHINWARA JN,12,88
51256,CWA,CHHINWARA JN,BXY,BORDHAI,12,88
51259,WR,WARDHA JN.,NGP,NAGPUR JN.(C,12,78
51260,NGP,NAGPUR JN.(C,WR,WARDHA JN.,11,78
51261,AMI,AMRAVATI,WR,WARDHA JN.,11,104
51262,WR,WARDHA JN.,AMI,AMRAVATI,12,104
51285,BSL,BHUSAVAL JN.,NGP,NAGPUR JN.(C,46,397
51286,NGP,NAGPUR JN.(C,BSL,BHUSAVAL JN.,47,397
51293,NGP,NAGPUR JN.(C,AMLA,AMLA JN.,20,167
51294,AMLA,AMLA JN.,NGP,NAGPUR JN.(C,18,167
51317,KJT,KARJAT,PUNE,PUNE JN.,19,91
51318,PUNE,PUNE JN.,KJT,KARJAT,20,91
51347,PUNE,PUNE JN.,BRMT,BARAMATI,16,120
51348,BRMT,BARAMATI,DD,DAUND JN.,6,43
51350,DD,DAUND JN.,PUNE,PUNE JN.,11,77
51401,PUNE,PUNE JN.,MMR,MANMAD JN.,34,314
51402,MMR,MANMAD JN.,PUNE,PUNE JN.,34,311
51405,MRJ,MIRAJ JN.,CLR,CASTLE ROCK,24,212
51406,CLR,CASTLE ROCK,MRJ,MIRAJ JN.,24,212
51407,MRJ,MIRAJ JN.,KOP,CHHATRAPATI,8,47
51408,KOP,CHHATRAPATI,MRJ,MIRAJ JN.,6,47
51409,PUNE,PUNE JN.,KOP,CHHATRAPATI,42,325
51410,KOP,CHHATRAPATI,PUNE,PUNE JN.,41,326
51411,BAY,BELLARY JN.,DWR,DHARWAD,29,229
51412,UBL,HUBLI JN.,BAY,BELLARY JN.,24,208
51419,MRJ,MIRAJ JN.,UBL,HUBLI JN.,35,278
51420,UBL,HUBLI JN.,MRJ,MIRAJ JN.,33,279
51421,PUNE,PUNE JN.,NZB,NIZAMABAD,83,769
51422,NZB,NIZAMABAD,PUNE,PUNE JN.,76,769
51423,IGP,IGATPURI,MMR,MANMAD JN.,15,123
51424,MMR,MANMAD JN.,IGP,IGATPURI,15,123
51425,PRLI,PARLI VAIJNA,MRJ,MIRAJ JN.,36,427
51426,MRJ,MIRAJ JN.,PRLI,PARLI VAIJNA,35,437
51427,MRJ,MIRAJ JN.,KOP,CHHATRAPATI,7,47
51428,KOP,CHHATRAPATI,MRJ,MIRAJ JN.,7,47
51429,SLI,SANGLI,KOP,CHHATRAPATI,8,54
51430,KOP,CHHATRAPATI,SLI,SANGLI,9,54
51431,MRJ,MIRAJ JN.,LD,LONDA JN.,22,188
51432,LD,LONDA JN.,MRJ,MIRAJ JN.,21,188
51433,NZB,NIZAMABAD,PVR,PANDHARPUR,52,523
51434,PVR,PANDHARPUR,NZB,NIZAMABAD,52,511
51435,PUNE,PUNE JN.,STR,SATARA,19,145
51436,STR,SATARA,PUNE,PUNE JN.,19,145
51437,KWV,KURDUVADI JN,MRJ,MIRAJ JN.,17,189
51438,MRJ,MIRAJ JN.,KWV,KURDUVADI JN,17,189
51441,STR,SATARA,KOP,CHHATRAPATI,24,180
51442,KOP,CHHATRAPATI,STR,SATARA,24,180
51451,PUNE,PUNE JN.,BRMT,BARAMATI,16,120
51452,BRMT,BARAMATI,PUNE,PUNE JN.,16,121
51458,DWR,DHARWAD,UBL,HUBLI JN.,2,20
51461,MRJ,MIRAJ JN.,BGM,BELGAUM,17,137
51462,BGM,BELGAUM,MRJ,MIRAJ JN.,16,137
51463,MRJ,MIRAJ JN.,BGM,BELGAUM,16,137
51464,BGM,BELGAUM,MRJ,MIRAJ JN.,16,137
51601,BINA,BINA,KMZ,KATNI MURWAR,31,261
51602,KMZ,KATNI MURWAR,BINA,BINA,31,264
51603,BINA,BINA,KTE,KATNI,32,263
51604,KTE,KATNI,BINA,BINA,32,266
51605,KMZ,KATNI MURWAR,CHRM,CHIRMIRI,28,256
51606,CHRM,CHIRMIRI,KMZ,KATNI MURWAR,28,253
51607,BINA,BINA,GUNA,GUNA,17,118
51608,GUNA,GUNA,BINA,BINA,17,118
51609,BINA,BINA,GUNA,GUNA,17,118
51610,GUNA,GUNA,BINA,BINA,17,118
51611,KOTA,KOTA,BINA,BINA,38,303
51612,BINA,BINA,KOTA,KOTA,38,303
51671,ET,ITARSI,STA,SATNA,44,434
51672,STA,SATNA,ET,ITARSI,44,434
51673,ET,ITARSI,STA,SATNA,40,434
51674,STA,SATNA,ET,ITARSI,40,434
51675,KTE,KATNI,CPU,CHOPAN,34,316
51676,CPU,CHOPAN,KTE,KATNI,34,316
51678,SKTN,SHAKTINAGAR,CPU,CHOPAN,11,81
51679,KTE,KATNI,CPU,CHOPAN,36,316
51680,CPU,CHOPAN,KTE,KATNI,36,316
51685,KNW,KHANDWA JN.,BIR,BIR,5,32
51686,BIR,BIR,KNW,KHANDWA JN.,5,33
51687,KNW,KHANDWA JN.,BIR,BIR,5,32
51688,BIR,BIR,KNW,KHANDWA JN.,5,33
51701,JBP,JABALPUR,REWA,REWA,26,238
51702,REWA,REWA,JBP,JABALPUR,26,238
51703,JBP,JABALPUR,NIR,NAINPUR JN.,18,124
51704,NIR,NAINPUR JN.,MML,MADANMAHAL,17,121
51705,MML,MADANMAHAL,NIR,NAINPUR JN.,17,121
51706,NIR,NAINPUR JN.,MML,MADANMAHAL,17,121
51708,NIR,NAINPUR JN.,JBP,JABALPUR,18,124
51753,REWA,REWA,CHRM,CHIRMIRI,30,401
51754,CHRM,CHIRMIRI,REWA,REWA,30,403
51755,CHRM,CHIRMIRI,APR,ANUPPUR JN.,11,86
51756,APR,ANUPPUR JN.,CHRM,CHIRMIRI,11,86
51763,STA,SATNA,MKP,MANIKPUR JN.,10,77
51764,MKP,MANIKPUR JN.,STA,SATNA,10,77
51765,STA,SATNA,MKP,MANIKPUR JN.,10,77
51766,MKP,MANIKPUR JN.,STA,SATNA,10,77
51803,JHS,JHANSI JN,CNB,KANPUR CENTR,26,221
51804,CNB,KANPUR CENTR,JHS,JHANSI JN,26,221
51805,JHS,JHANSI JN,MKP,MANIKPUR JN.,31,291
51806,MKP,MANIKPUR JN.,JHS,JHANSI JN,31,291
51807,JHS,JHANSI JN,BNDA,BANDA JN,20,191
51811,BINA,BINA,JHS,JHANSI JN,20,151
51812,JHS,JHANSI JN,BINA,BINA,20,151
51813,JHS,JHANSI JN,LKO,LUCKNOW JN.,38,295
51814,LKO,LUCKNOW JN.,JHS,JHANSI JN,39,295
51815,JHS,JHANSI JN,AGC,AGRA CANTT,25,204
51816,AGC,AGRA CANTT,JHS,JHANSI JN,25,204
51817,KURJ,KHAJAURAHO,JHS,JHANSI JN,26,254
51818,JHS,JHANSI JN,KURJ,KHAJAURAHO,27,254
51821,MBA,MAHOBA,KURJ,KHAJAURAHO,6,63
51822,KURJ,KHAJAURAHO,MBA,MAHOBA,6,63
51827,ET,ITARSI,JHS,JHANSI JN,44,381
51828,JHS,JHANSI JN,ET,ITARSI,44,381
51829,NGP,NAGPUR JN.(C,ET,ITARSI,35,297
51830,ET,ITARSI,NGP,NAGPUR JN.(C,30,297
51831,JHS,JHANSI JN,AGC,AGRA CANTT,25,204
51832,AGC,AGRA CANTT,JHS,JHANSI JN,25,204
51861,AIT,AIT JN,KNH,KONCH,2,13
51862,KNH,KONCH,AIT,AIT JN,2,13
51863,AIT,AIT JN,KNH,KONCH,2,13
51864,KNH,KONCH,AIT,AIT JN,2,13
51865,AIT,AIT JN,KNH,KONCH,2,13
51866,KNH,KONCH,AIT,AIT JN,2,13
51867,AIT,AIT JN,KNH,KONCH,2,13
51868,KNH,KONCH,AIT,AIT JN,2,13
51869,AIT,AIT JN,KNH,KONCH,2,13
51870,KNH,KONCH,AIT,AIT JN,2,13
51881,GWL,GWALIOR JN,AGC,AGRA CANTT,14,107
51882,AGC,AGRA CANTT,GWL,GWALIOR JN,14,107
51883,BINA,BINA,GWL,GWALIOR JN,31,345
51884,GWL,GWALIOR JN,BINA,BINA,31,345
51885,BINA,BINA,DMO,DAMOH,18,152
51886,DMO,DAMOH,BINA,BINA,18,154
51901,AGC,AGRA CANTT,DLI,DELHI JN.,31,190
51902,DLI,DELHI JN.,AGC,AGRA CANTT,32,194
51905,DLI,DELHI JN.,SMQL,SHAMLI,24,93
51906,SMQL,SHAMLI,DLI,DELHI JN.,16,90
51907,SMQL,SHAMLI,SRE,SAHARANPUR J,13,70
51908,SRE,SAHARANPUR J,SMQL,SHAMLI,13,70
51909,DLI,DELHI JN.,SRE,SAHARANPUR J,36,163
51910,SRE,SAHARANPUR J,DLI,DELHI JN.,36,163
51911,DLI,DELHI JN.,SRE,SAHARANPUR J,36,163
51912,SRE,SAHARANPUR J,DLI,DELHI JN.,36,163
51913,DLI,DELHI JN.,SRE,SAHARANPUR J,32,163
51914,SRE,SAHARANPUR J,DLI,DELHI JN.,28,160
51915,DLI,DELHI JN.,FN,FARUKHNAGAR,12,52
51916,FN,FARUKHNAGAR,DLI,DELHI JN.,12,51
51971,MTJ,MATHURA JN.,AWR,ALWAR JN.,13,122
51972,AWR,ALWAR JN.,MTJ,MATHURA JN.,13,123
51973,MTJ,MATHURA JN.,JP,JAIPUR JN.,34,273
51974,JP,JAIPUR JN.,MTJ,MATHURA JN.,34,273
52073,MJ,MARWAR JN.,MVJ,MAVLI JN.,15,202
52074,MVJ,MAVLI JN.,MJ,MARWAR JN.,15,202
52075,MJ,MARWAR JN.,MVJ,MAVLI JN.,16,202
52076,MVJ,MAVLI JN.,MJ,MARWAR JN.,16,202
52171,GWO,GWALIOR (NG),SOE,SHEOPUR KALA,28,186
52172,SOE,SHEOPUR KALA,GWO,GWALIOR (NG),28,186
52173,GWO,GWALIOR (NG),SBL,SABALGARH,15,92
52174,SBL,SABALGARH,GWO,GWALIOR (NG),15,92
52175,GWO,GWALIOR (NG),SBL,SABALGARH,8,92
52176,SBL,SABALGARH,GWO,GWALIOR (NG),7,92
52177,SBL,SABALGARH,SOE,SHEOPUR KALA,14,103
52178,SOE,SHEOPUR KALA,SBL,SABALGARH,14,103
52179,DHOA,DHOLPUR (NG),SRMT,SIRMUTTRA,9,70
52180,SRMT,SIRMUTTRA,DHOA,DHOLPUR (NG),9,70
52181,DHOA,DHOLPUR (NG),TPO,TANTPUR,9,58
52182,TPO,TANTPUR,BARI,BARI,5,27
52183,BARI,BARI,SRMT,SIRMUTTRA,5,39
52184,SRMT,SIRMUTTRA,DHOA,DHOLPUR (NG),9,70
52205,PBE,PILIBHIT JN.,MLN,MAILANI JN.,13,67
52206,MLN,MAILANI JN.,PBE,PILIBHIT JN.,8,67
52207,PBE,PILIBHIT JN.,MLN,MAILANI JN.,13,67
52208,MLN,MAILANI JN.,PBE,PILIBHIT JN.,13,67
52221,PBE,PILIBHIT JN.,MLN,MAILANI JN.,13,67
52222,MLN,MAILANI JN.,PBE,PILIBHIT JN.,13,67
52223,PBE,PILIBHIT JN.,MLN,MAILANI JN.,13,67
52224,MLN,MAILANI JN.,PBE,PILIBHIT JN.,13,67
52225,PBE,PILIBHIT JN.,MLN,MAILANI JN.,8,67
52226,MLN,MAILANI JN.,PBE,PILIBHIT JN.,13,67
52229,SZP,SHAHJAHANPUR,PBE,PILIBHIT JN.,15,84
52230,PBE,PILIBHIT JN.,SZP,SHAHJAHANPUR,16,84
52231,PBE,PILIBHIT JN.,SZP,SHAHJAHANPUR,15,84
52232,SZP,SHAHJAHANPUR,PBE,PILIBHIT JN.,15,84
52233,PBE,PILIBHIT JN.,SZP,SHAHJAHANPUR,15,83
52234,SZP,SHAHJAHANPUR,PBE,PILIBHIT JN.,16,84
52235,PBE,PILIBHIT JN.,SZP,SHAHJAHANPUR,14,83
52236,SZP,SHAHJAHANPUR,PBE,PILIBHIT JN.,13,84
52239,TQN,TIKUNIA,MLN,MAILANI JN.,6,78
52240,MLN,MAILANI JN.,TQN,TIKUNIA,6,78
52241,BRK,BAHRAICH,MLN,MAILANI JN.,18,205
52242,MLN,MAILANI JN.,BRK,BAHRAICH,18,205
52251,BRK,BAHRAICH,MLN,MAILANI JN.,18,205
52252,MLN,MAILANI JN.,BRK,BAHRAICH,19,205
52253,BRK,BAHRAICH,MLN,MAILANI JN.,18,205
52254,MLN,MAILANI JN.,BRK,BAHRAICH,18,205
52255,BRK,BAHRAICH,MLN,MAILANI JN.,19,205
52256,MLN,MAILANI JN.,BRK,BAHRAICH,18,205
52257,BRK,BAHRAICH,MLN,MAILANI JN.,16,205
52258,MLN,MAILANI JN.,BRK,BAHRAICH,16,205
52259,BRK,BAHRAICH,MLN,MAILANI JN.,16,205
52260,MLN,MAILANI JN.,BRK,BAHRAICH,16,205
52263,BRK,BAHRAICH,NPR,NEPALGANJ RO,6,54
52264,NPR,NEPALGANJ RO,BRK,BAHRAICH,6,54
52265,BRK,BAHRAICH,NPR,NEPALGANJ RO,6,54
52266,NPR,NEPALGANJ RO,BRK,BAHRAICH,6,54
52267,BRK,BAHRAICH,NPR,NEPALGANJ RO,6,54
52268,NPR,NEPALGANJ RO,BRK,BAHRAICH,6,54
52297,PBE,PILIBHIT JN.,SZP,SHAHJAHANPUR,6,84
52298,SZP,SHAHJAHANPUR,PBE,PILIBHIT JN.,6,84
52451,KLK,KALKA,SML,SHIMLA,3,95
52452,SML,SHIMLA,KLK,KALKA,3,95
52453,KLK,KALKA,SML,SHIMLA,12,95
52454,SML,SHIMLA,KLK,KALKA,14,95
52455,KLK,KALKA,SML,SHIMLA,11,95
52456,SML,SHIMLA,KLK,KALKA,10,95
52457,KLK,KALKA,SML,SHIMLA,18,95
52458,SML,SHIMLA,KLK,KALKA,18,95
52461,PTK,PATHANKOT JN,JMKR,JAWALAMUKHI,17,93
52462,JMKR,JAWALAMUKHI,PTK,PATHANKOT JN,17,104
52463,PTK,PATHANKOT JN,BJPL,BAIJNATH PAP,28,156
52464,BJPL,BAIJNATH PAP,PTK,PATHANKOT JN,27,176
52465,PTK,PATHANKOT JN,BJPL,BAIJNATH PAP,30,162
52466,BJPL,BAIJNATH PAP,PTK,PATHANKOT JN,30,185
52467,PTK,PATHANKOT JN,BJPL,BAIJNATH PAP,30,162
52468,BJPL,BAIJNATH PAP,PTK,PATHANKOT JN,30,185
52469,PTK,PATHANKOT JN,BJPL,BAIJNATH PAP,25,164
52470,BJPL,BAIJNATH PAP,PTK,PATHANKOT JN,23,169
52471,PTK,PATHANKOT JN,JDNX,JOGINDER NAG,30,192
52472,JDNX,JOGINDER NAG,PTK,PATHANKOT JN,34,215
52473,PTK,PATHANKOT JN,JDNX,JOGINDER NAG,34,191
52474,JDNX,JOGINDER NAG,PTK,PATHANKOT JN,33,213
52540,DJ,DARJEELING,NJP,NEW JALPAIGU,12,87
52541,NJP,NEW JALPAIGU,DJ,DARJEELING,12,87
52570,DJ,DARJEELING,KGN,KURSEONG,5,30
52571,KGN,KURSEONG,DJ,DARJEELING,5,30
52587,KGN,KURSEONG,DJ,DARJEELING,5,30
52588,DJ,DARJEELING,KGN,KURSEONG,5,30
52591,DJ,DARJEELING,DJ,DARJEELING,3,12
52592,DJ,DARJEELING,DJ,DARJEELING,3,12
52593,DJ,DARJEELING,DJ,DARJEELING,3,12
52594,DJ,DARJEELING,DJ,DARJEELING,3,12
52595,DJ,DARJEELING,DJ,DARJEELING,3,12
52596,DJ,DARJEELING,DJ,DARJEELING,3,12
52597,DJ,DARJEELING,DJ,DARJEELING,3,12
52598,DJ,DARJEELING,DJ,DARJEELING,3,12
52599,DJ,DARJEELING,DJ,DARJEELING,3,12
52911,RUJ,RANUJ,ADIJ,AHMEDABAD JN,14,134
52912,ADIJ,AHMEDABAD JN,RUJ,RANUJ,14,134
52913,RUJ,RANUJ,ADIJ,AHMEDABAD JN,14,134
52914,ADIJ,AHMEDABAD JN,RUJ,RANUJ,14,134
52929,VRLF,VERAVAL MG,DASF,DHASA JN (MG,17,189
52930,DASF,DHASA JN (MG,VRLF,VERAVAL MG,17,189
52931,JLRF,JETALSAR JN,DASF,DHASA JN (MG,11,104
52932,DASF,DHASA JN (MG,JLRF,JETALSAR JN,11,104
52933,VRLF,VERAVAL MG,DASF,DHASA JN (MG,17,189
52934,BTDF,BOTAD JN (MG,GG,GANDHIGRAM,21,154
52935,GG,GANDHIGRAM,BTDF,BOTAD JN (MG,20,154
52938,BTDF,BOTAD JN (MG,ADIJ,AHMEDABAD JN,14,175
52939,ADIJ,AHMEDABAD JN,BTDF,BOTAD JN (MG,14,175
52940,BTDF,BOTAD JN (MG,GG,GANDHIGRAM,20,154
52941,GG,GANDHIGRAM,BTDF,BOTAD JN (MG,20,154
52942,BTDF,BOTAD JN (MG,GG,GANDHIGRAM,12,154
52943,GG,GANDHIGRAM,BTDF,BOTAD JN (MG,12,154
52944,BTDF,BOTAD JN (MG,GG,GANDHIGRAM,17,154
52945,GG,GANDHIGRAM,BTDF,BOTAD JN (MG,17,154
52946,DASF,DHASA JN (MG,VRLF,VERAVAL MG,17,189
52947,JLRF,JETALSAR JN,DASF,DHASA JN (MG,11,104
52948,DASF,DHASA JN (MG,JLRF,JETALSAR JN,11,104
52949,VRLF,VERAVAL MG,DVA,DELVADA,12,95
52950,DVA,DELVADA,VRLF,VERAVAL MG,12,95
52951,DVA,DELVADA,JND,JUNAGADH JN,19,159
52952,JND,JUNAGADH JN,DVA,DELVADA,19,159
52953,KODR,KODINAR,VRLF,VERAVAL MG,7,70
52954,VRLF,VERAVAL MG,KODR,KODINAR,7,70
52955,KJV,KHIJADIYA JN,JND,JUNAGADH JN,12,133
52956,JND,JUNAGADH JN,KJV,KHIJADIYA JN,12,133
52963,DADN,MHOW,SWD,SANAWAD,8,63
52964,SWD,SANAWAD,DADN,MHOW,8,63
52973,DADN,MHOW,SWD,SANAWAD,8,63
52974,SWD,SANAWAD,DADN,MHOW,8,63
52975,DADN,MHOW,SWD,SANAWAD,8,63
52976,SWD,SANAWAD,DADN,MHOW,8,63
52987,DADN,MHOW,SWD,SANAWAD,8,63
52988,SWD,SANAWAD,DADN,MHOW,8,63
53001,HWH,HOWRAH JN.,AZ,AZIMGANJ JN.,42,209
53002,AZ,AZIMGANJ JN.,HWH,HOWRAH JN.,36,216
53005,KWAE,KATWA JN.,AZ,AZIMGANJ JN.,17,65
53006,AZ,AZIMGANJ JN.,KWAE,KATWA JN.,16,72
53007,KWAE,KATWA JN.,RPH,RAMPUR HAT,28,131
53008,RPH,RAMPUR HAT,KWAE,KATWA JN.,29,131
53009,KWAE,KATWA JN.,AZ,AZIMGANJ JN.,18,65
53010,AZ,AZIMGANJ JN.,KWAE,KATWA JN.,19,72
53011,KWAE,KATWA JN.,AZ,AZIMGANJ JN.,15,65
53012,AZ,AZIMGANJ JN.,KWAE,KATWA JN.,20,72
53013,KWAE,KATWA JN.,AZ,AZIMGANJ JN.,17,72
53014,AZ,AZIMGANJ JN.,KWAE,KATWA JN.,17,72
53015,KWAE,KATWA JN.,AZ,AZIMGANJ JN.,16,65
53016,AZ,AZIMGANJ JN.,KWAE,KATWA JN.,16,72
53017,KWAE,KATWA JN.,AZ,AZIMGANJ JN.,17,72
53018,AZ,AZIMGANJ JN.,KWAE,KATWA JN.,20,72
53019,KWAE,KATWA JN.,AZ,AZIMGANJ JN.,13,65
53020,AZ,AZIMGANJ JN.,KWAE,KATWA JN.,15,65
53021,AZ,AZIMGANJ JN.,SBG,SAHIBGANJ,25,142
53022,SBG,SAHIBGANJ,AZ,AZIMGANJ JN.,25,142
53023,AZ,AZIMGANJ JN.,RPH,RAMPUR HAT,11,59
53024,RPH,RAMPUR HAT,AZ,AZIMGANJ JN.,10,59
53025,AZ,AZIMGANJ JN.,RPH,RAMPUR HAT,11,59
53026,RPH,RAMPUR HAT,AZ,AZIMGANJ JN.,11,59
53027,AZ,AZIMGANJ JN.,MLDT,MALDA TOWN,22,112
53028,MLDT,MALDA TOWN,AZ,AZIMGANJ JN.,22,112
53029,AZ,AZIMGANJ JN.,BGP,BHAGALPUR,42,217
53030,BGP,BHAGALPUR,AZ,AZIMGANJ JN.,41,217
53031,AZ,AZIMGANJ JN.,RPH,RAMPUR HAT,11,59
53034,RPH,RAMPUR HAT,AZ,AZIMGANJ JN.,11,59
53035,AZ,AZIMGANJ JN.,BHW,BARHARWA JN.,18,87
53036,BHW,BARHARWA JN.,AZ,AZIMGANJ JN.,20,87
53037,SBG,SAHIBGANJ,BGP,BHAGALPUR,14,74
53038,BGP,BHAGALPUR,SBG,SAHIBGANJ,14,74
53041,HWH,HOWRAH JN.,JYG,JAYNAGAR,118,718
53042,JYG,JAYNAGAR,HWH,HOWRAH JN.,107,718
53043,HWH,HOWRAH JN.,RGD,RAJGIR,83,653
53044,RGD,RAJGIR,HWH,HOWRAH JN.,73,653
53045,HWH,HOWRAH JN.,RPH,RAMPUR HAT,21,286
53046,RPH,RAMPUR HAT,HWH,HOWRAH JN.,20,287
53047,HWH,HOWRAH JN.,RPH,RAMPUR HAT,23,218
53048,RPH,RAMPUR HAT,HWH,HOWRAH JN.,23,218
53049,HWH,HOWRAH JN.,MKA,MOKAMA JN.,53,453
53050,MKA,MOKAMA JN.,HWH,HOWRAH JN.,50,454
53061,BWN,BARDDHAMAN J,HTE,HATIA,50,348
53062,HTE,HATIA,BWN,BARDDHAMAN J,50,346
53063,BWN,BARDDHAMAN J,BHW,BARHARWA JN.,31,194
53064,BHW,BARHARWA JN.,BWN,BARDDHAMAN J,31,194
53068,RPH,RAMPUR HAT,BWN,BARDDHAMAN J,19,111
53069,BWN,BARDDHAMAN J,RPH,RAMPUR HAT,19,111
53073,RPH,RAMPUR HAT,SBG,SAHIBGANJ,22,137
53074,SBG,SAHIBGANJ,RPH,RAMPUR HAT,22,137
53075,RPH,RAMPUR HAT,BHW,BARHARWA JN.,13,82
53076,BHW,BARHARWA JN.,RPH,RAMPUR HAT,13,82
53081,RPH,RAMPUR HAT,DUMK,DUMKA,8,64
53131,SDAH,SEALDAH,MFP,MUZAFFARPUR,70,571
53132,MFP,MUZAFFARPUR,SDAH,SEALDAH,70,572
53137,RPH,RAMPUR HAT,BHW,BARHARWA JN.,13,82
53138,BHW,BARHARWA JN.,RPH,RAMPUR HAT,13,82
53139,KOAA,KOLKATA,JSME,JASIDIH JN.,18,324
53140,JSME,JASIDIH JN.,KOAA,KOLKATA,18,325
53171,SDAH,SEALDAH,LGL,LALGOLA,40,231
53172,LGL,LALGOLA,SDAH,SEALDAH,38,229
53175,SDAH,SEALDAH,LGL,LALGOLA,35,231
53176,LGL,LALGOLA,SDAH,SEALDAH,36,229
53177,SDAH,SEALDAH,LGL,LALGOLA,29,230
53178,LGL,LALGOLA,SDAH,SEALDAH,36,229
53179,KOAA,KOLKATA,LGL,LALGOLA,35,223
53180,LGL,LALGOLA,KOAA,KOLKATA,39,222
53181,SDAH,SEALDAH,LGL,LALGOLA,34,230
53186,LGL,LALGOLA,SDAH,SEALDAH,33,229
53207,IPR,ISLAMPUR,FUT,FATUHA,5,42
53208,FUT,FATUHA,IPR,ISLAMPUR,5,42
53209,RGD,RAJGIR,FUT,FATUHA,8,71
53210,FUT,FATUHA,RGD,RAJGIR,8,71
53211,PNBE,PATNA JN.,SSM,SASARAM,13,146
53212,SSM,SASARAM,PNBE,PATNA JN.,13,146
53213,PNBE,PATNA JN.,GAYA,GAYA JN.,26,94
53214,GAYA,GAYA JN.,PNBE,PATNA JN.,25,88
53221,RGD,RAJGIR,BKP,BAKHTIYARPUR,8,53
53222,BKP,BAKHTIYARPUR,RGD,RAJGIR,8,53
53223,RGD,RAJGIR,BKP,BAKHTIYARPUR,8,53
53224,BKP,BAKHTIYARPUR,RGD,RAJGIR,7,53
53225,BKP,BAKHTIYARPUR,GAYA,GAYA JN.,13,140
53226,GAYA,GAYA JN.,BKP,BAKHTIYARPUR,13,140
53229,RGD,RAJGIR,DNR,DANAPUR,19,108
53230,DNR,DANAPUR,RGD,RAJGIR,18,108
53231,TIA,TILAIYA,DNR,DANAPUR,20,154
53232,DNR,DANAPUR,TIA,TILAIYA,20,154
53323,SNDT,SINDRI TOWN,DHN,DHANBAD JN.,7,27
53324,DHN,DHANBAD JN.,SNDT,SINDRI TOWN,7,27
53327,SNDT,SINDRI TOWN,GMO,NSC BOSE J G,12,56
53328,GMO,NSC BOSE J G,SNDT,SINDRI TOWN,12,56
53333,SNDT,SINDRI TOWN,DHN,DHANBAD JN.,6,27
53334,DHN,DHANBAD JN.,SNDT,SINDRI TOWN,6,27
53343,GMO,NSC BOSE J G,CPU,CHOPAN,59,460
53344,CPU,CHOPAN,GMO,NSC BOSE J G,58,460
53345,CPU,CHOPAN,ALD,ALLAHABAD JN,23,223
53346,ALD,ALLAHABAD JN,CPU,CHOPAN,23,223
53347,GMO,NSC BOSE J G,BRWD,BARWADIH JN,36,258
53348,BRWD,BARWADIH JN,GMO,NSC BOSE J G,35,258
53349,BRWD,BARWADIH JN,DOS,DEHRI-ON-SON,24,159
53350,DOS,DEHRI-ON-SON,BRWD,BARWADIH JN,24,159
53351,BRWD,BARWADIH JN,CAR,CHUNAR JN.,31,304
53352,CAR,CHUNAR JN.,BRWD,BARWADIH JN,31,304
53357,BRKA,BARKAKANA,DOS,DEHRI-ON-SON,43,316
53358,DOS,DEHRI-ON-SON,BRKA,BARKAKANA,42,316
53363,GAYA,GAYA JN.,DOS,DEHRI-ON-SON,14,85
53364,DOS,DEHRI-ON-SON,GAYA,GAYA JN.,14,85
53365,KWAR,KAWAR,KQR,KODERMA,9,87
53366,KQR,KODERMA,KWAR,KAWAR,9,87
53369,KWAR,KAWAR,KQR,KODERMA,9,87
53370,KQR,KODERMA,KWAR,KAWAR,9,87
53371,KQR,KODERMA,BRKA,BARKAKANA,16,139
53372,BRKA,BARKAKANA,KQR,KODERMA,16,139
53373,KQR,KODERMA,BRKA,BARKAKANA,16,139
53374,BRKA,BARKAKANA,KQR,KODERMA,16,139
53401,SBG,SAHIBGANJ,MLDT,MALDA TOWN,19,103
53402,MLDT,MALDA TOWN,SBG,SAHIBGANJ,19,103
53403,RPH,RAMPUR HAT,GAYA,GAYA JN.,66,433
53404,GAYA,GAYA JN.,JMP,JAMALPUR JN.,21,174
53405,RPH,RAMPUR HAT,SBG,SAHIBGANJ,22,137
53406,SBG,SAHIBGANJ,RPH,RAMPUR HAT,22,137
53408,JMP,JAMALPUR JN.,RPH,RAMPUR HAT,46,259
53411,BHW,BARHARWA JN.,SBG,SAHIBGANJ,10,54
53412,SBG,SAHIBGANJ,BHW,BARHARWA JN.,10,54
53415,SBG,SAHIBGANJ,JMP,JAMALPUR JN.,31,127
53416,JMP,JAMALPUR JN.,SBG,SAHIBGANJ,31,127
53417,BWN,BARDDHAMAN J,MLDT,MALDA TOWN,39,233
53418,MLDT,MALDA TOWN,BWN,BARDDHAMAN J,39,233
53423,JMP,JAMALPUR JN.,KIUL,KIUL JN.,13,45
53424,KIUL,KIUL JN.,JMP,JAMALPUR JN.,13,44
53431,SBG,SAHIBGANJ,JMP,JAMALPUR JN.,31,127
53432,JMP,JAMALPUR JN.,SBG,SAHIBGANJ,31,127
53433,AZ,AZIMGANJ JN.,BHW,BARHARWA JN.,19,87
53434,BHW,BARHARWA JN.,AZ,AZIMGANJ JN.,19,87
53435,KWAE,KATWA JN.,AZ,AZIMGANJ JN.,19,65
53436,AZ,AZIMGANJ JN.,KWAE,KATWA JN.,18,65
53441,HSDA,HANSDIHA,BGP,BHAGALPUR,16,71
53442,BGP,BHAGALPUR,HSDA,HANSDIHA,16,72
53443,HSDA,HANSDIHA,BGP,BHAGALPUR,16,71
53444,BGP,BHAGALPUR,HSDA,HANSDIHA,18,73
53445,HSDA,HANSDIHA,BGP,BHAGALPUR,16,71
53446,BGP,BHAGALPUR,HSDA,HANSDIHA,16,72
53447,BAKA,BANKA,BGP,BHAGALPUR,15,50
53448,BGP,BHAGALPUR,BAKA,BANKA,15,51
53449,BAKA,BANKA,BGP,BHAGALPUR,15,50
53450,BGP,BHAGALPUR,BAKA,BANKA,15,51
53451,DUMK,DUMKA,HSDA,HANSDIHA,6,41
53452,HSDA,HANSDIHA,DUMK,DUMKA,6,41
53479,JMP,JAMALPUR JN.,KIUL,KIUL JN.,13,45
53480,KIUL,KIUL JN.,JMP,JAMALPUR JN.,13,44
53481,TPH,TINPAHAR JN.,RJL,RAJMAHAL,2,11
53482,RJL,RAJMAHAL,TPH,TINPAHAR JN.,2,11
53483,TPH,TINPAHAR JN.,RJL,RAJMAHAL,2,11
53484,RJL,RAJMAHAL,TPH,TINPAHAR JN.,2,11
53485,TPH,TINPAHAR JN.,RJL,RAJMAHAL,2,11
53486,RJL,RAJMAHAL,TPH,TINPAHAR JN.,2,11
53487,TPH,TINPAHAR JN.,RJL,RAJMAHAL,2,11
53488,RJL,RAJMAHAL,TPH,TINPAHAR JN.,2,11
53489,TPH,TINPAHAR JN.,RJL,RAJMAHAL,2,11
53490,RJL,RAJMAHAL,TPH,TINPAHAR JN.,2,11
53491,TPH,TINPAHAR JN.,RJL,RAJMAHAL,2,11
53492,RJL,RAJMAHAL,TPH,TINPAHAR JN.,2,11
53493,TPH,TINPAHAR JN.,RJL,RAJMAHAL,2,11
53494,RJL,RAJMAHAL,TPH,TINPAHAR JN.,2,11
53495,TPH,TINPAHAR JN.,RJL,RAJMAHAL,2,11
53496,RJL,RAJMAHAL,TPH,TINPAHAR JN.,2,11
53497,BGP,BHAGALPUR,JMP,JAMALPUR JN.,18,52
53498,JMP,JAMALPUR JN.,BGP,BHAGALPUR,18,52
53511,MDP,MADHUPUR JN.,GRD,GIRDIH,7,38
53512,GRD,GIRDIH,MDP,MADHUPUR JN.,7,37
53513,MDP,MADHUPUR JN.,GRD,GIRDIH,7,38
53514,GRD,GIRDIH,MDP,MADHUPUR JN.,7,37
53515,MDP,MADHUPUR JN.,GRD,GIRDIH,7,38
53516,GRD,GIRDIH,MDP,MADHUPUR JN.,7,37
53517,MDP,MADHUPUR JN.,GRD,GIRDIH,7,38
53518,GRD,GIRDIH,MDP,MADHUPUR JN.,7,37
53519,MDP,MADHUPUR JN.,GRD,GIRDIH,7,38
53520,GRD,GIRDIH,MDP,MADHUPUR JN.,7,37
53523,ASN,ASANSOL MAIN,BRKA,BARKAKANA,35,188
53524,BRKA,BARKAKANA,ASN,ASANSOL MAIN,35,188
53525,BRKA,BARKAKANA,BSB,VARANASI JN.,63,453
53526,BSB,VARANASI JN.,BRKA,BARKAKANA,62,453
53551,DUMK,DUMKA,JSME,JASIDIH JN.,9,70
53552,JSME,JASIDIH JN.,DUMK,DUMKA,9,70
53553,DUMK,DUMKA,JSME,JASIDIH JN.,9,70
53554,JSME,JASIDIH JN.,DUMK,DUMKA,9,70
53555,DUMK,DUMKA,JSME,JASIDIH JN.,9,70
53556,JSME,JASIDIH JN.,DUMK,DUMKA,9,70
53611,BRWD,BARWADIH JN,DOS,DEHRI-ON-SON,24,159
53612,DOS,DEHRI-ON-SON,BRWD,BARWADIH JN,24,159
53615,JMP,JAMALPUR JN.,GAYA,GAYA JN.,19,174
53616,GAYA,GAYA JN.,JMP,JAMALPUR JN.,19,174
53623,JAJ,JHAJHA,GAYA,GAYA JN.,20,183
53624,GAYA,GAYA JN.,JAJ,JHAJHA,21,183
53625,KIUL,KIUL JN.,GAYA,GAYA JN.,13,129
53626,GAYA,GAYA JN.,KIUL,KIUL JN.,13,129
53627,KIUL,KIUL JN.,GAYA,GAYA JN.,12,129
53628,GAYA,GAYA JN.,KIUL,KIUL JN.,12,129
53629,KIUL,KIUL JN.,GAYA,GAYA JN.,12,129
53630,GAYA,GAYA JN.,KIUL,KIUL JN.,13,129
53631,KIUL,KIUL JN.,GAYA,GAYA JN.,12,129
53632,GAYA,GAYA JN.,KIUL,KIUL JN.,12,129
53641,DLN,DILDARNAGAR,MGS,MUGHAL SARAI,9,53
53642,MGS,MUGHAL SARAI,DLN,DILDARNAGAR,9,53
53643,DLN,DILDARNAGAR,TRG,TARIGHAT,4,18
53644,TRG,TARIGHAT,DLN,DILDARNAGAR,4,18
53645,DLN,DILDARNAGAR,TRG,TARIGHAT,4,18
53646,TRG,TARIGHAT,DLN,DILDARNAGAR,4,18
53647,DLN,DILDARNAGAR,TRG,TARIGHAT,4,18
53648,TRG,TARIGHAT,DLN,DILDARNAGAR,4,18
54001,TKJ,TILAK BRIDGE,ROK,ROHTAK JN.,20,73
54002,ROK,ROHTAK JN.,TKJ,TILAK BRIDGE,20,73
54005,DLI,DELHI JN.,BNW,BHIWANI JN.,23,119
54006,JIND,JIND JN,ROK,ROHTAK JN.,25,141
54007,ROK,ROHTAK JN.,JIND,JIND JN,25,141
54008,JIND,JIND JN,ROK,ROHTAK JN.,25,141
54009,ROK,ROHTAK JN.,JIND,JIND JN,25,141
54010,NRW,NARWANA JN.,JIND,JIND JN,5,33
54011,TKJ,TILAK BRIDGE,SDLP,SADULPUR JN,39,227
54012,SDLP,SADULPUR JN,TKJ,TILAK BRIDGE,39,227
54013,ROK,ROHTAK JN.,BNW,BHIWANI JN.,7,49
54014,BNW,BHIWANI JN.,ROK,ROHTAK JN.,7,49
54015,ROK,ROHTAK JN.,BNW,BHIWANI JN.,7,49
54016,BNW,BHIWANI JN.,ROK,ROHTAK JN.,7,49
54018,BNW,BHIWANI JN.,ROK,ROHTAK JN.,7,49
54019,RE,REWARI JN.,ROK,ROHTAK JN.,8,81
54023,ROK,ROHTAK JN.,JIND,JIND JN,9,57
54024,JIND,JIND JN,DLI,DELHI JN.,25,127
54025,ROK,ROHTAK JN.,PNP,PANIPAT JN.,6,60
54026,PNP,PANIPAT JN.,ROK,ROHTAK JN.,6,71
54031,DLI,DELHI JN.,JIND,JIND JN,25,127
54032,JIND,JIND JN,DLI,DELHI JN.,25,127
54033,DLI,DELHI JN.,NRW,NARWANA JN.,29,160
54034,JIND,JIND JN,DLI,DELHI JN.,25,127
54035,DLI,DELHI JN.,JHL,JAKHAL JN.,35,199
54036,JHL,JAKHAL JN.,DLI,DELHI JN.,35,199
54037,KKDE,KURUKSHETRA,JIND,JIND JN,17,120
54038,JIND,JIND JN,KKDE,KURUKSHETRA,17,119
54039,KKDE,KURUKSHETRA,JIND,JIND JN,17,120
54040,JIND,JIND JN,KKDE,KURUKSHETRA,17,119
54041,KKDE,KURUKSHETRA,JIND,JIND JN,17,120
54042,JIND,JIND JN,KKDE,KURUKSHETRA,17,119
54043,JIND,JIND JN,HSR,HISAR JN,40,327
54044,HSR,HISAR JN,JIND,JIND JN,40,327
54045,JIND,JIND JN,FZR,FIROZPUR CAN,34,257
54046,FZR,FIROZPUR CAN,JIND,JIND JN,36,257
54047,KKDE,KURUKSHETRA,JIND,JIND JN,10,120
54048,JIND,JIND JN,KKDE,KURUKSHETRA,17,119
54049,ROK,ROHTAK JN.,JIND,JIND JN,25,141
54050,JIND,JIND JN,ROK,ROHTAK JN.,25,141
54051,LDH,LUDHIANA JN.,FZR,FIROZPUR CAN,14,123
54052,FZR,FIROZPUR CAN,LDH,LUDHIANA JN.,14,123
54053,JHL,JAKHAL JN.,LDH,LUDHIANA JN.,19,128
54054,LDH,LUDHIANA JN.,JHL,JAKHAL JN.,19,128
54055,MB,MORADABAD JN,DLI,DELHI JN.,26,160
54056,DLI,DELHI JN.,MB,MORADABAD JN,26,160
54057,DLI,DELHI JN.,SMQL,SHAMLI,24,93
54058,SMQL,SHAMLI,DLI,DELHI JN.,24,93
54059,DLI,DELHI JN.,SMQL,SHAMLI,16,90
54060,SMQL,SHAMLI,DLI,DELHI JN.,24,93
54075,SPC,SITAPUR CITY,DLI,DELHI JN.,40,408
54076,DLI,DELHI JN.,SPC,SITAPUR CITY,44,408
54077,BE,BAREILLY JN.,MB,MORADABAD JN,18,110
54078,MB,MORADABAD JN,BE,BAREILLY JN.,19,110
54085,DLI,DELHI JN.,RE,REWARI JN.,18,82
54086,RE,REWARI JN.,DLI,DELHI JN.,18,82
54091,NBD,NAJIBABAD JN,KTW,KOTDWARA,3,24
54092,KTW,KOTDWARA,NBD,NAJIBABAD JN,3,24
54101,PRG,PRAYAG JN.,CNB,KANPUR CENTR,34,208
54102,CNB,KANPUR CENTR,PRG,PRAYAG JN.,34,208
54103,CAR,CHUNAR JN.,ALD,ALLAHABAD JN,16,120
54104,ALD,ALLAHABAD JN,CAR,CHUNAR JN.,16,120
54107,ALD,ALLAHABAD JN,JNU,JAUNPUR JN.,19,113
54108,JNU,JAUNPUR JN.,ALD,ALLAHABAD JN,19,113
54109,MGS,MUGHAL SARAI,FD,FAIZABAD JN.,33,214
54110,FD,FAIZABAD JN.,MGS,MUGHAL SARAI,33,214
54152,CNB,KANPUR CENTR,FTP,FATEHPUR,13,77
54153,RBL,RAE BARELI J,CNB,KANPUR CENTR,27,167
54154,CNB,KANPUR CENTR,RBL,RAE BARELI J,27,167
54155,CNB,KANPUR CENTR,FBD,FARRUKHABAD,27,138
54156,FBD,FARRUKHABAD,CNB,KANPUR CENTR,27,139
54158,FBD,FARRUKHABAD,CPA,KANPUR ANWAR,26,136
54159,JHS,JHANSI JN,ALD,ALLAHABAD JN,44,397
54161,KURJ,KHAJAURAHO,CNB,KANPUR CENTR,27,261
54162,CNB,KANPUR CENTR,KURJ,KHAJAURAHO,28,261
54201,LKO,LUCKNOW JN.,RBD,RAHIMABAD,7,37
54211,RBL,RAE BARELI J,CNB,KANPUR CENTR,23,128
54212,CNB,KANPUR CENTR,RBL,RAE BARELI J,23,128
54221,RBL,RAE BARELI J,RRS,RAGHURAJ SIN,10,57
54222,RRS,RAGHURAJ SIN,RBL,RAE BARELI J,10,57
54223,RBL,RAE BARELI J,RRS,RAGHURAJ SIN,10,57
54224,RRS,RAGHURAJ SIN,RBL,RAE BARELI J,10,57
54225,UCR,UNCHAHAR JN.,RBL,RAE BARELI J,5,37
54226,RBL,RAE BARELI J,UCR,UNCHAHAR JN.,5,37
54227,UCR,UNCHAHAR JN.,RBL,RAE BARELI J,5,37
54228,RBL,RAE BARELI J,UCR,UNCHAHAR JN.,5,37
54231,FD,FAIZABAD JN.,LKO,LUCKNOW JN.,18,127
54232,LKO,LUCKNOW JN.,FD,FAIZABAD JN.,18,127
54233,FD,FAIZABAD JN.,LKO,LUCKNOW JN.,18,127
54234,LKO,LUCKNOW JN.,FD,FAIZABAD JN.,18,127
54237,MUR,MANKAPUR JN.,FD,FAIZABAD JN.,7,46
54238,FD,FAIZABAD JN.,MUR,MANKAPUR JN.,7,45
54239,MUR,MANKAPUR JN.,AY,AYODHYA,5,38
54240,AY,AYODHYA,MUR,MANKAPUR JN.,5,38
54243,MUR,MANKAPUR JN.,AY,AYODHYA,5,38
54244,AY,AYODHYA,MUR,MANKAPUR JN.,5,38
54251,LKO,LUCKNOW JN.,SRE,SAHARANPUR J,74,508
54252,SRE,SAHARANPUR J,LKO,LUCKNOW JN.,75,518
54253,PRG,PRAYAG JN.,LKO,LUCKNOW JN.,32,225
54254,LKO,LUCKNOW JN.,PRG,PRAYAG JN.,32,225
54255,BSB,VARANASI JN.,LKO,LUCKNOW JN.,43,301
54256,LKO,LUCKNOW JN.,BSB,VARANASI JN.,42,301
54261,MGS,MUGHAL SARAI,JNU,JAUNPUR JN.,14,75
54262,JNU,JAUNPUR JN.,BSB,VARANASI JN.,11,57
54263,BSB,VARANASI JN.,SLN,SULTANPUR JN,21,143
54264,SLN,SULTANPUR JN,BSB,VARANASI JN.,21,143
54265,BSB,VARANASI JN.,SLN,SULTANPUR JN,21,143
54266,SLN,SULTANPUR JN,BSB,VARANASI JN.,21,143
54267,MGS,MUGHAL SARAI,BSB,VARANASI JN.,4,18
54268,BSB,VARANASI JN.,MGS,MUGHAL SARAI,4,18
54270,BSB,VARANASI JN.,MGS,MUGHAL SARAI,4,18
54271,ARA,ARA,MGS,MUGHAL SARAI,31,198
54272,MGS,MUGHAL SARAI,ARA,ARA,31,198
54273,ARA,ARA,SSM,SASARAM,17,97
54274,SSM,SASARAM,ARA,ARA,17,97
54281,SLN,SULTANPUR JN,LKO,LUCKNOW JN.,19,139
54282,LKO,LUCKNOW JN.,SLN,SULTANPUR JN,18,139
54283,SLN,SULTANPUR JN,LKO,LUCKNOW JN.,18,139
54284,LKO,LUCKNOW JN.,SLN,SULTANPUR JN,18,139
54291,BSB,VARANASI JN.,PBH,PARTAPGARH J,18,128
54292,PBH,PARTAPGARH J,BSB,VARANASI JN.,18,128
54293,PBH,PARTAPGARH J,LKO,LUCKNOW JN.,25,172
54294,LKO,LUCKNOW JN.,PBH,PARTAPGARH J,27,172
54303,DLI,DELHI JN.,KLK,KALKA,41,266
54304,KLK,KALKA,DLI,DELHI JN.,47,331
54307,MB,MORADABAD JN,DLI,DELHI JN.,23,160
54308,DLI,DELHI JN.,MB,MORADABAD JN,23,160
54309,DLI,DELHI JN.,RE,REWARI JN.,18,82
54310,RE,REWARI JN.,DLI,DELHI JN.,18,82
54311,BE,BAREILLY JN.,MB,MORADABAD JN,20,110
54312,MB,MORADABAD JN,BE,BAREILLY JN.,20,110
54313,CH,CHANDAUSI JN,MB,MORADABAD JN,9,43
54314,MB,MORADABAD JN,CH,CHANDAUSI JN,9,43
54321,BLM,BALAMAU JN.,SCC,SITAPUR CANT,13,64
54322,SCC,SITAPUR CANT,BLM,BALAMAU JN.,13,64
54323,BUW,BURHWAL JN.,SCC,SITAPUR CANT,11,98
54324,SCC,SITAPUR CANT,BUW,BURHWAL JN.,14,97
54325,SPC,SITAPUR CITY,CNB,KANPUR CENTR,30,176
54326,CNB,KANPUR CENTR,SPC,SITAPUR CITY,30,176
54327,SPC,SITAPUR CITY,SPN,SHAHJAHANPUR,11,86
54328,SPN,SHAHJAHANPUR,SPC,SITAPUR CITY,11,86
54329,BLM,BALAMAU JN.,SPN,SHAHJAHANPUR,16,95
54330,SPN,SHAHJAHANPUR,BLM,BALAMAU JN.,16,95
54331,LKO,LUCKNOW JN.,BLM,BALAMAU JN.,11,68
54332,BLM,BALAMAU JN.,LKO,LUCKNOW JN.,10,68
54333,BSB,VARANASI JN.,LKO,LUCKNOW JN.,46,323
54334,LKO,LUCKNOW JN.,BSB,VARANASI JN.,46,323
54335,BLM,BALAMAU JN.,CNB,KANPUR CENTR,20,117
54336,CNB,KANPUR CENTR,BLM,BALAMAU JN.,20,117
54341,SRE,SAHARANPUR J,DDN,DEHRA DUN,21,131
54342,DDN,DEHRA DUN,SRE,SAHARANPUR J,21,131
54351,ALJN,ALIGARH JN.,BE,BAREILLY JN.,27,164
54352,BE,BAREILLY JN.,ALJN,ALIGARH JN.,27,164
54353,ALJN,ALIGARH JN.,BE,BAREILLY JN.,22,164
54354,BE,BAREILLY JN.,ALJN,ALIGARH JN.,27,164
54355,ROZA,ROZA JN,BE,BAREILLY JN.,13,78
54356,BE,BAREILLY JN.,ROZA,ROZA JN,13,78
54371,PRG,PRAYAG JN.,FD,FAIZABAD JN.,21,150
54372,FD,FAIZABAD JN.,PRG,PRAYAG JN.,21,150
54373,PRG,PRAYAG JN.,FD,FAIZABAD JN.,21,150
54374,FD,FAIZABAD JN.,PRG,PRAYAG JN.,21,150
54375,PRG,PRAYAG JN.,JNU,JAUNPUR JN.,18,107
54376,JNU,JAUNPUR JN.,PRG,PRAYAG JN.,18,107
54377,PRG,PRAYAG JN.,BE,BAREILLY JN.,62,429
54378,BE,BAREILLY JN.,PRG,PRAYAG JN.,62,429
54381,GJL,GAJRAULA JN.,NBD,NAJIBABAD JN,17,106
54382,NBD,NAJIBABAD JN,GJL,GAJRAULA JN.,18,106
54383,GJL,GAJRAULA JN.,NBD,NAJIBABAD JN,18,106
54384,NBD,NAJIBABAD JN,GJL,GAJRAULA JN.,17,106
54385,NBD,NAJIBABAD JN,KTW,KOTDWARA,3,24
54386,KTW,KOTDWARA,NBD,NAJIBABAD JN,3,24
54387,NBD,NAJIBABAD JN,KTW,KOTDWARA,3,24
54388,KTW,KOTDWARA,NBD,NAJIBABAD JN,3,24
54389,NBD,NAJIBABAD JN,KTW,KOTDWARA,3,24
54390,KTW,KOTDWARA,NBD,NAJIBABAD JN,3,24
54391,ALJN,ALIGARH JN.,MB,MORADABAD JN,24,142
54392,MB,MORADABAD JN,ALJN,ALIGARH JN.,24,142
54393,MB,MORADABAD JN,GJL,GAJRAULA JN.,9,53
54394,GJL,GAJRAULA JN.,MB,MORADABAD JN,9,53
54395,MB,MORADABAD JN,NBD,NAJIBABAD JN,23,159
54396,NBD,NAJIBABAD JN,MB,MORADABAD JN,23,159
54397,SHTS,SAMBAHAL HAT,MB,MORADABAD JN,9,47
54398,MB,MORADABAD JN,SHTS,SAMBAHAL HAT,9,47
54401,KRJ,KHURJA JN,MTC,MEERUT CITY,14,92
54402,MTC,MEERUT CITY,KRJ,KHURJA JN,14,92
54403,KRJ,KHURJA JN,MTC,MEERUT CITY,14,92
54404,MTC,MEERUT CITY,KRJ,KHURJA JN,14,92
54405,KRJ,KHURJA JN,MTC,MEERUT CITY,14,92
54406,MTC,MEERUT CITY,KRJ,KHURJA JN,13,92
54411,RE,REWARI JN.,MUT,MEERUT CANT,37,160
54412,MUT,MEERUT CANT,RE,REWARI JN.,37,160
54413,DLI,DELHI JN.,RE,REWARI JN.,18,82
54414,RE,REWARI JN.,DLI,DELHI JN.,18,82
54416,RE,REWARI JN.,DLI,DELHI JN.,18,82
54417,DLI,DELHI JN.,RE,REWARI JN.,18,82
54420,RE,REWARI JN.,DLI,DELHI JN.,18,82
54421,DLI,DELHI JN.,RE,REWARI JN.,18,82
54423,DLI,DELHI JN.,BNW,BHIWANI JN.,23,119
54424,BNW,BHIWANI JN.,DLI,DELHI JN.,23,119
54461,BKI,BANDIKUI JN.,BE,BAREILLY JN.,55,415
54462,BE,BAREILLY JN.,BKI,BANDIKUI JN.,56,416
54463,CH,CHANDAUSI JN,RKSH,RISHIKESH,38,233
54464,RKSH,RISHIKESH,CH,CHANDAUSI JN,36,233
54465,FBD,FARRUKHABAD,TDL,TUNDLA JN,21,142
54466,TDL,TUNDLA JN,FBD,FARRUKHABAD,21,142
54467,TDL,TUNDLA JN,ETAH,ETAH,10,73
54468,ETAH,ETAH,TDL,TUNDLA JN,10,73
54469,TDL,TUNDLA JN,ETAH,ETAH,10,73
54470,ETAH,ETAH,TDL,TUNDLA JN,10,73
54471,DLI,DELHI JN.,RKSH,RISHIKESH,45,283
54472,RKSH,RISHIKESH,DLI,DELHI JN.,46,283
54473,DLI,DELHI JN.,SRE,SAHARANPUR J,33,189
54474,SRE,SAHARANPUR J,DLI,DELHI JN.,28,189
54475,DLI,DELHI JN.,HW,HARIDWAR JN,50,243
54476,HW,HARIDWAR JN,DLI,DELHI JN.,50,243
54481,HW,HARIDWAR JN,RKSH,RISHIKESH,5,22
54482,RKSH,RISHIKESH,HW,HARIDWAR JN,5,22
54483,HW,HARIDWAR JN,RKSH,RISHIKESH,5,22
54484,RKSH,RISHIKESH,HW,HARIDWAR JN,5,22
54485,HW,HARIDWAR JN,RKSH,RISHIKESH,5,22
54486,RKSH,RISHIKESH,HW,HARIDWAR JN,5,22
54531,UMB,AMBALA CANTT,KLK,KALKA,8,69
54532,KLK,KALKA,UMB,AMBALA CANTT,8,69
54539,NZM,HAZRAT NIZAM,UMB,AMBALA CANTT,42,272
54540,UMB,AMBALA CANTT,NZM,HAZRAT NIZAM,40,272
54541,MTC,MEERUT CITY,UMB,AMBALA CANTT,28,194
54542,UMB,AMBALA CANTT,MTC,MEERUT CITY,28,194
54551,UMB,AMBALA CANTT,BTI,BATHINDA JN,26,201
54552,BTI,BATHINDA JN,UMB,AMBALA CANTT,26,201
54553,UMB,AMBALA CANTT,DUI,DHURI JN.,14,106
54555,DUI,DHURI JN.,BTI,BATHINDA JN,13,95
54556,BTI,BATHINDA JN,UMB,AMBALA CANTT,24,201
54557,UMB,AMBALA CANTT,PTA,PATIALA,7,53
54558,PTA,PATIALA,UMB,AMBALA CANTT,7,53
54559,BTI,BATHINDA JN,FKA,FAZILKA JN.,12,116
54560,FKA,FAZILKA JN.,BTI,BATHINDA JN,12,116
54561,BTI,BATHINDA JN,FZR,FIROZPUR CAN,13,87
54562,FZR,FIROZPUR CAN,BTI,BATHINDA JN,13,87
54563,BTI,BATHINDA JN,FZR,FIROZPUR CAN,13,87
54564,FZR,FIROZPUR CAN,BTI,BATHINDA JN,13,87
54571,LDH,LUDHIANA JN.,FZR,FIROZPUR CAN,20,123
54572,FZR,FIROZPUR CAN,LDH,LUDHIANA JN.,20,123
54575,LDH,LUDHIANA JN.,LNK,LOHIAN KHAS,15,77
54576,LNK,LOHIAN KHAS,LDH,LUDHIANA JN.,15,77
54581,NLDM,NANGAL DAM,AADR,AMB  ANDAURA,7,43
54582,AADR,AMB  ANDAURA,NLDM,NANGAL DAM,7,43
54601,HSR,HISAR JN,ASR,AMRITSAR JN.,38,345
54602,ASR,AMRITSAR JN.,SDLP,SADULPUR JN,39,415
54603,HSR,HISAR JN,LDH,LUDHIANA JN.,29,209
54604,LDH,LUDHIANA JN.,HSR,HISAR JN,29,209
54605,SDLP,SADULPUR JN,LDH,LUDHIANA JN.,35,279
54606,LDH,LUDHIANA JN.,HSR,HISAR JN,29,209
54611,ASR,AMRITSAR JN.,PTK,PATHANKOT JN,16,106
54612,PTK,PATHANKOT JN,ASR,AMRITSAR JN.,17,106
54613,ASR,AMRITSAR JN.,PTK,PATHANKOT JN,17,106
54614,PTK,PATHANKOT JN,ASR,AMRITSAR JN.,17,106
54615,ASR,AMRITSAR JN.,PTK,PATHANKOT JN,17,106
54616,PTK,PATHANKOT JN,ASR,AMRITSAR JN.,17,106
54621,JUC,JALANDHAR CI,PTK,PATHANKOT JN,18,115
54622,PTK,PATHANKOT JN,JUC,JALANDHAR CI,18,115
54625,JJJ,JAIJON DOABA,JUC,JALANDHAR CI,17,87
54626,JUC,JALANDHAR CI,JJJ,JAIJON DOABA,17,87
54631,BNW,BHIWANI JN.,DUI,DHURI JN.,24,207
54632,DUI,DHURI JN.,SSA,SIRSA,27,229
54633,SSA,SIRSA,LDH,LUDHIANA JN.,36,291
54634,LDH,LUDHIANA JN.,BNW,BHIWANI JN.,34,269
54635,HSR,HISAR JN,LDH,LUDHIANA JN.,28,209
54636,LDH,LUDHIANA JN.,HSR,HISAR JN,29,209
54637,HSX,HOSHIARPUR,JUC,JALANDHAR CI,7,42
54638,JUC,JALANDHAR CI,HSX,HOSHIARPUR,7,42
54641,DLI,DELHI JN.,FZR,FIROZPUR CAN,60,384
54642,FZR,FIROZPUR CAN,DLI,DELHI JN.,59,384
54643,JUC,JALANDHAR CI,FZR,FIROZPUR CAN,18,117
54644,FZR,FIROZPUR CAN,JUC,JALANDHAR CI,18,117
54645,LDH,LUDHIANA JN.,FZR,FIROZPUR CAN,14,123
54646,FZR,FIROZPUR CAN,LDH,LUDHIANA JN.,20,123
54651,JAT,JAMMU TAWI,UHP,UDHAMPUR,6,53
54654,UHP,UDHAMPUR,JAT,JAMMU TAWI,6,53
54701,BTI,BATHINDA JN,LGH,LALGARH JN.,31,319
54702,LGH,LALGARH JN.,ABS,ABOHAR,39,394
54703,ABS,ABOHAR,JU,JODHPUR JN.,60,661
54704,JU,JODHPUR JN.,BTI,BATHINDA JN,56,601
54751,RE,REWARI JN.,SGNR,SHRI GANGANA,48,413
54752,SGNR,SHRI GANGANA,RE,REWARI JN.,48,412
54753,BTI,BATHINDA JN,SGNR,SHRI GANGANA,18,126
54754,SGNR,SHRI GANGANA,BTI,BATHINDA JN,18,126
54755,BTI,BATHINDA JN,SGNR,SHRI GANGANA,18,126
54756,SGNR,SHRI GANGANA,BTI,BATHINDA JN,18,126
54757,UMB,AMBALA CANTT,SGNR,SHRI GANGANA,43,327
54758,SGNR,SHRI GANGANA,UMB,AMBALA CANTT,43,327
54759,SGNR,SHRI GANGANA,SOG,SURATGARH JN,17,137
54760,SOG,SURATGARH JN,SGNR,SHRI GANGANA,16,125
54761,SGNR,SHRI GANGANA,SOG,SURATGARH JN,16,125
54762,SOG,SURATGARH JN,SGNR,SHRI GANGANA,16,125
54763,SDLP,SADULPUR JN,SGNR,SHRI GANGANA,31,190
54764,SGNR,SHRI GANGANA,SDLP,SADULPUR JN,26,190
54765,DUI,DHURI JN.,BTI,BATHINDA JN,11,95
54766,BTI,BATHINDA JN,DUI,DHURI JN.,11,95
54781,BTI,BATHINDA JN,RE,REWARI JN.,38,300
54782,RE,REWARI JN.,BTI,BATHINDA JN,42,300
54783,FKA,FAZILKA JN.,RE,REWARI JN.,60,422
54784,RE,REWARI JN.,FKA,FAZILKA JN.,60,423
54785,FZR,FIROZPUR CAN,FKA,FAZILKA JN.,14,88
54786,FKA,FAZILKA JN.,FZR,FIROZPUR CAN,14,88
54787,BNW,BHIWANI JN.,RE,REWARI JN.,13,82
54788,RE,REWARI JN.,BNW,BHIWANI JN.,10,82
54789,RE,REWARI JN.,BKN,BIKANER JN.,45,384
54790,BKN,BIKANER JN.,RE,REWARI JN.,45,384
54791,MTJ,MATHURA JN.,BNW,BHIWANI JN.,32,279
54792,BNW,BHIWANI JN.,MTJ,MATHURA JN.,34,279
54793,SWM,SAWAI MADHOP,MTJ,MATHURA JN.,22,212
54794,MTJ,MATHURA JN.,SWM,SAWAI MADHOP,23,212
54803,JU,JODHPUR JN.,ADI,AHMEDABAD,58,457
54804,ADI,AHMEDABAD,JU,JODHPUR JN.,58,455
54805,ADI,AHMEDABAD,JP,JAIPUR JN.,86,618
54806,JP,JAIPUR JN.,ADI,AHMEDABAD,81,621
54809,RE,REWARI JN.,JU,JODHPUR JN.,64,542
54810,JU,JODHPUR JN.,RE,REWARI JN.,64,543
54813,JU,JODHPUR JN.,BME,BARMER,24,208
54819,JSM,JAISALMER,JU,JODHPUR JN.,22,300
54820,JU,JODHPUR JN.,JSM,JAISALMER,22,300
54822,MKN,MAKRANA JN.,PBC,PARVATSAR CI,2,21
54825,JU,JODHPUR JN.,BARA,BILARA,12,88
54826,BARA,BILARA,JU,JODHPUR JN.,12,87
54833,JP,JAIPUR JN.,HSR,HISAR JN,41,367
54834,HSR,HISAR JN,JP,JAIPUR JN.,41,367
54835,HSR,HISAR JN,RE,REWARI JN.,21,142
54836,RE,REWARI JN.,HSR,HISAR JN,21,143
54881,BME,BARMER,MBF,MUNABAO,8,118
54882,MBF,MUNABAO,BME,BARMER,8,118
55001,GKP,GORAKHPUR JN,AY,AYODHYA,26,164
55002,AY,AYODHYA,GKP,GORAKHPUR JN,24,164
55007,PPTA,PATLIPUTRA,GKP,GORAKHPUR JN,50,290
55008,GKP,GORAKHPUR JN,PPTA,PATLIPUTRA,50,290
55009,CPR,CHHAPRA JN.,BTT,BHATNI JN.,17,108
55010,BTT,BHATNI JN.,CPR,CHHAPRA JN.,17,109
55011,SV,SIWAN JN.,GKP,GORAKHPUR JN,18,118
55012,GKP,GORAKHPUR JN,SV,SIWAN JN.,18,119
55013,CPR,CHHAPRA JN.,BCY,VARANASI CIT,33,200
55014,BCY,VARANASI CIT,CPR,CHHAPRA JN.,33,201
55017,CPR,CHHAPRA JN.,MAU,MAU JN.,23,132
55018,MAU,MAU JN.,CPR,CHHAPRA JN.,23,134
55019,CPR,CHHAPRA JN.,GKP,GORAKHPUR JN,27,178
55020,GKP,GORAKHPUR JN,CPR,CHHAPRA JN.,27,179
55021,SPJ,SAMASTIPUR J,SV,SIWAN JN.,40,225
55022,SV,SIWAN JN.,SPJ,SAMASTIPUR J,40,225
55025,GKP,GORAKHPUR JN,GD,GONDA JN.,25,152
55026,GD,GONDA JN.,GKP,GORAKHPUR JN,25,153
55027,GKP,GORAKHPUR JN,GD,GONDA JN.,25,152
55028,GD,GONDA JN.,GKP,GORAKHPUR JN,25,153
55029,NKE,NARKATIAGANJ,GKP,GORAKHPUR JN,21,150
55030,GKP,GORAKHPUR JN,NKE,NARKATIAGANJ,21,150
55031,JEA,NAKAHA JUNGL,LJN,LUCKNOW JN.,58,339
55032,DAL,DALIGANJ JN,JEA,NAKAHA JUNGL,55,332
55033,GD,GONDA JN.,SCC,SITAPUR CANT,24,160
55034,SPC,SITAPUR CITY,GD,GONDA JN.,25,163
55035,GD,GONDA JN.,SCC,SITAPUR CANT,22,159
55036,SCC,SITAPUR CANT,GD,GONDA JN.,22,158
55037,BUW,BURHWAL JN.,SPC,SITAPUR CITY,16,103
55038,SCC,SITAPUR CANT,BUW,BURHWAL JN.,14,97
55041,NKE,NARKATIAGANJ,GKP,GORAKHPUR JN,16,150
55042,GKP,GORAKHPUR JN,BTH,BETTIAH,26,189
55043,GKP,GORAKHPUR JN,NTV,NAUTANWA,19,81
55044,NTV,NAUTANWA,GKP,GORAKHPUR JN,19,81
55045,SCC,SITAPUR CANT,SPN,SHAHJAHANPUR,14,90
55046,SPN,SHAHJAHANPUR,SCC,SITAPUR CANT,13,90
55049,JEA,NAKAHA JUNGL,DAL,DALIGANJ JN,55,332
55050,LJN,LUCKNOW JN.,JEA,NAKAHA JUNGL,58,340
55051,GKP,GORAKHPUR JN,NTV,NAUTANWA,19,81
55052,NTV,NAUTANWA,GKP,GORAKHPUR JN,19,81
55055,CPJ,KAPTANGANJ J,GKP,GORAKHPUR JN,6,39
55056,GKP,GORAKHPUR JN,CPJ,KAPTANGANJ J,6,38
55071,NKE,NARKATIAGANJ,GKP,GORAKHPUR JN,21,150
55072,GKP,GORAKHPUR JN,NKE,NARKATIAGANJ,21,150
55073,NKE,NARKATIAGANJ,GKP,GORAKHPUR JN,21,150
55074,GKP,GORAKHPUR JN,NKE,NARKATIAGANJ,14,150
55075,SV,SIWAN JN.,GKP,GORAKHPUR JN,28,166
55076,GKP,GORAKHPUR JN,SV,SIWAN JN.,28,166
55077,GKP,GORAKHPUR JN,BNY,BARHNI,22,112
55078,BNY,BARHNI,GKP,GORAKHPUR JN,22,112
55079,BTH,BETTIAH,GKP,GORAKHPUR JN,28,189
55080,GKP,GORAKHPUR JN,NKE,NARKATIAGANJ,21,150
55081,NKE,NARKATIAGANJ,GKP,GORAKHPUR JN,16,150
55082,GKP,GORAKHPUR JN,NKE,NARKATIAGANJ,21,150
55101,BTT,BHATNI JN.,BHJ,BARHAJ BAZAR,7,30
55102,BHJ,BARHAJ BAZAR,BTT,BHATNI JN.,7,30
55103,BTT,BHATNI JN.,BHJ,BARHAJ BAZAR,7,30
55104,BHJ,BARHAJ BAZAR,BTT,BHATNI JN.,7,30
55105,SRU,SALEMPUR JN.,BHJ,BARHAJ BAZAR,5,20
55106,BHJ,BARHAJ BAZAR,SRU,SALEMPUR JN.,5,20
55107,SV,SIWAN JN.,THE,THAWE JN.,5,28
55108,THE,THAWE JN.,SV,SIWAN JN.,5,28
55109,SV,SIWAN JN.,THE,THAWE JN.,5,28
55110,THE,THAWE JN.,SV,SIWAN JN.,5,28
55111,SV,SIWAN JN.,THE,THAWE JN.,5,28
55112,THE,THAWE JN.,SV,SIWAN JN.,5,28
55113,SV,SIWAN JN.,THE,THAWE JN.,5,28
55114,THE,THAWE JN.,SV,SIWAN JN.,5,28
55115,CPR,CHHAPRA JN.,BTT,BHATNI JN.,17,108
55116,BTT,BHATNI JN.,CPR,CHHAPRA JN.,17,109
55119,GKP,GORAKHPUR JN,BCY,VARANASI CIT,34,227
55120,BCY,VARANASI CIT,GKP,GORAKHPUR JN,34,227
55122,MUV,MANDUADIH,BTT,BHATNI JN.,26,164
55123,BTT,BHATNI JN.,BCY,VARANASI CIT,24,156
55125,MUV,MANDUADIH,ALY,ALLAHABAD CI,22,118
55126,ALY,ALLAHABAD CI,MUV,MANDUADIH,22,118
55127,MUV,MANDUADIH,ALY,ALLAHABAD CI,22,118
55128,ALY,ALLAHABAD CI,MUV,MANDUADIH,22,118
55129,MUV,MANDUADIH,ALY,ALLAHABAD CI,22,118
55130,ALY,ALLAHABAD CI,MUV,MANDUADIH,22,118
55131,CPR,CHHAPRA JN.,BCY,VARANASI CIT,33,200
55132,BCY,VARANASI CIT,CPR,CHHAPRA JN.,33,201
55133,BUI,BALLIA,BCY,VARANASI CIT,22,136
55134,BCY,VARANASI CIT,BUI,BALLIA,22,136
55135,AMH,AZAMGARH,BCY,VARANASI CIT,20,131
55136,BCY,VARANASI CIT,AMH,AZAMGARH,20,131
55137,BUI,BALLIA,SHG,SHAHGANJ JN.,26,167
55138,SHG,SHAHGANJ JN.,BUI,BALLIA,26,168
55139,BUI,BALLIA,SHG,SHAHGANJ JN.,26,167
55140,SHG,SHAHGANJ JN.,BUI,BALLIA,26,168
55141,GKP,GORAKHPUR JN,NTV,NAUTANWA,19,81
55142,NTV,NAUTANWA,GKP,GORAKHPUR JN,19,81
55143,ARJ,AUNRIHAR JN.,JNU,JAUNPUR JN.,9,56
55144,JNU,JAUNPUR JN.,ARJ,AUNRIHAR JN.,9,58
55145,SRU,SALEMPUR JN.,BHJ,BARHAJ BAZAR,5,20
55146,BHJ,BARHAJ BAZAR,SRU,SALEMPUR JN.,5,20
55149,GKP,GORAKHPUR JN,BCY,VARANASI CIT,27,227
55150,BCY,VARANASI CIT,GKP,GORAKHPUR JN,28,227
55159,ARJ,AUNRIHAR JN.,JNU,JAUNPUR JN.,9,56
55160,JNU,JAUNPUR JN.,ARJ,AUNRIHAR JN.,9,58
55163,SHG,SHAHGANJ JN.,ARJ,AUNRIHAR JN.,24,157
55164,ARJ,AUNRIHAR JN.,SHG,SHAHGANJ JN.,24,157
55165,CPR,CHHAPRA JN.,DDA,DURAUNDHA JN,8,43
55166,DDA,DURAUNDHA JN,CPR,CHHAPRA JN.,8,43
55167,DDA,DURAUNDHA JN,SV,SIWAN JN.,3,17
55168,SV,SIWAN JN.,DDA,DURAUNDHA JN,3,17
55169,DDA,DURAUNDHA JN,SV,SIWAN JN.,3,17
55170,SV,SIWAN JN.,DDA,DURAUNDHA JN,3,17
55171,DDA,DURAUNDHA JN,MGZ,MAHARAJGANJ,2,6
55172,MGZ,MAHARAJGANJ,DDA,DURAUNDHA JN,2,6
55173,DDA,DURAUNDHA JN,MGZ,MAHARAJGANJ,2,6
55174,MGZ,MAHARAJGANJ,DDA,DURAUNDHA JN,2,6
55175,DDA,DURAUNDHA JN,MGZ,MAHARAJGANJ,2,6
55176,MGZ,MAHARAJGANJ,DDA,DURAUNDHA JN,2,6
55177,DDA,DURAUNDHA JN,MGZ,MAHARAJGANJ,2,6
55178,MGZ,MAHARAJGANJ,DDA,DURAUNDHA JN,2,6
55179,DDA,DURAUNDHA JN,MGZ,MAHARAJGANJ,2,6
55180,MGZ,MAHARAJGANJ,DDA,DURAUNDHA JN,2,6
55181,THE,THAWE JN.,CI,CHHAPRA KACH,27,106
55182,CI,CHHAPRA KACH,THE,THAWE JN.,27,106
55183,THE,THAWE JN.,CI,CHHAPRA KACH,27,106
55184,CI,CHHAPRA KACH,THE,THAWE JN.,27,106
55207,MFP,MUZAFFARPUR,NKE,NARKATIAGANJ,19,159
55208,NKE,NARKATIAGANJ,MFP,MUZAFFARPUR,24,159
55209,MFP,MUZAFFARPUR,NKE,NARKATIAGANJ,18,159
55211,MFP,MUZAFFARPUR,RXL,RAXAUL JN.,22,129
55212,RXL,RAXAUL JN.,MFP,MUZAFFARPUR,15,129
55213,MFP,MUZAFFARPUR,NKE,NARKATIAGANJ,19,159
55214,NKE,NARKATIAGANJ,MFP,MUZAFFARPUR,19,159
55215,MFP,MUZAFFARPUR,PPTA,PATLIPUTRA,15,74
55216,PPTA,PATLIPUTRA,MFP,MUZAFFARPUR,15,74
55217,MFP,MUZAFFARPUR,PPTA,PATLIPUTRA,14,74
55218,PPTA,PATLIPUTRA,MFP,MUZAFFARPUR,14,74
55220,NKE,NARKATIAGANJ,MFP,MUZAFFARPUR,19,159
55221,KIR,KATIHAR JN.,BJU,BARAUNI JN.,24,179
55222,BJU,BARAUNI JN.,KIR,KATIHAR JN.,25,179
55223,KIR,KATIHAR JN.,DBG,DARBHANGA JN,41,267
55224,DBG,DARBHANGA JN,KIR,KATIHAR JN.,41,267
55225,MFP,MUZAFFARPUR,RXL,RAXAUL JN.,21,129
55226,RXL,RAXAUL JN.,MFP,MUZAFFARPUR,20,129
55227,SPJ,SAMASTIPUR J,MFP,MUZAFFARPUR,10,51
55228,MFP,MUZAFFARPUR,SPJ,SAMASTIPUR J,9,51
55229,BJU,BARAUNI JN.,PPTA,PATLIPUTRA,22,108
55230,PPTA,PATLIPUTRA,BJU,BARAUNI JN.,22,108
55231,PPTA,PATLIPUTRA,PNBE,PATNA JN.,4,12
55232,PNBE,PATNA JN.,PPTA,PATLIPUTRA,4,12
55237,BJU,BARAUNI JN.,SPJ,SAMASTIPUR J,9,50
55238,SPJ,SAMASTIPUR J,BJU,BARAUNI JN.,9,50
55239,SPJ,SAMASTIPUR J,MFP,MUZAFFARPUR,9,51
55240,MFP,MUZAFFARPUR,SPJ,SAMASTIPUR J,10,51
55301,MB,MORADABAD JN,KGM,KATHGODAM,13,116
55302,KGM,KATHGODAM,MB,MORADABAD JN,13,116
55303,MB,MORADABAD JN,KGM,KATHGODAM,14,125
55304,KGM,KATHGODAM,MB,MORADABAD JN,13,125
55305,MB,MORADABAD JN,RMR,RAMNAGAR,7,76
55306,RMR,RAMNAGAR,MB,MORADABAD JN,12,85
55307,MB,MORADABAD JN,RMR,RAMNAGAR,8,76
55308,RMR,RAMNAGAR,MB,MORADABAD JN,12,85
55309,MB,MORADABAD JN,RMR,RAMNAGAR,12,85
55310,RMR,RAMNAGAR,MB,MORADABAD JN,8,76
55311,MB,MORADABAD JN,KPV,KASHIPUR JN,9,58
55312,KPV,KASHIPUR JN,MB,MORADABAD JN,9,58
55313,KPV,KASHIPUR JN,RMR,RAMNAGAR,4,27
55314,RMR,RAMNAGAR,KPV,KASHIPUR JN,4,27
55315,LKU,LALKUA JN.,KPV,KASHIPUR JN,7,54
55316,KPV,KASHIPUR JN,LKU,LALKUA JN.,7,54
55317,LKU,LALKUA JN.,KPV,KASHIPUR JN,7,54
55318,KPV,KASHIPUR JN,LKU,LALKUA JN.,7,54
55319,LKU,LALKUA JN.,KPV,KASHIPUR JN,6,54
55320,KPV,KASHIPUR JN,LKU,LALKUA JN.,6,54
55321,MB,MORADABAD JN,RMR,RAMNAGAR,12,85
55322,RMR,RAMNAGAR,MB,MORADABAD JN,7,76
55323,MB,MORADABAD JN,RMR,RAMNAGAR,6,76
55324,RMR,RAMNAGAR,MB,MORADABAD JN,6,76
55325,LJN,LUCKNOW JN.,KSJ,KASGANJ JN.,55,319
55326,KSJ,KASGANJ JN.,LJN,LUCKNOW JN.,55,320
55327,CNB,KANPUR CENTR,FBD,FARRUKHABAD,27,138
55328,FBD,FARRUKHABAD,CNB,KANPUR CENTR,27,139
55329,SKB,SHIKOHABAD J,KSJ,KASGANJ JN.,33,213
55330,KSJ,KASGANJ JN.,SKB,SHIKOHABAD J,33,214
55331,FBD,FARRUKHABAD,KSJ,KASGANJ JN.,17,107
55332,KSJ,KASGANJ JN.,FBD,FARRUKHABAD,17,107
55333,KSJ,KASGANJ JN.,AF,AGRA  FORT,22,166
55334,AF,AGRA  FORT,KSJ,KASGANJ JN.,22,166
55335,BC,BAREILLY CIT,LKU,LALKUA JN.,10,81
55336,LKU,LALKUA JN.,BC,BAREILLY CIT,10,81
55337,KSJ,KASGANJ JN.,AH,ACHHNERA JN.,18,139
55338,AH,ACHHNERA JN.,KSJ,KASGANJ JN.,18,139
55339,KSJ,KASGANJ JN.,MTJ,MATHURA JN.,14,105
55340,MTJ,MATHURA JN.,KSJ,KASGANJ JN.,7,105
55341,KSJ,KASGANJ JN.,BTE,BHARATPUR JN,22,167
55342,BTE,BHARATPUR JN,KSJ,KASGANJ JN.,22,167
55343,KSJ,KASGANJ JN.,BC,BAREILLY CIT,19,141
55344,BC,BAREILLY CIT,KSJ,KASGANJ JN.,19,141
55345,KSJ,KASGANJ JN.,BC,BAREILLY CIT,19,141
55346,BC,BAREILLY CIT,KSJ,KASGANJ JN.,19,141
55347,BC,BAREILLY CIT,LKU,LALKUA JN.,10,81
55348,LKU,LALKUA JN.,BC,BAREILLY CIT,10,81
55349,BC,BAREILLY CIT,LKU,LALKUA JN.,10,81
55350,LKU,LALKUA JN.,BC,BAREILLY CIT,10,81
55351,BC,BAREILLY CIT,LKU,LALKUA JN.,10,81
55352,LKU,LALKUA JN.,BC,BAREILLY CIT,10,81
55353,KSJ,KASGANJ JN.,MTJ,MATHURA JN.,7,105
55354,MTJ,MATHURA JN.,KSJ,KASGANJ JN.,14,105
55355,KSJ,KASGANJ JN.,BC,BAREILLY CIT,19,141
55356,BC,BAREILLY CIT,KSJ,KASGANJ JN.,19,141
55357,KSJ,KASGANJ JN.,BC,BAREILLY CIT,19,141
55358,BC,BAREILLY CIT,KSJ,KASGANJ JN.,19,141
55359,KSJ,KASGANJ JN.,BC,BAREILLY CIT,8,119
55360,BC,BAREILLY CIT,KSJ,KASGANJ JN.,8,119
55361,BC,BAREILLY CIT,PBE,PILIBHIT JN.,9,55
55362,PBE,PILIBHIT JN.,BC,BAREILLY CIT,9,55
55363,BC,BAREILLY CIT,PBE,PILIBHIT JN.,9,55
55364,PBE,PILIBHIT JN.,BC,BAREILLY CIT,9,55
55365,BC,BAREILLY CIT,PBE,PILIBHIT JN.,9,55
55366,PBE,PILIBHIT JN.,BC,BAREILLY CIT,9,55
55367,BC,BAREILLY CIT,PBE,PILIBHIT JN.,9,55
55368,PBE,PILIBHIT JN.,BC,BAREILLY CIT,9,55
55369,BC,BAREILLY CIT,PBE,PILIBHIT JN.,7,55
55370,PBE,PILIBHIT JN.,BC,BAREILLY CIT,7,55
55371,PBE,PILIBHIT JN.,MJZ,MAJHOLA PAKA,3,25
55372,MJZ,MAJHOLA PAKA,PBE,PILIBHIT JN.,3,25
55373,PBE,PILIBHIT JN.,MJZ,MAJHOLA PAKA,3,25
55374,MJZ,MAJHOLA PAKA,PBE,PILIBHIT JN.,3,25
55375,PBE,PILIBHIT JN.,MJZ,MAJHOLA PAKA,3,25
55376,MJZ,MAJHOLA PAKA,PBE,PILIBHIT JN.,3,25
55421,MLDT,MALDA TOWN,BLGT,BALURGHAT,14,106
55422,BLGT,BALURGHAT,MLDT,MALDA TOWN,14,106
55465,APDJ,ALIPUR DUAR,BXT,BAMANHAT,14,72
55466,BXT,BAMANHAT,APDJ,ALIPUR DUAR,14,72
55467,SGUJ,SILIGURI JN.,BXT,BAMANHAT,34,233
55468,BXT,BAMANHAT,SGUJ,SILIGURI JN.,34,233
55513,SPJ,SAMASTIPUR J,JYG,JAYNAGAR,16,105
55514,JYG,JAYNAGAR,SPJ,SAMASTIPUR J,23,105
55517,DBG,DARBHANGA JN,JYG,JAYNAGAR,9,68
55518,JYG,JAYNAGAR,DBG,DARBHANGA JN,9,68
55519,SPJ,SAMASTIPUR J,JYG,JAYNAGAR,16,105
55520,JYG,JAYNAGAR,SPJ,SAMASTIPUR J,16,105
55525,BJU,BARAUNI JN.,SPJ,SAMASTIPUR J,10,50
55526,SPJ,SAMASTIPUR J,BJU,BARAUNI JN.,10,50
55527,JYG,JAYNAGAR,PNBE,PATNA JN.,37,266
55528,PNBE,PATNA JN.,JYG,JAYNAGAR,37,266
55533,SHC,SAHARSA JN.,SPJ,SAMASTIPUR J,23,138
55534,SPJ,SAMASTIPUR J,SHC,SAHARSA JN.,23,139
55537,KIR,KATIHAR JN.,SPJ,SAMASTIPUR J,34,230
55538,SPJ,SAMASTIPUR J,KIR,KATIHAR JN.,35,230
55539,KIR,KATIHAR JN.,HJP,HAJIPUR JN.,44,267
55540,HJP,HAJIPUR JN.,KIR,KATIHAR JN.,43,267
55541,HJP,HAJIPUR JN.,BHBR,BATHUA BAZAR,28,159
55542,BHBR,BATHUA BAZAR,HJP,HAJIPUR JN.,28,159
55549,BJU,BARAUNI JN.,HJP,HAJIPUR JN.,17,87
55550,HJP,HAJIPUR JN.,BJU,BARAUNI JN.,18,87
55553,SHC,SAHARSA JN.,SPJ,SAMASTIPUR J,23,138
55554,SPJ,SAMASTIPUR J,SHC,SAHARSA JN.,23,139
55555,SHC,SAHARSA JN.,SPJ,SAMASTIPUR J,20,139
55556,SPJ,SAMASTIPUR J,SHC,SAHARSA JN.,23,139
55559,SHC,SAHARSA JN.,SPJ,SAMASTIPUR J,19,139
55560,SPJ,SAMASTIPUR J,SHC,SAHARSA JN.,23,139
55563,PRNA,PURNEA JN.,SHC,SAHARSA JN.,13,100
55564,SHC,SAHARSA JN.,PRNA,PURNEA JN.,13,100
55565,SHC,SAHARSA JN.,SPJ,SAMASTIPUR J,19,139
55566,SPJ,SAMASTIPUR J,SHC,SAHARSA JN.,19,139
55567,SHC,SAHARSA JN.,SPJ,SAMASTIPUR J,19,139
55568,SPJ,SAMASTIPUR J,SHC,SAHARSA JN.,19,139
55569,DMH,DAURAM MADHE,SHC,SAHARSA JN.,3,21
55570,SHC,SAHARSA JN.,DMH,DAURAM MADHE,3,21
55571,PRNA,PURNEA JN.,SHC,SAHARSA JN.,13,100
55572,SHC,SAHARSA JN.,PRNA,PURNEA JN.,13,100
55575,DBG,DARBHANGA JN,BIRL,BIRAUL,5,54
55576,BIRL,BIRAUL,DBG,DARBHANGA JN,5,54
55577,DBG,DARBHANGA JN,BIRL,BIRAUL,5,54
55578,BIRL,BIRAUL,DBG,DARBHANGA JN,5,54
55583,PRNA,PURNEA JN.,SHC,SAHARSA JN.,13,100
55584,SHC,SAHARSA JN.,PRNA,PURNEA JN.,13,100
55601,GHY,GUWAHATI,LMG,LUMDING JN.,26,181
55602,LMG,LUMDING JN.,GHY,GUWAHATI,26,180
55603,GHY,GUWAHATI,MBO,MAIRABARI,29,160
55604,MBO,MAIRABARI,GHY,GUWAHATI,29,160
55615,GHY,GUWAHATI,SCL,SILCHAR,33,380
55616,SCL,SILCHAR,GHY,GUWAHATI,33,379
55661,MSSN,MAISHASHAN,SCL,SILCHAR,12,60
55662,SCL,SILCHAR,MSSN,MAISHASHAN,12,60
55663,AGTL,AGARTALA,SCL,SILCHAR,35,256
55664,SCL,SILCHAR,AGTL,AGARTALA,35,255
55665,SCL,SILCHAR,VNGP,VANGAICHUNGP,10,67
55666,JRBM,JIRIBAM,SCL,SILCHAR,9,56
55667,SCL,SILCHAR,BHRB,BHAIRABI,14,103
55668,BHRB,BHAIRABI,SCL,SILCHAR,14,103
55675,AGTL,AGARTALA,DMR,DHARMANAGAR,14,140
55676,DMR,DHARMANAGAR,AGTL,AGARTALA,14,140
55677,SCL,SILCHAR,DMR,DHARMANAGAR,22,115
55678,DMR,DHARMANAGAR,SCL,SILCHAR,22,115
55679,AGTL,AGARTALA,DMR,DHARMANAGAR,14,140
55680,DMR,DHARMANAGAR,AGTL,AGARTALA,14,140
55681,UDPU,UDAIPUR,AGTL,AGARTALA,5,42
55682,AGTL,AGARTALA,UDPU,UDAIPUR,5,42
55683,UDPU,UDAIPUR,AGTL,AGARTALA,5,42
55684,AGTL,AGARTALA,UDPU,UDAIPUR,5,42
55685,MSSN,MAISHASHAN,SCL,SILCHAR,12,60
55686,SCL,SILCHAR,MSSN,MAISHASHAN,12,60
55687,DLCR,DULLABCHERRA,SCL,SILCHAR,10,101
55688,SCL,SILCHAR,DLCR,DULLABCHERRA,10,101
55689,DLCR,DULLABCHERRA,BPB,BADARPUR JN.,15,71
55690,BPB,BADARPUR JN.,DLCR,DULLABCHERRA,15,71
55701,MLDT,MALDA TOWN,KIR,KATIHAR JN.,20,90
55702,KIR,KATIHAR JN.,MLDT,MALDA TOWN,20,90
55703,MLFC,MALDA COURT,KIR,KATIHAR JN.,20,90
55704,KIR,KATIHAR JN.,MLFC,MALDA COURT,20,90
55707,RDP,RADHIKAPUR,KIR,KATIHAR JN.,24,109
55708,KIR,KATIHAR JN.,RDP,RADHIKAPUR,24,109
55709,SQB,SINGHABAD,OMLF,OLD MALDA,4,24
55710,OMLF,OLD MALDA,SQB,SINGHABAD,4,24
55711,MLDT,MALDA TOWN,NJP,NEW JALPAIGU,41,232
55712,NJP,NEW JALPAIGU,MLDT,MALDA TOWN,41,232
55713,NJP,NEW JALPAIGU,RNY,RANGIYA JN.,45,363
55714,RNY,RANGIYA JN.,NJP,NEW JALPAIGU,45,363
55719,DKGN,DEKARGAON,BHNG,BHALUKPONG,8,49
55720,BHNG,BHALUKPONG,DKGN,DEKARGAON,8,49
55721,RNY,RANGIYA JN.,DKGN,DEKARGAON,18,95
55722,DKGN,DEKARGAON,RNY,RANGIYA JN.,18,94
55725,NJP,NEW JALPAIGU,APDJ,ALIPUR DUAR,23,168
55726,APDJ,ALIPUR DUAR,NJP,NEW JALPAIGU,23,168
55727,KIR,KATIHAR JN.,RDP,RADHIKAPUR,20,93
55728,RDP,RADHIKAPUR,KIR,KATIHAR JN.,20,94
55729,KIR,KATIHAR JN.,RDP,RADHIKAPUR,20,93
55730,RDP,RADHIKAPUR,KIR,KATIHAR JN.,20,94
55733,KIR,KATIHAR JN.,JBN,JOGBANI,15,108
55734,JBN,JOGBANI,KIR,KATIHAR JN.,19,108
55735,KIR,KATIHAR JN.,JBN,JOGBANI,19,107
55736,JBN,JOGBANI,KIR,KATIHAR JN.,19,108
55740,JBN,JOGBANI,KIR,KATIHAR JN.,19,108
55741,KIR,KATIHAR JN.,JBN,JOGBANI,15,108
55742,JBN,JOGBANI,KIR,KATIHAR JN.,15,108
55743,KIR,KATIHAR JN.,JBN,JOGBANI,19,107
55744,JBN,JOGBANI,KIR,KATIHAR JN.,15,108
55749,NJP,NEW JALPAIGU,HDB,HALDIBARI,10,56
55750,HDB,HALDIBARI,NJP,NEW JALPAIGU,10,56
55751,NJP,NEW JALPAIGU,HDB,HALDIBARI,10,56
55752,HDB,HALDIBARI,NJP,NEW JALPAIGU,10,56
55753,APDJ,ALIPUR DUAR,GHY,GUWAHATI,34,268
55754,GHY,GUWAHATI,APDJ,ALIPUR DUAR,34,268
55755,KIR,KATIHAR JN.,JBN,JOGBANI,19,107
55756,JBN,JOGBANI,KIR,KATIHAR JN.,19,108
55763,KIR,KATIHAR JN.,JBN,JOGBANI,19,107
55764,JBN,JOGBANI,KIR,KATIHAR JN.,15,108
55769,MLFC,MALDA COURT,KIR,KATIHAR JN.,20,90
55770,KIR,KATIHAR JN.,MLFC,MALDA COURT,20,90
55771,MLFC,MALDA COURT,BNDP,BUNIYADPUR,9,61
55772,BNDP,BUNIYADPUR,MLFC,MALDA COURT,9,60
55801,NBQ,NEW BONGAIGA,GHY,GUWAHATI,22,156
55802,GHY,GUWAHATI,NBQ,NEW BONGAIGA,22,156
55803,NBQ,NEW BONGAIGA,GHY,GUWAHATI,19,208
55804,GHY,GUWAHATI,NBQ,NEW BONGAIGA,19,208
55809,NBQ,NEW BONGAIGA,GHY,GUWAHATI,22,156
55810,GHY,GUWAHATI,NBQ,NEW BONGAIGA,22,156
55811,DBB,DHUBRI,KYQ,KAMAKHYA JN,21,309
55812,KYQ,KAMAKHYA JN,DBB,DHUBRI,21,309
55813,DKGN,DEKARGAON,MZS,MURKEONG SEL,42,343
55814,MZS,MURKEONG SEL,DKGN,DEKARGAON,42,343
55817,NBQ,NEW BONGAIGA,GHY,GUWAHATI,17,156
55818,GHY,GUWAHATI,NBQ,NEW BONGAIGA,17,156
55819,MNDP,MENDIPATHAR,GHY,GUWAHATI,14,126
55820,GHY,GUWAHATI,MNDP,MENDIPATHAR,14,126
55823,RPAN,RANGAPARA NO,DKGN,DEKARGAON,4,6
55824,DKGN,DEKARGAON,RPAN,RANGAPARA NO,4,6
55861,RNY,RANGIYA JN.,DKGN,DEKARGAON,18,95
55862,DKGN,DEKARGAON,RNY,RANGIYA JN.,18,94
55893,RNY,RANGIYA JN.,RPAN,RANGAPARA NO,15,89
55894,RPAN,RANGAPARA NO,RNY,RANGIYA JN.,15,88
55895,RNY,RANGIYA JN.,MZS,MURKEONG SEL,53,426
55896,MZS,MURKEONG SEL,RNY,RANGIYA JN.,53,425
55901,LMG,LUMDING JN.,TSK,TINSUKIA JN.,49,336
55902,TSK,TINSUKIA JN.,LMG,LUMDING JN.,49,335
55903,DMV,DIMAPUR,MXN,MARIANI JN.,23,155
55904,MXN,MARIANI JN.,DMV,DIMAPUR,23,155
55909,SLGR,SIMALUGURI J,DBRT,DIBRUGARH TO,13,102
55910,DBRT,DIBRUGARH TO,SLGR,SIMALUGURI J,13,102
55913,JTTN,JORHAT TOWN,TSK,TINSUKIA JN.,27,176
55914,TSK,TINSUKIA JN.,JTTN,JORHAT TOWN,27,176
56001,MAS,CHENNAI CENT,AJJ,ARAKKONAM JN,6,68
56002,AJJ,ARAKKONAM JN,MAS,CHENNAI CENT,5,68
56003,AJJ,ARAKKONAM JN,CGL,CHENGALPATTU,6,62
56004,CGL,CHENGALPATTU,AJJ,ARAKKONAM JN,3,62
56005,AJJ,ARAKKONAM JN,CGL,CHENGALPATTU,6,62
56006,CGL,CHENGALPATTU,AJJ,ARAKKONAM JN,6,62
56007,AJJ,ARAKKONAM JN,KPD,KATPADI JN,8,60
56008,KPD,KATPADI JN,AJJ,ARAKKONAM JN,10,60
56009,AJJ,ARAKKONAM JN,VLR,VELLORE CANT,13,70
56010,VLR,VELLORE CANT,AJJ,ARAKKONAM JN,13,70
56011,AJJ,ARAKKONAM JN,HX,CUDDAPAH,27,193
56012,HX,CUDDAPAH,AJJ,ARAKKONAM JN,27,193
56013,AJJ,ARAKKONAM JN,VLR,VELLORE CANT,14,70
56014,VLR,VELLORE CANT,AJJ,ARAKKONAM JN,14,70
56033,MV,MAYILADUTURA,MQ,MANNARGUDI,11,76
56034,MQ,MANNARGUDI,MV,MAYILADUTURA,11,76
56035,TCN,TIRUCHENDUR,TEN,TIRUNELVELI,12,61
56036,TEN,TIRUNELVELI,TCN,TIRUCHENDUR,12,61
56037,MS,CHENNAI EGMO,PDY,PONDICHERRY,18,196
56038,PDY,PONDICHERRY,MS,CHENNAI EGMO,17,196
56041,TPTY,TIRUPATI,PDY,PONDICHERRY,33,279
56042,PDY,PONDICHERRY,TPTY,TIRUPATI,31,284
56043,GUV,GURUVAYUR,TCR,TRICHUR,3,22
56044,TCR,TRICHUR,GUV,GURUVAYUR,3,22
56100,ED,ERODE JN.,MTDM,METTUR DAM,11,99
56101,MTDM,METTUR DAM,ED,ERODE JN.,11,99
56102,SA,SALEM JN.,MTDM,METTUR DAM,4,40
56103,MTDM,METTUR DAM,SA,SALEM JN.,4,40
56105,SA,SALEM JN.,KRR,KARUR JN.,9,84
56106,KRR,KARUR JN.,SA,SALEM JN.,7,85
56107,SA,SALEM JN.,KRR,KARUR JN.,7,85
56108,KRR,KARUR JN.,SA,SALEM JN.,7,85
56109,TPJ,TIRUCHIRAPPA,ED,ERODE JN.,25,141
56110,ED,ERODE JN.,TPJ,TIRUCHIRAPPA,22,141
56111,JTJ,JOLARPETTAI,ED,ERODE JN.,23,178
56112,ED,ERODE JN.,JTJ,JOLARPETTAI,23,180
56113,MV,MAYILADUTURA,TPJ,TIRUCHIRAPPA,26,120
56114,TPJ,TIRUCHIRAPPA,MV,MAYILADUTURA,26,120
56115,MV,MAYILADUTURA,TJ,THANJAVUR JN,17,70
56116,TJ,THANJAVUR JN,MV,MAYILADUTURA,17,70
56136,MTP,METTUPALAIYA,UAM,UDHAGAMANDAL,7,45
56137,UAM,UDHAGAMANDAL,MTP,METTUPALAIYA,7,45
56138,ONR,COONOOR,UAM,UDHAGAMANDAL,6,18
56139,UAM,UDHAGAMANDAL,ONR,COONOOR,6,18
56140,UAM,UDHAGAMANDAL,ONR,COONOOR,6,18
56141,ONR,COONOOR,UAM,UDHAGAMANDAL,6,18
56142,UAM,UDHAGAMANDAL,ONR,COONOOR,6,18
56143,ONR,COONOOR,UAM,UDHAGAMANDAL,6,18
56144,CBE,COIMBATORE,MTP,METTUPALAIYA,4,35
56145,MTP,METTUPALAIYA,CBE,COIMBATORE,4,35
56146,CBE,COIMBATORE,MTP,METTUPALAIYA,4,35
56147,MTP,METTUPALAIYA,CBE,COIMBATORE,4,35
56148,CBE,COIMBATORE,MTP,METTUPALAIYA,4,35
56149,MTP,METTUPALAIYA,CBE,COIMBATORE,4,35
56150,CBE,COIMBATORE,MTP,METTUPALAIYA,4,35
56151,MTP,METTUPALAIYA,CBE,COIMBATORE,4,35
56201,CMNR,CHAMRAJANAGA,MYS,MYSORE JN.,13,60
56202,MYS,MYSORE JN.,CMNR,CHAMRAJANAGA,13,60
56203,CMNR,CHAMRAJANAGA,MYS,MYSORE JN.,13,60
56204,MYS,MYSORE JN.,CMNR,CHAMRAJANAGA,13,60
56205,NTW,NANJANGUD TO,MYS,MYSORE JN.,7,25
56206,MYS,MYSORE JN.,NTW,NANJANGUD TO,7,25
56207,CMNR,CHAMRAJANAGA,MYS,MYSORE JN.,13,60
56208,MYS,MYSORE JN.,CMNR,CHAMRAJANAGA,13,60
56209,CMNR,CHAMRAJANAGA,MYS,MYSORE JN.,13,60
56210,MYS,MYSORE JN.,CMNR,CHAMRAJANAGA,13,60
56215,YPR,YESVANTPUR J,MYS,MYSORE JN.,34,294
56216,MYS,MYSORE JN.,YPR,YESVANTPUR J,34,294
56217,TLGP,TALGUPPA,SMET,SHIMOGA TOWN,7,96
56218,SMET,SHIMOGA TOWN,TLGP,TALGUPPA,7,96
56221,SBC,KRANTIVIRA S,TK,TUMKUR,14,69
56222,TK,TUMKUR,SBC,KRANTIVIRA S,14,69
56223,SBC,KRANTIVIRA S,ASK,ARSIKERE JN.,29,165
56224,ASK,ARSIKERE JN.,SBC,KRANTIVIRA S,29,165
56225,SBC,KRANTIVIRA S,TK,TUMKUR,14,69
56226,TK,TUMKUR,SBC,KRANTIVIRA S,14,69
56227,SBC,KRANTIVIRA S,SMET,SHIMOGA TOWN,41,273
56228,SMET,SHIMOGA TOWN,SBC,KRANTIVIRA S,41,273
56231,MYS,MYSORE JN.,SBC,KRANTIVIRA S,20,138
56232,SBC,KRANTIVIRA S,MYS,MYSORE JN.,22,138
56237,MYS,MYSORE JN.,SBC,KRANTIVIRA S,22,138
56238,SBC,KRANTIVIRA S,MYS,MYSORE JN.,21,138
56241,SA,SALEM JN.,YPR,YESVANTPUR J,22,220
56242,YPR,YESVANTPUR J,SA,SALEM JN.,22,219
56261,AJJ,ARAKKONAM JN,SBC,KRANTIVIRA S,43,290
56262,SBC,KRANTIVIRA S,AJJ,ARAKKONAM JN,41,290
56263,MYS,MYSORE JN.,SBC,KRANTIVIRA S,17,138
56264,SBC,KRANTIVIRA S,MYS,MYSORE JN.,17,138
56265,ASK,ARSIKERE JN.,MYS,MYSORE JN.,21,167
56266,MYS,MYSORE JN.,ASK,ARSIKERE JN.,21,167
56267,ASK,ARSIKERE JN.,MYS,MYSORE JN.,21,167
56268,MYS,MYSORE JN.,ASK,ARSIKERE JN.,21,167
56269,SMET,SHIMOGA TOWN,MYS,MYSORE JN.,16,275
56270,MYS,MYSORE JN.,SMET,SHIMOGA TOWN,16,275
56271,SMET,SHIMOGA TOWN,CMGR,CHIKMAGALURU,11,114
56272,CMGR,CHIKMAGALURU,SMET,SHIMOGA TOWN,11,114
56273,ASK,ARSIKERE JN.,UBL,HUBLI JN.,36,305
56274,UBL,HUBLI JN.,ASK,ARSIKERE JN.,36,303
56275,TLGP,TALGUPPA,MYS,MYSORE JN.,32,372
56276,MYS,MYSORE JN.,TLGP,TALGUPPA,31,372
56277,CMGR,CHIKMAGALURU,YPR,YESVANTPUR J,20,244
56278,YPR,YESVANTPUR J,CMGR,CHIKMAGALURU,20,244
56281,CMNR,CHAMRAJANAGA,SBC,KRANTIVIRA S,27,198
56282,SBC,KRANTIVIRA S,CMNR,CHAMRAJANAGA,27,198
56300,QLN,QUILON,ALLP,ALLEPPEY,14,84
56301,ALLP,ALLEPPEY,QLN,QUILON,14,85
56302,ALLP,ALLEPPEY,ERS,ERNAKULAM. J,12,56
56303,ERS,ERNAKULAM. J,ALLP,ALLEPPEY,12,56
56304,NCJ,NAGERCOIL JN,KTYM,KOTTAYAM,44,231
56305,KTYM,KOTTAYAM,QLN,QUILON,14,96
56307,QLN,QUILON,TVC,TRIVANDRUM C,18,64
56308,TVC,TRIVANDRUM C,QLN,QUILON,18,64
56309,QLN,QUILON,TVC,TRIVANDRUM C,18,64
56310,NCJ,NAGERCOIL JN,TVC,TRIVANDRUM C,14,71
56311,TVC,TRIVANDRUM C,NCJ,NAGERCOIL JN,14,72
56313,TVC,TRIVANDRUM C,NCJ,NAGERCOIL JN,14,72
56315,TVC,TRIVANDRUM C,NCJ,NAGERCOIL JN,14,72
56316,NCJ,NAGERCOIL JN,TVC,TRIVANDRUM C,14,71
56317,KCVL,KOCHUVELI,NCJ,NAGERCOIL JN,16,78
56318,NCJ,NAGERCOIL JN,KCVL,KOCHUVELI,16,77
56319,NCJ,NAGERCOIL JN,CBE,COIMBATORE,39,531
56320,CBE,COIMBATORE,NCJ,NAGERCOIL JN,46,532
56323,CBE,COIMBATORE,MAQ,MANGALORE CE,54,404
56324,MAQ,MANGALORE CE,CBE,COIMBATORE,54,404
56331,PUU,PUNALUR,QLN,QUILON,10,44
56332,QLN,QUILON,PUU,PUNALUR,10,44
56333,EDN,EDAMANN,QLN,QUILON,11,52
56334,QLN,QUILON,EDN,EDAMANN,11,52
56335,EDN,EDAMANN,QLN,QUILON,11,52
56336,QLN,QUILON,EDN,EDAMANN,11,52
56337,PUU,PUNALUR,QLN,QUILON,10,44
56338,QLN,QUILON,PUU,PUNALUR,10,44
56361,SRR,SHORANUR JN.,ERS,ERNAKULAM. J,22,107
56362,ERS,ERNAKULAM. J,NIL,NILAMBUR ROA,33,173
56363,NIL,NILAMBUR ROA,ERS,ERNAKULAM. J,33,173
56364,ERS,ERNAKULAM. J,SRR,SHORANUR JN.,22,107
56365,GUV,GURUVAYUR,EDN,EDAMANN,43,302
56366,EDN,EDAMANN,GUV,GURUVAYUR,43,302
56370,ERS,ERNAKULAM. J,GUV,GURUVAYUR,18,96
56371,GUV,GURUVAYUR,ERS,ERNAKULAM. J,17,96
56373,GUV,GURUVAYUR,TCR,TRICHUR,3,22
56374,TCR,TRICHUR,GUV,GURUVAYUR,3,22
56375,GUV,GURUVAYUR,ERS,ERNAKULAM. J,18,96
56376,ERS,ERNAKULAM. J,GUV,GURUVAYUR,17,96
56377,ALLP,ALLEPPEY,KYJ,KAYANKULAM J,8,43
56378,KYJ,KAYANKULAM J,ALLP,ALLEPPEY,6,43
56379,ERS,ERNAKULAM. J,ALLP,ALLEPPEY,12,56
56380,KYJ,KAYANKULAM J,ERS,ERNAKULAM. J,19,100
56381,ERS,ERNAKULAM. J,KYJ,KAYANKULAM J,11,100
56382,KYJ,KAYANKULAM J,ERS,ERNAKULAM. J,12,100
56383,ERS,ERNAKULAM. J,KYJ,KAYANKULAM J,19,100
56384,ALLP,ALLEPPEY,ERS,ERNAKULAM. J,12,56
56385,ERS,ERNAKULAM. J,KTYM,KOTTAYAM,12,58
56386,KTYM,KOTTAYAM,ERS,ERNAKULAM. J,9,59
56387,ERS,ERNAKULAM. J,KYJ,KAYANKULAM J,14,114
56388,KYJ,KAYANKULAM J,ERS,ERNAKULAM. J,17,114
56389,ERS,ERNAKULAM. J,KTYM,KOTTAYAM,10,58
56390,KTYM,KOTTAYAM,ERS,ERNAKULAM. J,9,59
56391,ERS,ERNAKULAM. J,QLN,QUILON,25,155
56392,QLN,QUILON,ERS,ERNAKULAM. J,25,155
56393,KTYM,KOTTAYAM,QLN,QUILON,14,96
56394,QLN,QUILON,KTYM,KOTTAYAM,14,95
56501,BZA,VIJAYWADA JN,UBL,HUBLI JN.,66,693
56502,UBL,HUBLI JN.,BZA,VIJAYWADA JN,68,691
56503,BNC,BANGALORE CA,BZA,VIJAYWADA JN,78,747
56504,BZA,VIJAYWADA JN,BNC,BANGALORE CA,79,749
56505,BWT,BANGARPET JN,MKM,MARIKUPPAM,6,17
56506,MKM,MARIKUPPAM,BWT,BANGARPET JN,6,16
56507,MKM,MARIKUPPAM,SBC,KRANTIVIRA S,17,84
56508,SBC,KRANTIVIRA S,MKM,MARIKUPPAM,17,85
56509,MKM,MARIKUPPAM,SBC,KRANTIVIRA S,17,84
56510,SBC,KRANTIVIRA S,MKM,MARIKUPPAM,17,85
56511,BWT,BANGARPET JN,MKM,MARIKUPPAM,6,17
56512,MKM,MARIKUPPAM,BWT,BANGARPET JN,6,16
56513,KIK,KARAIKAL,SBC,KRANTIVIRA S,57,568
56514,SBC,KRANTIVIRA S,KIK,KARAIKAL,58,567
56515,SBC,KRANTIVIRA S,UBL,HUBLI JN.,63,470
56516,UBL,HUBLI JN.,SBC,KRANTIVIRA S,63,469
56517,CTA,CHITRADURG,HRR,HARIHAR JN.,13,93
56518,HRR,HARIHAR JN.,CTA,CHITRADURG,12,93
56519,JRU,CHIKJAJUR JN,CTA,CHITRADURG,5,33
56520,CTA,CHITRADURG,JRU,CHIKJAJUR JN,5,33
56600,CLT,CALICUT,SRR,SHORANUR JN.,16,85
56601,SRR,SHORANUR JN.,CLT,CALICUT,16,85
56602,CAN,KANNUR,SRR,SHORANUR JN.,35,175
56603,TCR,TRICHUR,CAN,KANNUR,41,207
56604,SRR,SHORANUR JN.,CBE,COIMBATORE,14,98
56605,CBE,COIMBATORE,TCR,TRICHUR,20,131
56610,NIL,NILAMBUR ROA,PGT,PALAKKAD JN,19,110
56611,PGT,PALAKKAD JN,NIL,NILAMBUR ROA,19,109
56612,NIL,NILAMBUR ROA,SRR,SHORANUR JN.,12,66
56613,SRR,SHORANUR JN.,NIL,NILAMBUR ROA,12,66
56614,NIL,NILAMBUR ROA,SRR,SHORANUR JN.,12,66
56616,NIL,NILAMBUR ROA,SRR,SHORANUR JN.,12,66
56617,SRR,SHORANUR JN.,NIL,NILAMBUR ROA,12,66
56619,SRR,SHORANUR JN.,NIL,NILAMBUR ROA,12,66
56620,NIL,NILAMBUR ROA,SRR,SHORANUR JN.,12,66
56621,SRR,SHORANUR JN.,NIL,NILAMBUR ROA,12,66
56640,MAQ,MANGALORE CE,MAO,MADGOAN JN.,30,326
56641,MAO,MADGOAN JN.,MAQ,MANGALORE CE,30,324
56642,KBPR,KABAKA PUTTU,MAQ,MANGALORE CE,5,49
56643,MAQ,MANGALORE CE,KBPR,KABAKA PUTTU,5,48
56644,KBPR,KABAKA PUTTU,MAQ,MANGALORE CE,4,49
56645,MAQ,MANGALORE CE,KBPR,KABAKA PUTTU,4,48
56646,SBHR,SUBRAHMANYA,MAQ,MANGALORE CE,11,91
56647,MAQ,MANGALORE CE,SBHR,SUBRAHMANYA,11,90
56650,CAN,KANNUR,CBE,COIMBATORE,40,273
56651,CBE,COIMBATORE,CAN,KANNUR,40,273
56652,CAN,KANNUR,CLT,CALICUT,20,89
56653,CLT,CALICUT,CAN,KANNUR,20,89
56654,MAQ,MANGALORE CE,CLT,CALICUT,40,220
56655,CAN,KANNUR,MAQ,MANGALORE CE,22,131
56656,MAQ,MANGALORE CE,CAN,KANNUR,23,131
56657,CLT,CALICUT,CAN,KANNUR,20,89
56659,CAN,KANNUR,CHV,CHERVATTUR,11,48
56661,CHV,CHERVATTUR,MAQ,MANGALORE CE,13,83
56663,TCR,TRICHUR,CLT,CALICUT,22,118
56664,CLT,CALICUT,TCR,TRICHUR,22,119
56665,KGQ,KASARAGOD,BYNR,BYNDOOR,20,182
56666,BYNR,BYNDOOR,KGQ,KASARAGOD,20,179
56700,MDU,MADURAI JN,PUU,PUNALUR,46,410
56701,PUU,PUNALUR,MDU,MADURAI JN,49,409
56703,TPJ,TIRUCHIRAPPA,DG,DINDIGUL JN,12,93
56704,DG,DINDIGUL JN,TPJ,TIRUCHIRAPPA,11,94
56705,VM,VILLUPURAM J,MDU,MADURAI JN,43,333
56706,MDU,MADURAI JN,VM,VILLUPURAM J,42,334
56707,DG,DINDIGUL JN,MDU,MADURAI JN,8,62
56708,MDU,MADURAI JN,DG,DINDIGUL JN,8,62
56709,PLNI,PALANI,MDU,MADURAI JN,12,120
56710,MDU,MADURAI JN,PLNI,PALANI,12,120
56711,KIK,KARAIKAL,TPJ,TIRUCHIRAPPA,26,145
56714,TPJ,TIRUCHIRAPPA,KIK,KARAIKAL,18,145
56715,PUU,PUNALUR,CAPE,KANNIYAKUMAR,19,196
56716,CAPE,KANNIYAKUMAR,PUU,PUNALUR,19,188
56717,CAPE,KANNIYAKUMAR,TEN,TIRUNELVELI,9,88
56718,TEN,TIRUNELVELI,NCJ,NAGERCOIL JN,8,73
56719,NCJ,NAGERCOIL JN,CAPE,KANNIYAKUMAR,2,15
56721,MDU,MADURAI JN,RMM,RAMESWARAM,17,161
56722,RMM,RAMESWARAM,MDU,MADURAI JN,17,161
56723,MDU,MADURAI JN,RMM,RAMESWARAM,17,161
56724,RMM,RAMESWARAM,MDU,MADURAI JN,17,161
56725,MDU,MADURAI JN,RMM,RAMESWARAM,17,161
56726,RMM,RAMESWARAM,MDU,MADURAI JN,17,161
56731,MDU,MADURAI JN,SCT,SENGOTTAI JN,14,173
56732,SCT,SENGOTTAI JN,MDU,MADURAI JN,14,173
56733,MDU,MADURAI JN,SCT,SENGOTTAI JN,14,173
56734,SCT,SENGOTTAI JN,MDU,MADURAI JN,14,173
56735,MDU,MADURAI JN,SCT,SENGOTTAI JN,14,173
56736,SCT,SENGOTTAI JN,MDU,MADURAI JN,14,173
56741,TN,TUTICORIN,TEN,TIRUNELVELI,10,59
56742,TEN,TIRUNELVELI,TN,TUTICORIN,10,60
56761,TEN,TIRUNELVELI,TCN,TIRUCHENDUR,12,61
56762,TCN,TIRUCHENDUR,TEN,TIRUNELVELI,12,61
56763,TEN,TIRUNELVELI,TCN,TIRUCHENDUR,12,61
56764,TCN,TIRUCHENDUR,TEN,TIRUNELVELI,12,61
56765,TEN,TIRUNELVELI,TCN,TIRUCHENDUR,12,61
56766,TCN,TIRUCHENDUR,TEN,TIRUNELVELI,12,61
56767,TN,TUTICORIN,TCN,TIRUCHENDUR,20,121
56768,TCN,TIRUCHENDUR,TN,TUTICORIN,20,121
56769,PGT,PALAKKAD JN,TCN,TIRUCHENDUR,43,459
56770,TCN,TIRUCHENDUR,PGT,PALAKKAD JN,43,458
56796,SCT,SENGOTTAI JN,TEN,TIRUNELVELI,17,72
56797,TEN,TIRUNELVELI,BJM,BAGAVATHIPUR,18,78
56798,BJM,BAGAVATHIPUR,TEN,TIRUNELVELI,18,78
56799,TEN,TIRUNELVELI,SCT,SENGOTTAI JN,17,72
56800,SCT,SENGOTTAI JN,TEN,TIRUNELVELI,17,72
56801,TEN,TIRUNELVELI,SCT,SENGOTTAI JN,17,72
56802,SCT,SENGOTTAI JN,TEN,TIRUNELVELI,17,72
56803,TEN,TIRUNELVELI,SCT,SENGOTTAI JN,17,72
56811,MV,MAYILADUTURA,TPJ,TIRUCHIRAPPA,25,120
56812,TPJ,TIRUCHIRAPPA,MV,MAYILADUTURA,25,120
56819,KMU,KUMBAKONAM,TJ,THANJAVUR JN,10,39
56820,TJ,THANJAVUR JN,KMU,KUMBAKONAM,10,39
56821,MV,MAYILADUTURA,DG,DINDIGUL JN,20,214
56822,DG,DINDIGUL JN,MV,MAYILADUTURA,20,214
56823,MV,MAYILADUTURA,TPJ,TIRUCHIRAPPA,24,120
56824,TPJ,TIRUCHIRAPPA,MV,MAYILADUTURA,24,120
56825,ED,ERODE JN.,TEN,TIRUNELVELI,28,358
56826,TEN,TIRUNELVELI,ED,ERODE JN.,28,358
56829,TPJ,TIRUCHIRAPPA,RMM,RAMESWARAM,25,263
56830,RMM,RAMESWARAM,TPJ,TIRUCHIRAPPA,25,264
56839,JTJ,JOLARPETTAI,ED,ERODE JN.,23,178
56840,ED,ERODE JN.,JTJ,JOLARPETTAI,23,180
56841,TPJ,TIRUCHIRAPPA,ED,ERODE JN.,25,141
56842,ED,ERODE JN.,TPJ,TIRUCHIRAPPA,25,141
56843,TPJ,TIRUCHIRAPPA,ED,ERODE JN.,22,141
56844,ED,ERODE JN.,TPJ,TIRUCHIRAPPA,22,141
56845,JTJ,JOLARPETTAI,ED,ERODE JN.,23,178
56846,ED,ERODE JN.,JTJ,JOLARPETTAI,23,180
56859,TBM,TAMBARAM,VM,VILLUPURAM J,11,133
56860,VM,VILLUPURAM J,TBM,TAMBARAM,11,133
56861,VM,VILLUPURAM J,PDY,PONDICHERRY,5,37
56862,PDY,PONDICHERRY,VM,VILLUPURAM J,5,37
56863,VM,VILLUPURAM J,PDY,PONDICHERRY,5,37
56864,PDY,PONDICHERRY,VM,VILLUPURAM J,5,37
56865,VM,VILLUPURAM J,PDY,PONDICHERRY,5,37
56866,PDY,PONDICHERRY,VM,VILLUPURAM J,5,37
56871,MV,MAYILADUTURA,TVR,THIRUVARUR J,6,38
56872,TVR,THIRUVARUR J,MV,MAYILADUTURA,6,38
56873,VM,VILLUPURAM J,MV,MAYILADUTURA,22,121
56874,MV,MAYILADUTURA,VM,VILLUPURAM J,22,121
56875,VM,VILLUPURAM J,MV,MAYILADUTURA,22,121
56876,MV,MAYILADUTURA,VM,VILLUPURAM J,22,121
56877,VM,VILLUPURAM J,MV,MAYILADUTURA,22,121
56878,MV,MAYILADUTURA,VM,VILLUPURAM J,22,121
56879,MV,MAYILADUTURA,TVR,THIRUVARUR J,6,38
56880,TVR,THIRUVARUR J,MV,MAYILADUTURA,6,38
56881,KPD,KATPADI JN,VM,VILLUPURAM J,14,160
56882,VM,VILLUPURAM J,TPTY,TIRUPATI,30,264
56883,KPD,KATPADI JN,VM,VILLUPURAM J,14,160
56884,VM,VILLUPURAM J,TPTY,TIRUPATI,27,264
56885,TPTY,TIRUPATI,VM,VILLUPURAM J,27,264
56886,VM,VILLUPURAM J,KPD,KATPADI JN,15,160
56889,TPTY,TIRUPATI,KPD,KATPADI JN,13,104
56902,DWR,DHARWAD,UBL,HUBLI JN.,5,20
56903,SUR,SOLAPUR,DWR,DHARWAD,33,378
56904,DWR,DHARWAD,SUR,SOLAPUR,34,377
56905,SUR,SOLAPUR,UBL,HUBLI JN.,40,357
56906,UBL,HUBLI JN.,SUR,SOLAPUR,40,356
56907,UBL,HUBLI JN.,DWR,DHARWAD,5,20
56909,SBC,KRANTIVIRA S,HPT,HOSPET JN.,36,516
56910,HPT,HOSPET JN.,SBC,KRANTIVIRA S,35,516
56911,JRU,CHIKJAJUR JN,UBL,HUBLI JN.,19,191
56912,UBL,HUBLI JN.,JRU,CHIKJAJUR JN,19,189
56913,SBC,KRANTIVIRA S,UBL,HUBLI JN.,44,470
56914,UBL,HUBLI JN.,SBC,KRANTIVIRA S,44,468
56915,JRU,CHIKJAJUR JN,UBL,HUBLI JN.,22,191
56916,UBL,HUBLI JN.,JRU,CHIKJAJUR JN,22,189
56917,RRB,BIRUR JN.,SMET,SHIMOGA TOWN,5,62
56918,SMET,SHIMOGA TOWN,RRB,BIRUR JN.,5,62
56921,UBL,HUBLI JN.,BGM,BELGAUM,12,141
56922,BGM,BELGAUM,UBL,HUBLI JN.,10,141
56925,SBC,KRANTIVIRA S,TK,TUMKUR,7,69
56926,TK,TUMKUR,SBC,KRANTIVIRA S,6,69
56961,QLM,KULEM,VSG,VASCO-DA-GAM,11,61
56962,VSG,VASCO-DA-GAM,QLM,KULEM,11,58
56963,QLM,KULEM,VSG,VASCO-DA-GAM,12,61
56964,VSG,VASCO-DA-GAM,QLM,KULEM,12,58
56965,QLM,KULEM,VSG,VASCO-DA-GAM,12,61
56966,VSG,VASCO-DA-GAM,QLM,KULEM,12,58
57121,KZJ,KAZIPET JN.,BPQ,BALHARSHAH,26,243
57122,SRUR,SIRPUR TOWN,KZJ,KAZIPET JN.,21,191
57123,BDCR,BHADRACHALAM,SRUR,SIRPUR TOWN,39,332
57124,BPQ,BALHARSHAH,BDCR,BHADRACHALAM,44,381
57129,BJP,BIJAPUR JN,BMO,BOLARUM,63,455
57130,HYB,HYDERABAD DE,BJP,BIJAPUR JN,53,445
57131,BMO,BOLARUM,HYB,HYDERABAD DE,12,22
57133,BJP,BIJAPUR JN,RC,RAICHUR,42,366
57134,RC,RAICHUR,BJP,BIJAPUR JN,38,366
57135,AJNI,AJNI,KZJ,KAZIPET JN.,47,450
57136,KZJ,KAZIPET JN.,AJNI,AJNI,48,453
57145,DKJ,DORNAKAL JN.,BDCR,BHADRACHALAM,8,56
57146,BDCR,BHADRACHALAM,DKJ,DORNAKAL JN.,8,56
57155,GR,GULBARGA,HYB,HYDERABAD DE,29,223
57156,HYB,HYDERABAD DE,GR,GULBARGA,29,223
57225,BZA,VIJAYWADA JN,VSKP,VISAKHAPATNA,58,350
57226,VSKP,VISAKHAPATNA,BZA,VIJAYWADA JN,55,350
57229,MTM,MACHILIPATNA,VSKP,VISAKHAPATNA,35,372
57230,VSKP,VISAKHAPATNA,MTM,MACHILIPATNA,36,371
57231,BZA,VIJAYWADA JN,COA,KAKINADA POR,27,217
57232,COA,KAKINADA POR,BZA,VIJAYWADA JN,27,217
57237,KZJ,KAZIPET JN.,BZA,VIJAYWADA JN,28,225
57238,BZA,VIJAYWADA JN,KZJ,KAZIPET JN.,29,226
57239,MAS,CHENNAI CENT,GDR,GUDUR JN.,21,137
57240,BTTR,BITRAGUNTA,MAS,CHENNAI CENT,31,209
57241,BTTR,BITRAGUNTA,BZA,VIJAYWADA JN,35,220
57242,BZA,VIJAYWADA JN,BTTR,BITRAGUNTA,35,220
57255,COA,KAKINADA POR,VSKP,VISAKHAPATNA,23,168
57256,VSKP,VISAKHAPATNA,COA,KAKINADA POR,23,168
57257,TPTY,TIRUPATI,COA,KAKINADA POR,92,602
57258,COA,KAKINADA POR,TPTY,TIRUPATI,90,603
57264,NS,NARASAPUR,BVRM,BHIMAVARAM J,7,29
57265,BVRM,BHIMAVARAM J,NS,NARASAPUR,7,29
57271,BZA,VIJAYWADA JN,RGDA,RAYAGADA JN.,68,535
57272,RGDA,RAYAGADA JN.,BZA,VIJAYWADA JN,71,535
57273,UBL,HUBLI JN.,TPTY,TIRUPATI,59,578
57274,TPTY,TIRUPATI,UBL,HUBLI JN.,60,577
57277,GDR,GUDUR JN.,BZA,VIJAYWADA JN,45,292
57278,BZA,VIJAYWADA JN,BTTR,BITRAGUNTA,34,220
57305,KCG,KACHEGUDA,GNT,GUNTUR JN.,78,622
57306,GNT,GUNTUR JN.,KCG,KACHEGUDA,56,622
57307,KCG,KACHEGUDA,MED,MEDCHAL,18,32
57308,MED,MEDCHAL,KCG,KACHEGUDA,18,32
57317,GNT,GUNTUR JN.,MCLA,MACHERLA,17,130
57320,MCLA,MACHERLA,GNT,GUNTUR JN.,17,130
57323,NDKD,NADIKUDE JN.,MCLA,MACHERLA,4,35
57324,MCLA,MACHERLA,NDKD,NADIKUDE JN.,4,35
57325,KCG,KACHEGUDA,GNT,GUNTUR JN.,77,622
57326,GNT,GUNTUR JN.,KCG,KACHEGUDA,79,622
57327,DHNE,DHONE JN,GNT,GUNTUR JN.,36,333
57328,GNT,GUNTUR JN.,DHNE,DHONE JN,36,333
57329,TPTY,TIRUPATI,GNT,GUNTUR JN.,49,379
57330,GNT,GUNTUR JN.,TPTY,TIRUPATI,49,380
57381,GNT,GUNTUR JN.,NS,NARASAPUR,31,171
57382,NS,NARASAPUR,GNT,GUNTUR JN.,26,171
57401,TPTY,TIRUPATI,KPD,KATPADI JN,13,104
57402,KPD,KATPADI JN,TPTY,TIRUPATI,13,104
57403,TPTY,TIRUPATI,KPD,KATPADI JN,14,104
57404,KPD,KATPADI JN,TPTY,TIRUPATI,14,104
57405,TPTY,TIRUPATI,KPD,KATPADI JN,13,104
57406,KPD,KATPADI JN,TPTY,TIRUPATI,13,104
57411,RU,RENIGUNTA JN,GDR,GUDUR JN.,7,83
57412,GDR,GUDUR JN.,RU,RENIGUNTA JN,7,83
57425,KCG,KACHEGUDA,GTL,GUNTAKAL JN.,50,358
57426,GTL,GUNTAKAL JN.,KCG,KACHEGUDA,49,356
57429,TPTY,TIRUPATI,GDR,GUDUR JN.,12,92
57430,GDR,GUDUR JN.,TPTY,TIRUPATI,12,93
57435,KCG,KACHEGUDA,KRNT,KURNOOL TOWN,24,236
57436,KRNT,KURNOOL TOWN,KCG,KACHEGUDA,41,236
57447,KCG,KACHEGUDA,MBNR,MAHBUBNAGAR,15,105
57448,MBNR,MAHBUBNAGAR,MZL,MIRZAPALI,43,182
57451,JRU,CHIKJAJUR JN,GTL,GUNTAKAL JN.,22,234
57452,GTL,GUNTAKAL JN.,JRU,CHIKJAJUR JN,22,234
57456,MBNR,MAHBUBNAGAR,KCG,KACHEGUDA,20,105
57473,KCG,KACHEGUDA,BDHN,BODHAN,40,191
57474,BDHN,BODHAN,MBNR,MAHBUBNAGAR,62,297
57475,TPTY,TIRUPATI,GTL,GUNTAKAL JN.,39,370
57476,GTL,GUNTAKAL JN.,TPTY,TIRUPATI,40,370
57477,TPTY,TIRUPATI,RDG,RAYA DRUG,42,473
57478,RDG,RAYA DRUG,TPTY,TIRUPATI,42,474
57486,MZL,MIRZAPALI,KCG,KACHEGUDA,27,77
57501,NZB,NIZAMABAD,BDHN,BODHAN,5,26
57502,BDHN,BODHAN,MZL,MIRZAPALI,16,114
57503,MZL,MIRZAPALI,BDHN,BODHAN,16,114
57504,BDHN,BODHAN,NZB,NIZAMABAD,5,26
57512,PBN,PARBHANI JN.,NED,NANDED,8,58
57515,DD,DAUND JN.,NED,NANDED,57,581
57516,NED,NANDED,DD,DAUND JN.,58,581
57517,HYB,HYDERABAD DE,TDU,TANDUR,15,115
57518,TDU,TANDUR,HYB,HYDERABAD DE,15,114
57521,PRLI,PARLI VAIJNA,PAU,PURNA  JN.,11,92
57522,PAU,PURNA  JN.,PRLI,PARLI VAIJNA,11,92
57539,AK,AKOLA JN.,PRLI,PARLI VAIJNA,36,298
57540,PRLI,PARLI VAIJNA,AK,AKOLA JN.,36,299
57541,NSL,NAGARSOL,NED,NANDED,34,325
57542,NED,NANDED,MMR,MANMAD JN.,36,347
57547,HYB,HYDERABAD DE,PAU,PURNA  JN.,48,435
57548,PAU,PURNA  JN.,HYB,HYDERABAD DE,47,435
57549,HYB,HYDERABAD DE,AWB,AURANGABAD,59,583
57550,AWB,AURANGABAD,HYB,HYDERABAD DE,57,583
57551,PAU,PURNA  JN.,ADB,ADILABAD,30,223
57552,ADB,ADILABAD,PAU,PURNA  JN.,30,225
57553,PRLI,PARLI VAIJNA,ADB,ADILABAD,41,316
57554,ADB,ADILABAD,PRLI,PARLI VAIJNA,41,317
57557,NZB,NIZAMABAD,NED,NANDED,16,110
57558,NED,NANDED,NZB,NIZAMABAD,16,110
57561,KCG,KACHEGUDA,MMR,MANMAD JN.,88,623
57562,MMR,MANMAD JN.,KCG,KACHEGUDA,87,620
57563,HYB,HYDERABAD DE,PBN,PARBHANI JN.,45,340
57564,NED,NANDED,HYB,HYDERABAD DE,29,279
57581,AK,AKOLA JN.,PAU,PURNA  JN.,26,206
57582,PAU,PURNA  JN.,AK,AKOLA JN.,26,206
57583,AK,AKOLA JN.,PAU,PURNA  JN.,26,206
57584,PAU,PURNA  JN.,AK,AKOLA JN.,26,206
57590,MMR,MANMAD JN.,NSL,NAGARSOL,3,19
57593,MED,MEDCHAL,NED,NANDED,36,243
57594,NED,NANDED,MED,MEDCHAL,36,243
57601,KCG,KACHEGUDA,NZB,NIZAMABAD,23,165
57602,NZB,NIZAMABAD,KCG,KACHEGUDA,21,165
57605,SC,SECUNDERABAD,VKB,VIKRABAD JN.,11,72
57606,VKB,VIKRABAD JN.,KCG,KACHEGUDA,12,79
57625,SC,SECUNDERABAD,MUGR,MANUGURU,37,341
57626,MUGR,MANUGURU,SC,SECUNDERABAD,37,341
57628,GR,GULBARGA,SUR,SOLAPUR,15,112
57631,SUR,SOLAPUR,GTL,GUNTAKAL JN.,37,377
57632,GTL,GUNTAKAL JN.,GR,GULBARGA,31,265
57641,SUR,SOLAPUR,GDG,GADAG JN.,37,299
57642,GDG,GADAG JN.,SUR,SOLAPUR,25,299
57649,GR,GULBARGA,WADI,WADI JN.,5,36
57650,WADI,WADI JN.,SUR,SOLAPUR,19,149
57651,SC,SECUNDERABAD,RAL,REPALLE,40,341
57652,RAL,REPALLE,SC,SECUNDERABAD,40,341
57657,MUGR,MANUGURU,KZJ,KAZIPET JN.,23,209
57658,KZJ,KAZIPET JN.,MUGR,MANUGURU,23,209
57659,SUR,SOLAPUR,FM,FALAKNUMA,52,347
57660,FM,FALAKNUMA,GR,GULBARGA,38,235
57685,SUR,SOLAPUR,BJP,BIJAPUR JN,10,108
57686,BJP,BIJAPUR JN,SUR,SOLAPUR,8,108
57687,NZB,NIZAMABAD,KCG,KACHEGUDA,14,165
57688,KCG,KACHEGUDA,NZB,NIZAMABAD,11,165
57689,NZB,NIZAMABAD,KCG,KACHEGUDA,12,165
57690,KCG,KACHEGUDA,NZB,NIZAMABAD,16,165
58001,HWH,HOWRAH JN.,PURI,PURI,91,526
58002,PURI,PURI,SRC,SANTRAGACHI,90,518
58003,HWH,HOWRAH JN.,BHC,BHADRAKH,38,299
58004,BHC,BHADRAKH,HWH,HOWRAH JN.,39,298
58005,KGP,KHARAGPUR,KUR,KHURDA ROAD,32,366
58006,KUR,KHURDA ROAD,KGP,KHARAGPUR,32,366
58007,KGP,KHARAGPUR,BHC,BHADRAKH,28,182
58008,BHC,BHADRAKH,KGP,KHARAGPUR,28,182
58009,KGP,KHARAGPUR,JJKR,JAJPUR KEONJ,36,226
58010,JJKR,JAJPUR KEONJ,KGP,KHARAGPUR,36,226
58011,HWH,HOWRAH JN.,CKP,CHAKARADHARP,45,442
58012,CKP,CHAKARADHARP,HWH,HOWRAH JN.,45,441
58013,ADRA,ADRA,BKSC,BOKARO STEEL,12,82
58014,BKSC,BOKARO STEEL,ADRA,ADRA,12,82
58015,HWH,HOWRAH JN.,ADRA,ADRA,28,284
58016,ADRA,ADRA,HWH,HOWRAH JN.,28,284
58017,KGP,KHARAGPUR,ASN,ASANSOL MAIN,31,209
58018,ASN,ASANSOL MAIN,KGP,KHARAGPUR,31,210
58019,ADRA,ADRA,ASN,ASANSOL MAIN,9,41
58020,ASN,ASANSOL MAIN,ADRA,ADRA,9,41
58021,KGP,KHARAGPUR,TATA,TATANAGAR JN,18,137
58022,TATA,TATANAGAR JN,KGP,KHARAGPUR,19,137
58023,TATA,TATANAGAR JN,BRKA,BARKAKANA,26,161
58024,BRKA,BARKAKANA,TATA,TATANAGAR JN,26,162
58025,KGP,KHARAGPUR,HTE,HATIA,44,339
58026,HTE,HATIA,KGP,KHARAGPUR,44,336
58029,BLS,BALASORE,BHC,BHADRAKH,10,62
58030,BHC,BHADRAKH,BLS,BALASORE,10,62
58031,CKU,CHAKULIA,TATA,TATANAGAR JN,9,69
58032,TATA,TATANAGAR JN,CKU,CHAKULIA,9,69
58033,BKSC,BOKARO STEEL,RNC,RANCHI,15,117
58034,RNC,RANCHI,BKSC,BOKARO STEEL,15,114
58103,TATA,TATANAGAR JN,BBN,BARBIL,18,148
58104,BBN,BARBIL,TATA,TATANAGAR JN,18,148
58109,TATA,TATANAGAR JN,GUA,GUA,19,147
58110,GUA,GUA,TATA,TATANAGAR JN,19,147
58111,TATA,TATANAGAR JN,ITR,ITWARI JN.,102,885
58112,ITR,ITWARI JN.,TATA,TATANAGAR JN,109,883
58113,TATA,TATANAGAR JN,BSP,BILASPUR JN.,60,470
58114,BSP,BILASPUR JN.,TATA,TATANAGAR JN,61,469
58117,JSG,JHARSUGUDA J,G,GONDIA JN.,65,503
58118,G,GONDIA JN.,JSG,JHARSUGUDA J,64,496
58131,ROU,ROURKELA,PURI,PURI,78,520
58132,PURI,PURI,ROU,ROURKELA,78,526
58133,ROU,ROURKELA,JSG,JHARSUGUDA J,15,101
58134,JSG,JHARSUGUDA J,ROU,ROURKELA,15,101
58135,JSG,JHARSUGUDA J,SBP,SAMBALPUR JN,9,48
58136,SBP,SAMBALPUR JN,JSG,JHARSUGUDA J,9,48
58137,JSG,JHARSUGUDA J,SBP,SAMBALPUR JN,9,48
58138,SBP,SAMBALPUR JN,JSG,JHARSUGUDA J,9,48
58143,TATA,TATANAGAR JN,HTE,HATIA,26,175
58151,BRMP,BIRMITRAPUR,BXF,BARSUAN,12,96
58152,BXF,BARSUAN,BRMP,BIRMITRAPUR,12,96
58161,HTE,HATIA,JSG,JHARSUGUDA J,35,261
58162,JSG,JHARSUGUDA J,HTE,HATIA,34,261
58163,GBA,GARBETA,RNC,RANCHI,23,272
58164,RNC,RANCHI,GBA,GARBETA,23,269
58201,BSP,BILASPUR JN.,R,RAIPUR JN.,15,112
58202,R,RAIPUR JN.,BSP,BILASPUR JN.,15,111
58203,GAD,GEVRA-ROAD,R,RAIPUR JN.,29,209
58204,R,RAIPUR JN.,GAD,GEVRA-ROAD,29,209
58205,R,RAIPUR JN.,ITR,ITWARI JN.,42,310
58206,ITR,ITWARI JN.,R,RAIPUR JN.,43,302
58207,R,RAIPUR JN.,JNRD,JUNAGARH ROA,30,305
58208,JNRD,JUNAGARH ROA,R,RAIPUR JN.,30,305
58209,GAD,GEVRA-ROAD,BSP,BILASPUR JN.,12,96
58210,BSP,BILASPUR JN.,GAD,GEVRA-ROAD,15,97
58212,BSP,BILASPUR JN.,GAD,GEVRA-ROAD,15,97
58213,TIG,TITLA GARH J,BSP,BILASPUR JN.,48,431
58214,BSP,BILASPUR JN.,TIG,TITLA GARH J,48,433
58217,TIG,TITLA GARH J,R,RAIPUR JN.,13,204
58218,R,RAIPUR JN.,TIG,TITLA GARH J,14,204
58219,BSP,BILASPUR JN.,CHRM,CHIRMIRI,29,237
58220,CHRM,CHIRMIRI,BSP,BILASPUR JN.,29,237
58221,CHRM,CHIRMIRI,CHD,CHANDIA ROAD,20,214
58222,CHD,CHANDIA ROAD,CHRM,CHIRMIRI,20,213
58223,MDGR,MANENDRAGARH,ABKP,AMBIKAPUR,15,143
58224,ABKP,AMBIKAPUR,APR,ANUPPUR JN.,20,174
58227,APR,ANUPPUR JN.,MDGR,MANENDRAGARH,9,64
58301,SBP,SAMBALPUR JN,KRPU,KORAPUT JN.,41,494
58302,KRPU,KORAPUT JN.,SBP,SAMBALPUR JN,41,494
58303,LJR,LANJI GARH R,JNRD,JUNAGARH ROA,6,54
58304,JNRD,JUNAGARH ROA,LJR,LANJI GARH R,6,54
58401,CTC,CUTTACK JN.,PRDP,PARADEEP,14,82
58402,PRDP,PARADEEP,CTC,CUTTACK JN.,14,82
58403,KUR,KHURDA ROAD,PURI,PURI,11,43
58404,PURI,PURI,KUR,KHURDA ROAD,11,43
58405,CTC,CUTTACK JN.,PRDP,PARADEEP,11,82
58406,PRDP,PARADEEP,CTC,CUTTACK JN.,11,82
58408,BBS,BHUBANESWAR,BHC,BHADRAKH,30,142
58409,KUR,KHURDA ROAD,PURI,PURI,11,43
58410,PURI,PURI,KUR,KHURDA ROAD,11,43
58411,BBS,BHUBANESWAR,BAM,BERHAMPUR,27,165
58412,BAM,BERHAMPUR,BBS,BHUBANESWAR,27,165
58413,TLHR,TALCHER,PURI,PURI,42,202
58414,PURI,PURI,TLHR,TALCHER,43,202
58415,CTC,CUTTACK JN.,PURI,PURI,21,90
58416,PURI,PURI,CTC,CUTTACK JN.,21,90
58417,PURI,PURI,GNPR,GUNUPUR,59,380
58418,GNPR,GUNUPUR,PURI,PURI,59,380
58419,BBS,BHUBANESWAR,PSA,PALASA,36,239
58420,PSA,PALASA,BBS,BHUBANESWAR,36,239
58421,ANGL,ANGUL,PURI,PURI,30,196
58422,PURI,PURI,ANGL,ANGUL,30,196
58423,BHC,BHADRAKH,CTC,CUTTACK JN.,23,115
58424,CTC,CUTTACK JN.,BHC,BHADRAKH,23,115
58425,KDJR,KENDUJHAR,BBS,BHUBANESWAR,22,214
58426,BBS,BHUBANESWAR,KDJR,KENDUJHAR,22,214
58427,PSA,PALASA,GNPR,GUNUPUR,9,88
58428,GNPR,GUNUPUR,PSA,PALASA,8,88
58429,KUR,KHURDA ROAD,NYGT,NAYAGARHTOWN,7,65
58430,NYGT,NAYAGARHTOWN,KUR,KHURDA ROAD,7,65
58431,KUR,KHURDA ROAD,NYGT,NAYAGARHTOWN,7,65
58432,NYGT,NAYAGARHTOWN,KUR,KHURDA ROAD,7,65
58433,CTC,CUTTACK JN.,BAM,BERHAMPUR,18,192
58434,BAM,BERHAMPUR,CTC,CUTTACK JN.,17,192
58435,BHC,BHADRAKH,CTC,CUTTACK JN.,23,115
58436,CTC,CUTTACK JN.,BHC,BHADRAKH,23,115
58501,VSKP,VISAKHAPATNA,KRDL,KIRANDUL,53,471
58502,KRDL,KIRANDUL,VSKP,VISAKHAPATNA,53,471
58503,RGDA,RAYAGADA JN.,VSKP,VISAKHAPATNA,25,184
58504,VSKP,VISAKHAPATNA,RGDA,RAYAGADA JN.,25,184
58505,GNPR,GUNUPUR,VSKP,VISAKHAPATNA,28,267
58506,VSKP,VISAKHAPATNA,GNPR,GUNUPUR,28,267
58525,PSA,PALASA,VSKP,VISAKHAPATNA,27,202
58526,VSKP,VISAKHAPATNA,PSA,PALASA,26,202
58527,R,RAIPUR JN.,VSKP,VISAKHAPATNA,56,528
58528,VSKP,VISAKHAPATNA,R,RAIPUR JN.,56,528
58529,DURG,DURG,VSKP,VISAKHAPATNA,64,570
58530,VSKP,VISAKHAPATNA,DURG,DURG,64,571
58531,PSA,PALASA,VSKP,VISAKHAPATNA,27,202
58532,VSKP,VISAKHAPATNA,PSA,PALASA,27,202
58533,CTC,CUTTACK JN.,PSA,PALASA,43,266
58534,PSA,PALASA,CTC,CUTTACK JN.,43,266
58535,CTC,CUTTACK JN.,PRDP,PARADEEP,14,82
58536,PRDP,PARADEEP,CTC,CUTTACK JN.,14,82
58537,KRPU,KORAPUT JN.,VSKP,VISAKHAPATNA,39,357
58538,VSKP,VISAKHAPATNA,KRPU,KORAPUT JN.,39,357
58601,KGP,KHARAGPUR,ADRA,ADRA,22,168
58602,ADRA,ADRA,KGP,KHARAGPUR,22,168
58603,KGP,KHARAGPUR,GMO,NSC BOSE J G,40,248
58604,GMO,NSC BOSE J G,KGP,KHARAGPUR,40,249
58621,ADRA,ADRA,BRKA,BARKAKANA,22,157
58622,BRKA,BARKAKANA,ADRA,ADRA,22,157
58651,RNC,RANCHI,LAD,LOHARDAGA  B,10,66
58652,LAD,LOHARDAGA  B,RNC,RANCHI,10,67
58653,RNC,RANCHI,TORI,TORI,12,110
58654,TORI,TORI,RNC,RANCHI,12,111
58655,RNC,RANCHI,LAD,LOHARDAGA  B,10,66
58656,LAD,LOHARDAGA  B,RNC,RANCHI,10,67
58657,RNC,RANCHI,LAD,LOHARDAGA  B,10,66
58658,LAD,LOHARDAGA  B,RNC,RANCHI,7,67
58659,HTE,HATIA,ROU,ROURKELA,21,160
58660,ROU,ROURKELA,HTE,HATIA,21,160
58661,TATA,TATANAGAR JN,HTE,HATIA,29,222
58662,HTE,HATIA,TATA,TATANAGAR JN,29,219
58701,SDL,SHAHDOL,ABKP,AMBIKAPUR,24,215
58702,ABKP,AMBIKAPUR,SDL,SHAHDOL,24,215
58711,KDRI,KENDRI,DTR,DHAMTARI,8,51
58712,DTR,DHAMTARI,KDRI,KENDRI,8,50
58713,KDRI,KENDRI,DTR,DHAMTARI,8,51
58714,DTR,DHAMTARI,KDRI,KENDRI,8,50
58715,KDRI,KENDRI,DTR,DHAMTARI,8,51
58716,DTR,DHAMTARI,KDRI,KENDRI,8,50
58717,KDRI,KENDRI,RIM,RAJIM,4,22
58718,RIM,RAJIM,KDRI,KENDRI,4,22
58719,AVP,ABHANPUR JN.,RIM,RAJIM,3,17
58720,RIM,RAJIM,AVP,ABHANPUR JN.,3,16
58721,AVP,ABHANPUR JN.,RIM,RAJIM,3,17
58722,RIM,RAJIM,AVP,ABHANPUR JN.,3,16
58801,BPQ,BALHARSHAH,G,GONDIA JN.,28,249
58802,G,GONDIA JN.,BPQ,BALHARSHAH,28,249
58803,BPQ,BALHARSHAH,G,GONDIA JN.,28,249
58804,G,GONDIA JN.,BPQ,BALHARSHAH,28,249
58805,CAF,CHANDAFORT,G,GONDIA JN.,27,238
58806,G,GONDIA JN.,WSA,WADSA,14,103
58808,WSA,WADSA,CAF,CHANDAFORT,14,135
58809,RTK,RAMTEK,ITR,ITWARI JN.,7,38
58810,NGP,NAGPUR JN.(C,RTK,RAMTEK,8,42
58811,RTK,RAMTEK,NGP,NAGPUR JN.(C,8,43
58812,ITR,ITWARI JN.,RTK,RAMTEK,7,38
58813,RTK,RAMTEK,ITR,ITWARI JN.,7,38
58814,ITR,ITWARI JN.,RTK,RAMTEK,7,38
58815,ITR,ITWARI JN.,TRDI,TIRODI,20,123
58816,TRDI,TIRODI,ITR,ITWARI JN.,20,124
58817,TMR,TUMSAR RD,TRDI,TIRODI,9,47
58818,TRDI,TIRODI,TMR,TUMSAR RD,9,46
58843,ITRN,ITWARI JN.,NABN,NAGBHIR JN.,17,104
58844,NABN,NAGBHIR JN.,ITRN,ITWARI JN.,17,104
58845,ITRN,ITWARI JN.,NABN,NAGBHIR JN.,17,104
58846,NABN,NAGBHIR JN.,ITRN,ITWARI JN.,17,104
58847,ITRN,ITWARI JN.,NABN,NAGBHIR JN.,17,104
58848,NABN,NAGBHIR JN.,ITRN,ITWARI JN.,17,104
58877,ITRN,ITWARI JN.,NABN,NAGBHIR JN.,17,104
58878,NABN,NAGBHIR JN.,ITRN,ITWARI JN.,17,104
59013,ST,SURAT,BSL,BHUSAVAL JN.,31,334
59014,BSL,BHUSAVAL JN.,ST,SURAT,31,335
59023,BCT,MUMBAI CENTR,BL,VALSAD,20,193
59024,BL,VALSAD,BCT,MUMBAI CENTR,21,193
59037,VR,VIRAR,ST,SURAT,30,206
59038,ST,SURAT,VR,VIRAR,31,206
59039,VR,VIRAR,BL,VALSAD,18,138
59040,VAPI,VAPI,VR,VIRAR,14,114
59045,BDTS,BANDRA TERMI,VAPI,VAPI,20,158
59046,BL,VALSAD,BDTS,BANDRA TERMI,23,182
59048,ST,SURAT,BL,VALSAD,13,68
59049,BL,VALSAD,VG,VIRAMGAM JN,62,362
59050,VG,VIRAMGAM JN,BL,VALSAD,62,362
59075,ST,SURAT,BSL,BHUSAVAL JN.,44,334
59076,BSL,BHUSAVAL JN.,ST,SURAT,44,335
59077,ST,SURAT,BSL,BHUSAVAL JN.,30,334
59078,BSL,BHUSAVAL JN.,ST,SURAT,31,335
59101,BRC,VADODARA JN.,KTNA,KATHANA,11,62
59102,KTNA,KATHANA,BRC,VADODARA JN.,11,62
59103,BRC,VADODARA JN.,KTNA,KATHANA,11,62
59104,KTNA,KATHANA,BRC,VADODARA JN.,11,62
59117,PRTN,PRATAP NAGAR,CTD,CHHOTA UDEPU,18,99
59118,CTD,CHHOTA UDEPU,BRC,VADODARA JN.,19,105
59119,BRC,VADODARA JN.,CTD,CHHOTA UDEPU,19,105
59120,CTD,CHHOTA UDEPU,PRTN,PRATAP NAGAR,18,99
59121,BRC,VADODARA JN.,CTD,CHHOTA UDEPU,19,105
59122,CTD,CHHOTA UDEPU,BRC,VADODARA JN.,19,105
59151,ND,NADIAD JN.,MDSA,MODASA,10,104
59152,MDSA,MODASA,ND,NADIAD JN.,10,104
59153,ND,NADIAD JN.,MDSA,MODASA,10,104
59154,MDSA,MODASA,ND,NADIAD JN.,10,104
59161,BH,BHARUCH JN.,ANND,ANAND JN.,20,105
59162,ANND,ANAND JN.,BH,BHARUCH JN.,20,105
59163,ANND,ANAND JN.,VTL,VADTAL SWAMI,3,13
59164,VTL,VADTAL SWAMI,ANND,ANAND JN.,3,13
59167,AKV,ANKLESHWAR J,RAJ,RAJPIPLA,14,62
59168,RAJ,RAJPIPLA,AKV,ANKLESHWAR J,14,62
59169,ANND,ANAND JN.,VTL,VADTAL SWAMI,3,13
59170,VTL,VADTAL SWAMI,ANND,ANAND JN.,3,13
59201,PIT,PALITANA,BVC,BHAVNAGAR TE,8,47
59202,BVC,BHAVNAGAR TE,PIT,PALITANA,8,47
59203,SUNR,SURENDRANAGA,BVC,BHAVNAGAR TE,22,169
59204,BVC,BHAVNAGAR TE,SUNR,SURENDRANAGA,22,169
59205,KNLS,KANALUS,PBR,PORBANDAR,11,114
59206,PBR,PORBANDAR,KNLS,KANALUS,11,108
59207,BVC,BHAVNAGAR TE,OKHA,OKHA,60,535
59208,OKHA,OKHA,BVC,BHAVNAGAR TE,59,535
59211,RJT,RAJKOT,PBR,PORBANDAR,21,222
59212,PBR,PORBANDAR,RJT,RAJKOT,21,216
59213,BNVD,BHANVAD,PBR,PORBANDAR,8,52
59214,PBR,PORBANDAR,BNVD,BHANVAD,7,52
59215,BNVD,BHANVAD,PBR,PORBANDAR,7,52
59216,PBR,PORBANDAR,BNVD,BHANVAD,8,52
59225,BVC,BHAVNAGAR TE,MHV,MAHUVA,25,201
59226,MHV,MAHUVA,BVC,BHAVNAGAR TE,25,201
59227,BTD,BOTAD,BVC,BHAVNAGAR TE,12,91
59228,BVC,BHAVNAGAR TE,BTD,BOTAD,12,91
59229,DHG,DHRANGADHRA,BVC,BHAVNAGAR TE,23,206
59230,BVC,BHAVNAGAR TE,DHG,DHRANGADHRA,24,206
59231,SUNR,SURENDRANAGA,BTD,BOTAD,10,78
59232,BTD,BOTAD,SUNR,SURENDRANAGA,10,78
59233,SUNR,SURENDRANAGA,BVC,BHAVNAGAR TE,20,169
59234,BVC,BHAVNAGAR TE,SUNR,SURENDRANAGA,20,169
59235,DLJ,DHOLA JN,MHV,MAHUVA,22,152
59236,MHV,MAHUVA,DLJ,DHOLA JN,22,152
59243,RJU,RAJULA CITY,MHV,MAHUVA,7,38
59244,MHV,MAHUVA,RJU,RAJULA CITY,7,38
59267,PIT,PALITANA,BVC,BHAVNAGAR TE,8,47
59268,BVC,BHAVNAGAR TE,PIT,PALITANA,8,47
59269,PIT,PALITANA,BVC,BHAVNAGAR TE,8,47
59270,BVC,BHAVNAGAR TE,PIT,PALITANA,8,47
59271,SUNR,SURENDRANAGA,BVC,BHAVNAGAR TE,18,169
59272,BVC,BHAVNAGAR TE,SUNR,SURENDRANAGA,18,169
59295,PIT,PALITANA,BVC,BHAVNAGAR TE,8,47
59296,BVC,BHAVNAGAR TE,PIT,PALITANA,8,47
59297,PBR,PORBANDAR,SMNH,SOMNATH,23,236
59298,SMNH,SOMNATH,PBR,PORBANDAR,23,236
59306,UJN,UJJAIN JN,INDB,INDORE BG,10,78
59307,INDB,INDORE BG,UJN,UJJAIN JN,10,78
59317,NAD,NAGDA JN,UJN,UJJAIN JN,8,54
59318,UJN,UJJAIN JN,NAD,NAGDA JN,8,54
59319,UJN,UJJAIN JN,BPL,BHOPAL,25,183
59320,BPL,BHOPAL,UJN,UJJAIN JN,25,183
59341,NAD,NAGDA JN,BINA,BINA,44,428
59342,BINA,BINA,NAD,NAGDA JN,44,428
59345,RTM,RATLAM JN,NAD,NAGDA JN,6,44
59346,NAD,NAGDA JN,RTM,RATLAM JN,6,44
59353,NAD,NAGDA JN,UJN,UJJAIN JN,8,54
59354,UJN,UJJAIN JN,NAD,NAGDA JN,8,54
59355,RTM,RATLAM JN,MTJ,MATHURA JN.,65,585
59356,MTJ,MATHURA JN.,RTM,RATLAM JN,65,585
59357,BXN,BAYANA,JAB,YAMUNA BRIDG,16,86
59358,JAB,YAMUNA BRIDG,BXN,BAYANA,16,86
59359,BXN,BAYANA,MTJ,MATHURA JN.,9,75
59360,MTJ,MATHURA JN.,BXN,BAYANA,9,75
59379,INDB,INDORE BG,MKC,MAKSI JN,7,74
59380,MKC,MAKSI JN,INDB,INDORE BG,7,74
59385,INDB,INDORE BG,CWA,CHHINWARA JN,49,553
59386,CWA,CHHINWARA JN,INDB,INDORE BG,48,553
59387,NAD,NAGDA JN,INDB,INDORE BG,17,133
59388,INDB,INDORE BG,NAD,NAGDA JN,17,133
59393,DHD,DAHOD,BPL,BHOPAL,50,397
59394,BPL,BHOPAL,DHD,DAHOD,50,398
59395,BZU,BETUL,CWA,CHHINWARA JN,13,133
59396,CWA,CHHINWARA JN,BZU,BETUL,15,137
59421,RJT,RAJKOT,VRL,VERAVAL,21,184
59422,SMNH,SOMNATH,RJT,RAJKOT,22,189
59423,RJT,RAJKOT,SMNH,SOMNATH,22,189
59424,VRL,VERAVAL,RJT,RAJKOT,21,184
59425,BHUJ,NEW BHUJ,PNU,PALANPUR JN,38,358
59426,PNU,PALANPUR JN,BHUJ,NEW BHUJ,38,358
59439,BCT,MUMBAI CENTR,ADI,AHMEDABAD,72,490
59440,ADI,AHMEDABAD,BCT,MUMBAI CENTR,66,490
59441,BCT,MUMBAI CENTR,ADI,AHMEDABAD,74,490
59442,ADI,AHMEDABAD,BCT,MUMBAI CENTR,74,490
59473,ADI,AHMEDABAD,PTN,PATAN,15,111
59474,PTN,PATAN,ADI,AHMEDABAD,15,111
59475,MSH,MAHESANA JN,PTN,PATAN,6,40
59476,PTN,PATAN,MSH,MAHESANA JN,6,40
59477,MSH,MAHESANA JN,PTN,PATAN,6,40
59478,PTN,PATAN,MSH,MAHESANA JN,6,40
59481,MSH,MAHESANA JN,PTN,PATAN,6,40
59482,PTN,PATAN,MSH,MAHESANA JN,6,40
59483,MSH,MAHESANA JN,PTN,PATAN,6,40
59484,PTN,PATAN,MSH,MAHESANA JN,6,40
59503,VG,VIRAMGAM JN,OKHA,OKHA,48,429
59504,OKHA,OKHA,VG,VIRAMGAM JN,48,429
59507,RJT,RAJKOT,SMNH,SOMNATH,18,189
59508,SMNH,SOMNATH,RJT,RAJKOT,18,189
59509,MSH,MAHESANA JN,VG,VIRAMGAM JN,8,64
59510,VG,VIRAMGAM JN,MSH,MAHESANA JN,8,64
59511,MSH,MAHESANA JN,VG,VIRAMGAM JN,8,64
59512,VG,VIRAMGAM JN,MSH,MAHESANA JN,8,64
59547,ADI,AHMEDABAD,OKHA,OKHA,49,495
59548,OKHA,OKHA,ADI,AHMEDABAD,45,495
59549,BRC,VADODARA JN.,ADI,AHMEDABAD,8,99
59550,ADI,AHMEDABAD,BRC,VADODARA JN.,8,99
59601,MJ,MARWAR JN.,AII,AJMER JN.,19,139
59602,AII,AJMER JN.,MJ,MARWAR JN.,19,139
59603,MDJN,MADAR JN,UDZ,UDAIPUR CITY,39,306
59604,UDZ,UDAIPUR CITY,MDJN,MADAR JN,39,306
59605,COR,CHITTAURGARH,UDZ,UDAIPUR CITY,13,114
59606,UDZ,UDAIPUR CITY,COR,CHITTAURGARH,13,114
59607,AII,AJMER JN.,PUHT,PUSHKAR TERM,5,31
59608,PUHT,PUSHKAR TERM,AII,AJMER JN.,5,31
59705,SOG,SURATGARH JN,JP,JAIPUR JN.,55,563
59706,JP,JAIPUR JN.,SOG,SURATGARH JN,55,562
59707,APH,ANUPGARH,SOG,SURATGARH JN,10,77
59708,SOG,SURATGARH JN,APH,ANUPGARH,9,66
59709,APH,ANUPGARH,SOG,SURATGARH JN,10,66
59710,SOG,SURATGARH JN,APH,ANUPGARH,11,77
59711,BTI,BATHINDA JN,SOG,SURATGARH JN,17,142
59712,SOG,SURATGARH JN,BTI,BATHINDA JN,17,143
59713,FL,PHULERA JN.,JP,JAIPUR JN.,10,54
59714,JP,JAIPUR JN.,FL,PHULERA JN.,10,54
59715,FL,PHULERA JN.,RE,REWARI JN.,28,215
59716,RE,REWARI JN.,FL,PHULERA JN.,28,215
59717,FL,PHULERA JN.,RE,REWARI JN.,28,215
59718,RE,REWARI JN.,FL,PHULERA JN.,28,215
59719,FL,PHULERA JN.,RE,REWARI JN.,28,215
59720,RE,REWARI JN.,FL,PHULERA JN.,28,215
59721,JP,JAIPUR JN.,HSR,HISAR JN,42,367
59722,HSR,HISAR JN,JP,JAIPUR JN.,42,367
59727,SIKR,SIKAR JN.,RE,REWARI JN.,25,213
59728,RE,REWARI JN.,SIKR,SIKAR JN.,17,213
59729,SIKR,SIKAR JN.,RE,REWARI JN.,17,213
59730,RE,REWARI JN.,SIKR,SIKAR JN.,25,213
59731,APH,ANUPGARH,SOG,SURATGARH JN,10,66
59732,SOG,SURATGARH JN,APH,ANUPGARH,10,66
59733,APH,ANUPGARH,SOG,SURATGARH JN,9,66
59734,SOG,SURATGARH JN,APH,ANUPGARH,9,66
59735,FPS,FATEHPUR-SHE,SIKR,SIKAR JN.,4,47
59736,SIKR,SIKAR JN.,FPS,FATEHPUR-SHE,4,47
59803,RTM,RATLAM JN,KOTA,KOTA,24,265
59804,KOTA,KOTA,RTM,RATLAM JN,24,265
59805,JP,JAIPUR JN.,BXN,BAYANA,23,268
59806,BXN,BAYANA,JP,JAIPUR JN.,22,268
59811,RTM,RATLAM JN,AF,AGRA  FORT,71,688
59812,JAB,YAMUNA BRIDG,RTM,RATLAM JN,71,691
59813,KOTA,KOTA,JAB,YAMUNA BRIDG,42,330
59814,AF,AGRA  FORT,KOTA,KOTA,41,328
59821,KOTA,KOTA,BIX,BHIND,42,499
59822,BIX,BHIND,KOTA,KOTA,47,499
59823,GWL,GWALIOR JN,BIX,BHIND,14,87
59824,BIX,BHIND,GWL,GWALIOR JN,14,87
59825,GWL,GWALIOR JN,BIX,BHIND,14,87
59826,BIX,BHIND,GWL,GWALIOR JN,14,87
59827,BIX,BHIND,ETW,ETAWAH,3,36
59828,ETW,ETAWAH,BIX,BHIND,3,36
59831,BRC,VADODARA JN.,KOTA,KOTA,64,527
59832,KOTA,KOTA,BRC,VADODARA JN.,63,527
59833,KOTA,KOTA,NMH,NIMACH,15,227
59834,NMH,NIMACH,KOTA,KOTA,15,227
59835,NMH,NIMACH,UDZ,UDAIPUR CITY,20,169
59836,UDZ,UDAIPUR CITY,NMH,NIMACH,20,169
59837,JLWC,JHALAWAR CIT,KOTA,KOTA,11,85
59838,KOTA,KOTA,JLWC,JHALAWAR CIT,11,85
59839,JLWC,JHALAWAR CIT,KOTA,KOTA,11,85
59840,KOTA,KOTA,JLWC,JHALAWAR CIT,11,85
61631,BPL,BHOPAL,BINA,BINA,16,138
61632,BINA,BINA,BPL,BHOPAL,16,138
63105,SDAH,SEALDAH,LGL,LALGOLA,31,230
63108,LGL,LALGOLA,SDAH,SEALDAH,34,229
63141,SDAH,SEALDAH,RPH,RAMPUR HAT,30,228
63142,RPH,RAMPUR HAT,SDAH,SEALDAH,36,228
63151,JSME,JASIDIH JN.,BDME,BAIDYANATHDH,3,6
63153,JSME,JASIDIH JN.,BDME,BAIDYANATHDH,3,6
63154,BDME,BAIDYANATHDH,JSME,JASIDIH JN.,3,6
63155,JSME,JASIDIH JN.,BDME,BAIDYANATHDH,3,6
63156,BDME,BAIDYANATHDH,JSME,JASIDIH JN.,3,6
63157,JSME,JASIDIH JN.,BDME,BAIDYANATHDH,3,6
63158,BDME,BAIDYANATHDH,JSME,JASIDIH JN.,3,6
63159,JSME,JASIDIH JN.,BDME,BAIDYANATHDH,3,6
63160,BDME,BAIDYANATHDH,JSME,JASIDIH JN.,3,6
63161,JSME,JASIDIH JN.,BDME,BAIDYANATHDH,3,6
63162,BDME,BAIDYANATHDH,JSME,JASIDIH JN.,3,6
63163,JSME,JASIDIH JN.,BDME,BAIDYANATHDH,3,6
63164,BDME,BAIDYANATHDH,JSME,JASIDIH JN.,3,6
63165,JSME,JASIDIH JN.,BDME,BAIDYANATHDH,3,6
63166,BDME,BAIDYANATHDH,JSME,JASIDIH JN.,3,6
63167,JSME,JASIDIH JN.,BDME,BAIDYANATHDH,2,6
63168,BDME,BAIDYANATHDH,JSME,JASIDIH JN.,2,6
63169,JSME,JASIDIH JN.,BDME,BAIDYANATHDH,3,6
63203,KIUL,KIUL JN.,MKA,MOKAMA JN.,8,34
63204,MKA,MOKAMA JN.,KIUL,KIUL JN.,8,34
63205,KIUL,KIUL JN.,PNBE,PATNA JN.,25,123
63206,PNBE,PATNA JN.,KIUL,KIUL JN.,22,123
63207,JAJ,JHAJHA,PNBE,PATNA JN.,30,177
63208,PNBE,PATNA JN.,JSME,JASIDIH JN.,34,221
63209,JAJ,JHAJHA,PNBE,PATNA JN.,29,177
63210,PNBE,PATNA JN.,JAJ,JHAJHA,30,177
63211,JSME,JASIDIH JN.,PNBE,PATNA JN.,34,221
63212,PNBE,PATNA JN.,JAJ,JHAJHA,29,177
63213,PNBE,PATNA JN.,ARA,ARA,11,49
63214,ARA,ARA,PNBE,PATNA JN.,13,49
63217,MKA,MOKAMA JN.,DNR,DANAPUR,18,98
63218,DNR,DANAPUR,MKA,MOKAMA JN.,18,98
63219,DNR,DANAPUR,RPR,RAGHUNATHPUR,14,75
63220,RPR,RAGHUNATHPUR,PNBE,PATNA JN.,17,85
63221,MKA,MOKAMA JN.,PNBE,PATNA JN.,7,89
63222,PNBE,PATNA JN.,MKA,MOKAMA JN.,7,89
63223,PNBE,PATNA JN.,ARA,ARA,10,49
63224,ARA,ARA,PNBE,PATNA JN.,10,49
63225,PNBE,PATNA JN.,MGS,MUGHAL SARAI,34,207
63226,BSB,VARANASI JN.,PNBE,PATNA JN.,39,225
63227,PNBE,PATNA JN.,MGS,MUGHAL SARAI,37,207
63228,MGS,MUGHAL SARAI,PNBE,PATNA JN.,31,207
63231,PNBE,PATNA JN.,MGS,MUGHAL SARAI,33,207
63232,BXR,BUXAR,PNBE,PATNA JN.,18,117
63233,PNBE,PATNA JN.,BSB,VARANASI JN.,35,225
63234,MGS,MUGHAL SARAI,PNBE,PATNA JN.,29,207
63235,BXR,BUXAR,MGS,MUGHAL SARAI,11,89
63237,MGS,MUGHAL SARAI,ALD,ALLAHABAD JN,21,152
63238,ALD,ALLAHABAD JN,MGS,MUGHAL SARAI,20,152
63240,MGS,MUGHAL SARAI,BXR,BUXAR,11,89
63241,PNBE,PATNA JN.,GAYA,GAYA JN.,26,94
63242,GAYA,GAYA JN.,PNBE,PATNA JN.,13,91
63243,PNBE,PATNA JN.,GAYA,GAYA JN.,26,94
63244,GAYA,GAYA JN.,PNBE,PATNA JN.,26,94
63245,PNBE,PATNA JN.,GAYA,GAYA JN.,17,91
63246,GAYA,GAYA JN.,PNBE,PATNA JN.,17,91
63247,PNBE,PATNA JN.,GAYA,GAYA JN.,13,91
63248,GAYA,GAYA JN.,PNBE,PATNA JN.,26,94
63249,PNBE,PATNA JN.,GAYA,GAYA JN.,16,91
63250,GAYA,GAYA JN.,PNBE,PATNA JN.,14,85
63251,PNBE,PATNA JN.,GAYA,GAYA JN.,18,91
63252,GAYA,GAYA JN.,PNBE,PATNA JN.,17,91
63253,PNBE,PATNA JN.,GAYA,GAYA JN.,15,91
63254,GAYA,GAYA JN.,PNBE,PATNA JN.,24,94
63255,PNBE,PATNA JN.,GAYA,GAYA JN.,13,91
63256,GAYA,GAYA JN.,PNBE,PATNA JN.,13,91
63257,PNBE,PATNA JN.,GAYA,GAYA JN.,26,94
63258,GAYA,GAYA JN.,PNBE,PATNA JN.,26,94
63259,PNBE,PATNA JN.,GAYA,GAYA JN.,18,91
63260,GAYA,GAYA JN.,PNBE,PATNA JN.,21,94
63261,FUT,FATUHA,BXR,BUXAR,27,139
63262,BXR,BUXAR,FUT,FATUHA,24,139
63263,PNBE,PATNA JN.,BXR,BUXAR,20,117
63264,MGS,MUGHAL SARAI,PNBE,PATNA JN.,31,207
63271,MKA,MOKAMA JN.,PNBE,PATNA JN.,15,89
63272,PNBE,PATNA JN.,MKA,MOKAMA JN.,15,89
63273,BJU,BARAUNI JN.,MKA,MOKAMA JN.,6,20
63274,MKA,MOKAMA JN.,BJU,BARAUNI JN.,7,18
63275,BJU,BARAUNI JN.,MKA,MOKAMA JN.,6,20
63276,MKA,MOKAMA JN.,BJU,BARAUNI JN.,7,18
63279,BJU,BARAUNI JN.,SEE,SONPUR JN.,20,93
63280,PNBE,PATNA JN.,BJU,BARAUNI JN.,25,120
63283,BJU,BARAUNI JN.,PNBE,PATNA JN.,25,120
63284,PNBE,PATNA JN.,BJU,BARAUNI JN.,25,120
63285,BJU,BARAUNI JN.,PNBE,PATNA JN.,24,120
63286,SEE,SONPUR JN.,BJU,BARAUNI JN.,20,93
63289,GAYA,GAYA JN.,DOS,DEHRI-ON-SON,14,85
63290,DOS,DEHRI-ON-SON,GAYA,GAYA JN.,14,85
63291,GAYA,GAYA JN.,DOS,DEHRI-ON-SON,14,85
63292,DOS,DEHRI-ON-SON,GAYA,GAYA JN.,14,85
63293,DOS,DEHRI-ON-SON,MGS,MUGHAL SARAI,18,118
63294,MGS,MUGHAL SARAI,DOS,DEHRI-ON-SON,18,118
63295,GAYA,GAYA JN.,MGS,MUGHAL SARAI,28,203
63296,MGS,MUGHAL SARAI,GAYA,GAYA JN.,28,203
63501,HWH,HOWRAH JN.,BWN,BARDDHAMAN J,3,106
63502,BWN,BARDDHAMAN J,HWH,HOWRAH JN.,34,106
63505,BWN,BARDDHAMAN J,ASN,ASANSOL MAIN,14,104
63506,ASN,ASANSOL MAIN,BWN,BARDDHAMAN J,14,105
63507,BWN,BARDDHAMAN J,ASN,ASANSOL MAIN,14,104
63508,ASN,ASANSOL MAIN,BWN,BARDDHAMAN J,14,105
63509,BWN,BARDDHAMAN J,ASN,ASANSOL MAIN,14,104
63510,ASN,ASANSOL MAIN,BWN,BARDDHAMAN J,14,105
63511,BWN,BARDDHAMAN J,ASN,ASANSOL MAIN,14,104
63512,ASN,ASANSOL MAIN,BWN,BARDDHAMAN J,14,105
63513,BWN,BARDDHAMAN J,ASN,ASANSOL MAIN,14,104
63514,ASN,ASANSOL MAIN,BWN,BARDDHAMAN J,14,105
63515,BWN,BARDDHAMAN J,ASN,ASANSOL MAIN,14,104
63516,ASN,ASANSOL MAIN,BWN,BARDDHAMAN J,14,105
63517,BWN,BARDDHAMAN J,ASN,ASANSOL MAIN,14,104
63518,ASN,ASANSOL MAIN,BWN,BARDDHAMAN J,14,105
63519,BWN,BARDDHAMAN J,ASN,ASANSOL MAIN,14,104
63520,ASN,ASANSOL MAIN,BWN,BARDDHAMAN J,14,105
63521,BWN,BARDDHAMAN J,ASN,ASANSOL MAIN,14,104
63522,ASN,ASANSOL MAIN,BWN,BARDDHAMAN J,14,105
63523,BWN,BARDDHAMAN J,ASN,ASANSOL MAIN,14,104
63524,ASN,ASANSOL MAIN,BWN,BARDDHAMAN J,14,105
63525,BWN,BARDDHAMAN J,ASN,ASANSOL MAIN,14,104
63526,ASN,ASANSOL MAIN,BWN,BARDDHAMAN J,14,105
63527,DGR,DURGAPUR,ASN,ASANSOL MAIN,6,42
63528,ASN,ASANSOL MAIN,DGR,DURGAPUR,6,42
63529,UDL,ANDAL JN.,RPH,RAMPUR HAT,18,100
63530,RPH,RAMPUR HAT,UDL,ANDAL JN.,17,101
63531,UDL,ANDAL JN.,SNT,SAINTHIA JN.,14,72
63532,SNT,SAINTHIA JN.,UDL,ANDAL JN.,14,73
63533,UDL,ANDAL JN.,SNT,SAINTHIA JN.,14,72
63534,SNT,SAINTHIA JN.,UDL,ANDAL JN.,14,73
63535,UDL,ANDAL JN.,SNT,SAINTHIA JN.,13,72
63536,SNT,SAINTHIA JN.,UDL,ANDAL JN.,14,73
63537,UDL,ANDAL JN.,SNT,SAINTHIA JN.,14,72
63538,SNT,SAINTHIA JN.,UDL,ANDAL JN.,14,73
63541,ASN,ASANSOL MAIN,GMO,NSC BOSE J G,18,88
63542,GMO,NSC BOSE J G,ASN,ASANSOL MAIN,18,88
63543,ASN,ASANSOL MAIN,GMO,NSC BOSE J G,18,88
63544,GMO,NSC BOSE J G,ASN,ASANSOL MAIN,17,88
63545,ASN,ASANSOL MAIN,DHN,DHANBAD JN.,13,58
63546,DHN,DHANBAD JN.,ASN,ASANSOL MAIN,12,58
63547,DHN,DHANBAD JN.,HZD,HAZARIBAGH R,15,74
63548,GAYA,GAYA JN.,KQR,KODERMA,14,76
63549,HZD,HAZARIBAGH R,GAYA,GAYA JN.,22,124
63550,KQR,KODERMA,DHN,DHANBAD JN.,23,122
63551,ASN,ASANSOL MAIN,DHN,DHANBAD JN.,13,58
63552,DHN,DHANBAD JN.,ASN,ASANSOL MAIN,13,58
63553,ASN,ASANSOL MAIN,BSB,VARANASI JN.,83,479
63554,BSB,VARANASI JN.,ASN,ASANSOL MAIN,83,479
63561,ASN,ASANSOL MAIN,JSME,JASIDIH JN.,16,110
63562,BDME,BAIDYANATHDH,ASN,ASANSOL MAIN,16,116
63563,ASN,ASANSOL MAIN,JSME,JASIDIH JN.,16,110
63564,JSME,JASIDIH JN.,ASN,ASANSOL MAIN,16,110
63565,JSME,JASIDIH JN.,JAJ,JHAJHA,5,43
63566,JAJ,JHAJHA,JSME,JASIDIH JN.,5,43
63567,ASN,ASANSOL MAIN,JAJ,JHAJHA,20,154
63568,JAJ,JHAJHA,ASN,ASANSOL MAIN,20,154
63569,ASN,ASANSOL MAIN,JSME,JASIDIH JN.,14,110
63570,BDME,BAIDYANATHDH,ASN,ASANSOL MAIN,16,116
63571,JSME,JASIDIH JN.,MKA,MOKAMA JN.,20,131
63572,MKA,MOKAMA JN.,JSME,JASIDIH JN.,20,131
63573,JSME,JASIDIH JN.,KIUL,KIUL JN.,13,97
63574,KIUL,KIUL JN.,JSME,JASIDIH JN.,13,97
63581,BWN,BARDDHAMAN J,RPH,RAMPUR HAT,19,111
63582,RPH,RAMPUR HAT,BWN,BARDDHAMAN J,19,111
63583,BWN,BARDDHAMAN J,RPH,RAMPUR HAT,19,111
63584,RPH,RAMPUR HAT,BWN,BARDDHAMAN J,19,111
63591,BKSC,BOKARO STEEL,ASN,ASANSOL MAIN,21,137
63592,ASN,ASANSOL MAIN,BKSC,BOKARO STEEL,21,137
63593,PRR,PURULIA JN.,ASN,ASANSOL MAIN,15,80
63594,ASN,ASANSOL MAIN,PRR,PURULIA JN.,15,80
63595,BKSC,BOKARO STEEL,ASN,ASANSOL MAIN,26,193
63596,ASN,ASANSOL MAIN,BKSC,BOKARO STEEL,26,193
63597,RNC,RANCHI,ASN,ASANSOL MAIN,29,198
63598,ASN,ASANSOL MAIN,RNC,RANCHI,29,200
64001,DLI,DELHI JN.,PNP,PANIPAT JN.,18,88
64002,PNP,PANIPAT JN.,DLI,DELHI JN.,18,88
64003,NDLS,NEW DELHI,SNP,SONIPAT,10,44
64004,SNP,SONIPAT,SBB,SAHIBABAD,14,56
64011,PWL,PALWAL,SSB,SHAKUR BASTI,16,65
64012,SSB,SHAKUR BASTI,PWL,PALWAL,16,65
64013,PWL,PALWAL,SSB,SHAKUR BASTI,16,65
64014,SSB,SHAKUR BASTI,PWL,PALWAL,16,65
64015,PWL,PALWAL,SSB,SHAKUR BASTI,16,65
64016,SSB,SHAKUR BASTI,PWL,PALWAL,16,65
64017,PWL,PALWAL,SSB,SHAKUR BASTI,16,65
64018,SSB,SHAKUR BASTI,NDLS,NEW DELHI,6,11
64019,PWL,PALWAL,SSB,SHAKUR BASTI,15,65
64031,GZB,GHAZIABAD JN,SSB,SHAKUR BASTI,13,36
64032,SSB,SHAKUR BASTI,GZB,GHAZIABAD JN,12,36
64034,SSB,SHAKUR BASTI,GZB,GHAZIABAD JN,12,36
64036,SSB,SHAKUR BASTI,GZB,GHAZIABAD JN,10,36
64051,PWL,PALWAL,GZB,GHAZIABAD JN,16,77
64052,GZB,GHAZIABAD JN,PWL,PALWAL,17,77
64053,PWL,PALWAL,GZB,GHAZIABAD JN,17,79
64055,PWL,PALWAL,GZB,GHAZIABAD JN,18,79
64057,PWL,PALWAL,GZB,GHAZIABAD JN,17,77
64061,PWL,PALWAL,DLI,DELHI JN.,13,57
64062,DLI,DELHI JN.,PWL,PALWAL,13,57
64064,DLI,DELHI JN.,PWL,PALWAL,13,57
64071,BVH,BALLABGARH,SSB,SHAKUR BASTI,14,44
64073,KSV,KOSI KALAN,NDLS,NEW DELHI,16,94
64074,NDLS,NEW DELHI,KSV,KOSI KALAN,16,96
64075,PWL,PALWAL,NDLS,NEW DELHI,11,53
64076,NDLS,NEW DELHI,PWL,PALWAL,11,53
64077,PWL,PALWAL,NDLS,NEW DELHI,11,53
64078,NDLS,NEW DELHI,PWL,PALWAL,11,53
64080,NDLS,NEW DELHI,PWL,PALWAL,11,53
64082,NDLS,NEW DELHI,PWL,PALWAL,11,53
64084,NDLS,NEW DELHI,PWL,PALWAL,11,53
64087,NZM,HAZRAT NIZAM,NDLS,NEW DELHI,17,28
64088,NZM,HAZRAT NIZAM,NDLS,NEW DELHI,4,7
64089,NZM,HAZRAT NIZAM,NZM,HAZRAT NIZAM,21,35
64090,NZM,HAZRAT NIZAM,NZM,HAZRAT NIZAM,21,35
64091,NZM,HAZRAT NIZAM,NZM,HAZRAT NIZAM,23,43
64092,NZM,HAZRAT NIZAM,NZM,HAZRAT NIZAM,21,35
64093,NZM,HAZRAT NIZAM,SSB,SHAKUR BASTI,14,25
64094,SSB,SHAKUR BASTI,NZM,HAZRAT NIZAM,14,25
64095,NDLS,NEW DELHI,SSB,SHAKUR BASTI,18,32
64096,SSB,SHAKUR BASTI,NZM,HAZRAT NIZAM,14,25
64097,NDLS,NEW DELHI,SSB,SHAKUR BASTI,6,11
64098,SSB,SHAKUR BASTI,NZM,HAZRAT NIZAM,14,25
64101,ALJN,ALIGARH JN.,DLI,DELHI JN.,21,125
64102,DLI,DELHI JN.,ALJN,ALIGARH JN.,21,125
64103,ALJN,ALIGARH JN.,DLI,DELHI JN.,21,125
64104,DLI,DELHI JN.,DKDE,DANKAUR,10,54
64105,ALJN,ALIGARH JN.,NDLS,NEW DELHI,24,131
64106,DLI,DELHI JN.,KRJ,KHURJA JN,15,82
64107,DKDE,DANKAUR,DLI,DELHI JN.,10,54
64108,DLI,DELHI JN.,KRJ,KHURJA JN,15,82
64109,DKDE,DANKAUR,SSB,SHAKUR BASTI,18,71
64110,NDLS,NEW DELHI,ALJN,ALIGARH JN.,24,131
64111,KRJ,KHURJA JN,SSB,SHAKUR BASTI,19,92
64112,SSB,SHAKUR BASTI,DKDE,DANKAUR,14,64
64113,KRJ,KHURJA JN,SSB,SHAKUR BASTI,22,99
64114,NDLS,NEW DELHI,ALJN,ALIGARH JN.,24,131
64151,ALJN,ALIGARH JN.,DLI,DELHI JN.,21,125
64152,DLI,DELHI JN.,ALJN,ALIGARH JN.,21,125
64153,CNB,KANPUR CENTR,ETW,ETAWAH,16,139
64154,ALJN,ALIGARH JN.,TDL,TUNDLA JN,11,78
64155,ETW,ETAWAH,TDL,TUNDLA JN,11,86
64156,ETW,ETAWAH,CNB,KANPUR CENTR,16,139
64157,ETW,ETAWAH,AGC,AGRA CANTT,16,114
64158,TDL,TUNDLA JN,ETW,ETAWAH,11,86
64159,CNB,KANPUR CENTR,PHD,PHAPHUND,10,83
64160,AGC,AGRA CANTT,ETW,ETAWAH,18,115
64161,PHD,PHAPHUND,SKB,SHIKOHABAD J,13,106
64162,PHD,PHAPHUND,CNB,KANPUR CENTR,12,83
64163,CNB,KANPUR CENTR,PNK,PANKI,3,12
64164,SKB,SHIKOHABAD J,PHD,PHAPHUND,13,106
64165,TDL,TUNDLA JN,ALJN,ALIGARH JN.,11,78
64167,PWL,PALWAL,ALJN,ALIGARH JN.,32,185
64168,ALJN,ALIGARH JN.,PWL,PALWAL,32,185
64201,LKO,LUCKNOW JN.,CNB,KANPUR CENTR,13,73
64202,CNB,KANPUR CENTR,LKO,LUCKNOW JN.,13,73
64203,LKO,LUCKNOW JN.,CNB,KANPUR CENTR,13,73
64204,CNB,KANPUR CENTR,LKO,LUCKNOW JN.,13,73
64205,LKO,LUCKNOW JN.,CNB,KANPUR CENTR,13,73
64206,CNB,KANPUR CENTR,LKO,LUCKNOW JN.,13,73
64207,LKO,LUCKNOW JN.,CNB,KANPUR CENTR,13,73
64208,CNB,KANPUR CENTR,LKO,LUCKNOW JN.,13,73
64209,LKO,LUCKNOW JN.,CNB,KANPUR CENTR,14,73
64210,CNB,KANPUR CENTR,LKO,LUCKNOW JN.,13,73
64211,LKO,LUCKNOW JN.,CNB,KANPUR CENTR,13,73
64212,CNB,KANPUR CENTR,LKO,LUCKNOW JN.,13,73
64213,LKO,LUCKNOW JN.,CNB,KANPUR CENTR,13,73
64214,KAP,KALIANPUR,LKO,LUCKNOW JN.,16,85
64216,KAP,KALIANPUR,LKO,LUCKNOW JN.,16,85
64221,LKO,LUCKNOW JN.,SPN,SHAHJAHANPUR,22,164
64222,SPN,SHAHJAHANPUR,LKO,LUCKNOW JN.,22,164
64231,BBK,BARA BANKI J,LKO,LUCKNOW JN.,5,28
64232,LKO,LUCKNOW JN.,BBK,BARA BANKI J,5,28
64234,LKO,LUCKNOW JN.,BBK,BARA BANKI J,5,28
64235,BBK,BARA BANKI J,CNB,KANPUR CENTR,17,101
64236,CNB,KANPUR CENTR,BBK,BARA BANKI J,17,101
64251,LJN,LUCKNOW JN.,CNB,KANPUR CENTR,13,73
64252,CNB,KANPUR CENTR,LJN,LUCKNOW JN.,13,73
64253,LJN,LUCKNOW JN.,KAP,KALIANPUR,16,84
64254,CNB,KANPUR CENTR,LJN,LUCKNOW JN.,13,73
64255,LJN,LUCKNOW JN.,KAP,KALIANPUR,16,84
64257,LJN,LUCKNOW JN.,CNB,KANPUR CENTR,13,73
64260,PNK,PANKI,LJN,LUCKNOW JN.,15,86
64271,BBK,BARA BANKI J,LJN,LUCKNOW JN.,10,36
64272,LJN,LUCKNOW JN.,BBK,BARA BANKI J,10,36
64273,BBK,BARA BANKI J,LJN,LUCKNOW JN.,10,36
64274,LJN,LUCKNOW JN.,BBK,BARA BANKI J,10,36
64275,BBK,BARA BANKI J,LJN,LUCKNOW JN.,10,36
64281,SLN,SULTANPUR JN,LKO,LUCKNOW JN.,18,139
64282,LKO,LUCKNOW JN.,SLN,SULTANPUR JN,18,139
64401,GZB,GHAZIABAD JN,DLI,DELHI JN.,5,19
64402,DLI,DELHI JN.,GZB,GHAZIABAD JN,5,19
64403,GZB,GHAZIABAD JN,DLI,DELHI JN.,5,19
64404,DLI,DELHI JN.,GZB,GHAZIABAD JN,5,19
64406,DLI,DELHI JN.,GZB,GHAZIABAD JN,5,19
64407,GZB,GHAZIABAD JN,DLI,DELHI JN.,5,19
64408,DLI,DELHI JN.,GZB,GHAZIABAD JN,5,19
64409,GZB,GHAZIABAD JN,NDLS,NEW DELHI,7,23
64410,NDLS,NEW DELHI,GZB,GHAZIABAD JN,8,25
64411,SBB,SAHIBABAD,DLI,DELHI JN.,8,21
64412,DLI,DELHI JN.,GZB,GHAZIABAD JN,5,19
64414,DLI,DELHI JN.,GZB,GHAZIABAD JN,5,19
64415,GZB,GHAZIABAD JN,NDLS,NEW DELHI,6,25
64417,GZB,GHAZIABAD JN,DLI,DELHI JN.,10,28
64418,DLI,DELHI JN.,GZB,GHAZIABAD JN,10,28
64419,NZM,HAZRAT NIZAM,GZB,GHAZIABAD JN,10,30
64420,GZB,GHAZIABAD JN,NZM,HAZRAT NIZAM,9,30
64421,GZB,GHAZIABAD JN,NDLS,NEW DELHI,6,25
64422,NDLS,NEW DELHI,GZB,GHAZIABAD JN,6,25
64423,GZB,GHAZIABAD JN,NDLS,NEW DELHI,7,25
64424,NDLS,NEW DELHI,GZB,GHAZIABAD JN,7,25
64425,GZB,GHAZIABAD JN,NDLS,NEW DELHI,8,25
64426,NDLS,NEW DELHI,GZB,GHAZIABAD JN,8,25
64427,GZB,GHAZIABAD JN,NDLS,NEW DELHI,8,25
64428,NDLS,NEW DELHI,GZB,GHAZIABAD JN,7,25
64429,GZB,GHAZIABAD JN,NDLS,NEW DELHI,8,25
64430,NDLS,NEW DELHI,GZB,GHAZIABAD JN,7,25
64431,GZB,GHAZIABAD JN,NDLS,NEW DELHI,7,25
64432,NDLS,NEW DELHI,GZB,GHAZIABAD JN,7,25
64433,GZB,GHAZIABAD JN,NDLS,NEW DELHI,8,25
64434,DLI,DELHI JN.,GZB,GHAZIABAD JN,10,28
64437,GZB,GHAZIABAD JN,DLI,DELHI JN.,9,28
64439,GZB,GHAZIABAD JN,DLI,DELHI JN.,9,28
64441,GZB,GHAZIABAD JN,NDLS,NEW DELHI,7,25
64443,GZB,GHAZIABAD JN,DLI,DELHI JN.,10,28
64445,GZB,GHAZIABAD JN,DLI,DELHI JN.,5,19
64449,GZB,GHAZIABAD JN,NDLS,NEW DELHI,8,25
64450,NDLS,NEW DELHI,GZB,GHAZIABAD JN,8,25
64451,DLI,DELHI JN.,PNP,PANIPAT JN.,18,88
64452,KKDE,KURUKSHETRA,DLI,DELHI JN.,28,155
64453,DLI,DELHI JN.,PNP,PANIPAT JN.,18,88
64454,KKDE,KURUKSHETRA,DLI,DELHI JN.,28,155
64461,NZM,HAZRAT NIZAM,KKDE,KURUKSHETRA,32,164
64462,KKDE,KURUKSHETRA,NZM,HAZRAT NIZAM,32,164
64463,NDLS,NEW DELHI,KKDE,KURUKSHETRA,18,156
64464,PNP,PANIPAT JN.,NDLS,NEW DELHI,19,89
64465,NDLS,NEW DELHI,KKDE,KURUKSHETRA,29,156
64466,PNP,PANIPAT JN.,NDLS,NEW DELHI,19,89
64470,PNP,PANIPAT JN.,NDLS,NEW DELHI,19,89
64471,GZB,GHAZIABAD JN,PNP,PANIPAT JN.,26,114
64472,PNP,PANIPAT JN.,GZB,GHAZIABAD JN,26,114
64481,PNP,PANIPAT JN.,UMB,AMBALA CANTT,17,108
64482,UMB,AMBALA CANTT,KKDE,KURUKSHETRA,7,41
64483,KKDE,KURUKSHETRA,UMB,AMBALA CANTT,7,41
64491,PWL,PALWAL,NDLS,NEW DELHI,11,53
64492,NDLS,NEW DELHI,PWL,PALWAL,11,53
64493,PWL,PALWAL,NZM,HAZRAT NIZAM,8,46
64494,NZM,HAZRAT NIZAM,PWL,PALWAL,8,46
64496,NZM,HAZRAT NIZAM,KSV,KOSI KALAN,14,89
64501,SRE,SAHARANPUR J,UMB,AMBALA CANTT,13,81
64502,UMB,AMBALA CANTT,SRE,SAHARANPUR J,13,81
64504,UMB,AMBALA CANTT,SRE,SAHARANPUR J,13,81
64511,SRE,SAHARANPUR J,NLDM,NANGAL DAM,32,238
64512,NLDM,NANGAL DAM,SRE,SAHARANPUR J,32,238
64513,SRE,SAHARANPUR J,NLDM,NANGAL DAM,32,238
64514,NLDM,NANGAL DAM,UMB,AMBALA CANTT,20,157
64515,UMB,AMBALA CANTT,NLDM,NANGAL DAM,20,157
64516,NLDM,NANGAL DAM,UMB,AMBALA CANTT,20,157
64517,UMB,AMBALA CANTT,NLDM,NANGAL DAM,20,157
64518,NLDM,NANGAL DAM,UMB,AMBALA CANTT,20,157
64521,UMB,AMBALA CANTT,LDH,LUDHIANA JN.,14,113
64522,LDH,LUDHIANA JN.,UMB,AMBALA CANTT,14,113
64523,UMB,AMBALA CANTT,LDH,LUDHIANA JN.,14,113
64524,LDH,LUDHIANA JN.,UMB,AMBALA CANTT,14,113
64531,DLI,DELHI JN.,PNP,PANIPAT JN.,17,88
64532,UMB,AMBALA CANTT,PNP,PANIPAT JN.,17,108
64533,DLI,DELHI JN.,PNP,PANIPAT JN.,18,88
64534,PNP,PANIPAT JN.,GZB,GHAZIABAD JN,26,114
64536,PNP,PANIPAT JN.,DLI,DELHI JN.,18,88
64541,PNP,PANIPAT JN.,UMB,AMBALA CANTT,17,108
64542,UMB,AMBALA CANTT,PNP,PANIPAT JN.,17,108
64543,PNP,PANIPAT JN.,UMB,AMBALA CANTT,17,108
64545,KKDE,KURUKSHETRA,UMB,AMBALA CANTT,7,41
64546,UMB,AMBALA CANTT,KKDE,KURUKSHETRA,7,41
64547,KKDE,KURUKSHETRA,UMB,AMBALA CANTT,7,41
64548,UMB,AMBALA CANTT,KKDE,KURUKSHETRA,7,41
64551,LDH,LUDHIANA JN.,ASR,AMRITSAR JN.,21,135
64552,ASR,AMRITSAR JN.,LDH,LUDHIANA JN.,19,135
64553,MB,MORADABAD JN,ANVT,ANAND VIHAR,24,153
64554,ANVT,ANAND VIHAR,MB,MORADABAD JN,24,153
64555,ANVT,ANAND VIHAR,MTC,MEERUT CITY,11,59
64556,MTC,MEERUT CITY,ANVT,ANAND VIHAR,11,59
64557,DLI,DELHI JN.,SRE,SAHARANPUR J,28,180
64558,SRE,SAHARANPUR J,DLI,DELHI JN.,28,180
64559,DLI,DELHI JN.,SRE,SAHARANPUR J,28,180
64560,SRE,SAHARANPUR J,DLI,DELHI JN.,28,180
64561,DLI,DELHI JN.,UMB,AMBALA CANTT,40,261
64562,UMB,AMBALA CANTT,DLI,DELHI JN.,40,261
64563,UMB,AMBALA CANTT,AADR,AMB  ANDAURA,23,215
64564,AADR,AMB  ANDAURA,UMB,AMBALA CANTT,23,215
64565,MB,MORADABAD JN,SRE,SAHARANPUR J,30,192
64566,SRE,SAHARANPUR J,MB,MORADABAD JN,30,192
64567,BSC,BULANDSHAHR,TKJ,TILAK BRIDGE,20,103
64568,TKJ,TILAK BRIDGE,BSC,BULANDSHAHR,20,103
64569,KSV,KOSI KALAN,NZM,HAZRAT NIZAM,13,87
64570,NZM,HAZRAT NIZAM,KSV,KOSI KALAN,13,89
64581,HRF,HATHRAS QILA,DLI,DELHI JN.,26,161
64582,DLI,DELHI JN.,HRF,HATHRAS QILA,26,161
64583,TDL,TUNDLA JN,DLI,DELHI JN.,31,203
64584,DLI,DELHI JN.,TDL,TUNDLA JN,32,203
64585,HRF,HATHRAS QILA,HRS,HATHRAS JN.,2,5
64586,HRS,HATHRAS JN.,HRF,HATHRAS QILA,2,5
64587,CNB,KANPUR CENTR,TDL,TUNDLA JN,29,225
64588,TDL,TUNDLA JN,CNB,KANPUR CENTR,29,225
64589,CNB,KANPUR CENTR,PHD,PHAPHUND,12,78
64590,PHD,PHAPHUND,CNB,KANPUR CENTR,12,78
64591,ALD,ALLAHABAD JN,CNB,KANPUR CENTR,31,194
64592,CNB,KANPUR CENTR,ALD,ALLAHABAD JN,31,194
64593,FTP,FATEHPUR,CNB,KANPUR CENTR,13,77
64594,CNB,KANPUR CENTR,FTP,FATEHPUR,13,77
64595,MGS,MUGHAL SARAI,ALD,ALLAHABAD JN,20,152
64596,ALD,ALLAHABAD JN,MGS,MUGHAL SARAI,20,152
64901,KSV,KOSI KALAN,GZB,GHAZIABAD JN,22,118
64902,GZB,GHAZIABAD JN,KSV,KOSI KALAN,22,119
64903,MTJ,MATHURA JN.,GZB,GHAZIABAD JN,27,158
64904,GZB,GHAZIABAD JN,MTJ,MATHURA JN.,27,160
64905,MTJ,MATHURA JN.,NDLS,NEW DELHI,21,134
64906,GZB,GHAZIABAD JN,PWL,PALWAL,17,77
64908,SSB,SHAKUR BASTI,BVH,BALLABGARH,14,44
64910,SSB,SHAKUR BASTI,MTJ,MATHURA JN.,26,148
64911,NDLS,NEW DELHI,ROK,ROHTAK JN.,17,71
64912,ROK,ROHTAK JN.,NDLS,NEW DELHI,17,71
64913,DLI,DELHI JN.,ROK,ROHTAK JN.,17,69
64914,ROK,ROHTAK JN.,DLI,DELHI JN.,17,69
64915,DLI,DELHI JN.,ROK,ROHTAK JN.,17,69
64916,ROK,ROHTAK JN.,DLI,DELHI JN.,17,69
64931,DLI,DELHI JN.,ROK,ROHTAK JN.,17,69
64932,ROK,ROHTAK JN.,DLI,DELHI JN.,17,69
64951,BXN,BAYANA,AGC,AGRA CANTT,15,83
64952,AGC,AGRA CANTT,BXN,BAYANA,15,83
64953,AGC,AGRA CANTT,NZM,HAZRAT NIZAM,26,180
64955,AGC,AGRA CANTT,TDL,TUNDLA JN,8,28
64956,TDL,TUNDLA JN,AGC,AGRA CANTT,8,28
64957,AGC,AGRA CANTT,PWL,PALWAL,19,133
64958,PWL,PALWAL,AGC,AGRA CANTT,19,137
64959,KSV,KOSI KALAN,AGC,AGRA CANTT,14,94
66000,AVD,AVADI,MMCC,MOOR MARKET,7,21
66001,MMCC,MOOR MARKET,TRL,TIRUVALLUR,11,41
66002,AVD,AVADI,MMCC,MOOR MARKET,7,21
66003,MMCC,MOOR MARKET,AVD,AVADI,7,20
66004,AVD,AVADI,MMCC,MOOR MARKET,7,21
66005,MMCC,MOOR MARKET,AVD,AVADI,7,20
66006,AVD,AVADI,MMCC,MOOR MARKET,11,21
66007,MMCC,MOOR MARKET,AVD,AVADI,7,20
66008,AJJ,ARAKKONAM JN,MMCC,MOOR MARKET,14,68
66009,MMCC,MOOR MARKET,AJJ,ARAKKONAM JN,14,68
66010,AJJ,ARAKKONAM JN,MMCC,MOOR MARKET,14,68
66011,MMCC,MOOR MARKET,AJJ,ARAKKONAM JN,14,68
66012,TRL,TIRUVALLUR,MMCC,MOOR MARKET,11,41
66013,MMCC,MOOR MARKET,AJJ,ARAKKONAM JN,9,68
66014,TPTY,TIRUPATI,AJJ,ARAKKONAM JN,11,77
66015,MMCC,MOOR MARKET,AJJ,ARAKKONAM JN,14,68
66016,AJJ,ARAKKONAM JN,MSB,CHENNAI BEAC,12,70
66017,MSB,CHENNAI BEAC,VLR,VELLORE CANT,18,140
66018,VLR,VELLORE CANT,MSB,CHENNAI BEAC,18,140
66019,KPD,KATPADI JN,SA,SALEM JN.,27,202
66020,SA,SALEM JN.,KPD,KATPADI JN,27,204
66021,MMCC,MOOR MARKET,AJJ,ARAKKONAM JN,6,68
66022,AJJ,ARAKKONAM JN,MMCC,MOOR MARKET,13,62
66025,MMCC,MOOR MARKET,SPE,SULLURUPETTA,16,82
66026,SPE,SULLURUPETTA,MMCC,MOOR MARKET,21,82
66027,MMCC,MOOR MARKET,SPE,SULLURUPETTA,16,82
66028,SPE,SULLURUPETTA,MMCC,MOOR MARKET,21,82
66029,SPE,SULLURUPETTA,NLR,NELLORE,12,93
66030,NLR,NELLORE,SPE,SULLURUPETTA,12,93
66031,SPE,SULLURUPETTA,NLR,NELLORE,12,93
66032,NLR,NELLORE,SPE,SULLURUPETTA,12,93
66033,TPTY,TIRUPATI,NLR,NELLORE,16,131
66034,NLR,NELLORE,TPTY,TIRUPATI,16,131
66035,MMCC,MOOR MARKET,SPE,SULLURUPETTA,16,82
66036,SPE,SULLURUPETTA,MMCC,MOOR MARKET,21,82
66037,SPE,SULLURUPETTA,NLR,NELLORE,10,93
66038,NLR,NELLORE,SPE,SULLURUPETTA,12,93
66039,AJJ,ARAKKONAM JN,TPTY,TIRUPATI,12,78
66040,AJJ,ARAKKONAM JN,MMCC,MOOR MARKET,14,68
66041,MSB,CHENNAI BEAC,TMLP,TIRUMALPUR,15,108
66042,TMLP,TIRUMALPUR,MSB,CHENNAI BEAC,11,108
66043,MSB,CHENNAI BEAC,MLMR,MELMARUVATHU,11,95
66044,MLMR,MELMARUVATHU,MSB,CHENNAI BEAC,14,95
66045,MLMR,MELMARUVATHU,VM,VILLUPURAM J,5,67
66046,VM,VILLUPURAM J,MLMR,MELMARUVATHU,5,67
66047,MMCC,MOOR MARKET,TPTY,TIRUPATI,14,148
66048,TPTY,TIRUPATI,MMCC,MOOR MARKET,15,146
66049,AJJ,ARAKKONAM JN,TPTY,TIRUPATI,12,78
66050,TPTY,TIRUPATI,AJJ,ARAKKONAM JN,12,77
66051,MMCC,MOOR MARKET,AVD,AVADI,7,20
66052,AVD,AVADI,MMCC,MOOR MARKET,7,21
66053,MSB,CHENNAI BEAC,TRL,TIRUVALLUR,12,42
66054,TRL,TIRUVALLUR,AVD,AVADI,5,20
66300,QLN,QUILON,ERS,ERNAKULAM. J,25,155
66301,ERS,ERNAKULAM. J,QLN,QUILON,25,155
66302,QLN,QUILON,ERS,ERNAKULAM. J,25,140
66303,ERS,ERNAKULAM. J,QLN,QUILON,25,142
66304,QLN,QUILON,CAPE,KANNIYAKUMAR,32,151
66305,CAPE,KANNIYAKUMAR,QLN,QUILON,32,151
66307,ERS,ERNAKULAM. J,QLN,QUILON,25,155
66308,QLN,QUILON,ERS,ERNAKULAM. J,25,155
66309,ERS,ERNAKULAM. J,QLN,QUILON,17,142
66310,QLN,QUILON,ERS,ERNAKULAM. J,17,140
66511,SBC,KRANTIVIRA S,MKM,MARIKUPPAM,17,85
66512,MKM,MARIKUPPAM,SBC,KRANTIVIRA S,16,86
66513,BWT,BANGARPET JN,MKM,MARIKUPPAM,6,17
66514,MKM,MARIKUPPAM,BYPL,BAIYYAPPANAH,15,73
66515,BYPL,BAIYYAPPANAH,MKM,MARIKUPPAM,14,74
66516,MKM,MARIKUPPAM,BWT,BANGARPET JN,6,16
66517,MKM,MARIKUPPAM,BWT,BANGARPET JN,6,16
66518,BWT,BANGARPET JN,MKM,MARIKUPPAM,6,17
66519,MKM,MARIKUPPAM,SBC,KRANTIVIRA S,11,86
66520,SBC,KRANTIVIRA S,MKM,MARIKUPPAM,11,87
66523,SBC,KRANTIVIRA S,HUP,HINDUPUR,16,98
66524,HUP,HINDUPUR,SBC,KRANTIVIRA S,16,98
66527,KPN,KUPPAM,BWT,BANGARPET JN,5,34
66528,BWT,BANGARPET JN,KPN,KUPPAM,5,34
66529,KPN,KUPPAM,SBC,KRANTIVIRA S,16,102
66530,SBC,KRANTIVIRA S,BWT,BANGARPET JN,12,68
66531,BWT,BANGARPET JN,SBC,KRANTIVIRA S,12,68
66532,SBC,KRANTIVIRA S,MKM,MARIKUPPAM,17,85
66533,MKM,MARIKUPPAM,BYPL,BAIYYAPPANAH,14,73
66534,BYPL,BAIYYAPPANAH,KPN,KUPPAM,13,92
66535,SBC,KRANTIVIRA S,RMGM,RAMANAGARAM,8,44
66536,RMGM,RAMANAGARAM,SBC,KRANTIVIRA S,9,44
66537,SBC,KRANTIVIRA S,RMGM,RAMANAGARAM,9,44
66538,RMGM,RAMANAGARAM,SBC,KRANTIVIRA S,9,44
66539,SBC,KRANTIVIRA S,RMGM,RAMANAGARAM,9,44
66540,RMGM,RAMANAGARAM,SBC,KRANTIVIRA S,9,44
66541,WFD,WHITE FIELD,SBC,KRANTIVIRA S,7,21
66542,SBC,KRANTIVIRA S,WFD,WHITE FIELD,7,21
66543,KPN,KUPPAM,SBC,KRANTIVIRA S,17,102
66544,SBC,KRANTIVIRA S,KPN,KUPPAM,16,102
66600,CBE,COIMBATORE,ED,ERODE JN.,15,100
66601,ED,ERODE JN.,CBE,COIMBATORE,15,100
66602,CBE,COIMBATORE,SA,SALEM JN.,22,159
66603,SA,SALEM JN.,CBE,COIMBATORE,22,159
66604,SRR,SHORANUR JN.,CBE,COIMBATORE,14,98
66605,CBE,COIMBATORE,SRR,SHORANUR JN.,14,98
66606,PGTN,PALGHAT TOWN,CBE,COIMBATORE,8,58
66607,CBE,COIMBATORE,PGTN,PALGHAT TOWN,8,58
66608,PGTN,PALGHAT TOWN,ED,ERODE JN.,22,158
66609,ED,ERODE JN.,PGTN,PALGHAT TOWN,22,159
66611,PGT,PALAKKAD JN,ERS,ERNAKULAM. J,28,149
66612,ERS,ERNAKULAM. J,PGT,PALAKKAD JN,28,150
67247,RVD,RAVIKAMPADU,VSKP,VISAKHAPATNA,17,121
67248,TUNI,TUNI,RJY,RAJAHMUNDRY,18,103
67249,TDU,TANDUR,SC,SECUNDERABAD,16,113
67250,SC,SECUNDERABAD,TDU,TANDUR,16,113
67251,BZA,VIJAYWADA JN,TEL,TENALI JN.,7,31
67253,TEL,TENALI JN.,BZA,VIJAYWADA JN,7,31
67254,BZA,VIJAYWADA JN,GNT,GUNTUR JN.,6,32
67255,GNT,GUNTUR JN.,TEL,TENALI JN.,5,25
67256,TEL,TENALI JN.,OGL,ONGOLE,20,106
67257,OGL,ONGOLE,TEL,TENALI JN.,20,106
67258,TEL,TENALI JN.,GNT,GUNTUR JN.,5,25
67259,GNT,GUNTUR JN.,BZA,VIJAYWADA JN,6,32
67260,OGL,ONGOLE,BZA,VIJAYWADA JN,27,138
67261,BZA,VIJAYWADA JN,RJY,RAJAHMUNDRY,26,149
67262,RJY,RAJAHMUNDRY,BZA,VIJAYWADA JN,24,149
67263,BZA,VIJAYWADA JN,OGL,ONGOLE,27,138
67264,HYB,HYDERABAD DE,WL,WARANGAL,18,163
67265,WL,WARANGAL,HYB,HYDERABAD DE,18,163
67266,HYB,HYDERABAD DE,KZJ,KAZIPET JN.,17,143
67267,WL,WARANGAL,HYB,HYDERABAD DE,18,163
67269,KZJ,KAZIPET JN.,DKJ,DORNAKAL JN.,12,104
67270,DKJ,DORNAKAL JN.,KZJ,KAZIPET JN.,12,104
67271,DKJ,DORNAKAL JN.,BZA,VIJAYWADA JN,16,121
67272,BZA,VIJAYWADA JN,DKJ,DORNAKAL JN.,18,122
67273,BZA,VIJAYWADA JN,GNT,GUNTUR JN.,6,32
67274,GNT,GUNTUR JN.,BZA,VIJAYWADA JN,6,32
67275,FM,FALAKNUMA,BG,BHONGIR,16,59
67276,BG,BHONGIR,FM,FALAKNUMA,16,59
67277,FM,FALAKNUMA,ZN,JANGAON,21,96
67278,ZN,JANGAON,FM,FALAKNUMA,21,96
67279,GDR,GUDUR JN.,OGL,ONGOLE,19,154
67280,OGL,ONGOLE,GDR,GUDUR JN.,19,154
67282,PSA,PALASA,VZM,VIZIANAGARAM,18,142
67291,VZM,VIZIANAGARAM,VSKP,VISAKHAPATNA,10,60
67292,VSKP,VISAKHAPATNA,VZM,VIZIANAGARAM,10,60
67293,VZM,VIZIANAGARAM,VSKP,VISAKHAPATNA,10,60
67294,VSKP,VISAKHAPATNA,CHE,SRIKAKULAM R,18,130
67295,RJY,RAJAHMUNDRY,RVD,RAVIKAMPADU,15,79
67296,VSKP,VISAKHAPATNA,TUNI,TUNI,11,97
67297,OGL,ONGOLE,BZA,VIJAYWADA JN,25,138
67298,BZA,VIJAYWADA JN,OGL,ONGOLE,25,138
67299,RJY,RAJAHMUNDRY,BZA,VIJAYWADA JN,27,149
67300,BZA,VIJAYWADA JN,RJY,RAJAHMUNDRY,28,149
68001,SRC,SANTRAGACHI,JGM,JHARGRAM,14,148
68003,HWH,HOWRAH JN.,GTS,GHATSILA,23,215
68004,GTS,GHATSILA,HWH,HOWRAH JN.,23,214
68005,KGP,KHARAGPUR,TATA,TATANAGAR JN,18,137
68006,TATA,TATANAGAR JN,KGP,KHARAGPUR,19,137
68007,HWH,HOWRAH JN.,JER,JALESWAR,43,188
68008,JGM,JHARGRAM,SRC,SANTRAGACHI,14,147
68009,TATA,TATANAGAR JN,CKP,CHAKARADHARP,9,62
68010,CKP,CHAKARADHARP,TATA,TATANAGAR JN,9,62
68011,KGP,KHARAGPUR,TATA,TATANAGAR JN,18,137
68012,TATA,TATANAGAR JN,KGP,KHARAGPUR,18,137
68013,KGP,KHARAGPUR,TATA,TATANAGAR JN,19,137
68014,TATA,TATANAGAR JN,KGP,KHARAGPUR,18,137
68015,KGP,KHARAGPUR,TATA,TATANAGAR JN,18,137
68016,TATA,TATANAGAR JN,KGP,KHARAGPUR,18,137
68017,GMO,NSC BOSE J G,CKP,CHAKARADHARP,39,238
68018,CKP,CHAKARADHARP,GMO,NSC BOSE J G,39,238
68019,JGM,JHARGRAM,PLJE,PHULWARTANR,40,284
68020,PLJE,PHULWARTANR,JGM,JHARGRAM,41,284
68021,KGP,KHARAGPUR,BLS,BALASORE,18,120
68022,BLS,BALASORE,KGP,KHARAGPUR,18,120
68023,JGM,JHARGRAM,PRR,PURULIA JN.,27,188
68024,PRR,PURULIA JN.,JGM,JHARGRAM,27,189
68047,KGP,KHARAGPUR,BLDA,BELDA,6,40
68048,BLDA,BELDA,KGP,KHARAGPUR,6,40
68053,ADRA,ADRA,BBM,BARABHUM,11,71
68054,BBM,BARABHUM,ADRA,ADRA,11,70
68055,ASN,ASANSOL MAIN,TATA,TATANAGAR JN,29,171
68056,TATA,TATANAGAR JN,ASN,ASANSOL MAIN,29,170
68057,ADRA,ADRA,PRR,PURULIA JN.,7,39
68058,PRR,PURULIA JN.,ADRA,ADRA,7,39
68059,BBM,BARABHUM,ASN,ASANSOL MAIN,19,112
68060,ASN,ASANSOL MAIN,BBM,BARABHUM,19,112
68063,ADRA,ADRA,ASN,ASANSOL MAIN,9,41
68069,ADRA,ADRA,ASN,ASANSOL MAIN,9,41
68070,ASN,ASANSOL MAIN,ADRA,ADRA,9,41
68071,ADRA,ADRA,KNF,KHANODIH,16,70
68072,VAA,BHAGA JN,ADRA,ADRA,9,40
68073,BJE,BHOJUDIH JN.,VAA,BHAGA JN,5,11
68074,KNF,KHANODIH,BJE,BHOJUDIH JN.,12,40
68075,ADRA,ADRA,BJE,BHOJUDIH JN.,5,29
68076,BJE,BHOJUDIH JN.,ADRA,ADRA,5,29
68077,ADRA,ADRA,VAA,BHAGA JN,9,40
68078,VAA,BHAGA JN,ADRA,ADRA,9,40
68079,BJE,BHOJUDIH JN.,CRP,CHANDRAPURA,7,37
68080,CRP,CHANDRAPURA,BJE,BHOJUDIH JN.,7,37
68081,BQA,BANKURA,ADRA,ADRA,8,53
68082,ADRA,ADRA,VSU,BISHNUPUR,13,84
68088,DHN,DHANBAD JN.,BQA,BANKURA,19,121
68089,MDN,MIDNAPORE,ADRA,ADRA,20,155
68090,ADRA,ADRA,MDN,MIDNAPORE,20,155
68091,MDN,MIDNAPORE,JGM,JHARGRAM,9,51
68092,JGM,JHARGRAM,MDN,MIDNAPORE,7,51
68093,MDN,MIDNAPORE,JGM,JHARGRAM,10,51
68094,JGM,JHARGRAM,MDN,MIDNAPORE,10,51
68097,GBA,GARBETA,ADRA,ADRA,15,108
68098,ADRA,ADRA,GBA,GARBETA,15,108
68643,KGP,KHARAGPUR,HIJ,HIJLI,2,8
68644,HIJ,HIJLI,KGP,KHARAGPUR,2,8
68645,KGP,KHARAGPUR,HIJ,HIJLI,2,8
68646,HIJ,HIJLI,KGP,KHARAGPUR,2,8
68685,MCA,MECHEDA,DGHA,DIGHA FS,22,130
68686,DGHA,DIGHA FS,PKU,PANSKURA,18,117
68688,DGHA,DIGHA FS,PKU,PANSKURA,18,117
68689,PKU,PANSKURA,DGHA,DIGHA FS,18,117
68690,DGHA,DIGHA FS,MCA,MECHEDA,22,130
68701,R,RAIPUR JN.,DURG,DURG,10,48
68702,DURG,DURG,R,RAIPUR JN.,11,41
68703,R,RAIPUR JN.,DURG,DURG,10,48
68704,DURG,DURG,R,RAIPUR JN.,11,41
68705,R,RAIPUR JN.,DGG,DONGAR GARH,18,109
68706,DGG,DONGAR GARH,BSP,BILASPUR JN.,33,214
68707,R,RAIPUR JN.,DURG,DURG,10,48
68708,DURG,DURG,R,RAIPUR JN.,11,34
68709,R,RAIPUR JN.,DGG,DONGAR GARH,18,109
68710,DGG,DONGAR GARH,R,RAIPUR JN.,19,102
68711,DGG,DONGAR GARH,G,GONDIA JN.,9,73
68712,G,GONDIA JN.,DGG,DONGAR GARH,9,73
68713,G,GONDIA JN.,ITR,ITWARI JN.,17,127
68714,ITR,ITWARI JN.,G,GONDIA JN.,17,126
68715,G,GONDIA JN.,ITR,ITWARI JN.,17,127
68716,ITR,ITWARI JN.,G,GONDIA JN.,17,126
68717,R,RAIPUR JN.,DURG,DURG,10,48
68718,DURG,DURG,R,RAIPUR JN.,7,41
68719,BSP,BILASPUR JN.,R,RAIPUR JN.,15,112
68721,R,RAIPUR JN.,DGG,DONGAR GARH,18,109
68723,DGG,DONGAR GARH,G,GONDIA JN.,9,73
68724,G,GONDIA JN.,R,RAIPUR JN.,27,175
68725,R,RAIPUR JN.,DURG,DURG,10,48
68726,DURG,DURG,R,RAIPUR JN.,10,41
68727,BSP,BILASPUR JN.,R,RAIPUR JN.,15,112
68728,R,RAIPUR JN.,BSP,BILASPUR JN.,15,111
68729,R,RAIPUR JN.,DGG,DONGAR GARH,18,109
68730,DGG,DONGAR GARH,R,RAIPUR JN.,19,102
68731,GAD,GEVRA-ROAD,BSP,BILASPUR JN.,15,97
68732,BSP,BILASPUR JN.,GAD,GEVRA-ROAD,15,97
68733,GAD,GEVRA-ROAD,BSP,BILASPUR JN.,15,97
68734,BSP,BILASPUR JN.,GAD,GEVRA-ROAD,15,97
68735,RIG,RAIGARH,BSP,BILASPUR JN.,18,135
68736,BSP,BILASPUR JN.,RIG,RAIGARH,17,135
68737,RIG,RAIGARH,BSP,BILASPUR JN.,18,135
68738,BSP,BILASPUR JN.,RIG,RAIGARH,15,133
68739,PND,PENDRA ROAD,BSP,BILASPUR JN.,13,100
68740,BSP,BILASPUR JN.,PND,PENDRA ROAD,13,100
68741,DURG,DURG,G,GONDIA JN.,17,133
68742,G,GONDIA JN.,DURG,DURG,17,133
68743,G,GONDIA JN.,ITR,ITWARI JN.,17,127
68744,ITR,ITWARI JN.,G,GONDIA JN.,17,126
68745,GAD,GEVRA-ROAD,R,RAIPUR JN.,29,209
68746,R,RAIPUR JN.,GAD,GEVRA-ROAD,28,209
68747,BSP,BILASPUR JN.,KTE,KATNI,37,320
68748,KTE,KATNI,BSP,BILASPUR JN.,37,318
68749,SDL,SHAHDOL,ABKP,AMBIKAPUR,25,215
68750,ABKP,AMBIKAPUR,SDL,SHAHDOL,25,215
69101,BRC,VADODARA JN.,ADI,AHMEDABAD,20,99
69102,ADI,AHMEDABAD,BRC,VADODARA JN.,20,99
69104,ANND,ANAND JN.,BRC,VADODARA JN.,9,35
69105,ANND,ANAND JN.,ADI,AHMEDABAD,13,63
69106,ADI,AHMEDABAD,ANND,ANAND JN.,13,63
69107,BRC,VADODARA JN.,ADI,AHMEDABAD,20,99
69108,ADI,AHMEDABAD,BRC,VADODARA JN.,20,99
69109,ST,SURAT,BRC,VADODARA JN.,23,128
69110,BRC,VADODARA JN.,ST,SURAT,24,128
69111,ST,SURAT,BRC,VADODARA JN.,23,128
69112,BRC,VADODARA JN.,ST,SURAT,23,128
69113,BRC,VADODARA JN.,ADI,AHMEDABAD,20,99
69114,ADI,AHMEDABAD,BRC,VADODARA JN.,20,99
69115,BRC,VADODARA JN.,ADI,AHMEDABAD,20,99
69116,ADI,AHMEDABAD,ANND,ANAND JN.,7,63
69117,BRC,VADODARA JN.,DHD,DAHOD,21,146
69118,DHD,DAHOD,BRC,VADODARA JN.,21,147
69119,BRC,VADODARA JN.,DHD,DAHOD,21,146
69120,DHD,DAHOD,BRC,VADODARA JN.,21,147
69121,BRC,VADODARA JN.,GDA,GODHRA JN.,11,72
69122,GDA,GODHRA JN.,BRC,VADODARA JN.,11,72
69123,ANND,ANAND JN.,GDA,GODHRA JN.,13,78
69124,GDA,GODHRA JN.,ANND,ANAND JN.,13,78
69125,ANND,ANAND JN.,GDA,GODHRA JN.,13,78
69126,GDA,GODHRA JN.,ANND,ANAND JN.,13,78
69127,ANND,ANAND JN.,ADI,AHMEDABAD,13,63
69128,ADI,AHMEDABAD,ANND,ANAND JN.,13,63
69129,ANND,ANAND JN.,ADI,AHMEDABAD,13,63
69130,ADI,AHMEDABAD,ANND,ANAND JN.,13,63
69131,ADI,AHMEDABAD,GNC,GANDHINAGAR,5,31
69132,GNC,GANDHINAGAR,ADI,AHMEDABAD,5,31
69133,ANND,ANAND JN.,DK,DAKOR,6,29
69134,DK,DAKOR,ANND,ANAND JN.,6,29
69135,ANND,ANAND JN.,DK,DAKOR,6,29
69136,DK,DAKOR,ANND,ANAND JN.,6,29
69137,BRC,VADODARA JN.,ANND,ANAND JN.,8,35
69138,ANND,ANAND JN.,BRC,VADODARA JN.,8,35
69139,BVI,BORIVLI,ST,SURAT,34,232
69140,ST,SURAT,VR,VIRAR,30,206
69141,SJN,SANJAN,ST,SURAT,22,117
69142,ST,SURAT,SJN,SANJAN,22,117
69143,VR,VIRAR,SJN,SANJAN,12,89
69144,SJN,SANJAN,VR,VIRAR,12,89
69145,ANND,ANAND JN.,GDA,GODHRA JN.,13,78
69146,GDA,GODHRA JN.,ANND,ANAND JN.,13,78
69147,ANND,ANAND JN.,GDA,GODHRA JN.,13,78
69149,VR,VIRAR,BH,BHARUCH JN.,41,265
69150,BH,BHARUCH JN.,VR,VIRAR,42,265
69151,BL,VALSAD,ST,SURAT,13,68
69152,ST,SURAT,BL,VALSAD,13,68
69153,UBR,UMBERGAON RO,BL,VALSAD,9,54
69154,BL,VALSAD,UBR,UMBERGAON RO,9,54
69161,PNVL,PANVEL,DRD,DAHANU ROAD,20,137
69164,DRD,DAHANU ROAD,PNVL,PANVEL,19,137
69165,PNVL,PANVEL,BSR,VASAI ROAD,11,65
69166,BSR,VASAI ROAD,PNVL,PANVEL,11,65
69167,PNVL,PANVEL,BSR,VASAI ROAD,9,65
69168,BSR,VASAI ROAD,PNVL,PANVEL,11,65
69169,ST,SURAT,NDB,NANDURBAR,23,160
69171,ST,SURAT,BH,BHARUCH JN.,11,58
69172,BH,BHARUCH JN.,ST,SURAT,12,58
69173,VR,VIRAR,DRD,DAHANU ROAD,8,63
69174,DRD,DAHANU ROAD,BVI,BORIVLI,10,89
69181,DHD,DAHOD,RTM,RATLAM JN,14,114
69182,RTM,RATLAM JN,DHD,DAHOD,14,114
69183,RTM,RATLAM JN,NAD,NAGDA JN,6,44
69184,NAD,NAGDA JN,RTM,RATLAM JN,6,44
69185,NAD,NAGDA JN,UJN,UJJAIN JN,8,54
69186,UJN,UJJAIN JN,NAD,NAGDA JN,8,54
69187,DHD,DAHOD,RTM,RATLAM JN,14,114
69188,RTM,RATLAM JN,DHD,DAHOD,14,114
69189,ANND,ANAND JN.,DHD,DAHOD,23,152
69190,DHD,DAHOD,ANND,ANAND JN.,23,153
69191,ANND,ANAND JN.,GNC,GANDHINAGAR,17,95
69192,GNC,GANDHINAGAR,ANND,ANAND JN.,17,95
69195,BH,BHARUCH JN.,DGFJ,DAHEJ,6,61
69196,DGFJ,DAHEJ,BH,BHARUCH JN.,6,61
70101,PERN,PERNEM,KAWR,KAWR,12,115
70102,KAWR,KAWR,PERN,PERNEM,12,119
70103,PERN,PERNEM,KAWR,KAWR,12,115
70104,KAWR,KAWR,PERN,PERNEM,12,119
70105,MAO,MADGOAN JN.,MAQ,MANGALORE CE,30,324
70106,MAQ,MANGALORE CE,MAO,MADGOAN JN.,30,326
71081,BSR,VASAI ROAD,DIVA,DIVA JN,6,41
71082,DDCL,DOMBIVLI CTL,BOR,BOISAR,13,86
71083,BSR,VASAI ROAD,DIVA,DIVA JN,6,41
71084,DIVA,DIVA JN,BSR,VASAI ROAD,6,41
71085,BSR,VASAI ROAD,DIVA,DIVA JN,6,41
71086,DIVA,DIVA JN,BSR,VASAI ROAD,6,41
71088,BOR,BOISAR,BSR,VASAI ROAD,8,51
71089,DIVA,DIVA JN,ROHA,ROHA,13,105
71092,ROHA,ROHA,DIVA,DIVA JN,17,105
71093,BSR,VASAI ROAD,DIVA,DIVA JN,6,41
71094,DIVA,DIVA JN,BSR,VASAI ROAD,6,41
71095,DIVA,DIVA JN,ROHA,ROHA,13,105
71096,ROHA,ROHA,DIVA,DIVA JN,13,105
71401,DD,DAUND JN.,BRMT,BARAMATI,6,43
71402,BRMT,BARAMATI,PUNE,PUNE JN.,16,121
71403,PUNE,PUNE JN.,DD,DAUND JN.,11,77
71404,BRMT,BARAMATI,PUNE,PUNE JN.,16,121
71405,DD,DAUND JN.,BRMT,BARAMATI,6,43
71407,PUNE,PUNE JN.,DD,DAUND JN.,11,77
71408,DD,DAUND JN.,PUNE,PUNE JN.,11,77
71409,PUNE,PUNE JN.,DD,DAUND JN.,11,77
71410,DD,DAUND JN.,PUNE,PUNE JN.,11,77
71411,PUNE,PUNE JN.,DD,DAUND JN.,11,77
71413,PUNE,PUNE JN.,SUR,SOLAPUR,32,265
71414,SUR,SOLAPUR,PUNE,PUNE JN.,33,265
71415,PUNE,PUNE JN.,SUR,SOLAPUR,33,265
71416,SUR,SOLAPUR,PUNE,PUNE JN.,31,265
71901,IDH,IDGAH,BTE,BHARATPUR JN,8,51
71902,BTE,BHARATPUR JN,IDH,IDGAH,8,51
71903,IDH,IDGAH,BKI,BANDIKUI JN.,22,148
71904,BKI,BANDIKUI JN.,IDH,IDGAH,22,148
71905,IDH,IDGAH,BTE,BHARATPUR JN,8,51
71906,BTE,BHARATPUR JN,IDH,IDGAH,8,51
71907,IDH,IDGAH,BKI,BANDIKUI JN.,22,148
71908,BKI,BANDIKUI JN.,IDH,IDGAH,22,148
71909,AGC,AGRA CANTT,ETW,ETAWAH,15,136
71910,ETW,ETAWAH,AGC,AGRA CANTT,15,136
72171,MTJ,MATHURA JN.,BDB,VRINDAVAN,4,18
72172,BDB,VRINDAVAN,MTJ,MATHURA JN.,4,18
72173,MTJ,MATHURA JN.,BDB,VRINDAVAN,4,18
72174,BDB,VRINDAVAN,MTJ,MATHURA JN.,4,18
72175,MTJ,MATHURA JN.,BDB,VRINDAVAN,4,18
72176,BDB,VRINDAVAN,MTJ,MATHURA JN.,4,18
72177,MTJ,MATHURA JN.,BDB,VRINDAVAN,4,18
72178,BDB,VRINDAVAN,MTJ,MATHURA JN.,4,18
72179,MTJ,MATHURA JN.,BDB,VRINDAVAN,4,18
72180,BDB,VRINDAVAN,MTJ,MATHURA JN.,4,18
72203,IAA,INDARA JN.,DIT,DOHRIGHAT,6,34
72204,DIT,DOHRIGHAT,IAA,INDARA JN.,6,35
72205,IAA,INDARA JN.,DIT,DOHRIGHAT,6,34
72206,DIT,DOHRIGHAT,IAA,INDARA JN.,6,35
72207,IAA,INDARA JN.,DIT,DOHRIGHAT,6,34
72208,DIT,DOHRIGHAT,IAA,INDARA JN.,6,35
72209,IAA,INDARA JN.,DIT,DOHRIGHAT,6,34
72210,DIT,DOHRIGHAT,IAA,INDARA JN.,6,35
72451,KLK,KALKA,SML,SHIMLA,3,95
72452,SML,SHIMLA,KLK,KALKA,3,95
73011,BWN,BARDDHAMAN J,RPH,RAMPUR HAT,19,111
73012,RPH,RAMPUR HAT,BWN,BARDDHAMAN J,19,111
73021,AZ,AZIMGANJ JN.,RPH,RAMPUR HAT,11,59
73022,RPH,RAMPUR HAT,AZ,AZIMGANJ JN.,11,59
73031,KWAE,KATWA JN.,AZ,AZIMGANJ JN.,13,65
73032,AZ,AZIMGANJ JN.,KWAE,KATWA JN.,13,65
73033,AZ,AZIMGANJ JN.,NHT,NALHATI JN.,9,44
73034,NHT,NALHATI JN.,AZ,AZIMGANJ JN.,9,44
73035,KWAE,KATWA JN.,NILE,NIMTITA,23,127
73036,NILE,NIMTITA,KWAE,KATWA JN.,23,127
73037,AZ,AZIMGANJ JN.,NILE,NIMTITA,10,54
73038,NILE,NIMTITA,AZ,AZIMGANJ JN.,10,54
73151,SDAH,SEALDAH,JRLE,JANGIPUR ROA,48,261
73152,JRLE,JANGIPUR ROA,SDAH,SEALDAH,48,261
73211,PTG,PATNA GHAT,PNBE,PATNA JN.,5,10
73212,PNBE,PATNA JN.,PTG,PATNA GHAT,5,10
73213,PTG,PATNA GHAT,DDG,DIGHA GHAT,12,19
73214,DDG,DIGHA GHAT,PTG,PATNA GHAT,12,19
73215,DDG,DIGHA GHAT,RBHT,R BLOCK HALT,7,6
73216,RBHT,R BLOCK HALT,DDG,DIGHA GHAT,7,6
73261,IPR,ISLAMPUR,PNBE,PATNA JN.,12,64
73262,PNBE,PATNA JN.,IPR,ISLAMPUR,12,64
73263,IPR,ISLAMPUR,PNBE,PATNA JN.,12,64
73264,PNBE,PATNA JN.,IPR,ISLAMPUR,12,64
73421,JMP,JAMALPUR JN.,KIUL,KIUL JN.,13,45
73422,KIUL,KIUL JN.,JMP,JAMALPUR JN.,13,44
73425,JMP,JAMALPUR JN.,KIUL,KIUL JN.,10,45
73426,KIUL,KIUL JN.,JMP,JAMALPUR JN.,10,45
73427,JMP,JAMALPUR JN.,KIUL,KIUL JN.,11,45
73428,KIUL,KIUL JN.,JMP,JAMALPUR JN.,11,45
73429,BGP,BHAGALPUR,JMP,JAMALPUR JN.,13,47
73430,JMP,JAMALPUR JN.,BGP,BHAGALPUR,14,47
73451,TIL,TILRATH,JMP,JAMALPUR JN.,10,56
73452,JMP,JAMALPUR JN.,TIL,TILRATH,10,56
73453,TIL,TILRATH,JMP,JAMALPUR JN.,10,56
73454,JMP,JAMALPUR JN.,TIL,TILRATH,10,56
73461,KGG,KHAGARIA JN.,JMP,JAMALPUR JN.,5,28
73462,JMP,JAMALPUR JN.,KGG,KHAGARIA JN.,5,28
73463,KGG,KHAGARIA JN.,JMP,JAMALPUR JN.,5,28
73464,JMP,JAMALPUR JN.,KGG,KHAGARIA JN.,5,28
73538,JSME,JASIDIH JN.,UDL,ANDAL JN.,18,132
73539,UDL,ANDAL JN.,JSME,JASIDIH JN.,18,132
73581,JSME,JASIDIH JN.,BAKA,BANKA,9,61
73582,BAKA,BANKA,JSME,JASIDIH JN.,9,61
73901,JMP,JAMALPUR JN.,DNRE,DHANAURI,2,39
73902,DNRE,DHANAURI,JMP,JAMALPUR JN.,2,39
73903,JMP,JAMALPUR JN.,DNRE,DHANAURI,2,39
73904,DNRE,DHANAURI,JMP,JAMALPUR JN.,2,39
73905,JMP,JAMALPUR JN.,DNRE,DHANAURI,2,39
73911,SGG,SULTANGANJ,JMP,JAMALPUR JN.,6,28
73912,JMP,JAMALPUR JN.,SGG,SULTANGANJ,2,28
73913,SGG,SULTANGANJ,JMP,JAMALPUR JN.,2,28
73914,JMP,JAMALPUR JN.,SGG,SULTANGANJ,6,28
73916,JMP,JAMALPUR JN.,SGG,SULTANGANJ,2,28
74001,DLI,DELHI JN.,RE,REWARI JN.,18,82
74002,RE,REWARI JN.,DLI,DELHI JN.,18,82
74003,DLI,DELHI JN.,RE,REWARI JN.,18,82
74004,RE,REWARI JN.,DLI,DELHI JN.,18,82
74011,DLI,DELHI JN.,ROK,ROHTAK JN.,17,69
74012,ROK,ROHTAK JN.,DLI,DELHI JN.,17,69
74013,DLI,DELHI JN.,KKDE,KURUKSHETRA,41,246
74014,KKDE,KURUKSHETRA,DLI,DELHI JN.,41,247
74015,RE,REWARI JN.,JIND,JIND JN,16,138
74016,JIND,JIND JN,RE,REWARI JN.,16,138
74017,RE,REWARI JN.,ROK,ROHTAK JN.,8,81
74018,ROK,ROHTAK JN.,RE,REWARI JN.,8,81
74019,SNP,SONIPAT,JIND,JIND JN,14,89
74020,JIND,JIND JN,SNP,SONIPAT,14,89
74021,DLI,DELHI JN.,SRE,SAHARANPUR J,36,163
74022,SMQL,SHAMLI,DLI,DELHI JN.,24,93
74023,DLI,DELHI JN.,SMQL,SHAMLI,24,93
74024,SRE,SAHARANPUR J,DLI,DELHI JN.,36,163
74025,DLI,DELHI JN.,SMQL,SHAMLI,24,93
74026,SMQL,SHAMLI,DLI,DELHI JN.,24,93
74027,DLI,DELHI JN.,BTU,BARAUT,15,54
74028,BTU,BARAUT,DLI,DELHI JN.,15,54
74029,SNP,SONIPAT,JIND,JIND JN,14,89
74030,JIND,JIND JN,SNP,SONIPAT,14,89
74031,GHH,GARHI HARSAR,FN,FARUKHNAGAR,3,11
74032,FN,FARUKHNAGAR,DEE,DELHI-SARAI,11,47
74033,DEE,DELHI-SARAI,FN,FARUKHNAGAR,11,47
74034,FN,FARUKHNAGAR,GHH,GARHI HARSAR,3,11
74035,GHH,GARHI HARSAR,FN,FARUKHNAGAR,3,11
74036,FN,FARUKHNAGAR,DEE,DELHI-SARAI,11,47
74037,DEE,DELHI-SARAI,FN,FARUKHNAGAR,11,47
74038,FN,FARUKHNAGAR,GHH,GARHI HARSAR,3,11
74201,PBH,PARTAPGARH J,LKO,LUCKNOW JN.,25,172
74202,LKO,LUCKNOW JN.,PBH,PARTAPGARH J,25,172
74301,SHTS,SAMBAHAL HAT,MB,MORADABAD JN,9,47
74302,MB,MORADABAD JN,SHTS,SAMBAHAL HAT,8,47
74303,SHTS,SAMBAHAL HAT,MB,MORADABAD JN,9,47
74304,MB,MORADABAD JN,SHTS,SAMBAHAL HAT,9,47
74305,SHTS,SAMBAHAL HAT,MB,MORADABAD JN,9,47
74306,MB,MORADABAD JN,SHTS,SAMBAHAL HAT,9,47
74601,BEAS,BEAS JN,TTO,TARN TARAN,6,49
74602,TTO,TARN TARAN,BEAS,BEAS JN,6,49
74603,BEAS,BEAS JN,TTO,TARN TARAN,6,49
74604,TTO,TARN TARAN,BEAS,BEAS JN,6,49
74605,BEAS,BEAS JN,TTO,TARN TARAN,6,49
74606,TTO,TARN TARAN,BEAS,BEAS JN,6,49
74607,BEAS,BEAS JN,TTO,TARN TARAN,6,49
74608,TTO,TARN TARAN,BEAS,BEAS JN,6,49
74611,BAHL,BANIHAL,BDGM,BUDGAM,12,89
74612,BDGM,BUDGAM,BAHL,BANIHAL,12,89
74613,BDGM,BUDGAM,BRML,BARAMULLA,6,45
74614,BRML,BARAMULLA,BAHL,BANIHAL,17,134
74615,BAHL,BANIHAL,BRML,BARAMULLA,17,134
74616,BRML,BARAMULLA,BDGM,BUDGAM,6,45
74617,BDGM,BUDGAM,BRML,BARAMULLA,6,45
74618,BRML,BARAMULLA,BDGM,BUDGAM,6,45
74619,BAHL,BANIHAL,BRML,BARAMULLA,9,134
74620,BRML,BARAMULLA,BAHL,BANIHAL,9,134
74621,BDGM,BUDGAM,BRML,BARAMULLA,6,45
74622,BRML,BARAMULLA,BDGM,BUDGAM,6,45
74623,BDGM,BUDGAM,BRML,BARAMULLA,6,45
74624,BRML,BARAMULLA,BDGM,BUDGAM,6,45
74625,BAHL,BANIHAL,BRML,BARAMULLA,17,134
74626,BRML,BARAMULLA,BAHL,BANIHAL,17,134
74627,BAHL,BANIHAL,BRML,BARAMULLA,17,134
74628,BRML,BARAMULLA,BAHL,BANIHAL,17,134
74629,BAHL,BANIHAL,BRML,BARAMULLA,17,134
74630,BRML,BARAMULLA,BAHL,BANIHAL,17,134
74631,BAHL,BANIHAL,BDGM,BUDGAM,12,89
74632,BDGM,BUDGAM,BAHL,BANIHAL,12,89
74633,BAHL,BANIHAL,BDGM,BUDGAM,12,89
74634,BDGM,BUDGAM,BAHL,BANIHAL,12,89
74635,BAHL,BANIHAL,BDGM,BUDGAM,12,89
74636,BDGM,BUDGAM,BAHL,BANIHAL,12,89
74637,BAHL,BANIHAL,BDGM,BUDGAM,12,89
74638,BDGM,BUDGAM,BAHL,BANIHAL,12,89
74639,BAHL,BANIHAL,BDGM,BUDGAM,12,89
74640,BDGM,BUDGAM,BAHL,BANIHAL,12,89
74641,JUC,JALANDHAR CI,MOW,MANANWALA,10,68
74642,ASR,AMRITSAR JN.,JUC,JALANDHAR CI,12,78
74643,JUC,JALANDHAR CI,ASR,AMRITSAR JN.,12,78
74644,ASR,AMRITSAR JN.,JUC,JALANDHAR CI,11,78
74645,UMB,AMBALA CANTT,JUC,JALANDHAR CI,22,170
74646,JUC,JALANDHAR CI,UMB,AMBALA CANTT,21,170
74647,LDH,LUDHIANA JN.,JUC,JALANDHAR CI,8,56
74648,JUC,JALANDHAR CI,LDH,LUDHIANA JN.,10,77
74651,ASR,AMRITSAR JN.,DBNK,DERABABA NAN,9,53
74652,DBNK,DERABABA NAN,VKA,VERKA JN.,8,45
74653,VKA,VERKA JN.,DBNK,DERABABA NAN,8,45
74654,DBNK,DERABABA NAN,VKA,VERKA JN.,8,45
74655,VKA,VERKA JN.,DBNK,DERABABA NAN,8,45
74656,DBNK,DERABABA NAN,VKA,VERKA JN.,8,45
74657,VKA,VERKA JN.,DBNK,DERABABA NAN,8,45
74658,DBNK,DERABABA NAN,ASR,AMRITSAR JN.,9,53
74661,ASR,AMRITSAR JN.,ATT,ATARI JN,4,25
74662,ATT,ATARI JN,ASR,AMRITSAR JN.,4,25
74663,ASR,AMRITSAR JN.,ATT,ATARI JN,4,25
74664,ATT,ATARI JN,ASR,AMRITSAR JN.,4,25
74671,ASR,AMRITSAR JN.,PTK,PATHANKOT JN,17,106
74672,PTK,PATHANKOT JN,ASR,AMRITSAR JN.,17,106
74673,VKA,VERKA JN.,PTK,PATHANKOT JN,16,98
74674,PTK,PATHANKOT JN,VKA,VERKA JN.,16,98
74675,ASR,AMRITSAR JN.,PTK,PATHANKOT JN,16,106
74676,PTK,PATHANKOT JN,ASR,AMRITSAR JN.,16,106
74681,KEMK,KHEM KARAN,ASR,AMRITSAR JN.,5,77
74682,ASR,AMRITSAR JN.,KEMK,KHEM KARAN,5,77
74683,KEMK,KHEM KARAN,BGTN,BHAGTANWALA,4,72
74684,ASR,AMRITSAR JN.,KEMK,KHEM KARAN,5,77
74685,KEMK,KHEM KARAN,BGTN,BHAGTANWALA,4,72
74686,BGTN,BHAGTANWALA,KEMK,KHEM KARAN,4,72
74687,KEMK,KHEM KARAN,ASR,AMRITSAR JN.,5,77
74688,BGTN,BHAGTANWALA,KEMK,KHEM KARAN,4,72
74691,ASR,AMRITSAR JN.,QDN,QADIAN,6,58
74692,QDN,QADIAN,ASR,AMRITSAR JN.,6,58
74801,MEC,MERTA CITY,MTD,MERTA ROAD J,2,14
74802,MTD,MERTA ROAD J,MEC,MERTA CITY,2,14
74803,MEC,MERTA CITY,MTD,MERTA ROAD J,2,14
74804,MTD,MERTA ROAD J,MEC,MERTA CITY,2,14
74805,MEC,MERTA CITY,MTD,MERTA ROAD J,2,14
74806,MTD,MERTA ROAD J,MEC,MERTA CITY,2,14
74807,MEC,MERTA CITY,MTD,MERTA ROAD J,2,14
74808,MTD,MERTA ROAD J,MEC,MERTA CITY,2,14
74809,MEC,MERTA CITY,MTD,MERTA ROAD J,2,14
74810,MTD,MERTA ROAD J,MEC,MERTA CITY,2,14
74811,MEC,MERTA CITY,MTD,MERTA ROAD J,2,14
74812,MTD,MERTA ROAD J,MEC,MERTA CITY,2,14
74813,MEC,MERTA CITY,MTD,MERTA ROAD J,2,14
74814,MTD,MERTA ROAD J,MEC,MERTA CITY,2,14
74815,MEC,MERTA CITY,MTD,MERTA ROAD J,2,14
74816,MTD,MERTA ROAD J,MEC,MERTA CITY,2,14
74817,MEC,MERTA CITY,MTD,MERTA ROAD J,2,14
74818,MTD,MERTA ROAD J,MEC,MERTA CITY,2,14
74831,BKN,BIKANER JN.,CUR,CHURU,19,185
74832,CUR,CHURU,BKN,BIKANER JN.,19,185
74833,BKN,BIKANER JN.,HSR,HISAR JN,29,313
74834,HSR,HISAR JN,BKN,BIKANER JN.,29,313
74835,JU,JODHPUR JN.,HSR,HISAR JN,49,471
74836,HSR,HISAR JN,JU,JODHPUR JN.,49,471
74837,JU,JODHPUR JN.,PNU,PALANPUR JN,39,348
74838,PNU,PALANPUR JN,JU,JODHPUR JN.,39,348
74839,JU,JODHPUR JN.,BME,BARMER,24,208
74840,BME,BARMER,JU,JODHPUR JN.,24,209
74841,JU,JODHPUR JN.,BLDI,BHILDI JN,35,302
74842,BLDI,BHILDI JN,JU,JODHPUR JN.,35,303
74843,JU,JODHPUR JN.,BME,BARMER,24,208
74844,BME,BARMER,JU,JODHPUR JN.,24,209
74845,RE,REWARI JN.,HSR,HISAR JN,28,211
74846,HSR,HISAR JN,RE,REWARI JN.,28,211
74847,RE,REWARI JN.,HSR,HISAR JN,28,211
74848,HSR,HISAR JN,RE,REWARI JN.,28,211
74849,RTGH,RATANAGARH J,SRDR,SARDARSAHAR,8,48
74850,SRDR,SARDARSAHAR,RTGH,RATANAGARH J,8,47
74851,RTGH,RATANAGARH J,SRDR,SARDARSAHAR,8,48
74852,SRDR,SARDARSAHAR,RTGH,RATANAGARH J,8,47
74853,RTGH,RATANAGARH J,SRDR,SARDARSAHAR,8,48
74854,SRDR,SARDARSAHAR,RTGH,RATANAGARH J,8,47
74855,BKN,BIKANER JN.,RTGH,RATANAGARH J,14,142
74856,RTGH,RATANAGARH J,BKN,BIKANER JN.,14,142
74857,SIKR,SIKAR JN.,CUR,CHURU,9,90
74858,CUR,CHURU,SIKR,SIKAR JN.,9,90
74901,JUC,JALANDHAR CI,PTK,PATHANKOT JN,18,115
74902,PTK,PATHANKOT JN,JUC,JALANDHAR CI,18,115
74903,JUC,JALANDHAR CI,PTK,PATHANKOT JN,18,115
74904,PTK,PATHANKOT JN,JUC,JALANDHAR CI,18,115
74906,UHP,UDHAMPUR,JAT,JAMMU TAWI,6,53
74907,JAT,JAMMU TAWI,UHP,UDHAMPUR,6,53
74909,PTK,PATHANKOT JN,UHP,UDHAMPUR,19,152
74910,UHP,UDHAMPUR,PTK,PATHANKOT JN,19,152
74911,HSX,HOSHIARPUR,JUC,JALANDHAR CI,7,42
74912,JUC,JALANDHAR CI,HSX,HOSHIARPUR,7,42
74913,HSX,HOSHIARPUR,JUC,JALANDHAR CI,7,42
74914,JUC,JALANDHAR CI,HSX,HOSHIARPUR,7,42
74915,HSX,HOSHIARPUR,JUC,JALANDHAR CI,7,42
74916,JUC,JALANDHAR CI,HSX,HOSHIARPUR,7,42
74917,HSX,HOSHIARPUR,JUC,JALANDHAR CI,7,42
74918,JUC,JALANDHAR CI,HSX,HOSHIARPUR,7,42
74919,HSX,HOSHIARPUR,JUC,JALANDHAR CI,7,42
74920,JUC,JALANDHAR CI,HSX,HOSHIARPUR,7,42
74923,HSX,HOSHIARPUR,ASR,AMRITSAR JN.,18,121
74924,MOW,MANANWALA,HSX,HOSHIARPUR,16,111
74931,JUC,JALANDHAR CI,FZR,FIROZPUR CAN,18,117
74932,FZR,FIROZPUR CAN,JUC,JALANDHAR CI,15,117
74933,JUC,JALANDHAR CI,FZR,FIROZPUR CAN,18,117
74934,FZR,FIROZPUR CAN,JUC,JALANDHAR CI,18,117
74935,JUC,JALANDHAR CI,FZR,FIROZPUR CAN,18,117
74936,FZR,FIROZPUR CAN,JUC,JALANDHAR CI,18,117
74937,JUC,JALANDHAR CI,FZR,FIROZPUR CAN,18,117
74938,FZR,FIROZPUR CAN,JUC,JALANDHAR CI,18,117
74939,JUC,JALANDHAR CI,FZR,FIROZPUR CAN,14,117
74940,FZR,FIROZPUR CAN,JUC,JALANDHAR CI,18,117
74941,NRO,NAKODAR JN.,JUC,JALANDHAR CI,2,31
74942,JUC,JALANDHAR CI,NRO,NAKODAR JN.,2,31
74943,NRO,NAKODAR JN.,JUC,JALANDHAR CI,2,31
74944,JUC,JALANDHAR CI,NRO,NAKODAR JN.,2,31
74945,NRO,NAKODAR JN.,JUC,JALANDHAR CI,2,31
74946,JUC,JALANDHAR CI,NRO,NAKODAR JN.,2,31
74947,NRO,NAKODAR JN.,JUC,JALANDHAR CI,2,31
74948,JUC,JALANDHAR CI,NRO,NAKODAR JN.,2,31
74951,JJJ,JAIJON DOABA,JUC,JALANDHAR CI,17,87
74952,JUC,JALANDHAR CI,JJJ,JAIJON DOABA,17,87
74953,JJJ,JAIJON DOABA,JUC,JALANDHAR CI,17,87
74954,JUC,JALANDHAR CI,JJJ,JAIJON DOABA,17,87
74961,LDH,LUDHIANA JN.,FZR,FIROZPUR CAN,20,123
74962,FZR,FIROZPUR CAN,LDH,LUDHIANA JN.,20,123
74963,LDH,LUDHIANA JN.,FZR,FIROZPUR CAN,20,123
74964,FZR,FIROZPUR CAN,LDH,LUDHIANA JN.,20,123
74965,LDH,LUDHIANA JN.,LNK,LOHIAN KHAS,15,77
74966,LNK,LOHIAN KHAS,LDH,LUDHIANA JN.,15,77
74967,LDH,LUDHIANA JN.,LNK,LOHIAN KHAS,15,77
74968,LNK,LOHIAN KHAS,LDH,LUDHIANA JN.,15,77
74969,LDH,LUDHIANA JN.,LNK,LOHIAN KHAS,15,77
74970,LNK,LOHIAN KHAS,LDH,LUDHIANA JN.,15,77
74971,FZR,FIROZPUR CAN,FKA,FAZILKA JN.,14,88
74972,FKA,FAZILKA JN.,FZR,FIROZPUR CAN,14,88
74973,FZR,FIROZPUR CAN,FKA,FAZILKA JN.,14,88
74974,FKA,FAZILKA JN.,FZR,FIROZPUR CAN,14,88
74975,FZR,FIROZPUR CAN,FKA,FAZILKA JN.,14,88
74976,FKA,FAZILKA JN.,FZR,FIROZPUR CAN,14,88
74977,FZR,FIROZPUR CAN,FKA,FAZILKA JN.,14,88
74978,FKA,FAZILKA JN.,FZR,FIROZPUR CAN,14,88
74981,KKP,KOT KAPURA J,FKA,FAZILKA JN.,13,80
74982,FKA,FAZILKA JN.,KKP,KOT KAPURA J,13,80
74983,KKP,KOT KAPURA J,FKA,FAZILKA JN.,13,80
74984,FKA,FAZILKA JN.,KKP,KOT KAPURA J,13,80
74985,BTI,BATHINDA JN,FKA,FAZILKA JN.,19,122
74986,FKA,FAZILKA JN.,BTI,BATHINDA JN,18,122
74987,BTI,BATHINDA JN,FKA,FAZILKA JN.,14,122
74988,FKA,FAZILKA JN.,BTI,BATHINDA JN,19,122
74991,UMB,AMBALA CANTT,AADR,AMB  ANDAURA,23,215
74992,AADR,AMB  ANDAURA,UMB,AMBALA CANTT,23,215
74993,KKDE,KURUKSHETRA,UMB,AMBALA CANTT,7,41
74994,UMB,AMBALA CANTT,KKDE,KURUKSHETRA,7,41
75002,GD,GONDA JN.,GKP,GORAKHPUR JN,36,220
75003,GKP,GORAKHPUR JN,BNY,BARHNI,22,112
75004,BNY,BARHNI,GKP,GORAKHPUR JN,22,112
75005,GKP,GORAKHPUR JN,GD,GONDA JN.,36,221
75007,GKP,GORAKHPUR JN,GD,GONDA JN.,24,220
75008,GD,GONDA JN.,GKP,GORAKHPUR JN,24,220
75009,SV,SIWAN JN.,CPJ,KAPTANGANJ J,22,127
75010,CPJ,KAPTANGANJ J,THE,THAWE JN.,18,98
75011,THE,THAWE JN.,GKP,GORAKHPUR JN,24,138
75012,GKP,GORAKHPUR JN,SV,SIWAN JN.,27,166
75013,GKP,GORAKHPUR JN,NTV,NAUTANWA,19,81
75014,NTV,NAUTANWA,GKP,GORAKHPUR JN,19,81
75015,GKP,GORAKHPUR JN,NTV,NAUTANWA,19,81
75016,NTV,NAUTANWA,GKP,GORAKHPUR JN,19,81
75101,BUI,BALLIA,BCY,VARANASI CIT,22,136
75102,BCY,VARANASI CIT,BUI,BALLIA,22,136
75103,PEP,PHEPHNA JN.,BCY,VARANASI CIT,20,126
75104,BCY,VARANASI CIT,PEP,PHEPHNA JN.,20,117
75105,MAU,MAU JN.,ALY,ALLAHABAD CI,37,214
75106,ALY,ALLAHABAD CI,MAU,MAU JN.,37,214
75107,MUV,MANDUADIH,ALY,ALLAHABAD CI,22,118
75109,MAU,MAU JN.,BCY,VARANASI CIT,14,88
75111,GCT,GHAZIPUR CIT,BSB,VARANASI JN.,25,154
75112,BSB,VARANASI JN.,GCT,GHAZIPUR CIT,25,156
75113,BTT,BHATNI JN.,BCY,VARANASI CIT,24,156
75114,BCY,VARANASI CIT,BTT,BHATNI JN.,24,156
75115,GCT,GHAZIPUR CIT,PRG,PRAYAG JN.,30,203
75116,PRG,PRAYAG JN.,GCT,GHAZIPUR CIT,30,203
75201,SEE,SONPUR JN.,CPR,CHHAPRA JN.,13,53
75202,CPR,CHHAPRA JN.,SEE,SONPUR JN.,12,53
75207,SPJ,SAMASTIPUR J,MFP,MUZAFFARPUR,23,169
75208,MFP,MUZAFFARPUR,SPJ,SAMASTIPUR J,22,169
75209,SPJ,SAMASTIPUR J,JYG,JAYNAGAR,16,105
75210,JYG,JAYNAGAR,SPJ,SAMASTIPUR J,16,105
75211,SPJ,SAMASTIPUR J,SEE,SONPUR JN.,19,111
75212,SEE,SONPUR JN.,SPJ,SAMASTIPUR J,19,111
75213,RXL,RAXAUL JN.,SGL,SAGAULI JN.,5,29
75214,SGL,SAGAULI JN.,RXL,RAXAUL JN.,5,29
75221,SEE,SONPUR JN.,CPR,CHHAPRA JN.,12,53
75222,CPR,CHHAPRA JN.,SEE,SONPUR JN.,13,53
75225,SPJ,SAMASTIPUR J,RXL,RAXAUL JN.,23,187
75226,RXL,RAXAUL JN.,SPJ,SAMASTIPUR J,23,187
75227,SPJ,SAMASTIPUR J,RXL,RAXAUL JN.,29,187
75228,RXL,RAXAUL JN.,DBG,DARBHANGA JN,16,150
75229,DBG,DARBHANGA JN,RXL,RAXAUL JN.,16,150
75230,RXL,RAXAUL JN.,SPJ,SAMASTIPUR J,31,187
75231,MFP,MUZAFFARPUR,RXL,RAXAUL JN.,18,129
75232,RXL,RAXAUL JN.,MFP,MUZAFFARPUR,20,129
75233,RXL,RAXAUL JN.,SMI,SITAMARHI,9,82
75234,SMI,SITAMARHI,RXL,RAXAUL JN.,9,82
75235,RXL,RAXAUL JN.,NKE,NARKATIAGANJ,13,87
75236,NKE,NARKATIAGANJ,RXL,RAXAUL JN.,13,87
75237,MFP,MUZAFFARPUR,NKE,NARKATIAGANJ,20,159
75238,NKE,NARKATIAGANJ,MFP,MUZAFFARPUR,19,159
75253,SPJ,SAMASTIPUR J,DBG,DARBHANGA JN,8,37
75254,DBG,DARBHANGA JN,SPJ,SAMASTIPUR J,8,37
75255,DBG,DARBHANGA JN,MFP,MUZAFFARPUR,14,132
75256,MFP,MUZAFFARPUR,DBG,DARBHANGA JN,14,132
75271,ARA,ARA,SSM,SASARAM,17,97
75272,SSM,SASARAM,ARA,ARA,17,97
75273,ARA,ARA,SSM,SASARAM,17,97
75274,SSM,SASARAM,ARA,ARA,17,97
75279,DBG,DARBHANGA JN,BIRL,BIRAUL,7,54
75280,BIRL,BIRAUL,DBG,DARBHANGA JN,5,54
75707,RDP,RADHIKAPUR,SGUJ,SILIGURI JN.,28,217
75708,SGUJ,SILIGURI JN.,RDP,RADHIKAPUR,28,217
75713,SGUJ,SILIGURI JN.,NCB,NEW COOCH BE,20,181
75714,NCB,NEW COOCH BE,SGUJ,SILIGURI JN.,20,181
75715,SGUJ,SILIGURI JN.,DHH,DINHATA,30,210
75716,DHH,DINHATA,SGUJ,SILIGURI JN.,30,210
75717,SGUJ,SILIGURI JN.,BXT,BAMANHAT,29,183
75718,BXT,BAMANHAT,SGUJ,SILIGURI JN.,29,183
75719,MLFC,MALDA COURT,SGUJ,SILIGURI JN.,45,251
75720,SGUJ,SILIGURI JN.,MLFC,MALDA COURT,44,251
75721,SGUJ,SILIGURI JN.,HDB,HALDIBARI,12,63
75722,HDB,HALDIBARI,SGUJ,SILIGURI JN.,12,64
75723,NBQ,NEW BONGAIGA,GHY,GUWAHATI,19,208
75724,GHY,GUWAHATI,NBQ,NEW BONGAIGA,19,208
75727,GHY,GUWAHATI,HBN,HAIBARGAON,8,100
75728,HBN,HAIBARGAON,GHY,GUWAHATI,7,100
75729,GHY,GUWAHATI,SHTT,SILGHAT TOWN,16,167
75730,SHTT,SILGHAT TOWN,GHY,GUWAHATI,16,166
75733,TNPR,TEZNARAYANPU,KIR,KATIHAR JN.,8,33
75734,KIR,KATIHAR JN.,TNPR,TEZNARAYANPU,8,33
75735,TNPR,TEZNARAYANPU,KIR,KATIHAR JN.,8,33
75736,KIR,KATIHAR JN.,TNPR,TEZNARAYANPU,8,33
75737,TNPR,TEZNARAYANPU,KIR,KATIHAR JN.,8,33
75738,KIR,KATIHAR JN.,TNPR,TEZNARAYANPU,8,33
75739,TNPR,TEZNARAYANPU,KIR,KATIHAR JN.,8,33
75740,KIR,KATIHAR JN.,TNPR,TEZNARAYANPU,8,33
75743,KIR,KATIHAR JN.,SGUJ,SILIGURI JN.,33,204
75744,SGUJ,SILIGURI JN.,KIR,KATIHAR JN.,33,204
75745,KIR,KATIHAR JN.,JBN,JOGBANI,19,107
75746,JBN,JOGBANI,KIR,KATIHAR JN.,19,108
75747,KIR,KATIHAR JN.,BOE,BARSOI JN.,11,40
75748,BOE,BARSOI JN.,KIR,KATIHAR JN.,11,40
75749,KIR,KATIHAR JN.,TETA,TELTA,15,61
75750,TETA,TELTA,KIR,KATIHAR JN.,15,61
75901,TSK,TINSUKIA JN.,LEDO,LEDO,4,54
75902,LEDO,LEDO,DBRT,DIBRUGARH TO,14,101
75903,DBRT,DIBRUGARH TO,LEDO,LEDO,14,101
75904,LEDO,LEDO,TSK,TINSUKIA JN.,4,54
75905,TSK,TINSUKIA JN.,DBRT,DIBRUGARH TO,4,47
75906,DBRT,DIBRUGARH TO,LEDO,LEDO,14,101
75907,LEDO,LEDO,DBRT,DIBRUGARH TO,14,101
75908,DBRT,DIBRUGARH TO,TSK,TINSUKIA JN.,4,47
75911,TSK,TINSUKIA JN.,DNGI,DANGARI,8,40
75912,DNGI,DANGARI,TSK,TINSUKIA JN.,8,39
76501,BWT,BANGARPET JN,KQZ,KOLAR,2,17
76502,KQZ,KOLAR,BWT,BANGARPET JN,2,17
76503,BWT,BANGARPET JN,KQZ,KOLAR,2,17
76504,KQZ,KOLAR,BWT,BANGARPET JN,2,17
76505,BNC,BANGALORE CA,KQZ,KOLAR,12,81
76506,KQZ,KOLAR,BNC,BANGALORE CA,10,81
76507,BNC,BANGALORE CA,BWT,BANGARPET JN,10,64
76508,BWT,BANGARPET JN,SBC,KRANTIVIRA S,11,68
76523,YPR,YESVANTPUR J,HSRA,HOSUR,9,62
76524,HSRA,HOSUR,YPR,YESVANTPUR J,9,61
76525,CPT,CHANNA PATNA,KQZ,KOLAR,31,201
76526,KQZ,KOLAR,CPT,CHANNA PATNA,31,201
76551,SBC,KRANTIVIRA S,KQZ,KOLAR,22,157
76552,KQZ,KOLAR,SBC,KRANTIVIRA S,22,157
76553,SBC,KRANTIVIRA S,DPJ,DHARMAPURI,15,150
76554,DPJ,DHARMAPURI,SBC,KRANTIVIRA S,15,150
76800,TPJ,TIRUCHIRAPPA,LLI,LALGUDI,9,26
76803,LLI,LALGUDI,TPJ,TIRUCHIRAPPA,9,26
76804,TPJ,TIRUCHIRAPPA,LLI,LALGUDI,9,26
76805,MQ,MANNARGUDI,TPJ,TIRUCHIRAPPA,12,93
76806,TPJ,TIRUCHIRAPPA,MQ,MANNARGUDI,12,93
76807,TPJ,TIRUCHIRAPPA,MNM,MANAMADURAI,14,150
76808,MNM,MANAMADURAI,TPJ,TIRUCHIRAPPA,14,150
76812,TJ,THANJAVUR JN,KIK,KARAIKAL,19,94
76813,KIK,KARAIKAL,VLNK,VELANKANNI,4,28
76814,VLNK,VELANKANNI,NGT,NAGAPPATTINA,2,10
76815,KIK,KARAIKAL,TJ,THANJAVUR JN,19,94
76817,NGT,NAGAPPATTINA,VLNK,VELANKANNI,2,10
76818,VLNK,VELANKANNI,KIK,KARAIKAL,6,27
76820,TPJ,TIRUCHIRAPPA,TJ,THANJAVUR JN,8,49
76821,TJ,THANJAVUR JN,TPJ,TIRUCHIRAPPA,9,49
76822,TPJ,TIRUCHIRAPPA,TJ,THANJAVUR JN,9,49
76823,TJ,THANJAVUR JN,TPJ,TIRUCHIRAPPA,9,49
76824,TPJ,TIRUCHIRAPPA,TJ,THANJAVUR JN,9,49
76825,MV,MAYILADUTURA,TJ,THANJAVUR JN,16,70
76826,TJ,THANJAVUR JN,MV,MAYILADUTURA,16,70
76827,TJ,THANJAVUR JN,TPJ,TIRUCHIRAPPA,9,49
76828,TPJ,TIRUCHIRAPPA,TJ,THANJAVUR JN,9,49
76829,TJ,THANJAVUR JN,TPJ,TIRUCHIRAPPA,9,49
76830,KKDI,KARAIKKUDI,TPJ,TIRUCHIRAPPA,10,89
76831,TPJ,TIRUCHIRAPPA,KKDI,KARAIKKUDI,10,89
76833,TPJ,TIRUCHIRAPPA,KRR,KARUR JN.,15,75
76834,KRR,KARUR JN.,TPJ,TIRUCHIRAPPA,15,75
76835,TPJ,TIRUCHIRAPPA,KRR,KARUR JN.,18,75
76836,KRR,KARUR JN.,TPJ,TIRUCHIRAPPA,18,75
76837,KKDI,KARAIKKUDI,VPT,VIRUDUNAGAR,11,127
76838,VPT,VIRUDUNAGAR,KKDI,KARAIKKUDI,11,127
76839,TPJ,TIRUCHIRAPPA,KKDI,KARAIKKUDI,10,89
76840,KKDI,KARAIKKUDI,TPJ,TIRUCHIRAPPA,10,89
76841,CUPJ,CUDDALORE PO,TPJ,TIRUCHIRAPPA,26,180
76842,TPJ,TIRUCHIRAPPA,CUPJ,CUDDALORE PO,27,180
76845,VRI,VRIDHA CHALA,TPJ,TIRUCHIRAPPA,23,122
76846,TPJ,TIRUCHIRAPPA,VRI,VRIDHA CHALA,23,122
76847,VRI,VRIDHA CHALA,SA,SALEM JN.,17,139
76848,SA,SALEM JN.,VRI,VRIDHA CHALA,17,139
76849,VRI,VRIDHA CHALA,SA,SALEM JN.,17,139
76850,SA,SALEM JN.,VRI,VRIDHA CHALA,17,139
76851,KIK,KARAIKAL,TPJ,TIRUCHIRAPPA,26,145
76852,TPJ,TIRUCHIRAPPA,KIK,KARAIKAL,25,145
76853,NCR,NAGORE,TPJ,TIRUCHIRAPPA,25,134
76854,TPJ,TIRUCHIRAPPA,NCR,NAGORE,25,134
77201,BZA,VIJAYWADA JN,GDV,GUDIVADA JN.,4,44
77202,GDV,GUDIVADA JN.,NS,NARASAPUR,15,94
77203,NS,NARASAPUR,GDV,GUDIVADA JN.,21,94
77204,GDV,GUDIVADA JN.,NS,NARASAPUR,21,94
77205,NS,NARASAPUR,BVRT,BHIMAVARAM T,8,30
77206,BVRM,BHIMAVARAM J,BZA,VIJAYWADA JN,20,109
77207,BZA,VIJAYWADA JN,MTM,MACHILIPATNA,14,81
77208,MTM,MACHILIPATNA,BZA,VIJAYWADA JN,12,80
77209,GDV,GUDIVADA JN.,MTM,MACHILIPATNA,8,36
77211,GDV,GUDIVADA JN.,MTM,MACHILIPATNA,8,36
77212,MTM,MACHILIPATNA,BZA,VIJAYWADA JN,18,81
77213,BZA,VIJAYWADA JN,GDV,GUDIVADA JN.,11,44
77214,GDV,GUDIVADA JN.,BZA,VIJAYWADA JN,11,44
77215,BZA,VIJAYWADA JN,MTM,MACHILIPATNA,18,81
77216,MTM,MACHILIPATNA,GDV,GUDIVADA JN.,8,36
77218,MTM,MACHILIPATNA,BZA,VIJAYWADA JN,18,81
77219,GDV,GUDIVADA JN.,MTM,MACHILIPATNA,8,36
77220,MTM,MACHILIPATNA,GDV,GUDIVADA JN.,7,36
77221,BZA,VIJAYWADA JN,GNT,GUNTUR JN.,6,32
77222,GNT,GUNTUR JN.,RAL,REPALLE,12,59
77223,RAL,REPALLE,GNT,GUNTUR JN.,12,59
77224,GNT,GUNTUR JN.,RAL,REPALLE,12,59
77225,RAL,REPALLE,TEL,TENALI JN.,8,33
77226,TEL,TENALI JN.,RAL,REPALLE,8,33
77227,RAL,REPALLE,TEL,TENALI JN.,8,33
77228,TEL,TENALI JN.,RAL,REPALLE,8,33
77229,RAL,REPALLE,GNT,GUNTUR JN.,12,59
77230,GNT,GUNTUR JN.,BZA,VIJAYWADA JN,6,32
77231,BZA,VIJAYWADA JN,BVRM,BHIMAVARAM J,24,109
77232,BVRM,BHIMAVARAM J,GDV,GUDIVADA JN.,14,65
77233,BVRM,BHIMAVARAM J,NS,NARASAPUR,6,29
77234,MTM,MACHILIPATNA,GDV,GUDIVADA JN.,8,36
77235,GDV,GUDIVADA JN.,MTM,MACHILIPATNA,8,36
77237,BVRM,BHIMAVARAM J,RJY,RAJAHMUNDRY,18,70
77238,RJY,RAJAHMUNDRY,BVRM,BHIMAVARAM J,18,68
77239,BVRM,BHIMAVARAM J,NDD,NIDADAVOLU J,10,47
77240,NDD,NIDADAVOLU J,BVRM,BHIMAVARAM J,12,46
77241,NS,NARASAPUR,RJY,RAJAHMUNDRY,21,99
77242,RJY,RAJAHMUNDRY,BVRM,BHIMAVARAM J,15,68
77243,BVRT,BHIMAVARAM T,NDD,NIDADAVOLU J,12,49
77244,NDD,NIDADAVOLU J,BVRM,BHIMAVARAM J,9,46
77245,GNT,GUNTUR JN.,TEL,TENALI JN.,5,25
77246,TEL,TENALI JN.,RAL,REPALLE,7,33
77247,RAL,REPALLE,TEL,TENALI JN.,6,33
77248,TEL,TENALI JN.,MRK,MARKAPUR ROA,23,169
77249,MRK,MARKAPUR ROA,GNT,GUNTUR JN.,19,143
77250,GNT,GUNTUR JN.,TEL,TENALI JN.,5,25
77251,PDPL,PEDDAPALLI,MABD,MAHBUBABAD,14,141
77252,MABD,MAHBUBABAD,PDPL,PEDDAPALLI,14,144
77253,MABD,MAHBUBABAD,BZA,VIJAYWADA JN,13,145
77254,BZA,VIJAYWADA JN,MABD,MAHBUBABAD,14,146
77255,KRMR,KARIM NAGAR,SRUR,SIRPUR TOWN,14,142
77256,SRUR,SIRPUR TOWN,KRMR,KARIM NAGAR,14,144
77257,LPJL,JAGITYAL,PDPL,PEDDAPALLI,5,83
77258,PDPL,PEDDAPALLI,LPJL,JAGITYAL,5,83
77259,NZB,NIZAMABAD,KRMR,KARIM NAGAR,8,148
77260,KRMR,KARIM NAGAR,NZB,NIZAMABAD,8,148
77261,BZA,VIJAYWADA JN,MTM,MACHILIPATNA,18,81
77262,MTM,MACHILIPATNA,BZA,VIJAYWADA JN,18,81
77263,BZA,VIJAYWADA JN,GDV,GUDIVADA JN.,9,44
77264,GDV,GUDIVADA JN.,NS,NARASAPUR,19,94
77265,NS,NARASAPUR,NDD,NIDADAVOLU J,11,76
77266,NDD,NIDADAVOLU J,BVRM,BHIMAVARAM J,12,46
77267,BVRM,BHIMAVARAM J,GDV,GUDIVADA JN.,13,65
77268,GDV,GUDIVADA JN.,BZA,VIJAYWADA JN,9,44
77269,BZA,VIJAYWADA JN,MTM,MACHILIPATNA,18,81
77270,MTM,MACHILIPATNA,BZA,VIJAYWADA JN,18,81
77271,CCT,KAKINADA TOW,KPLH,KOTIPALLI,12,44
77272,KPLH,KOTIPALLI,CCT,KAKINADA TOW,12,44
77273,LPJL,JAGITYAL,KRMR,KARIM NAGAR,3,47
77274,KRMR,KARIM NAGAR,LPJL,JAGITYAL,3,47
77281,BZA,VIJAYWADA JN,TEL,TENALI JN.,8,31
77282,TEL,TENALI JN.,GNT,GUNTUR JN.,5,25
77283,GNT,GUNTUR JN.,BZA,VIJAYWADA JN,6,32
77284,BZA,VIJAYWADA JN,GNT,GUNTUR JN.,6,32
77285,GNT,GUNTUR JN.,TEL,TENALI JN.,5,25
77286,TEL,TENALI JN.,BZA,VIJAYWADA JN,8,31
77287,BZA,VIJAYWADA JN,TEL,TENALI JN.,8,31
77288,TEL,TENALI JN.,GNT,GUNTUR JN.,5,25
77289,GNT,GUNTUR JN.,BZA,VIJAYWADA JN,6,32
77290,TEL,TENALI JN.,GNT,GUNTUR JN.,5,25
77291,BDCR,BHADRACHALAM,BZA,VIJAYWADA JN,23,177
77292,BZA,VIJAYWADA JN,BDCR,BHADRACHALAM,25,178
77293,BVRM,BHIMAVARAM J,RJY,RAJAHMUNDRY,17,70
77294,RJY,RAJAHMUNDRY,NS,NARASAPUR,25,98
77295,NS,NARASAPUR,GNT,GUNTUR JN.,36,171
77297,GNT,GUNTUR JN.,MCLA,MACHERLA,17,130
77298,MCLA,MACHERLA,BVRM,BHIMAVARAM J,45,272
77401,NDL,NANDYAL,HX,CUDDAPAH,12,161
77402,HX,CUDDAPAH,NDL,NANDYAL,12,161
77403,NDL,NANDYAL,HX,CUDDAPAH,12,161
77404,HX,CUDDAPAH,NDL,NANDYAL,12,161
77405,HX,CUDDAPAH,PDMI,PENDLIMARRI,3,14
77406,PDMI,PENDLIMARRI,HX,CUDDAPAH,3,14
77414,GTL,GUNTAKAL JN.,KRNT,KURNOOL TOWN,13,121
77415,KRNT,KURNOOL TOWN,GTL,GUNTAKAL JN.,15,122
77416,GTL,GUNTAKAL JN.,BAY,BELLARY JN.,9,49
77417,BAY,BELLARY JN.,GTL,GUNTAKAL JN.,9,50
77418,GTL,GUNTAKAL JN.,HUP,HINDUPUR,22,197
77419,HUP,HINDUPUR,GTL,GUNTAKAL JN.,21,197
77601,SC,SECUNDERABAD,MED,MEDCHAL,14,26
77602,MED,MEDCHAL,FM,FALAKNUMA,23,39
77603,SC,SECUNDERABAD,MOB,MANOHARABAD,17,40
77604,BMO,BOLARUM,FM,FALAKNUMA,20,25
77605,FM,FALAKNUMA,BMO,BOLARUM,21,27
77606,MOB,MANOHARABAD,SC,SECUNDERABAD,17,40
77607,SC,SECUNDERABAD,MED,MEDCHAL,14,26
77608,MED,MEDCHAL,SC,SECUNDERABAD,14,26
77609,FM,FALAKNUMA,MOB,MANOHARABAD,26,53
77610,MOB,MANOHARABAD,SC,SECUNDERABAD,17,40
77611,SC,SECUNDERABAD,BMO,BOLARUM,11,13
77612,BMO,BOLARUM,SC,SECUNDERABAD,11,13
77613,SC,SECUNDERABAD,MOB,MANOHARABAD,17,40
77614,MOB,MANOHARABAD,SC,SECUNDERABAD,17,40
77615,SC,SECUNDERABAD,MED,MEDCHAL,14,26
77616,MED,MEDCHAL,SC,SECUNDERABAD,14,26
77617,SC,SECUNDERABAD,MOB,MANOHARABAD,17,40
77618,MOB,MANOHARABAD,SC,SECUNDERABAD,17,40
77619,SC,SECUNDERABAD,MED,MEDCHAL,14,26
77622,MBNR,MAHBUBNAGAR,JKAR,JAKLAIR,7,52
77623,JKAR,JAKLAIR,MBNR,MAHBUBNAGAR,7,52
77630,SC,SECUNDERABAD,UR,UMDANAGAR,14,27
77631,FM,FALAKNUMA,UR,UMDANAGAR,4,13
77632,FM,FALAKNUMA,UR,UMDANAGAR,4,13
77633,FM,FALAKNUMA,UR,UMDANAGAR,4,13
77634,FM,FALAKNUMA,UR,UMDANAGAR,4,13
77635,FM,FALAKNUMA,UR,UMDANAGAR,4,13
77638,FM,FALAKNUMA,UR,UMDANAGAR,4,13
77640,UR,UMDANAGAR,FM,FALAKNUMA,4,13
77641,UR,UMDANAGAR,FM,FALAKNUMA,4,13
77642,UR,UMDANAGAR,FM,FALAKNUMA,4,13
77643,UR,UMDANAGAR,FM,FALAKNUMA,4,13
77645,UR,UMDANAGAR,SC,SECUNDERABAD,14,27
77647,UR,UMDANAGAR,FM,FALAKNUMA,4,13
77649,UR,UMDANAGAR,SC,SECUNDERABAD,14,27
77651,BIDR,BIDAR,GR,GULBARGA,8,108
77652,GR,GULBARGA,BIDR,BIDAR,8,108
77653,BIDR,BIDAR,HMBD,HUMNABAD,4,52
77654,HMBD,HUMNABAD,BIDR,BIDAR,4,52
77655,BIDR,BIDAR,GR,GULBARGA,8,108
77656,GR,GULBARGA,BIDR,BIDAR,8,108
77657,J,JALNA,SNSI,SAI NAGAR SH,19,253
77658,SNSI,SAI NAGAR SH,J,JALNA,19,253
77671,KCG,KACHEGUDA,MBNR,MAHBUBNAGAR,17,105
77672,MBNR,MAHBUBNAGAR,KCG,KACHEGUDA,21,105
77673,MRGA,MIRYALAGUDA,KCG,KACHEGUDA,18,154
77674,KCG,KACHEGUDA,MRGA,MIRYALAGUDA,18,154
77675,KCG,KACHEGUDA,MRGA,MIRYALAGUDA,17,154
77676,MRGA,MIRYALAGUDA,PGRL,PIDUGURALLA,6,59
77677,PGRL,PIDUGURALLA,MRGA,MIRYALAGUDA,6,59
77678,MRGA,MIRYALAGUDA,KCG,KACHEGUDA,17,154
77679,FM,FALAKNUMA,MED,MEDCHAL,23,39
77680,MED,MEDCHAL,FM,FALAKNUMA,23,39
77681,FM,FALAKNUMA,MED,MEDCHAL,23,39
77682,MED,MEDCHAL,FM,FALAKNUMA,23,39
77683,J,JALNA,NSL,NAGARSOL,14,151
77684,NSL,NAGARSOL,J,JALNA,14,151
77689,GWD,GADWAL,RC,RAICHUR,5,57
77690,RC,RAICHUR,GWD,GADWAL,5,57
77691,J,JALNA,NSL,NAGARSOL,14,151
77693,KCG,KACHEGUDA,RC,RAICHUR,22,237
77694,RC,RAICHUR,KCG,KACHEGUDA,21,237
77695,NDL,NANDYAL,KRNT,KURNOOL TOWN,14,129
77696,KRNT,KURNOOL TOWN,NDL,NANDYAL,14,129
78009,ROP,RUPSA JN.,VZR,BHANJPUR,8,55
78010,VZR,BHANJPUR,ROP,RUPSA JN.,8,55
78011,ROP,RUPSA JN.,VZR,BHANJPUR,8,55
78012,VZR,BHANJPUR,BLS,BALASORE,11,72
78013,BLS,BALASORE,BPO,BARIPADA PH,10,69
78014,BGY,BANGRIPOSI,BPO,BARIPADA PH,5,17
78015,BPO,BARIPADA PH,BGY,BANGRIPOSI,5,17
78016,BPO,BARIPADA PH,BLS,BALASORE,10,69
78017,BLS,BALASORE,BPO,BARIPADA PH,10,69
78018,BGY,BANGRIPOSI,BPO,BARIPADA PH,5,17
78019,BPO,BARIPADA PH,BGY,BANGRIPOSI,5,17
78020,BPO,BARIPADA PH,ROP,RUPSA JN.,7,51
78031,TATA,TATANAGAR JN,BMPR,BADAMPAHAR,9,116
78032,BMPR,BADAMPAHAR,TATA,TATANAGAR JN,9,116
78033,TATA,TATANAGAR JN,GUA,GUA,19,147
78034,GUA,GUA,TATA,TATANAGAR JN,19,147
78051,GMMG,GRAM MASAGRA,BQA,BANKURA,26,113
78052,BQA,BANKURA,GMMG,GRAM MASAGRA,26,113
78053,GMMG,GRAM MASAGRA,BQA,BANKURA,26,113
78054,BQA,BANKURA,GMMG,GRAM MASAGRA,26,113
78055,GMMG,GRAM MASAGRA,BQA,BANKURA,26,113
78056,BQA,BANKURA,GMMG,GRAM MASAGRA,26,113
78057,SONA,SONAMUKHI PH,BQA,BANKURA,8,40
78058,BQA,BANKURA,SONA,SONAMUKHI PH,8,40
78059,GMMG,GRAM MASAGRA,BQA,BANKURA,26,113
78060,BQA,BANKURA,GMMG,GRAM MASAGRA,26,113
78061,GMMG,GRAM MASAGRA,BQA,BANKURA,26,113
78101,CKP,CHAKARADHARP,ROU,ROURKELA,15,96
78102,ROU,ROURKELA,CKP,CHAKARADHARP,15,96
78103,ROU,ROURKELA,SBP,SAMBALPUR JN,23,150
78104,SBP,SAMBALPUR JN,ROU,ROURKELA,23,150
78502,BBS,BHUBANESWAR,CTC,CUTTACK JN.,8,27
78503,BBS,BHUBANESWAR,BAM,BERHAMPUR,28,165
78504,BAM,BERHAMPUR,BBS,BHUBANESWAR,28,165
78505,BAM,BERHAMPUR,PSA,PALASA,10,73
78511,VBL,BOBBILI JN.,SALR,SALUR,4,16
78512,SALR,SALUR,VBL,BOBBILI JN.,4,16
78513,VBL,BOBBILI JN.,SALR,SALUR,4,16
78514,SALR,SALUR,VBL,BOBBILI JN.,4,16
78515,VBL,BOBBILI JN.,SALR,SALUR,4,16
78516,SALR,SALUR,VBL,BOBBILI JN.,4,16
78517,VBL,BOBBILI JN.,SALR,SALUR,4,16
78518,SALR,SALUR,VBL,BOBBILI JN.,4,16
78519,VBL,BOBBILI JN.,SALR,SALUR,4,16
78520,SALR,SALUR,VBL,BOBBILI JN.,4,16
78531,VZM,VIZIANAGARAM,VSKP,VISAKHAPATNA,10,60
78534,VZM,VIZIANAGARAM,PSA,PALASA,18,142
78801,G,GONDIA JN.,KGE,KATANGI,16,89
78802,KGE,KATANGI,G,GONDIA JN.,16,87
78803,G,GONDIA JN.,KGE,KATANGI,16,89
78804,KGE,KATANGI,G,GONDIA JN.,16,87
78805,G,GONDIA JN.,KGE,KATANGI,16,89
78806,KGE,KATANGI,G,GONDIA JN.,16,87
78807,G,GONDIA JN.,WRI,WARASEONI,12,60
78808,WRI,WARASEONI,G,GONDIA JN.,12,58
78809,G,GONDIA JN.,KGE,KATANGI,16,89
78810,KGE,KATANGI,G,GONDIA JN.,16,87
78811,TMR,TUMSAR RD,TRDI,TIRODI,9,47
78812,TRDI,TIRODI,TMR,TUMSAR RD,9,46
78813,TMR,TUMSAR RD,TRDI,TIRODI,9,47
78814,TRDI,TIRODI,TMR,TUMSAR RD,9,46
78815,R,RAIPUR JN.,GUDM,GUDUM,19,149
78816,DRZ,DALLI-RAJHAR,R,RAIPUR JN.,18,129
78817,DURG,DURG,DRZ,DALLI-RAJHAR,10,89
78818,GUDM,GUDUM,DURG,DURG,11,104
78819,BPQ,BALHARSHAH,G,GONDIA JN.,28,249
78820,G,GONDIA JN.,BPQ,BALHARSHAH,28,249
78821,G,GONDIA JN.,KGE,KATANGI,16,89
78822,KGE,KATANGI,G,GONDIA JN.,16,87
78824,DURG,DURG,DRZ,DALLI-RAJHAR,10,89
78825,DRZ,DALLI-RAJHAR,DURG,DURG,10,87
78826,DRZ,DALLI-RAJHAR,DURG,DURG,10,87
78827,DURG,DURG,DRZ,DALLI-RAJHAR,10,89
79301,RTM,RATLAM JN,BHL,BHILWARA,26,242
79302,BHL,BHILWARA,RTM,RATLAM JN,26,242
79303,RTM,RATLAM JN,COR,CHITTAURGARH,19,188
79304,COR,CHITTAURGARH,RTM,RATLAM JN,18,188
79305,DADN,MHOW,RTM,RATLAM JN,20,139
79306,RTM,RATLAM JN,DADN,MHOW,20,139
79307,DADN,MHOW,INDB,INDORE BG,6,21
79308,INDB,INDORE BG,DADN,MHOW,6,21
79309,DADN,MHOW,RTM,RATLAM JN,20,139
79310,RTM,RATLAM JN,DADN,MHOW,20,139
79311,DADN,MHOW,INDB,INDORE BG,6,21
79312,INDB,INDORE BG,DADN,MHOW,6,21
79313,DADN,MHOW,RTM,RATLAM JN,20,139
79314,RTM,RATLAM JN,DADN,MHOW,20,139
79315,DADN,MHOW,INDB,INDORE BG,6,21
79316,INDB,INDORE BG,DADN,MHOW,6,21
79317,DADN,MHOW,RTM,RATLAM JN,20,139
79318,RTM,RATLAM JN,DADN,MHOW,20,139
79319,INDB,INDORE BG,DADN,MHOW,6,21
79320,DADN,MHOW,INDB,INDORE BG,6,21
79321,INDB,INDORE BG,DADN,MHOW,6,21
79322,DADN,MHOW,INDB,INDORE BG,6,21
79323,INDB,INDORE BG,DADN,MHOW,6,21
79324,DADN,MHOW,INDB,INDORE BG,6,21
79325,INDB,INDORE BG,DADN,MHOW,6,21
79326,DADN,MHOW,INDB,INDORE BG,6,21
79413,ANND,ANAND JN.,CBY,KHAMBHAT,13,51
79414,CBY,KHAMBHAT,ANND,ANAND JN.,13,51
79415,ANND,ANAND JN.,CBY,KHAMBHAT,13,51
79416,CBY,KHAMBHAT,ANND,ANAND JN.,13,51
79417,ANND,ANAND JN.,CBY,KHAMBHAT,13,51
79418,CBY,KHAMBHAT,ANND,ANAND JN.,13,51
79419,ANND,ANAND JN.,CBY,KHAMBHAT,13,51
79420,CBY,KHAMBHAT,ANND,ANAND JN.,13,51
79421,ANND,ANAND JN.,CBY,KHAMBHAT,13,51
79422,CBY,KHAMBHAT,ANND,ANAND JN.,13,51
79423,ANND,ANAND JN.,CBY,KHAMBHAT,13,51
79424,CBY,KHAMBHAT,ANND,ANAND JN.,13,51
79425,ANND,ANAND JN.,CBY,KHAMBHAT,13,51
79426,CBY,KHAMBHAT,ANND,ANAND JN.,13,51
79427,ANND,ANAND JN.,CBY,KHAMBHAT,13,51
79428,CBY,KHAMBHAT,ANND,ANAND JN.,13,51
79429,ANND,ANAND JN.,ADI,AHMEDABAD,5,63
79430,ADI,AHMEDABAD,ANND,ANAND JN.,5,63
79431,ADI,AHMEDABAD,MSH,MAHESANA JN,10,68
79432,MSH,MAHESANA JN,ADI,AHMEDABAD,10,68
79433,ADI,AHMEDABAD,PTN,PATAN,15,109
79434,PTN,PATAN,ADI,AHMEDABAD,15,109
79435,ADI,AHMEDABAD,PTN,PATAN,15,109
79436,PTN,PATAN,ADI,AHMEDABAD,15,109
79437,MSH,MAHESANA JN,ABR,ABU ROAD,17,118
79438,ABR,ABU ROAD,MSH,MAHESANA JN,17,117
79441,WKR,WANKANER,MVI,MORVI,5,28
79442,MVI,MORVI,WKR,WANKANER,5,28
79443,WKR,WANKANER,MVI,MORVI,5,28
79444,MVI,MORVI,WKR,WANKANER,5,28
79445,WKR,WANKANER,RJT,RAJKOT,14,98
79446,MVI,MORVI,WKR,WANKANER,5,28
79447,WKR,WANKANER,MVI,MORVI,5,28
79448,MVI,MORVI,WKR,WANKANER,6,28
79449,MVI,MORVI,MALB,MALIYA MIYAN,7,47
79450,MALB,MALIYA MIYAN,MVI,MORVI,7,47
79451,WKR,WANKANER,MVI,MORVI,5,28
79452,MVI,MORVI,WKR,WANKANER,5,28
79453,WKR,WANKANER,MVI,MORVI,5,28
79454,RJT,RAJKOT,WKR,WANKANER,16,98
79455,BRC,VADODARA JN.,CTD,CHHOTA UDEPU,19,105
79456,CTD,CHHOTA UDEPU,BRC,VADODARA JN.,19,105
79457,SUNR,SURENDRANAGA,DHG,DHRANGADHRA,2,36
79458,DHG,DHRANGADHRA,SUNR,SURENDRANAGA,2,36
79459,SUNR,SURENDRANAGA,DHG,DHRANGADHRA,2,36
79460,DHG,DHRANGADHRA,SUNR,SURENDRANAGA,2,36
79481,VJF,VIJAPUR,AJM,ADRAJ MOTI,2,39
79482,AJM,ADRAJ MOTI,VJF,VIJAPUR,2,39
79483,VJF,VIJAPUR,AJM,ADRAJ MOTI,2,39
79484,AJM,ADRAJ MOTI,VJF,VIJAPUR,2,39
79485,VJF,VIJAPUR,UMNF,AMBLIYASAN J,2,1
79486,UMNF,AMBLIYASAN J,VJF,VIJAPUR,2,1
79487,VJF,VIJAPUR,UMNF,AMBLIYASAN J,2,1
79488,UMNF,AMBLIYASAN J,VJF,VIJAPUR,2,1
79489,VJF,VIJAPUR,UMNF,AMBLIYASAN J,2,1
79490,UMNF,AMBLIYASAN J,VJF,VIJAPUR,2,1
82355,PNBE,PATNA JN.,CSMT,CST-MUMBAI,7,1712
82601,MS,CHENNAI EGMO,TEN,TIRUNELVELI,11,649
82606,TEN,TIRUNELVELI,MS,CHENNAI EGMO,15,649
82631,MAS,CHENNAI CENT,ERS,ERNAKULAM. J,13,695
82635,MAS,CHENNAI CENT,QLN,QUILON,18,849
82651,YPR,YESVANTPUR J,SVDK,SHRI MATA VA,22,3211
82652,SVDK,SHRI MATA VA,YPR,YESVANTPUR J,22,3212
82653,YPR,YESVANTPUR J,JP,JAIPUR JN.,22,2440
82654,JP,JAIPUR JN.,YPR,YESVANTPUR J,18,2440
82665,YPR,YESVANTPUR J,VSG,VASCO-DA-GAM,15,668
82666,VSG,VASCO-DA-GAM,YPR,YESVANTPUR J,15,663
90540,VR,VIRAR,CCG,CHURCHGATE,2,60
90981,CCG,CHURCHGATE,VR,VIRAR,2,59
91392,RVJ,RAVLI JN,CSMT,CST-MUMBAI,2,10
91393,CSMT,CST-MUMBAI,RVJ,RAVLI JN,2,10
91394,RVJ,RAVLI JN,CSMT,CST-MUMBAI,2,10
91395,CSMT,CST-MUMBAI,RVJ,RAVLI JN,2,10
91396,RVJ,RAVLI JN,CSMT,CST-MUMBAI,2,10
91491,CSMT,CST-MUMBAI,RVJ,RAVLI JN,2,10
93001,VR,VIRAR,DRD,DAHANU ROAD,2,63
93002,DRD,DAHANU ROAD,ADH,ANDHERI,2,101
93003,VR,VIRAR,DRD,DAHANU ROAD,2,63
93004,DRD,DAHANU ROAD,VR,VIRAR,2,63
93005,CCG,CHURCHGATE,DRD,DAHANU ROAD,2,123
93006,DRD,DAHANU ROAD,CCG,CHURCHGATE,2,123
93007,CCG,CHURCHGATE,DRD,DAHANU ROAD,2,123
93008,DRD,DAHANU ROAD,BVI,BORIVLI,2,89
93009,ADH,ANDHERI,DRD,DAHANU ROAD,2,101
93010,DRD,DAHANU ROAD,VR,VIRAR,2,63
93011,VR,VIRAR,DRD,DAHANU ROAD,2,63
93012,DRD,DAHANU ROAD,VR,VIRAR,2,63
93013,BVI,BORIVLI,DRD,DAHANU ROAD,2,89
93014,DRD,DAHANU ROAD,VR,VIRAR,2,63
93015,CCG,CHURCHGATE,DRD,DAHANU ROAD,2,123
93016,DRD,DAHANU ROAD,CCG,CHURCHGATE,2,123
93017,VR,VIRAR,DRD,DAHANU ROAD,2,63
93018,DRD,DAHANU ROAD,VR,VIRAR,2,63
93019,VR,VIRAR,DRD,DAHANU ROAD,2,63
93020,DRD,DAHANU ROAD,DDR,DADAR,2,113
93021,VR,VIRAR,DRD,DAHANU ROAD,2,63
93022,DRD,DAHANU ROAD,DDR,DADAR,2,113
93023,VR,VIRAR,DRD,DAHANU ROAD,2,63
93024,DRD,DAHANU ROAD,VR,VIRAR,2,63
93025,CCG,CHURCHGATE,DRD,DAHANU ROAD,2,123
93026,DRD,DAHANU ROAD,CCG,CHURCHGATE,2,123
93027,DDR,DADAR,DRD,DAHANU ROAD,2,113
93028,DRD,DAHANU ROAD,CCG,CHURCHGATE,2,123
93029,DDR,DADAR,DRD,DAHANU ROAD,2,113
93030,DRD,DAHANU ROAD,CCG,CHURCHGATE,2,123
93031,VR,VIRAR,DRD,DAHANU ROAD,8,63
93032,DRD,DAHANU ROAD,VR,VIRAR,2,63
93033,CCG,CHURCHGATE,DRD,DAHANU ROAD,2,123
93034,DRD,DAHANU ROAD,VR,VIRAR,9,63
93101,VR,VIRAR,DRD,DAHANU ROAD,9,63
93102,DRD,DAHANU ROAD,VR,VIRAR,9,63
93103,CCG,CHURCHGATE,DRD,DAHANU ROAD,17,123
93104,DRD,DAHANU ROAD,VR,VIRAR,9,63
93105,VR,VIRAR,DRD,DAHANU ROAD,9,63
93109,VR,VIRAR,DRD,DAHANU ROAD,9,63
95001,KYN,KALYAN JN,PDI,PALASDARI,10,49
95002,PDI,PALASDARI,KYN,KALYAN JN,8,49
95003,KYN,KALYAN JN,PDI,PALASDARI,10,49
95004,PDI,PALASDARI,KYN,KALYAN JN,8,49
95005,KYN,KALYAN JN,PDI,PALASDARI,10,49
95006,PDI,PALASDARI,KYN,KALYAN JN,8,49
95007,KYN,KALYAN JN,PDI,PALASDARI,10,49
95008,PDI,PALASDARI,KYN,KALYAN JN,8,49
95009,KYN,KALYAN JN,PDI,PALASDARI,10,49
95010,PDI,PALASDARI,KYN,KALYAN JN,8,49
95011,KYN,KALYAN JN,PDI,PALASDARI,10,49
95012,PDI,PALASDARI,KYN,KALYAN JN,8,49
95013,KYN,KALYAN JN,PDI,PALASDARI,8,49
95101,KYN,KALYAN JN,KJT,KARJAT,9,46
95102,KJT,KARJAT,KYN,KALYAN JN,7,46
95103,KYN,KALYAN JN,KJT,KARJAT,9,46
95104,KJT,KARJAT,KYN,KALYAN JN,7,46
95105,KYN,KALYAN JN,KJT,KARJAT,9,46
95106,KJT,KARJAT,KYN,KALYAN JN,7,46
95107,KYN,KALYAN JN,KJT,KARJAT,9,46
95108,KJT,KARJAT,KYN,KALYAN JN,7,46
95109,KYN,KALYAN JN,KJT,KARJAT,9,46
95110,KJT,KARJAT,KYN,KALYAN JN,7,46
95111,KYN,KALYAN JN,KJT,KARJAT,9,46
95112,KJT,KARJAT,KYN,KALYAN JN,7,46
95113,KYN,KALYAN JN,KJT,KARJAT,9,46
95114,KJT,KARJAT,KYN,KALYAN JN,7,46
95115,KYN,KALYAN JN,KJT,KARJAT,9,46
95116,KJT,KARJAT,KYN,KALYAN JN,7,46
95117,KYN,KALYAN JN,KJT,KARJAT,9,46
95118,KJT,KARJAT,KYN,KALYAN JN,7,46
95119,KYN,KALYAN JN,KJT,KARJAT,9,46
95120,KJT,KARJAT,KYN,KALYAN JN,7,46
95121,KYN,KALYAN JN,KJT,KARJAT,9,46
95122,KJT,KARJAT,KYN,KALYAN JN,7,46
95123,KYN,KALYAN JN,KJT,KARJAT,9,46
95124,KJT,KARJAT,KYN,KALYAN JN,7,46
95125,KYN,KALYAN JN,KJT,KARJAT,9,46
95126,KJT,KARJAT,KYN,KALYAN JN,7,46
95127,KYN,KALYAN JN,KJT,KARJAT,9,46
95128,KJT,KARJAT,KYN,KALYAN JN,7,46
95129,KYN,KALYAN JN,KJT,KARJAT,9,46
95130,KJT,KARJAT,KYN,KALYAN JN,7,46
95131,KYN,KALYAN JN,KJT,KARJAT,9,46
95132,KJT,KARJAT,KYN,KALYAN JN,7,46
95134,KJT,KARJAT,KYN,KALYAN JN,7,46
95136,KJT,KARJAT,KYN,KALYAN JN,7,46
95138,KJT,KARJAT,KYN,KALYAN JN,7,46
95140,KJT,KARJAT,KYN,KALYAN JN,7,46
95142,KJT,KARJAT,KYN,KALYAN JN,7,46
95144,KJT,KARJAT,KYN,KALYAN JN,7,46
95201,KYN,KALYAN JN,BUD,BADLAPUR,5,14
95202,BUD,BADLAPUR,KYN,KALYAN JN,3,14
95203,KYN,KALYAN JN,BUD,BADLAPUR,5,14
95204,BUD,BADLAPUR,KYN,KALYAN JN,3,14
95205,KYN,KALYAN JN,BUD,BADLAPUR,5,14
95206,BUD,BADLAPUR,KYN,KALYAN JN,3,14
95207,KYN,KALYAN JN,BUD,BADLAPUR,5,14
95208,BUD,BADLAPUR,KYN,KALYAN JN,3,14
95209,KYN,KALYAN JN,BUD,BADLAPUR,5,14
95210,BUD,BADLAPUR,KYN,KALYAN JN,3,14
95211,KYN,KALYAN JN,BUD,BADLAPUR,5,14
95212,BUD,BADLAPUR,KYN,KALYAN JN,3,14
95213,KYN,KALYAN JN,BUD,BADLAPUR,5,14
95214,BUD,BADLAPUR,KYN,KALYAN JN,3,14
95215,KYN,KALYAN JN,BUD,BADLAPUR,5,14
95216,BUD,BADLAPUR,KYN,KALYAN JN,3,14
95217,KYN,KALYAN JN,BUD,BADLAPUR,5,14
95218,BUD,BADLAPUR,KYN,KALYAN JN,3,14
95219,KYN,KALYAN JN,BUD,BADLAPUR,5,14
95220,BUD,BADLAPUR,KYN,KALYAN JN,3,14
95221,KYN,KALYAN JN,BUD,BADLAPUR,5,14
95222,BUD,BADLAPUR,KYN,KALYAN JN,3,14
95223,KYN,KALYAN JN,BUD,BADLAPUR,5,14
95224,BUD,BADLAPUR,KYN,KALYAN JN,3,14
95225,KYN,KALYAN JN,BUD,BADLAPUR,5,14
95226,BUD,BADLAPUR,KYN,KALYAN JN,3,14
95227,KYN,KALYAN JN,BUD,BADLAPUR,5,14
95228,BUD,BADLAPUR,KYN,KALYAN JN,3,14
95229,KYN,KALYAN JN,BUD,BADLAPUR,5,14
95230,BUD,BADLAPUR,KYN,KALYAN JN,3,14
95231,KYN,KALYAN JN,BUD,BADLAPUR,5,14
95232,BUD,BADLAPUR,KYN,KALYAN JN,3,14
95233,KYN,KALYAN JN,BUD,BADLAPUR,5,14
95234,BUD,BADLAPUR,KYN,KALYAN JN,3,14
95235,KYN,KALYAN JN,BUD,BADLAPUR,5,14
95236,BUD,BADLAPUR,KYN,KALYAN JN,3,14
95237,KYN,KALYAN JN,BUD,BADLAPUR,5,14
95239,KYN,KALYAN JN,BUD,BADLAPUR,5,14
95241,KYN,KALYAN JN,BUD,BADLAPUR,5,14
95301,KYN,KALYAN JN,ABH,AMBERNATH,4,6
95302,ABH,AMBERNATH,KYN,KALYAN JN,2,6
95303,KYN,KALYAN JN,ABH,AMBERNATH,4,6
95304,ABH,AMBERNATH,KYN,KALYAN JN,2,6
95305,KYN,KALYAN JN,ABH,AMBERNATH,4,6
95306,ABH,AMBERNATH,KYN,KALYAN JN,2,6
95307,KYN,KALYAN JN,ABH,AMBERNATH,4,6
95308,ABH,AMBERNATH,KYN,KALYAN JN,2,6
95309,KYN,KALYAN JN,ABH,AMBERNATH,4,6
95310,ABH,AMBERNATH,KYN,KALYAN JN,2,6
95311,KYN,KALYAN JN,ABH,AMBERNATH,4,6
95312,ABH,AMBERNATH,KYN,KALYAN JN,2,6
95313,KYN,KALYAN JN,ABH,AMBERNATH,4,6
95314,ABH,AMBERNATH,KYN,KALYAN JN,2,6
95315,KYN,KALYAN JN,ABH,AMBERNATH,4,6
95316,ABH,AMBERNATH,KYN,KALYAN JN,2,6
95317,KYN,KALYAN JN,ABH,AMBERNATH,4,6
95318,ABH,AMBERNATH,KYN,KALYAN JN,2,6
95319,KYN,KALYAN JN,ABH,AMBERNATH,4,6
95320,ABH,AMBERNATH,KYN,KALYAN JN,2,6
95321,KYN,KALYAN JN,ABH,AMBERNATH,4,6
95322,ABH,AMBERNATH,KYN,KALYAN JN,2,6
95323,KYN,KALYAN JN,ABH,AMBERNATH,4,6
95324,ABH,AMBERNATH,KYN,KALYAN JN,2,6
95325,KYN,KALYAN JN,ABH,AMBERNATH,4,6
95326,ABH,AMBERNATH,KYN,KALYAN JN,2,6
95327,KYN,KALYAN JN,ABH,AMBERNATH,4,6
95328,ABH,AMBERNATH,KYN,KALYAN JN,2,6
95329,KYN,KALYAN JN,ABH,AMBERNATH,4,6
95330,ABH,AMBERNATH,KYN,KALYAN JN,2,6
95331,KYN,KALYAN JN,ABH,AMBERNATH,4,6
95332,ABH,AMBERNATH,KYN,KALYAN JN,2,6
95334,ABH,AMBERNATH,KYN,KALYAN JN,2,6
95336,ABH,AMBERNATH,KYN,KALYAN JN,2,6
95338,ABH,AMBERNATH,KYN,KALYAN JN,2,6
95340,ABH,AMBERNATH,KYN,KALYAN JN,2,6
95342,ABH,AMBERNATH,KYN,KALYAN JN,2,6
95401,KYN,KALYAN JN,KSRA,KASARA,12,67
95402,KSRA,KASARA,KYN,KALYAN JN,10,67
95403,KYN,KALYAN JN,KSRA,KASARA,12,67
95404,KSRA,KASARA,KYN,KALYAN JN,10,67
95405,KYN,KALYAN JN,KSRA,KASARA,12,67
95406,KSRA,KASARA,KYN,KALYAN JN,10,67
95407,KYN,KALYAN JN,KSRA,KASARA,12,67
95408,KSRA,KASARA,KYN,KALYAN JN,10,67
95409,KYN,KALYAN JN,KSRA,KASARA,12,67
95410,KSRA,KASARA,KYN,KALYAN JN,10,67
95411,KYN,KALYAN JN,KSRA,KASARA,12,67
95412,KSRA,KASARA,KYN,KALYAN JN,10,67
95413,KYN,KALYAN JN,KSRA,KASARA,12,67
95414,KSRA,KASARA,KYN,KALYAN JN,10,67
95415,KYN,KALYAN JN,KSRA,KASARA,12,67
95416,KSRA,KASARA,KYN,KALYAN JN,10,67
95417,KYN,KALYAN JN,KSRA,KASARA,12,67
95418,KSRA,KASARA,KYN,KALYAN JN,10,67
95419,KYN,KALYAN JN,KSRA,KASARA,12,67
95420,KSRA,KASARA,KYN,KALYAN JN,10,67
95421,KYN,KALYAN JN,KSRA,KASARA,12,67
95422,KSRA,KASARA,KYN,KALYAN JN,10,67
95423,KYN,KALYAN JN,KSRA,KASARA,12,67
95424,KSRA,KASARA,KYN,KALYAN JN,10,67
95425,KYN,KALYAN JN,KSRA,KASARA,12,67
95426,KSRA,KASARA,KYN,KALYAN JN,10,67
95428,KSRA,KASARA,KYN,KALYAN JN,10,67
95430,KSRA,KASARA,KYN,KALYAN JN,10,67
95501,KYN,KALYAN JN,ASO,ASANGAON,7,32
95502,ASO,ASANGAON,KYN,KALYAN JN,5,32
95503,KYN,KALYAN JN,ASO,ASANGAON,7,32
95504,ASO,ASANGAON,KYN,KALYAN JN,5,32
95505,KYN,KALYAN JN,ASO,ASANGAON,7,32
95506,ASO,ASANGAON,KYN,KALYAN JN,5,32
95507,KYN,KALYAN JN,ASO,ASANGAON,7,32
95508,ASO,ASANGAON,KYN,KALYAN JN,5,32
95509,KYN,KALYAN JN,ASO,ASANGAON,7,32
95510,ASO,ASANGAON,KYN,KALYAN JN,5,32
95511,KYN,KALYAN JN,ASO,ASANGAON,7,32
95512,ASO,ASANGAON,KYN,KALYAN JN,5,32
95513,KYN,KALYAN JN,ASO,ASANGAON,7,32
95514,ASO,ASANGAON,KYN,KALYAN JN,5,32
95515,KYN,KALYAN JN,ASO,ASANGAON,7,32
95516,ASO,ASANGAON,KYN,KALYAN JN,5,32
95517,KYN,KALYAN JN,ASO,ASANGAON,7,32
95601,KYN,KALYAN JN,TLA,TITVALA,4,10
95602,TLA,TITVALA,KYN,KALYAN JN,2,10
95603,KYN,KALYAN JN,TLA,TITVALA,4,10
95604,TLA,TITVALA,KYN,KALYAN JN,2,10
95605,KYN,KALYAN JN,TLA,TITVALA,4,10
95606,TLA,TITVALA,KYN,KALYAN JN,2,10
95607,KYN,KALYAN JN,TLA,TITVALA,4,10
95608,TLA,TITVALA,KYN,KALYAN JN,2,10
95609,KYN,KALYAN JN,TLA,TITVALA,4,10
95610,TLA,TITVALA,KYN,KALYAN JN,2,10
95611,KYN,KALYAN JN,TLA,TITVALA,4,10
95612,TLA,TITVALA,KYN,KALYAN JN,2,10
95613,KYN,KALYAN JN,TLA,TITVALA,4,10
95614,TLA,TITVALA,KYN,KALYAN JN,2,10
95615,KYN,KALYAN JN,TLA,TITVALA,4,10
95616,TLA,TITVALA,KYN,KALYAN JN,2,10
95617,KYN,KALYAN JN,TLA,TITVALA,4,10
95619,KYN,KALYAN JN,TLA,TITVALA,4,10
95701,CSMT,CST-MUMBAI,KYN,KALYAN JN,7,53
95702,KYN,KALYAN JN,CSMT,CST-MUMBAI,17,53
95703,CSMT,CST-MUMBAI,KYN,KALYAN JN,9,53
95704,KYN,KALYAN JN,CSMT,CST-MUMBAI,9,53
95705,CSMT,CST-MUMBAI,KYN,KALYAN JN,9,53
95706,KYN,KALYAN JN,DR,DADAR,12,44
95707,CSMT,CST-MUMBAI,KYN,KALYAN JN,16,53
95708,KYN,KALYAN JN,CSMT,CST-MUMBAI,13,53
95709,CSMT,CST-MUMBAI,KYN,KALYAN JN,16,53
95710,KYN,KALYAN JN,CSMT,CST-MUMBAI,14,53
95711,CSMT,CST-MUMBAI,KYN,KALYAN JN,17,53
95712,KYN,KALYAN JN,CSMT,CST-MUMBAI,9,53
95713,DR,DADAR,KYN,KALYAN JN,6,44
95714,KYN,KALYAN JN,CSMT,CST-MUMBAI,14,53
95715,CSMT,CST-MUMBAI,KYN,KALYAN JN,14,53
95716,KYN,KALYAN JN,CSMT,CST-MUMBAI,13,53
95717,CSMT,CST-MUMBAI,KYN,KALYAN JN,8,53
95718,KYN,KALYAN JN,CSMT,CST-MUMBAI,14,53
95719,CSMT,CST-MUMBAI,KYN,KALYAN JN,8,53
95720,KYN,KALYAN JN,CSMT,CST-MUMBAI,14,53
95721,CSMT,CST-MUMBAI,KYN,KALYAN JN,19,53
95722,KYN,KALYAN JN,DR,DADAR,6,44
95723,DR,DADAR,KYN,KALYAN JN,7,44
95724,KYN,KALYAN JN,CSMT,CST-MUMBAI,8,53
95725,DR,DADAR,KYN,KALYAN JN,7,44
95726,KYN,KALYAN JN,CSMT,CST-MUMBAI,8,53
95727,CSMT,CST-MUMBAI,KYN,KALYAN JN,14,53
95728,KYN,KALYAN JN,CSMT,CST-MUMBAI,14,53
95729,DR,DADAR,KYN,KALYAN JN,12,44
95730,KYN,KALYAN JN,DR,DADAR,6,44
95731,CSMT,CST-MUMBAI,KYN,KALYAN JN,13,53
95732,KYN,KALYAN JN,CSMT,CST-MUMBAI,13,53
95733,CSMT,CST-MUMBAI,KYN,KALYAN JN,14,53
95734,KYN,KALYAN JN,DR,DADAR,6,44
95735,DR,DADAR,KYN,KALYAN JN,12,44
95736,KYN,KALYAN JN,CSMT,CST-MUMBAI,13,53
95737,CSMT,CST-MUMBAI,KYN,KALYAN JN,14,53
95738,KYN,KALYAN JN,CSMT,CST-MUMBAI,14,53
95739,CSMT,CST-MUMBAI,KYN,KALYAN JN,9,53
95740,KYN,KALYAN JN,CSMT,CST-MUMBAI,2,53
95741,CSMT,CST-MUMBAI,KYN,KALYAN JN,14,53
95742,KYN,KALYAN JN,CSMT,CST-MUMBAI,14,53
95743,CSMT,CST-MUMBAI,KYN,KALYAN JN,17,53
95744,KYN,KALYAN JN,CSMT,CST-MUMBAI,8,53
95745,CSMT,CST-MUMBAI,KYN,KALYAN JN,9,53
95746,KYN,KALYAN JN,CSMT,CST-MUMBAI,9,53
95801,CSMT,CST-MUMBAI,DI,DOMBIVLI,11,48
95802,DI,DOMBIVLI,CSMT,CST-MUMBAI,12,48
95804,DI,DOMBIVLI,CSMT,CST-MUMBAI,11,48
95805,CSMT,CST-MUMBAI,DI,DOMBIVLI,14,48
95808,DI,DOMBIVLI,CSMT,CST-MUMBAI,11,48
95901,CSMT,CST-MUMBAI,TNA,THANE,6,33
95902,TNA,THANE,CSMT,CST-MUMBAI,7,33
95903,CSMT,CST-MUMBAI,TNA,THANE,7,33
95904,TNA,THANE,CSMT,CST-MUMBAI,7,33
95905,CSMT,CST-MUMBAI,TNA,THANE,5,33
95906,TNA,THANE,CSMT,CST-MUMBAI,7,33
95907,CSMT,CST-MUMBAI,TNA,THANE,6,33
95908,TNA,THANE,CSMT,CST-MUMBAI,7,33
95909,CSMT,CST-MUMBAI,TNA,THANE,6,33
95910,TNA,THANE,CSMT,CST-MUMBAI,7,33
95911,CSMT,CST-MUMBAI,TNA,THANE,6,33
95912,TNA,THANE,CSMT,CST-MUMBAI,7,33
95913,CSMT,CST-MUMBAI,TNA,THANE,10,33
95917,CSMT,CST-MUMBAI,TNA,THANE,6,33
95919,CSMT,CST-MUMBAI,TNA,THANE,9,33
96001,KJT,KARJAT,PDI,PALASDARI,2,2
96002,PDI,PALASDARI,KJT,KARJAT,2,2
96003,KYN,KALYAN JN,PDI,PALASDARI,10,49
96004,PDI,PALASDARI,KJT,KARJAT,2,2
96005,KJT,KARJAT,PDI,PALASDARI,2,2
96006,PDI,PALASDARI,KJT,KARJAT,2,2
96007,KJT,KARJAT,PDI,PALASDARI,2,2
96008,PDI,PALASDARI,KJT,KARJAT,2,2
96009,KJT,KARJAT,PDI,PALASDARI,2,2
96010,PDI,PALASDARI,KJT,KARJAT,2,2
96011,KJT,KARJAT,PDI,PALASDARI,2,2
96012,PDI,PALASDARI,KJT,KARJAT,2,2
96013,KJT,KARJAT,PDI,PALASDARI,2,2
96014,PDI,PALASDARI,KJT,KARJAT,2,2
96015,KJT,KARJAT,PDI,PALASDARI,2,2
96016,PDI,PALASDARI,KJT,KARJAT,2,2
96017,KJT,KARJAT,PDI,PALASDARI,2,2
96018,PDI,PALASDARI,KJT,KARJAT,2,2
96019,KYN,KALYAN JN,PDI,PALASDARI,10,49
96020,PDI,PALASDARI,KYN,KALYAN JN,8,49
96022,PDI,PALASDARI,KJT,KARJAT,2,2
96101,KYN,KALYAN JN,KJT,KARJAT,9,46
96102,KJT,KARJAT,KYN,KALYAN JN,7,46
96103,KYN,KALYAN JN,KJT,KARJAT,9,46
96104,KJT,KARJAT,KYN,KALYAN JN,7,46
96105,KYN,KALYAN JN,KJT,KARJAT,9,46
96106,KJT,KARJAT,KYN,KALYAN JN,7,46
96107,KYN,KALYAN JN,KJT,KARJAT,9,46
96108,KJT,KARJAT,KYN,KALYAN JN,7,46
96109,KYN,KALYAN JN,KJT,KARJAT,9,46
96110,KJT,KARJAT,KYN,KALYAN JN,7,46
96111,KYN,KALYAN JN,KJT,KARJAT,9,46
96112,KJT,KARJAT,KYN,KALYAN JN,7,46
96113,KYN,KALYAN JN,KJT,KARJAT,9,46
96114,KJT,KARJAT,CSMT,CST-MUMBAI,30,99
96115,KYN,KALYAN JN,KJT,KARJAT,9,46
96116,KJT,KARJAT,CSMT,CST-MUMBAI,30,99
96117,KYN,KALYAN JN,KJT,KARJAT,9,46
96119,KYN,KALYAN JN,KJT,KARJAT,9,46
96121,KYN,KALYAN JN,KJT,KARJAT,9,46
96201,KYN,KALYAN JN,BUD,BADLAPUR,5,14
96202,BUD,BADLAPUR,KYN,KALYAN JN,3,14
96203,KYN,KALYAN JN,BUD,BADLAPUR,5,14
96204,BUD,BADLAPUR,KYN,KALYAN JN,3,14
96205,KYN,KALYAN JN,BUD,BADLAPUR,5,14
96206,BUD,BADLAPUR,KYN,KALYAN JN,3,14
96207,KYN,KALYAN JN,BUD,BADLAPUR,5,14
96208,BUD,BADLAPUR,KYN,KALYAN JN,3,14
96209,KYN,KALYAN JN,BUD,BADLAPUR,5,14
96210,BUD,BADLAPUR,KYN,KALYAN JN,3,14
96211,KYN,KALYAN JN,BUD,BADLAPUR,5,14
96212,BUD,BADLAPUR,KYN,KALYAN JN,3,14
96213,KYN,KALYAN JN,BUD,BADLAPUR,5,14
96214,BUD,BADLAPUR,KYN,KALYAN JN,3,14
96215,KYN,KALYAN JN,BUD,BADLAPUR,5,14
96216,BUD,BADLAPUR,KYN,KALYAN JN,3,14
96217,KYN,KALYAN JN,BUD,BADLAPUR,5,14
96218,BUD,BADLAPUR,KYN,KALYAN JN,3,14
96219,KYN,KALYAN JN,BUD,BADLAPUR,5,14
96220,BUD,BADLAPUR,KYN,KALYAN JN,3,14
96221,KYN,KALYAN JN,BUD,BADLAPUR,5,14
96222,BUD,BADLAPUR,KYN,KALYAN JN,3,14
96223,KYN,KALYAN JN,BUD,BADLAPUR,5,14
96224,BUD,BADLAPUR,KYN,KALYAN JN,3,14
96225,KYN,KALYAN JN,BUD,BADLAPUR,5,14
96226,BUD,BADLAPUR,KYN,KALYAN JN,3,14
96227,KYN,KALYAN JN,BUD,BADLAPUR,5,14
96228,BUD,BADLAPUR,KYN,KALYAN JN,3,14
96232,BUD,BADLAPUR,KYN,KALYAN JN,3,14
96234,BUD,BADLAPUR,KYN,KALYAN JN,3,14
96236,BUD,BADLAPUR,CSMT,CST-MUMBAI,26,67
96301,KYN,KALYAN JN,ABH,AMBERNATH,4,6
96302,ABH,AMBERNATH,KYN,KALYAN JN,2,6
96303,KYN,KALYAN JN,ABH,AMBERNATH,4,6
96304,ABH,AMBERNATH,KYN,KALYAN JN,2,6
96305,KYN,KALYAN JN,ABH,AMBERNATH,4,6
96306,ABH,AMBERNATH,KYN,KALYAN JN,2,6
96307,KYN,KALYAN JN,ABH,AMBERNATH,4,6
96308,ABH,AMBERNATH,KYN,KALYAN JN,2,6
96309,KYN,KALYAN JN,ABH,AMBERNATH,4,6
96310,ABH,AMBERNATH,KYN,KALYAN JN,2,6
96311,KYN,KALYAN JN,ABH,AMBERNATH,4,6
96312,ABH,AMBERNATH,KYN,KALYAN JN,2,6
96313,KYN,KALYAN JN,ABH,AMBERNATH,4,6
96314,ABH,AMBERNATH,KYN,KALYAN JN,2,6
96315,KYN,KALYAN JN,ABH,AMBERNATH,4,6
96316,ABH,AMBERNATH,KYN,KALYAN JN,2,6
96317,KYN,KALYAN JN,ABH,AMBERNATH,4,6
96318,ABH,AMBERNATH,KYN,KALYAN JN,2,6
96319,KYN,KALYAN JN,ABH,AMBERNATH,4,6
96320,ABH,AMBERNATH,KYN,KALYAN JN,2,6
96321,KYN,KALYAN JN,ABH,AMBERNATH,4,6
96322,ABH,AMBERNATH,KYN,KALYAN JN,2,6
96323,KYN,KALYAN JN,ABH,AMBERNATH,4,6
96324,ABH,AMBERNATH,KYN,KALYAN JN,2,6
96325,KYN,KALYAN JN,ABH,AMBERNATH,4,6
96326,ABH,AMBERNATH,KYN,KALYAN JN,2,6
96327,KYN,KALYAN JN,ABH,AMBERNATH,4,6
96328,ABH,AMBERNATH,KYN,KALYAN JN,2,6
96329,KYN,KALYAN JN,ABH,AMBERNATH,4,6
96330,ABH,AMBERNATH,KYN,KALYAN JN,2,6
96331,KYN,KALYAN JN,ABH,AMBERNATH,4,6
96332,ABH,AMBERNATH,KYN,KALYAN JN,2,6
96333,KYN,KALYAN JN,ABH,AMBERNATH,4,6
96334,ABH,AMBERNATH,KYN,KALYAN JN,2,6
96335,KYN,KALYAN JN,ABH,AMBERNATH,4,6
96336,ABH,AMBERNATH,CSMT,CST-MUMBAI,25,59
96337,KYN,KALYAN JN,ABH,AMBERNATH,4,6
96339,KYN,KALYAN JN,ABH,AMBERNATH,4,6
96341,KYN,KALYAN JN,ABH,AMBERNATH,4,6
96343,KYN,KALYAN JN,ABH,AMBERNATH,4,6
96345,KYN,KALYAN JN,ABH,AMBERNATH,4,6
96401,KYN,KALYAN JN,KSRA,KASARA,12,67
96402,KSRA,KASARA,KYN,KALYAN JN,10,67
96403,KYN,KALYAN JN,KSRA,KASARA,12,67
96404,KSRA,KASARA,KYN,KALYAN JN,10,67
96405,KYN,KALYAN JN,KSRA,KASARA,12,67
96406,KSRA,KASARA,KYN,KALYAN JN,10,67
96407,KYN,KALYAN JN,KSRA,KASARA,12,67
96409,KYN,KALYAN JN,KSRA,KASARA,12,67
96501,TLA,TITVALA,ASO,ASANGAON,4,21
96502,ASO,ASANGAON,KYN,KALYAN JN,5,32
96503,KYN,KALYAN JN,ASO,ASANGAON,7,32
96504,ASO,ASANGAON,KYN,KALYAN JN,5,32
96505,KYN,KALYAN JN,ASO,ASANGAON,7,32
96506,ASO,ASANGAON,KYN,KALYAN JN,5,32
96507,KYN,KALYAN JN,ASO,ASANGAON,7,32
96508,ASO,ASANGAON,KYN,KALYAN JN,5,32
96509,KYN,KALYAN JN,ASO,ASANGAON,7,32
96510,ASO,ASANGAON,KYN,KALYAN JN,5,32
96511,KYN,KALYAN JN,ASO,ASANGAON,7,32
96512,ASO,ASANGAON,KYN,KALYAN JN,5,32
96513,KYN,KALYAN JN,ASO,ASANGAON,7,32
96514,ASO,ASANGAON,KYN,KALYAN JN,5,32
96515,KYN,KALYAN JN,ASO,ASANGAON,7,32
96516,ASO,ASANGAON,KYN,KALYAN JN,5,32
96517,KYN,KALYAN JN,ASO,ASANGAON,7,32
96518,ASO,ASANGAON,KYN,KALYAN JN,5,32
96519,KYN,KALYAN JN,ASO,ASANGAON,7,32
96520,ASO,ASANGAON,KYN,KALYAN JN,5,32
96521,KYN,KALYAN JN,ASO,ASANGAON,7,32
96522,ASO,ASANGAON,KYN,KALYAN JN,5,32
96524,ASO,ASANGAON,KYN,KALYAN JN,5,32
96601,KYN,KALYAN JN,TLA,TITVALA,4,10
96602,TLA,TITVALA,KYN,KALYAN JN,2,10
96603,KYN,KALYAN JN,TLA,TITVALA,4,10
96604,TLA,TITVALA,KYN,KALYAN JN,2,10
96605,KYN,KALYAN JN,TLA,TITVALA,4,10
96606,TLA,TITVALA,KYN,KALYAN JN,2,10
96607,KYN,KALYAN JN,TLA,TITVALA,4,10
96608,TLA,TITVALA,KYN,KALYAN JN,2,10
96609,KYN,KALYAN JN,TLA,TITVALA,4,10
96610,TLA,TITVALA,KYN,KALYAN JN,2,10
96611,KYN,KALYAN JN,TLA,TITVALA,4,10
96612,TLA,TITVALA,KYN,KALYAN JN,2,10
96613,KYN,KALYAN JN,TLA,TITVALA,4,10
96614,TLA,TITVALA,KYN,KALYAN JN,2,10
96615,KYN,KALYAN JN,TLA,TITVALA,4,10
96616,TLA,TITVALA,KYN,KALYAN JN,2,10
96617,KYN,KALYAN JN,TLA,TITVALA,4,10
96618,TLA,TITVALA,KYN,KALYAN JN,2,10
96619,KYN,KALYAN JN,TLA,TITVALA,4,10
96620,TLA,TITVALA,KYN,KALYAN JN,2,10
96621,KYN,KALYAN JN,TLA,TITVALA,4,10
96622,TLA,TITVALA,KYN,KALYAN JN,2,10
96623,KYN,KALYAN JN,TLA,TITVALA,4,10
96624,TLA,TITVALA,KYN,KALYAN JN,2,10
96625,KYN,KALYAN JN,TLA,TITVALA,4,10
96626,TLA,TITVALA,KYN,KALYAN JN,2,10
96627,KYN,KALYAN JN,TLA,TITVALA,4,10
96628,TLA,TITVALA,KYN,KALYAN JN,2,10
96629,KYN,KALYAN JN,TLA,TITVALA,4,10
96630,TLA,TITVALA,KYN,KALYAN JN,2,10
96631,KYN,KALYAN JN,TLA,TITVALA,4,10
96632,TLA,TITVALA,KYN,KALYAN JN,2,10
96633,KYN,KALYAN JN,TLA,TITVALA,4,10
96634,TLA,TITVALA,KYN,KALYAN JN,2,10
96635,KYN,KALYAN JN,TLA,TITVALA,4,10
96636,TLA,TITVALA,KYN,KALYAN JN,2,10
96637,KYN,KALYAN JN,TLA,TITVALA,4,10
96638,TLA,TITVALA,KYN,KALYAN JN,2,10
96639,KYN,KALYAN JN,TLA,TITVALA,4,10
96640,TLA,TITVALA,KYN,KALYAN JN,2,10
96641,KYN,KALYAN JN,TLA,TITVALA,4,10
96642,TLA,TITVALA,KYN,KALYAN JN,2,10
96643,KYN,KALYAN JN,TLA,TITVALA,4,10
96644,TLA,TITVALA,KYN,KALYAN JN,2,10
96645,KYN,KALYAN JN,TLA,TITVALA,4,10
96646,TLA,TITVALA,KYN,KALYAN JN,2,10
96647,KYN,KALYAN JN,TLA,TITVALA,4,10
96648,TLA,TITVALA,KYN,KALYAN JN,2,10
96649,KYN,KALYAN JN,TLA,TITVALA,4,10
96650,TLA,TITVALA,KYN,KALYAN JN,2,10
96651,KYN,KALYAN JN,TLA,TITVALA,4,10
96652,TLA,TITVALA,KYN,KALYAN JN,2,10
96653,KYN,KALYAN JN,TLA,TITVALA,4,10
96654,TLA,TITVALA,KYN,KALYAN JN,2,10
96655,KYN,KALYAN JN,TLA,TITVALA,4,10
96656,TLA,TITVALA,KYN,KALYAN JN,2,10
96657,CSMT,CST-MUMBAI,TLA,TITVALA,27,64
96658,TLA,TITVALA,KYN,KALYAN JN,2,10
96660,TLA,TITVALA,KYN,KALYAN JN,2,10
97000,KYN,KALYAN JN,CSMT,CST-MUMBAI,2,53
97001,VVH,VIDYAVIHAR,KYN,KALYAN JN,14,35
97002,KYN,KALYAN JN,CSMT,CST-MUMBAI,24,53
97003,VVH,VIDYAVIHAR,KYN,KALYAN JN,14,35
97004,KYN,KALYAN JN,CSMT,CST-MUMBAI,24,53
97005,VVH,VIDYAVIHAR,KYN,KALYAN JN,14,35
97006,KYN,KALYAN JN,CSMT,CST-MUMBAI,24,53
97007,VVH,VIDYAVIHAR,KYN,KALYAN JN,14,35
97008,KYN,KALYAN JN,CSMT,CST-MUMBAI,24,53
97009,VVH,VIDYAVIHAR,KYN,KALYAN JN,14,35
97010,KYN,KALYAN JN,CSMT,CST-MUMBAI,24,53
97011,CSMT,CST-MUMBAI,KYN,KALYAN JN,24,53
97012,KYN,KALYAN JN,DR,DADAR,17,44
97013,VVH,VIDYAVIHAR,KYN,KALYAN JN,13,35
97014,KYN,KALYAN JN,CSMT,CST-MUMBAI,24,53
97015,CSMT,CST-MUMBAI,KYN,KALYAN JN,24,53
97016,KYN,KALYAN JN,CSMT,CST-MUMBAI,24,53
97017,CSMT,CST-MUMBAI,KYN,KALYAN JN,24,53
97018,KYN,KALYAN JN,CSMT,CST-MUMBAI,24,53
97019,CSMT,CST-MUMBAI,KYN,KALYAN JN,24,53
97020,KYN,KALYAN JN,CSMT,CST-MUMBAI,24,53
97021,CSMT,CST-MUMBAI,KYN,KALYAN JN,24,53
97022,KYN,KALYAN JN,CSMT,CST-MUMBAI,24,53
97023,DR,DADAR,KYN,KALYAN JN,17,44
97024,KYN,KALYAN JN,CSMT,CST-MUMBAI,24,53
97025,CSMT,CST-MUMBAI,KYN,KALYAN JN,24,53
97026,KYN,KALYAN JN,DR,DADAR,17,44
97027,CSMT,CST-MUMBAI,KYN,KALYAN JN,24,53
97028,KYN,KALYAN JN,DR,DADAR,17,44
97029,CSMT,CST-MUMBAI,KYN,KALYAN JN,23,53
97030,KYN,KALYAN JN,CSMT,CST-MUMBAI,24,53
97031,CSMT,CST-MUMBAI,KYN,KALYAN JN,24,53
97032,KYN,KALYAN JN,CSMT,CST-MUMBAI,24,53
97033,TNA,THANE,KYN,KALYAN JN,8,20
97034,KYN,KALYAN JN,CSMT,CST-MUMBAI,24,53
97035,DR,DADAR,KYN,KALYAN JN,17,44
97036,KYN,KALYAN JN,CSMT,CST-MUMBAI,24,53
97037,CSMT,CST-MUMBAI,KYN,KALYAN JN,24,53
97038,KYN,KALYAN JN,CSMT,CST-MUMBAI,24,53
97039,CSMT,CST-MUMBAI,KYN,KALYAN JN,24,53
97040,KYN,KALYAN JN,CSMT,CST-MUMBAI,24,53
97041,CSMT,CST-MUMBAI,KYN,KALYAN JN,24,53
97042,KYN,KALYAN JN,CLA,KURLA,15,37
97043,DR,DADAR,KYN,KALYAN JN,17,44
97044,KYN,KALYAN JN,CSMT,CST-MUMBAI,24,53
97045,DR,DADAR,KYN,KALYAN JN,17,44
97046,KYN,KALYAN JN,TNA,THANE,8,20
97047,CSMT,CST-MUMBAI,KYN,KALYAN JN,24,53
97048,KYN,KALYAN JN,CSMT,CST-MUMBAI,24,53
97049,CSMT,CST-MUMBAI,KYN,KALYAN JN,24,53
97050,KYN,KALYAN JN,DR,DADAR,17,44
97051,CLA,KURLA,KYN,KALYAN JN,15,37
97052,KYN,KALYAN JN,CSMT,CST-MUMBAI,24,53
97053,CSMT,CST-MUMBAI,KYN,KALYAN JN,24,53
97054,KYN,KALYAN JN,CSMT,CST-MUMBAI,24,53
97055,CSMT,CST-MUMBAI,KYN,KALYAN JN,24,53
97056,KYN,KALYAN JN,TNA,THANE,8,20
97057,CSMT,CST-MUMBAI,KYN,KALYAN JN,24,53
97058,KYN,KALYAN JN,CSMT,CST-MUMBAI,24,53
97059,CSMT,CST-MUMBAI,KYN,KALYAN JN,24,53
97060,KYN,KALYAN JN,CSMT,CST-MUMBAI,24,53
97061,CSMT,CST-MUMBAI,KYN,KALYAN JN,24,53
97062,KYN,KALYAN JN,CSMT,CST-MUMBAI,24,53
97063,DR,DADAR,KYN,KALYAN JN,17,44
97064,KYN,KALYAN JN,CLA,KURLA,15,37
97065,CSMT,CST-MUMBAI,KYN,KALYAN JN,24,53
97066,KYN,KALYAN JN,CSMT,CST-MUMBAI,24,53
97067,CSMT,CST-MUMBAI,KYN,KALYAN JN,24,53
97068,KYN,KALYAN JN,CSMT,CST-MUMBAI,24,53
97069,CSMT,CST-MUMBAI,KYN,KALYAN JN,24,53
97070,KYN,KALYAN JN,CSMT,CST-MUMBAI,24,53
97071,CSMT,CST-MUMBAI,KYN,KALYAN JN,24,53
97072,KYN,KALYAN JN,DR,DADAR,17,44
97073,TNA,THANE,KYN,KALYAN JN,8,20
97074,KYN,KALYAN JN,CSMT,CST-MUMBAI,24,53
97075,CSMT,CST-MUMBAI,KYN,KALYAN JN,24,53
97076,KYN,KALYAN JN,CSMT,CST-MUMBAI,24,53
97077,CLA,KURLA,KYN,KALYAN JN,15,37
97078,KYN,KALYAN JN,CSMT,CST-MUMBAI,24,53
97079,CSMT,CST-MUMBAI,KYN,KALYAN JN,24,53
97080,KYN,KALYAN JN,CSMT,CST-MUMBAI,24,53
97081,CSMT,CST-MUMBAI,KYN,KALYAN JN,24,53
97082,KYN,KALYAN JN,CSMT,CST-MUMBAI,24,53
97083,CSMT,CST-MUMBAI,KYN,KALYAN JN,24,53
97084,KYN,KALYAN JN,CSMT,CST-MUMBAI,24,53
97085,CSMT,CST-MUMBAI,KYN,KALYAN JN,24,53
97086,KYN,KALYAN JN,TNA,THANE,8,20
97087,DR,DADAR,KYN,KALYAN JN,17,44
97088,KYN,KALYAN JN,CSMT,CST-MUMBAI,24,53
97089,CSMT,CST-MUMBAI,KYN,KALYAN JN,24,53
97090,KYN,KALYAN JN,CSMT,CST-MUMBAI,24,53
97091,CSMT,CST-MUMBAI,KYN,KALYAN JN,24,53
97092,KYN,KALYAN JN,DR,DADAR,17,44
97093,CSMT,CST-MUMBAI,KYN,KALYAN JN,24,53
97094,KYN,KALYAN JN,TNA,THANE,8,20
97095,CSMT,CST-MUMBAI,KYN,KALYAN JN,24,53
97096,KYN,KALYAN JN,CSMT,CST-MUMBAI,24,53
97097,CLA,KURLA,KYN,KALYAN JN,15,37
97098,KYN,KALYAN JN,DR,DADAR,17,44
97099,VVH,VIDYAVIHAR,KYN,KALYAN JN,14,35
97100,KYN,KALYAN JN,CSMT,CST-MUMBAI,24,53
97101,CSMT,CST-MUMBAI,KYN,KALYAN JN,24,53
97102,KYN,KALYAN JN,CSMT,CST-MUMBAI,24,53
97103,CSMT,CST-MUMBAI,KYN,KALYAN JN,24,53
97104,KYN,KALYAN JN,CSMT,CST-MUMBAI,24,53
97105,CSMT,CST-MUMBAI,KYN,KALYAN JN,24,53
97106,KYN,KALYAN JN,CSMT,CST-MUMBAI,24,53
97107,DR,DADAR,KYN,KALYAN JN,17,44
97108,KYN,KALYAN JN,CSMT,CST-MUMBAI,24,53
97109,VVH,VIDYAVIHAR,KYN,KALYAN JN,14,35
97110,KYN,KALYAN JN,DR,DADAR,17,44
97111,CSMT,CST-MUMBAI,KYN,KALYAN JN,24,53
97112,KYN,KALYAN JN,CSMT,CST-MUMBAI,24,53
97113,CSMT,CST-MUMBAI,KYN,KALYAN JN,24,53
97114,KYN,KALYAN JN,CSMT,CST-MUMBAI,24,53
97115,DR,DADAR,KYN,KALYAN JN,17,44
97116,KYN,KALYAN JN,CLA,KURLA,15,37
97117,CSMT,CST-MUMBAI,KYN,KALYAN JN,24,53
97118,KYN,KALYAN JN,TNA,THANE,8,20
97119,CSMT,CST-MUMBAI,KYN,KALYAN JN,24,53
97120,KYN,KALYAN JN,DR,DADAR,17,44
97121,DR,DADAR,KYN,KALYAN JN,17,44
97122,KYN,KALYAN JN,CSMT,CST-MUMBAI,24,53
97123,DR,DADAR,KYN,KALYAN JN,17,44
97124,KYN,KALYAN JN,CSMT,CST-MUMBAI,24,53
97125,CSMT,CST-MUMBAI,KYN,KALYAN JN,24,53
97126,KYN,KALYAN JN,DR,DADAR,17,44
97127,CSMT,CST-MUMBAI,KYN,KALYAN JN,24,53
97128,KYN,KALYAN JN,CSMT,CST-MUMBAI,24,53
97129,CSMT,CST-MUMBAI,KYN,KALYAN JN,24,53
97130,KYN,KALYAN JN,TNA,THANE,8,20
97131,CLA,KURLA,KYN,KALYAN JN,15,37
97132,KYN,KALYAN JN,DR,DADAR,17,44
97133,CSMT,CST-MUMBAI,KYN,KALYAN JN,24,53
97134,KYN,KALYAN JN,DR,DADAR,17,44
97135,DR,DADAR,KYN,KALYAN JN,17,44
97136,KYN,KALYAN JN,CSMT,CST-MUMBAI,24,53
97137,DR,DADAR,KYN,KALYAN JN,17,44
97138,KYN,KALYAN JN,DR,DADAR,17,44
97139,CSMT,CST-MUMBAI,KYN,KALYAN JN,24,53
97140,KYN,KALYAN JN,CLA,KURLA,15,37
97141,DR,DADAR,KYN,KALYAN JN,17,44
97142,KYN,KALYAN JN,CSMT,CST-MUMBAI,24,53
97143,DR,DADAR,KYN,KALYAN JN,17,44
97144,KYN,KALYAN JN,CSMT,CST-MUMBAI,24,53
97145,DR,DADAR,KYN,KALYAN JN,17,44
97146,KYN,KALYAN JN,CSMT,CST-MUMBAI,24,53
97147,CSMT,CST-MUMBAI,KYN,KALYAN JN,24,53
97148,KYN,KALYAN JN,CLA,KURLA,15,37
97149,CSMT,CST-MUMBAI,KYN,KALYAN JN,24,53
97150,KYN,KALYAN JN,TNA,THANE,8,20
97151,CSMT,CST-MUMBAI,KYN,KALYAN JN,24,53
97152,KYN,KALYAN JN,TNA,THANE,8,20
97153,CSMT,CST-MUMBAI,KYN,KALYAN JN,24,53
97155,DR,DADAR,KYN,KALYAN JN,17,44
97201,CSMT,CST-MUMBAI,DI,DOMBIVLI,22,48
97202,DI,DOMBIVLI,CSMT,CST-MUMBAI,22,48
97203,CSMT,CST-MUMBAI,DI,DOMBIVLI,22,48
97204,DI,DOMBIVLI,CSMT,CST-MUMBAI,22,48
97205,CSMT,CST-MUMBAI,DI,DOMBIVLI,22,48
97206,DI,DOMBIVLI,CSMT,CST-MUMBAI,22,48
97207,CSMT,CST-MUMBAI,DI,DOMBIVLI,22,48
97208,DI,DOMBIVLI,CSMT,CST-MUMBAI,22,48
97209,CSMT,CST-MUMBAI,DI,DOMBIVLI,22,48
97210,DI,DOMBIVLI,CSMT,CST-MUMBAI,22,48
97211,CSMT,CST-MUMBAI,DI,DOMBIVLI,22,48
97212,DI,DOMBIVLI,DR,DADAR,15,39
97213,CSMT,CST-MUMBAI,DI,DOMBIVLI,22,48
97214,DI,DOMBIVLI,CSMT,CST-MUMBAI,22,48
97215,CSMT,CST-MUMBAI,DI,DOMBIVLI,22,48
97216,DI,DOMBIVLI,CSMT,CST-MUMBAI,22,48
97217,CSMT,CST-MUMBAI,DI,DOMBIVLI,22,48
97218,DI,DOMBIVLI,CSMT,CST-MUMBAI,22,48
97219,CSMT,CST-MUMBAI,DI,DOMBIVLI,22,48
97220,DI,DOMBIVLI,CSMT,CST-MUMBAI,22,48
97221,CSMT,CST-MUMBAI,DI,DOMBIVLI,22,48
97222,DI,DOMBIVLI,CSMT,CST-MUMBAI,22,48
97223,CSMT,CST-MUMBAI,DI,DOMBIVLI,22,48
97224,DI,DOMBIVLI,CSMT,CST-MUMBAI,22,48
97225,CSMT,CST-MUMBAI,DI,DOMBIVLI,22,48
97226,DI,DOMBIVLI,CSMT,CST-MUMBAI,22,48
97227,CSMT,CST-MUMBAI,DI,DOMBIVLI,22,48
97228,DI,DOMBIVLI,CSMT,CST-MUMBAI,22,48
97229,CSMT,CST-MUMBAI,DI,DOMBIVLI,22,48
97230,DI,DOMBIVLI,CSMT,CST-MUMBAI,22,48
97231,CSMT,CST-MUMBAI,DI,DOMBIVLI,22,48
97232,DI,DOMBIVLI,CSMT,CST-MUMBAI,22,48
97233,CSMT,CST-MUMBAI,DI,DOMBIVLI,22,48
97234,DI,DOMBIVLI,DR,DADAR,15,39
97235,DR,DADAR,DI,DOMBIVLI,15,39
97236,DI,DOMBIVLI,CSMT,CST-MUMBAI,22,48
97237,DR,DADAR,DI,DOMBIVLI,15,39
97238,DI,DOMBIVLI,CSMT,CST-MUMBAI,22,48
97239,CSMT,CST-MUMBAI,DI,DOMBIVLI,22,48
97240,DI,DOMBIVLI,CSMT,CST-MUMBAI,22,48
97241,CSMT,CST-MUMBAI,DI,DOMBIVLI,22,48
97242,DI,DOMBIVLI,CSMT,CST-MUMBAI,22,48
97243,CSMT,CST-MUMBAI,DI,DOMBIVLI,22,48
97244,DI,DOMBIVLI,CSMT,CST-MUMBAI,22,48
97245,CSMT,CST-MUMBAI,DI,DOMBIVLI,22,48
97246,DI,DOMBIVLI,CSMT,CST-MUMBAI,22,48
97247,DR,DADAR,DI,DOMBIVLI,15,39
97248,DI,DOMBIVLI,CSMT,CST-MUMBAI,22,48
97249,CSMT,CST-MUMBAI,DI,DOMBIVLI,22,48
97250,DI,DOMBIVLI,CSMT,CST-MUMBAI,22,48
97251,CSMT,CST-MUMBAI,DI,DOMBIVLI,22,48
97252,DI,DOMBIVLI,CSMT,CST-MUMBAI,22,48
97253,CSMT,CST-MUMBAI,DI,DOMBIVLI,22,48
97254,DI,DOMBIVLI,DR,DADAR,15,39
97255,CSMT,CST-MUMBAI,DI,DOMBIVLI,22,48
97256,DI,DOMBIVLI,CSMT,CST-MUMBAI,22,48
97258,DI,DOMBIVLI,CSMT,CST-MUMBAI,22,48
97260,DI,DOMBIVLI,DR,DADAR,15,39
97301,CSMT,CST-MUMBAI,TNA,THANE,17,33
97302,TNA,THANE,CSMT,CST-MUMBAI,17,33
97303,CSMT,CST-MUMBAI,TNA,THANE,17,33
97304,TNA,THANE,CSMT,CST-MUMBAI,17,33
97305,CSMT,CST-MUMBAI,TNA,THANE,17,33
97306,TNA,THANE,CSMT,CST-MUMBAI,17,33
97307,CSMT,CST-MUMBAI,TNA,THANE,17,33
97308,TNA,THANE,CSMT,CST-MUMBAI,17,33
97309,CSMT,CST-MUMBAI,TNA,THANE,17,33
97310,TNA,THANE,CSMT,CST-MUMBAI,17,33
97311,CSMT,CST-MUMBAI,TNA,THANE,17,33
97312,TNA,THANE,CSMT,CST-MUMBAI,17,33
97313,CSMT,CST-MUMBAI,TNA,THANE,17,33
97314,TNA,THANE,CSMT,CST-MUMBAI,17,33
97315,CSMT,CST-MUMBAI,TNA,THANE,17,33
97316,TNA,THANE,CSMT,CST-MUMBAI,17,33
97317,CSMT,CST-MUMBAI,TNA,THANE,17,33
97318,TNA,THANE,CSMT,CST-MUMBAI,17,33
97319,CSMT,CST-MUMBAI,TNA,THANE,17,33
97320,TNA,THANE,CSMT,CST-MUMBAI,17,33
97321,CSMT,CST-MUMBAI,TNA,THANE,17,33
97322,TNA,THANE,CSMT,CST-MUMBAI,17,33
97323,CSMT,CST-MUMBAI,TNA,THANE,17,33
97324,TNA,THANE,CSMT,CST-MUMBAI,17,33
97325,CSMT,CST-MUMBAI,TNA,THANE,17,33
97326,TNA,THANE,CSMT,CST-MUMBAI,17,33
97327,CSMT,CST-MUMBAI,TNA,THANE,17,33
97328,TNA,THANE,CSMT,CST-MUMBAI,17,33
97329,CSMT,CST-MUMBAI,TNA,THANE,17,33
97330,TNA,THANE,CSMT,CST-MUMBAI,17,33
97331,CSMT,CST-MUMBAI,TNA,THANE,17,33
97332,TNA,THANE,CSMT,CST-MUMBAI,17,33
97333,CSMT,CST-MUMBAI,TNA,THANE,17,33
97334,TNA,THANE,CSMT,CST-MUMBAI,17,33
97335,CSMT,CST-MUMBAI,TNA,THANE,17,33
97336,TNA,THANE,CSMT,CST-MUMBAI,17,33
97337,CSMT,CST-MUMBAI,TNA,THANE,17,33
97338,TNA,THANE,CSMT,CST-MUMBAI,17,33
97339,CSMT,CST-MUMBAI,TNA,THANE,17,33
97340,TNA,THANE,CSMT,CST-MUMBAI,17,33
97341,CSMT,CST-MUMBAI,TNA,THANE,17,33
97342,TNA,THANE,CSMT,CST-MUMBAI,17,33
97343,CSMT,CST-MUMBAI,TNA,THANE,17,33
97344,TNA,THANE,CSMT,CST-MUMBAI,17,33
97345,CSMT,CST-MUMBAI,TNA,THANE,17,33
97346,TNA,THANE,CSMT,CST-MUMBAI,17,33
97347,CSMT,CST-MUMBAI,TNA,THANE,17,33
97348,TNA,THANE,CSMT,CST-MUMBAI,17,33
97349,CSMT,CST-MUMBAI,TNA,THANE,17,33
97350,TNA,THANE,CSMT,CST-MUMBAI,17,33
97351,CSMT,CST-MUMBAI,TNA,THANE,17,33
97352,TNA,THANE,CSMT,CST-MUMBAI,17,33
97353,CSMT,CST-MUMBAI,TNA,THANE,17,33
97354,TNA,THANE,CSMT,CST-MUMBAI,17,33
97355,CSMT,CST-MUMBAI,TNA,THANE,17,33
97356,TNA,THANE,CSMT,CST-MUMBAI,17,33
97357,CSMT,CST-MUMBAI,TNA,THANE,17,33
97358,TNA,THANE,CSMT,CST-MUMBAI,17,33
97359,CSMT,CST-MUMBAI,TNA,THANE,17,33
97360,TNA,THANE,CSMT,CST-MUMBAI,17,33
97361,CSMT,CST-MUMBAI,TNA,THANE,17,33
97362,TNA,THANE,CSMT,CST-MUMBAI,17,33
97363,CSMT,CST-MUMBAI,TNA,THANE,17,33
97364,TNA,THANE,CSMT,CST-MUMBAI,17,33
97365,CSMT,CST-MUMBAI,TNA,THANE,17,33
97366,TNA,THANE,CSMT,CST-MUMBAI,17,33
97367,CSMT,CST-MUMBAI,TNA,THANE,17,33
97368,TNA,THANE,CSMT,CST-MUMBAI,17,33
97369,CSMT,CST-MUMBAI,TNA,THANE,17,33
97370,TNA,THANE,CSMT,CST-MUMBAI,17,33
97371,CSMT,CST-MUMBAI,TNA,THANE,17,33
97372,TNA,THANE,CSMT,CST-MUMBAI,17,33
97373,CSMT,CST-MUMBAI,TNA,THANE,17,33
97374,TNA,THANE,CSMT,CST-MUMBAI,17,33
97375,DR,DADAR,TNA,THANE,10,24
97376,TNA,THANE,CSMT,CST-MUMBAI,17,33
97377,CSMT,CST-MUMBAI,TNA,THANE,17,33
97378,TNA,THANE,CSMT,CST-MUMBAI,17,33
97379,CSMT,CST-MUMBAI,TNA,THANE,17,33
97380,TNA,THANE,CSMT,CST-MUMBAI,17,33
97381,CSMT,CST-MUMBAI,TNA,THANE,17,33
97382,TNA,THANE,CSMT,CST-MUMBAI,17,33
97383,CSMT,CST-MUMBAI,TNA,THANE,17,33
97384,TNA,THANE,DR,DADAR,10,24
97385,CSMT,CST-MUMBAI,TNA,THANE,17,33
97386,TNA,THANE,CSMT,CST-MUMBAI,17,33
97387,CSMT,CST-MUMBAI,TNA,THANE,17,33
97388,TNA,THANE,CSMT,CST-MUMBAI,17,33
97389,CSMT,CST-MUMBAI,TNA,THANE,17,33
97390,TNA,THANE,CSMT,CST-MUMBAI,17,33
97391,CSMT,CST-MUMBAI,TNA,THANE,17,33
97392,TNA,THANE,CSMT,CST-MUMBAI,17,33
97393,CSMT,CST-MUMBAI,TNA,THANE,17,33
97394,TNA,THANE,CSMT,CST-MUMBAI,17,33
97395,CSMT,CST-MUMBAI,TNA,THANE,17,33
97396,TNA,THANE,CSMT,CST-MUMBAI,17,33
97397,CSMT,CST-MUMBAI,TNA,THANE,17,33
97398,TNA,THANE,CSMT,CST-MUMBAI,17,33
97399,CSMT,CST-MUMBAI,TNA,THANE,17,33
97400,TNA,THANE,CSMT,CST-MUMBAI,17,33
97401,CSMT,CST-MUMBAI,TNA,THANE,17,33
97402,TNA,THANE,CSMT,CST-MUMBAI,17,33
97403,CSMT,CST-MUMBAI,TNA,THANE,17,33
97404,TNA,THANE,CSMT,CST-MUMBAI,17,33
97405,CSMT,CST-MUMBAI,TNA,THANE,17,33
97406,TNA,THANE,DR,DADAR,10,24
97407,CSMT,CST-MUMBAI,TNA,THANE,17,33
97408,TNA,THANE,CSMT,CST-MUMBAI,17,33
97409,DR,DADAR,TNA,THANE,10,24
97410,TNA,THANE,DR,DADAR,10,24
97411,CSMT,CST-MUMBAI,TNA,THANE,17,33
97412,TNA,THANE,CSMT,CST-MUMBAI,17,33
97413,CSMT,CST-MUMBAI,TNA,THANE,17,33
97414,TNA,THANE,CSMT,CST-MUMBAI,17,33
97415,DR,DADAR,TNA,THANE,10,24
97416,TNA,THANE,CSMT,CST-MUMBAI,17,33
97417,CSMT,CST-MUMBAI,TNA,THANE,17,33
97418,TNA,THANE,CSMT,CST-MUMBAI,17,33
97419,CSMT,CST-MUMBAI,TNA,THANE,17,33
97420,TNA,THANE,DR,DADAR,10,24
97421,CSMT,CST-MUMBAI,TNA,THANE,17,33
97422,TNA,THANE,CSMT,CST-MUMBAI,17,33
97423,CSMT,CST-MUMBAI,TNA,THANE,17,33
97424,TNA,THANE,DR,DADAR,10,24
97425,CSMT,CST-MUMBAI,TNA,THANE,17,33
97426,TNA,THANE,CSMT,CST-MUMBAI,17,33
97427,CSMT,CST-MUMBAI,TNA,THANE,17,33
97428,TNA,THANE,CSMT,CST-MUMBAI,17,33
97429,DR,DADAR,TNA,THANE,10,24
97430,TNA,THANE,DR,DADAR,10,24
97431,CSMT,CST-MUMBAI,TNA,THANE,17,33
97432,TNA,THANE,CSMT,CST-MUMBAI,17,33
97433,CSMT,CST-MUMBAI,TNA,THANE,17,33
97434,TNA,THANE,CSMT,CST-MUMBAI,17,33
97435,CSMT,CST-MUMBAI,TNA,THANE,17,33
97436,TNA,THANE,CSMT,CST-MUMBAI,17,33
97437,CSMT,CST-MUMBAI,TNA,THANE,17,33
97438,TNA,THANE,CSMT,CST-MUMBAI,17,33
97439,CSMT,CST-MUMBAI,TNA,THANE,17,33
97440,TNA,THANE,CSMT,CST-MUMBAI,17,33
97441,CSMT,CST-MUMBAI,TNA,THANE,17,33
97442,TNA,THANE,DR,DADAR,10,24
97444,TNA,THANE,CSMT,CST-MUMBAI,16,33
97445,CSMT,CST-MUMBAI,TNA,THANE,16,33
97446,TNA,THANE,CSMT,CST-MUMBAI,16,33
97501,CSMT,CST-MUMBAI,GC,GHAT KOPAR,12,19
97502,GC,GHAT KOPAR,CSMT,CST-MUMBAI,12,19
97503,CSMT,CST-MUMBAI,GC,GHAT KOPAR,12,19
97504,GC,GHAT KOPAR,CSMT,CST-MUMBAI,12,19
97601,CSMT,CST-MUMBAI,CLA,KURLA,10,15
97602,CLA,KURLA,CSMT,CST-MUMBAI,10,15
97603,CSMT,CST-MUMBAI,CLA,KURLA,10,15
97604,CLA,KURLA,CSMT,CST-MUMBAI,10,15
97605,CSMT,CST-MUMBAI,CLA,KURLA,10,15
97606,CLA,KURLA,CSMT,CST-MUMBAI,10,15
97607,CSMT,CST-MUMBAI,CLA,KURLA,10,15
97608,CLA,KURLA,CSMT,CST-MUMBAI,10,15
97609,CSMT,CST-MUMBAI,CLA,KURLA,10,15
97610,CLA,KURLA,CSMT,CST-MUMBAI,10,15
97611,CSMT,CST-MUMBAI,CLA,KURLA,10,15
97612,CLA,KURLA,CSMT,CST-MUMBAI,10,15
97613,CSMT,CST-MUMBAI,CLA,KURLA,10,15
97614,CLA,KURLA,CSMT,CST-MUMBAI,10,15
97615,CSMT,CST-MUMBAI,CLA,KURLA,10,15
97616,CLA,KURLA,CSMT,CST-MUMBAI,10,15
97617,CSMT,CST-MUMBAI,CLA,KURLA,10,15
97618,CLA,KURLA,CSMT,CST-MUMBAI,10,15
97619,CSMT,CST-MUMBAI,CLA,KURLA,10,15
97620,CLA,KURLA,CSMT,CST-MUMBAI,10,15
97621,CSMT,CST-MUMBAI,CLA,KURLA,10,15
97622,CLA,KURLA,CSMT,CST-MUMBAI,10,15
97623,CSMT,CST-MUMBAI,CLA,KURLA,10,15
97624,CLA,KURLA,CSMT,CST-MUMBAI,10,15
97625,CSMT,CST-MUMBAI,CLA,KURLA,10,15
97626,CLA,KURLA,CSMT,CST-MUMBAI,10,15
97627,CSMT,CST-MUMBAI,CLA,KURLA,10,15
97628,CLA,KURLA,CSMT,CST-MUMBAI,10,15
97629,CSMT,CST-MUMBAI,CLA,KURLA,10,15
97630,CLA,KURLA,CSMT,CST-MUMBAI,10,15
97631,CSMT,CST-MUMBAI,CLA,KURLA,10,15
97632,CLA,KURLA,CSMT,CST-MUMBAI,10,15
97633,CSMT,CST-MUMBAI,CLA,KURLA,10,15
97634,CLA,KURLA,CSMT,CST-MUMBAI,10,15
97635,CSMT,CST-MUMBAI,CLA,KURLA,10,15
97636,CLA,KURLA,CSMT,CST-MUMBAI,10,15
97637,CSMT,CST-MUMBAI,CLA,KURLA,10,15
97638,CLA,KURLA,CSMT,CST-MUMBAI,10,15
97639,CSMT,CST-MUMBAI,CLA,KURLA,10,15
97640,CLA,KURLA,CSMT,CST-MUMBAI,10,15
97641,CSMT,CST-MUMBAI,CLA,KURLA,10,15
97642,CLA,KURLA,CSMT,CST-MUMBAI,10,15
97643,CSMT,CST-MUMBAI,CLA,KURLA,10,15
97644,CLA,KURLA,CSMT,CST-MUMBAI,10,15
97645,CSMT,CST-MUMBAI,CLA,KURLA,10,15
97646,CLA,KURLA,CSMT,CST-MUMBAI,10,15
97647,CSMT,CST-MUMBAI,CLA,KURLA,10,15
97648,CLA,KURLA,CSMT,CST-MUMBAI,10,15
97649,CSMT,CST-MUMBAI,CLA,KURLA,10,15
97651,CSMT,CST-MUMBAI,CLA,KURLA,10,15
97653,CSMT,CST-MUMBAI,CLA,KURLA,10,15
97655,CSMT,CST-MUMBAI,CLA,KURLA,10,15
98000,PNVL,PANVEL,CSMT,CST-MUMBAI,2,49
98001,CSMT,CST-MUMBAI,PNVL,PANVEL,2,49
98002,PNVL,PANVEL,CSMT,CST-MUMBAI,2,49
98003,CSMT,CST-MUMBAI,PNVL,PANVEL,2,49
98004,PNVL,PANVEL,CSMT,CST-MUMBAI,2,49
98005,CSMT,CST-MUMBAI,PNVL,PANVEL,2,49
98006,PNVL,PANVEL,CSMT,CST-MUMBAI,2,49
98007,CSMT,CST-MUMBAI,PNVL,PANVEL,2,49
98008,PNVL,PANVEL,CSMT,CST-MUMBAI,2,49
98009,CSMT,CST-MUMBAI,PNVL,PANVEL,2,49
98010,PNVL,PANVEL,CSMT,CST-MUMBAI,2,49
98011,CSMT,CST-MUMBAI,PNVL,PANVEL,2,49
98012,PNVL,PANVEL,CSMT,CST-MUMBAI,2,49
98013,VSH,VASHI,PNVL,PANVEL,2,20
98014,PNVL,PANVEL,CSMT,CST-MUMBAI,2,49
98015,CSMT,CST-MUMBAI,PNVL,PANVEL,2,49
98016,PNVL,PANVEL,CSMT,CST-MUMBAI,2,49
98017,CSMT,CST-MUMBAI,PNVL,PANVEL,2,49
98018,PNVL,PANVEL,VDLR,MUMBAI VADAL,2,39
98019,CSMT,CST-MUMBAI,PNVL,PANVEL,2,49
98020,PNVL,PANVEL,CSMT,CST-MUMBAI,2,49
98021,VSH,VASHI,PNVL,PANVEL,2,20
98022,PNVL,PANVEL,CSMT,CST-MUMBAI,2,49
98023,CSMT,CST-MUMBAI,PNVL,PANVEL,2,49
98024,PNVL,PANVEL,CSMT,CST-MUMBAI,2,49
98025,CSMT,CST-MUMBAI,PNVL,PANVEL,2,49
98026,PNVL,PANVEL,VDLR,MUMBAI VADAL,2,39
98027,CSMT,CST-MUMBAI,PNVL,PANVEL,2,49
98028,PNVL,PANVEL,CSMT,CST-MUMBAI,2,49
98029,CSMT,CST-MUMBAI,PNVL,PANVEL,2,49
98030,PNVL,PANVEL,CSMT,CST-MUMBAI,2,49
98031,VDLR,MUMBAI VADAL,PNVL,PANVEL,2,39
98032,PNVL,PANVEL,VDLR,MUMBAI VADAL,2,39
98033,CSMT,CST-MUMBAI,PNVL,PANVEL,2,49
98034,PNVL,PANVEL,CSMT,CST-MUMBAI,2,49
98035,CSMT,CST-MUMBAI,PNVL,PANVEL,2,49
98036,PNVL,PANVEL,CSMT,CST-MUMBAI,2,49
98037,CSMT,CST-MUMBAI,PNVL,PANVEL,2,49
98038,PNVL,PANVEL,CSMT,CST-MUMBAI,2,49
98039,CSMT,CST-MUMBAI,PNVL,PANVEL,2,49
98040,PNVL,PANVEL,VDLR,MUMBAI VADAL,2,39
98041,CSMT,CST-MUMBAI,PNVL,PANVEL,2,49
98042,PNVL,PANVEL,CSMT,CST-MUMBAI,2,49
98043,CSMT,CST-MUMBAI,PNVL,PANVEL,2,49
98044,PNVL,PANVEL,CSMT,CST-MUMBAI,2,49
98045,CSMT,CST-MUMBAI,PNVL,PANVEL,2,49
98046,PNVL,PANVEL,CSMT,CST-MUMBAI,2,49
98047,CSMT,CST-MUMBAI,PNVL,PANVEL,2,49
98048,PNVL,PANVEL,CSMT,CST-MUMBAI,2,49
98049,CSMT,CST-MUMBAI,PNVL,PANVEL,2,49
98050,PNVL,PANVEL,CSMT,CST-MUMBAI,2,49
98051,VDLR,MUMBAI VADAL,PNVL,PANVEL,2,39
98052,PNVL,PANVEL,CSMT,CST-MUMBAI,2,49
98053,CSMT,CST-MUMBAI,PNVL,PANVEL,2,49
98054,PNVL,PANVEL,CSMT,CST-MUMBAI,2,49
98055,CSMT,CST-MUMBAI,PNVL,PANVEL,2,49
98056,PNVL,PANVEL,CSMT,CST-MUMBAI,2,49
98057,CSMT,CST-MUMBAI,PNVL,PANVEL,2,49
98058,PNVL,PANVEL,CSMT,CST-MUMBAI,2,49
98059,CSMT,CST-MUMBAI,PNVL,PANVEL,2,49
98060,PNVL,PANVEL,CSMT,CST-MUMBAI,2,49
98061,CSMT,CST-MUMBAI,PNVL,PANVEL,2,49
98062,PNVL,PANVEL,CSMT,CST-MUMBAI,2,49
98063,CSMT,CST-MUMBAI,PNVL,PANVEL,2,49
98064,PNVL,PANVEL,CSMT,CST-MUMBAI,2,49
98065,CSMT,CST-MUMBAI,PNVL,PANVEL,2,49
98066,PNVL,PANVEL,CSMT,CST-MUMBAI,2,49
98067,CSMT,CST-MUMBAI,PNVL,PANVEL,2,49
98068,PNVL,PANVEL,CSMT,CST-MUMBAI,2,49
98069,CSMT,CST-MUMBAI,PNVL,PANVEL,2,49
98070,PNVL,PANVEL,CSMT,CST-MUMBAI,2,49
98071,CSMT,CST-MUMBAI,PNVL,PANVEL,2,49
98072,PNVL,PANVEL,CSMT,CST-MUMBAI,2,49
98073,CSMT,CST-MUMBAI,PNVL,PANVEL,2,49
98074,PNVL,PANVEL,CSMT,CST-MUMBAI,2,49
98075,CSMT,CST-MUMBAI,PNVL,PANVEL,2,49
98076,PNVL,PANVEL,CSMT,CST-MUMBAI,2,49
98077,CSMT,CST-MUMBAI,PNVL,PANVEL,2,49
98078,PNVL,PANVEL,CSMT,CST-MUMBAI,2,49
98079,CSMT,CST-MUMBAI,PNVL,PANVEL,2,49
98080,PNVL,PANVEL,CSMT,CST-MUMBAI,2,49
98081,CSMT,CST-MUMBAI,PNVL,PANVEL,2,49
98082,PNVL,PANVEL,CSMT,CST-MUMBAI,2,49
98083,VDLR,MUMBAI VADAL,PNVL,PANVEL,2,39
98084,PNVL,PANVEL,CSMT,CST-MUMBAI,2,49
98085,CSMT,CST-MUMBAI,PNVL,PANVEL,2,49
98087,CSMT,CST-MUMBAI,PNVL,PANVEL,2,49
98088,PNVL,PANVEL,CSMT,CST-MUMBAI,2,49
98089,CSMT,CST-MUMBAI,PNVL,PANVEL,2,49
98090,PNVL,PANVEL,CSMT,CST-MUMBAI,2,49
98091,CSMT,CST-MUMBAI,PNVL,PANVEL,2,49
98092,PNVL,PANVEL,CSMT,CST-MUMBAI,2,49
98093,CSMT,CST-MUMBAI,PNVL,PANVEL,2,49
98094,PNVL,PANVEL,CSMT,CST-MUMBAI,2,49
98095,CSMT,CST-MUMBAI,PNVL,PANVEL,2,49
98096,PNVL,PANVEL,CSMT,CST-MUMBAI,2,49
98097,CSMT,CST-MUMBAI,PNVL,PANVEL,2,49
98098,PNVL,PANVEL,CSMT,CST-MUMBAI,2,49
98099,CSMT,CST-MUMBAI,PNVL,PANVEL,2,49
98100,PNVL,PANVEL,CSMT,CST-MUMBAI,2,49
98101,CSMT,CST-MUMBAI,PNVL,PANVEL,2,49
98102,PNVL,PANVEL,CSMT,CST-MUMBAI,2,49
98103,VDLR,MUMBAI VADAL,PNVL,PANVEL,2,39
98104,PNVL,PANVEL,CSMT,CST-MUMBAI,2,49
98105,CSMT,CST-MUMBAI,PNVL,PANVEL,2,49
98106,PNVL,PANVEL,CSMT,CST-MUMBAI,2,49
98107,CSMT,CST-MUMBAI,PNVL,PANVEL,2,49
98108,PNVL,PANVEL,CSMT,CST-MUMBAI,2,49
98109,CSMT,CST-MUMBAI,PNVL,PANVEL,2,49
98110,PNVL,PANVEL,CSMT,CST-MUMBAI,2,49
98111,CSMT,CST-MUMBAI,PNVL,PANVEL,2,49
98112,PNVL,PANVEL,CSMT,CST-MUMBAI,2,49
98113,CSMT,CST-MUMBAI,PNVL,PANVEL,2,49
98114,PNVL,PANVEL,CSMT,CST-MUMBAI,2,49
98115,CSMT,CST-MUMBAI,PNVL,PANVEL,2,49
98116,PNVL,PANVEL,CSMT,CST-MUMBAI,2,49
98117,CSMT,CST-MUMBAI,PNVL,PANVEL,2,49
98118,PNVL,PANVEL,CSMT,CST-MUMBAI,2,49
98119,CSMT,CST-MUMBAI,PNVL,PANVEL,2,49
98120,PNVL,PANVEL,CSMT,CST-MUMBAI,2,49
98121,CSMT,CST-MUMBAI,PNVL,PANVEL,2,49
98122,PNVL,PANVEL,CSMT,CST-MUMBAI,2,49
98123,CSMT,CST-MUMBAI,PNVL,PANVEL,2,49
98124,PNVL,PANVEL,CSMT,CST-MUMBAI,2,49
98125,CSMT,CST-MUMBAI,PNVL,PANVEL,2,49
98126,PNVL,PANVEL,CSMT,CST-MUMBAI,2,49
98127,CSMT,CST-MUMBAI,PNVL,PANVEL,2,49
98128,PNVL,PANVEL,CSMT,CST-MUMBAI,2,49
98129,CSMT,CST-MUMBAI,PNVL,PANVEL,2,49
98130,PNVL,PANVEL,CSMT,CST-MUMBAI,2,49
98131,CSMT,CST-MUMBAI,PNVL,PANVEL,2,49
98132,PNVL,PANVEL,CSMT,CST-MUMBAI,2,49
98133,VDLR,MUMBAI VADAL,PNVL,PANVEL,2,39
98134,PNVL,PANVEL,VDLR,MUMBAI VADAL,2,39
98135,CSMT,CST-MUMBAI,PNVL,PANVEL,2,49
98136,PNVL,PANVEL,CSMT,CST-MUMBAI,2,49
98137,CSMT,CST-MUMBAI,PNVL,PANVEL,2,49
98138,PNVL,PANVEL,CSMT,CST-MUMBAI,2,49
98139,CSMT,CST-MUMBAI,PNVL,PANVEL,2,49
98140,PNVL,PANVEL,CSMT,CST-MUMBAI,2,49
98141,CSMT,CST-MUMBAI,PNVL,PANVEL,2,49
98142,PNVL,PANVEL,CSMT,CST-MUMBAI,2,49
98143,VDLR,MUMBAI VADAL,PNVL,PANVEL,2,39
98144,PNVL,PANVEL,VDLR,MUMBAI VADAL,2,39
98145,CSMT,CST-MUMBAI,PNVL,PANVEL,2,49
98146,PNVL,PANVEL,CSMT,CST-MUMBAI,2,49
98147,CSMT,CST-MUMBAI,PNVL,PANVEL,2,49
98148,PNVL,PANVEL,CSMT,CST-MUMBAI,2,49
98149,VDLR,MUMBAI VADAL,PNVL,PANVEL,2,39
98150,PNVL,PANVEL,CSMT,CST-MUMBAI,2,49
98151,CSMT,CST-MUMBAI,PNVL,PANVEL,2,49
98152,PNVL,PANVEL,CSMT,CST-MUMBAI,2,49
98153,CSMT,CST-MUMBAI,PNVL,PANVEL,2,49
98154,PNVL,PANVEL,CSMT,CST-MUMBAI,2,49
98155,CSMT,CST-MUMBAI,PNVL,PANVEL,2,49
98156,PNVL,PANVEL,CSMT,CST-MUMBAI,2,49
98157,CSMT,CST-MUMBAI,PNVL,PANVEL,2,49
98158,PNVL,PANVEL,CSMT,CST-MUMBAI,2,49
98159,CSMT,CST-MUMBAI,PNVL,PANVEL,2,49
98160,PNVL,PANVEL,CSMT,CST-MUMBAI,2,49
98161,CSMT,CST-MUMBAI,PNVL,PANVEL,2,49
98162,PNVL,PANVEL,CSMT,CST-MUMBAI,2,49
98163,CSMT,CST-MUMBAI,PNVL,PANVEL,2,49
98164,PNVL,PANVEL,CSMT,CST-MUMBAI,2,49
98165,CSMT,CST-MUMBAI,PNVL,PANVEL,2,49
98166,PNVL,PANVEL,VSH,VASHI,2,20
98167,VDLR,MUMBAI VADAL,PNVL,PANVEL,2,39
98168,PNVL,PANVEL,CSMT,CST-MUMBAI,2,49
98169,CSMT,CST-MUMBAI,PNVL,PANVEL,2,49
98170,PNVL,PANVEL,CSMT,CST-MUMBAI,2,49
98171,CSMT,CST-MUMBAI,PNVL,PANVEL,2,49
98172,PNVL,PANVEL,CSMT,CST-MUMBAI,2,49
98173,VDLR,MUMBAI VADAL,PNVL,PANVEL,2,39
98174,PNVL,PANVEL,CSMT,CST-MUMBAI,2,49
98175,CSMT,CST-MUMBAI,PNVL,PANVEL,2,49
98176,PNVL,PANVEL,CSMT,CST-MUMBAI,2,49
98177,VDLR,MUMBAI VADAL,PNVL,PANVEL,2,39
98178,PNVL,PANVEL,CSMT,CST-MUMBAI,2,49
98179,CSMT,CST-MUMBAI,PNVL,PANVEL,2,49
98180,PNVL,PANVEL,CSMT,CST-MUMBAI,2,49
98181,VDLR,MUMBAI VADAL,PNVL,PANVEL,2,39
98182,PNVL,PANVEL,CSMT,CST-MUMBAI,2,49
98183,CSMT,CST-MUMBAI,PNVL,PANVEL,2,49
98184,PNVL,PANVEL,CSMT,CST-MUMBAI,2,49
98185,CSMT,CST-MUMBAI,PNVL,PANVEL,2,49
98186,PNVL,PANVEL,CSMT,CST-MUMBAI,2,49
98187,VDLR,MUMBAI VADAL,PNVL,PANVEL,2,39
98188,PNVL,PANVEL,CSMT,CST-MUMBAI,2,49
98189,CSMT,CST-MUMBAI,PNVL,PANVEL,2,49
98190,PNVL,PANVEL,CSMT,CST-MUMBAI,2,49
98191,CSMT,CST-MUMBAI,PNVL,PANVEL,2,49
98192,PNVL,PANVEL,CSMT,CST-MUMBAI,2,49
98193,CSMT,CST-MUMBAI,PNVL,PANVEL,2,49
98194,PNVL,PANVEL,CSMT,CST-MUMBAI,2,49
98195,CSMT,CST-MUMBAI,PNVL,PANVEL,2,49
98196,PNVL,PANVEL,BEPR,BELAPUR C.B.,2,10
98197,CSMT,CST-MUMBAI,PNVL,PANVEL,2,49
98198,PNVL,PANVEL,CSMT,CST-MUMBAI,2,49
98199,CSMT,CST-MUMBAI,PNVL,PANVEL,2,49
98200,PNVL,PANVEL,VSH,VASHI,2,20
98201,CSMT,CST-MUMBAI,PNVL,PANVEL,2,49
98202,PNVL,PANVEL,CSMT,CST-MUMBAI,2,49
98203,CSMT,CST-MUMBAI,PNVL,PANVEL,2,49
98204,PNVL,PANVEL,CSMT,CST-MUMBAI,2,49
98205,CSMT,CST-MUMBAI,PNVL,PANVEL,2,49
98207,CSMT,CST-MUMBAI,PNVL,PANVEL,2,49
98208,PNVL,PANVEL,BEPR,BELAPUR C.B.,2,10
98209,CSMT,CST-MUMBAI,PNVL,PANVEL,2,49
98211,CSMT,CST-MUMBAI,PNVL,PANVEL,2,49
98213,CSMT,CST-MUMBAI,PNVL,PANVEL,2,49
98214,PNVL,PANVEL,BEPR,BELAPUR C.B.,2,10
98215,CSMT,CST-MUMBAI,PNVL,PANVEL,2,49
98300,BEPR,BELAPUR C.B.,CSMT,CST-MUMBAI,2,38
98301,CSMT,CST-MUMBAI,BEPR,BELAPUR C.B.,2,38
98302,BEPR,BELAPUR C.B.,CSMT,CST-MUMBAI,2,38
98303,CSMT,CST-MUMBAI,BEPR,BELAPUR C.B.,2,38
98304,BEPR,BELAPUR C.B.,CSMT,CST-MUMBAI,2,38
98305,CSMT,CST-MUMBAI,BEPR,BELAPUR C.B.,2,38
98306,BEPR,BELAPUR C.B.,CSMT,CST-MUMBAI,2,38
98307,CSMT,CST-MUMBAI,BEPR,BELAPUR C.B.,2,38
98308,BEPR,BELAPUR C.B.,CSMT,CST-MUMBAI,2,38
98309,VDLR,MUMBAI VADAL,BEPR,BELAPUR C.B.,2,28
98310,BEPR,BELAPUR C.B.,CSMT,CST-MUMBAI,2,38
98311,CSMT,CST-MUMBAI,BEPR,BELAPUR C.B.,2,38
98312,BEPR,BELAPUR C.B.,CSMT,CST-MUMBAI,2,38
98313,CSMT,CST-MUMBAI,BEPR,BELAPUR C.B.,2,38
98314,BEPR,BELAPUR C.B.,CSMT,CST-MUMBAI,2,38
98315,CSMT,CST-MUMBAI,BEPR,BELAPUR C.B.,2,38
98316,BEPR,BELAPUR C.B.,CSMT,CST-MUMBAI,2,38
98317,CSMT,CST-MUMBAI,BEPR,BELAPUR C.B.,2,38
98318,BEPR,BELAPUR C.B.,CSMT,CST-MUMBAI,2,38
98319,CSMT,CST-MUMBAI,BEPR,BELAPUR C.B.,2,38
98320,BEPR,BELAPUR C.B.,CSMT,CST-MUMBAI,2,38
98321,VDLR,MUMBAI VADAL,BEPR,BELAPUR C.B.,2,28
98322,BEPR,BELAPUR C.B.,CSMT,CST-MUMBAI,2,38
98323,CSMT,CST-MUMBAI,BEPR,BELAPUR C.B.,2,38
98324,BEPR,BELAPUR C.B.,CSMT,CST-MUMBAI,2,38
98325,CSMT,CST-MUMBAI,BEPR,BELAPUR C.B.,2,38
98326,BEPR,BELAPUR C.B.,CSMT,CST-MUMBAI,2,38
98327,CSMT,CST-MUMBAI,BEPR,BELAPUR C.B.,2,38
98328,BEPR,BELAPUR C.B.,CSMT,CST-MUMBAI,2,38
98329,VDLR,MUMBAI VADAL,BEPR,BELAPUR C.B.,2,28
98330,BEPR,BELAPUR C.B.,CSMT,CST-MUMBAI,2,38
98331,CSMT,CST-MUMBAI,BEPR,BELAPUR C.B.,2,38
98332,BEPR,BELAPUR C.B.,CSMT,CST-MUMBAI,2,38
98333,CSMT,CST-MUMBAI,BEPR,BELAPUR C.B.,2,38
98334,BEPR,BELAPUR C.B.,VDLR,MUMBAI VADAL,2,28
98335,CSMT,CST-MUMBAI,BEPR,BELAPUR C.B.,2,38
98336,BEPR,BELAPUR C.B.,CSMT,CST-MUMBAI,2,38
98337,CSMT,CST-MUMBAI,BEPR,BELAPUR C.B.,2,38
98338,BEPR,BELAPUR C.B.,VDLR,MUMBAI VADAL,2,28
98339,CSMT,CST-MUMBAI,BEPR,BELAPUR C.B.,2,38
98340,BEPR,BELAPUR C.B.,VDLR,MUMBAI VADAL,2,28
98341,CSMT,CST-MUMBAI,BEPR,BELAPUR C.B.,2,38
98342,BEPR,BELAPUR C.B.,CSMT,CST-MUMBAI,2,38
98343,CSMT,CST-MUMBAI,BEPR,BELAPUR C.B.,2,38
98344,BEPR,BELAPUR C.B.,CSMT,CST-MUMBAI,2,38
98345,CSMT,CST-MUMBAI,BEPR,BELAPUR C.B.,2,38
98346,BEPR,BELAPUR C.B.,CSMT,CST-MUMBAI,2,38
98347,CSMT,CST-MUMBAI,BEPR,BELAPUR C.B.,2,38
98348,BEPR,BELAPUR C.B.,CSMT,CST-MUMBAI,2,38
98349,CSMT,CST-MUMBAI,BEPR,BELAPUR C.B.,2,38
98350,BEPR,BELAPUR C.B.,CSMT,CST-MUMBAI,2,38
98351,CSMT,CST-MUMBAI,BEPR,BELAPUR C.B.,2,38
98352,BEPR,BELAPUR C.B.,CSMT,CST-MUMBAI,2,38
98353,CSMT,CST-MUMBAI,BEPR,BELAPUR C.B.,2,38
98354,BEPR,BELAPUR C.B.,CSMT,CST-MUMBAI,2,38
98355,VDLR,MUMBAI VADAL,BEPR,BELAPUR C.B.,2,28
98356,BEPR,BELAPUR C.B.,CSMT,CST-MUMBAI,2,38
98357,CSMT,CST-MUMBAI,BEPR,BELAPUR C.B.,2,38
98358,BEPR,BELAPUR C.B.,CSMT,CST-MUMBAI,2,38
98359,CSMT,CST-MUMBAI,BEPR,BELAPUR C.B.,2,38
98360,BEPR,BELAPUR C.B.,CSMT,CST-MUMBAI,2,38
98361,CSMT,CST-MUMBAI,BEPR,BELAPUR C.B.,2,38
98362,BEPR,BELAPUR C.B.,CSMT,CST-MUMBAI,2,38
98363,CSMT,CST-MUMBAI,BEPR,BELAPUR C.B.,2,38
98364,BEPR,BELAPUR C.B.,VDLR,MUMBAI VADAL,2,28
98365,CSMT,CST-MUMBAI,BEPR,BELAPUR C.B.,2,38
98366,BEPR,BELAPUR C.B.,CSMT,CST-MUMBAI,2,38
98367,VDLR,MUMBAI VADAL,BEPR,BELAPUR C.B.,2,28
98368,BEPR,BELAPUR C.B.,CSMT,CST-MUMBAI,2,38
98369,CSMT,CST-MUMBAI,BEPR,BELAPUR C.B.,2,38
98370,BEPR,BELAPUR C.B.,CSMT,CST-MUMBAI,2,38
98371,CSMT,CST-MUMBAI,BEPR,BELAPUR C.B.,2,38
98372,BEPR,BELAPUR C.B.,CSMT,CST-MUMBAI,2,38
98373,CSMT,CST-MUMBAI,BEPR,BELAPUR C.B.,2,38
98374,BEPR,BELAPUR C.B.,CSMT,CST-MUMBAI,2,38
98375,CSMT,CST-MUMBAI,BEPR,BELAPUR C.B.,2,38
98376,BEPR,BELAPUR C.B.,CSMT,CST-MUMBAI,2,38
98377,CSMT,CST-MUMBAI,BEPR,BELAPUR C.B.,2,38
98378,BEPR,BELAPUR C.B.,CSMT,CST-MUMBAI,2,38
98379,CSMT,CST-MUMBAI,BEPR,BELAPUR C.B.,2,38
98380,BEPR,BELAPUR C.B.,CSMT,CST-MUMBAI,2,38
98381,CSMT,CST-MUMBAI,BEPR,BELAPUR C.B.,2,38
98382,BEPR,BELAPUR C.B.,CSMT,CST-MUMBAI,2,38
98384,BEPR,BELAPUR C.B.,VDLR,MUMBAI VADAL,2,28
98386,BEPR,BELAPUR C.B.,CSMT,CST-MUMBAI,2,38
98388,BEPR,BELAPUR C.B.,CSMT,CST-MUMBAI,2,38
98390,BEPR,BELAPUR C.B.,CSMT,CST-MUMBAI,2,38
98392,BEPR,BELAPUR C.B.,CSMT,CST-MUMBAI,2,38
98394,BEPR,BELAPUR C.B.,CSMT,CST-MUMBAI,2,38
98500,VSH,VASHI,CSMT,CST-MUMBAI,2,28
98501,CSMT,CST-MUMBAI,VSH,VASHI,2,28
98502,VSH,VASHI,CSMT,CST-MUMBAI,2,28
98503,CSMT,CST-MUMBAI,VSH,VASHI,2,28
98504,VSH,VASHI,CSMT,CST-MUMBAI,2,28
98505,CSMT,CST-MUMBAI,VSH,VASHI,2,28
98506,VSH,VASHI,CSMT,CST-MUMBAI,2,28
98507,VDLR,MUMBAI VADAL,VSH,VASHI,2,19
98508,VSH,VASHI,CSMT,CST-MUMBAI,2,28
98509,CSMT,CST-MUMBAI,VSH,VASHI,2,28
98510,VSH,VASHI,CSMT,CST-MUMBAI,2,28
98511,CSMT,CST-MUMBAI,VSH,VASHI,2,28
98512,VSH,VASHI,CSMT,CST-MUMBAI,2,28
98513,CSMT,CST-MUMBAI,VSH,VASHI,2,28
98514,VSH,VASHI,VDLR,MUMBAI VADAL,2,19
98515,CSMT,CST-MUMBAI,VSH,VASHI,2,28
98516,VSH,VASHI,CSMT,CST-MUMBAI,2,28
98517,CSMT,CST-MUMBAI,VSH,VASHI,2,28
98518,VSH,VASHI,CSMT,CST-MUMBAI,2,28
98519,CSMT,CST-MUMBAI,VSH,VASHI,2,28
98520,VSH,VASHI,CSMT,CST-MUMBAI,2,28
98521,CSMT,CST-MUMBAI,VSH,VASHI,2,28
98522,VSH,VASHI,CSMT,CST-MUMBAI,2,28
98523,CSMT,CST-MUMBAI,VSH,VASHI,2,28
98524,VSH,VASHI,CSMT,CST-MUMBAI,2,28
98525,CSMT,CST-MUMBAI,VSH,VASHI,2,28
98526,VSH,VASHI,CSMT,CST-MUMBAI,2,28
98527,VDLR,MUMBAI VADAL,VSH,VASHI,2,19
98528,VSH,VASHI,CSMT,CST-MUMBAI,2,28
98529,CSMT,CST-MUMBAI,VSH,VASHI,2,28
98530,VSH,VASHI,CSMT,CST-MUMBAI,2,28
98531,CSMT,CST-MUMBAI,VSH,VASHI,2,28
98532,VSH,VASHI,CSMT,CST-MUMBAI,2,28
98533,CSMT,CST-MUMBAI,VSH,VASHI,2,28
98535,CSMT,CST-MUMBAI,VSH,VASHI,2,28
98537,CSMT,CST-MUMBAI,VSH,VASHI,2,28
98538,VSH,VASHI,VDLR,MUMBAI VADAL,2,19
98539,CSMT,CST-MUMBAI,VSH,VASHI,2,28
98540,VSH,VASHI,CSMT,CST-MUMBAI,2,28
98541,CSMT,CST-MUMBAI,VSH,VASHI,2,28
98543,CSMT,CST-MUMBAI,VSH,VASHI,2,28
98544,VSH,VASHI,CSMT,CST-MUMBAI,2,28
98545,CSMT,CST-MUMBAI,VSH,VASHI,2,28
98546,VSH,VASHI,VDLR,MUMBAI VADAL,2,19
98547,CSMT,CST-MUMBAI,VSH,VASHI,2,28
98548,VSH,VASHI,CSMT,CST-MUMBAI,2,28
98549,CSMT,CST-MUMBAI,VSH,VASHI,2,28
98550,VSH,VASHI,CSMT,CST-MUMBAI,2,28
98551,CSMT,CST-MUMBAI,VSH,VASHI,2,28
98552,VSH,VASHI,CSMT,CST-MUMBAI,2,28
98553,CSMT,CST-MUMBAI,VSH,VASHI,2,28
98554,VSH,VASHI,CSMT,CST-MUMBAI,2,28
98555,CSMT,CST-MUMBAI,VSH,VASHI,2,28
98556,VSH,VASHI,CSMT,CST-MUMBAI,2,28
98557,CSMT,CST-MUMBAI,VSH,VASHI,2,28
98558,VSH,VASHI,VDLR,MUMBAI VADAL,2,19
98559,CSMT,CST-MUMBAI,VSH,VASHI,2,28
98560,VSH,VASHI,CSMT,CST-MUMBAI,2,28
98561,CSMT,CST-MUMBAI,VSH,VASHI,2,28
98562,VSH,VASHI,VDLR,MUMBAI VADAL,2,19
98563,CSMT,CST-MUMBAI,VSH,VASHI,2,28
98564,VSH,VASHI,CSMT,CST-MUMBAI,2,28
98565,CSMT,CST-MUMBAI,VSH,VASHI,2,28
98566,VSH,VASHI,CSMT,CST-MUMBAI,2,28
98567,CSMT,CST-MUMBAI,VSH,VASHI,2,28
98568,VSH,VASHI,CSMT,CST-MUMBAI,2,28
98569,CSMT,CST-MUMBAI,VSH,VASHI,2,28
98570,VSH,VASHI,VDLR,MUMBAI VADAL,2,19
98571,CSMT,CST-MUMBAI,VSH,VASHI,2,28
98572,VSH,VASHI,CSMT,CST-MUMBAI,2,28
98573,CSMT,CST-MUMBAI,VSH,VASHI,2,28
98574,VSH,VASHI,CSMT,CST-MUMBAI,2,28
98575,CSMT,CST-MUMBAI,VSH,VASHI,2,28
98576,VSH,VASHI,CSMT,CST-MUMBAI,2,28
98577,CSMT,CST-MUMBAI,VSH,VASHI,2,28
98578,VSH,VASHI,VDLR,MUMBAI VADAL,2,19
98580,VSH,VASHI,VDLR,MUMBAI VADAL,2,19
98600,MNKD,MANKHURD,CSMT,CST-MUMBAI,2,21
98601,CSMT,CST-MUMBAI,MNKD,MANKHURD,2,21
98602,MNKD,MANKHURD,CSMT,CST-MUMBAI,2,21
98603,CSMT,CST-MUMBAI,MNKD,MANKHURD,2,21
98604,CMBR,CHEMBUR,CSMT,CST-MUMBAI,2,17
98605,CSMT,CST-MUMBAI,CMBR,CHEMBUR,2,17
98700,RVJ,RAVLI JN,CSMT,CST-MUMBAI,2,10
98701,CSMT,CST-MUMBAI,RVJ,RAVLI JN,2,10
98702,RVJ,RAVLI JN,CSMT,CST-MUMBAI,2,10
98703,CSMT,CST-MUMBAI,RVJ,RAVLI JN,2,10
98704,RVJ,RAVLI JN,CSMT,CST-MUMBAI,2,10
98705,CSMT,CST-MUMBAI,RVJ,RAVLI JN,2,10
98706,RVJ,RAVLI JN,CSMT,CST-MUMBAI,2,10
98707,CSMT,CST-MUMBAI,RVJ,RAVLI JN,2,10
98708,RVJ,RAVLI JN,CSMT,CST-MUMBAI,2,10
98709,CSMT,CST-MUMBAI,RVJ,RAVLI JN,2,10
98710,RVJ,RAVLI JN,CSMT,CST-MUMBAI,2,10
98711,CSMT,CST-MUMBAI,RVJ,RAVLI JN,2,10
98712,RVJ,RAVLI JN,CSMT,CST-MUMBAI,2,10
98713,CSMT,CST-MUMBAI,RVJ,RAVLI JN,2,10
98714,RVJ,RAVLI JN,CSMT,CST-MUMBAI,2,10
98715,CSMT,CST-MUMBAI,RVJ,RAVLI JN,2,10
98716,RVJ,RAVLI JN,CSMT,CST-MUMBAI,2,10
98717,CSMT,CST-MUMBAI,RVJ,RAVLI JN,2,10
98718,RVJ,RAVLI JN,CSMT,CST-MUMBAI,2,10
98719,CSMT,CST-MUMBAI,RVJ,RAVLI JN,2,10
98720,RVJ,RAVLI JN,CSMT,CST-MUMBAI,2,10
98721,CSMT,CST-MUMBAI,RVJ,RAVLI JN,2,10
98722,RVJ,RAVLI JN,CSMT,CST-MUMBAI,2,10
98723,CSMT,CST-MUMBAI,RVJ,RAVLI JN,2,10
98724,RVJ,RAVLI JN,CSMT,CST-MUMBAI,2,10
98725,CSMT,CST-MUMBAI,RVJ,RAVLI JN,2,10
98726,RVJ,RAVLI JN,CSMT,CST-MUMBAI,2,10
98727,CSMT,CST-MUMBAI,RVJ,RAVLI JN,2,10
98728,RVJ,RAVLI JN,CSMT,CST-MUMBAI,2,10
98729,CSMT,CST-MUMBAI,RVJ,RAVLI JN,2,10
98730,RVJ,RAVLI JN,CSMT,CST-MUMBAI,2,10
98731,CSMT,CST-MUMBAI,RVJ,RAVLI JN,2,10
98732,RVJ,RAVLI JN,CSMT,CST-MUMBAI,2,10
98733,CSMT,CST-MUMBAI,RVJ,RAVLI JN,2,10
98734,RVJ,RAVLI JN,CSMT,CST-MUMBAI,2,10
98735,CSMT,CST-MUMBAI,RVJ,RAVLI JN,2,10
98736,RVJ,RAVLI JN,CSMT,CST-MUMBAI,2,10
98737,CSMT,CST-MUMBAI,RVJ,RAVLI JN,2,10
98738,RVJ,RAVLI JN,CSMT,CST-MUMBAI,2,10
98739,CSMT,CST-MUMBAI,RVJ,RAVLI JN,2,10
98740,RVJ,RAVLI JN,CSMT,CST-MUMBAI,2,10
98741,CSMT,CST-MUMBAI,RVJ,RAVLI JN,2,10
98742,RVJ,RAVLI JN,CSMT,CST-MUMBAI,2,10
98743,CSMT,CST-MUMBAI,RVJ,RAVLI JN,2,10
98744,RVJ,RAVLI JN,CSMT,CST-MUMBAI,2,10
98745,CSMT,CST-MUMBAI,RVJ,RAVLI JN,2,10
98746,RVJ,RAVLI JN,CSMT,CST-MUMBAI,2,10
98747,CSMT,CST-MUMBAI,RVJ,RAVLI JN,2,10
98748,RVJ,RAVLI JN,CSMT,CST-MUMBAI,2,10
98749,CSMT,CST-MUMBAI,RVJ,RAVLI JN,2,10
98750,RVJ,RAVLI JN,CSMT,CST-MUMBAI,2,10
98751,CSMT,CST-MUMBAI,RVJ,RAVLI JN,2,10
98752,RVJ,RAVLI JN,CSMT,CST-MUMBAI,2,10
98753,CSMT,CST-MUMBAI,RVJ,RAVLI JN,2,10
98754,RVJ,RAVLI JN,CSMT,CST-MUMBAI,2,10
98755,CSMT,CST-MUMBAI,RVJ,RAVLI JN,2,10
98756,RVJ,RAVLI JN,CSMT,CST-MUMBAI,2,10
98757,CSMT,CST-MUMBAI,RVJ,RAVLI JN,2,10
98758,RVJ,RAVLI JN,CSMT,CST-MUMBAI,2,10
98759,CSMT,CST-MUMBAI,RVJ,RAVLI JN,2,10
98760,RVJ,RAVLI JN,CSMT,CST-MUMBAI,2,10
98761,CSMT,CST-MUMBAI,RVJ,RAVLI JN,2,10
98762,RVJ,RAVLI JN,CSMT,CST-MUMBAI,2,10
98763,CSMT,CST-MUMBAI,RVJ,RAVLI JN,2,10
98764,RVJ,RAVLI JN,CSMT,CST-MUMBAI,2,10
98765,CSMT,CST-MUMBAI,RVJ,RAVLI JN,2,10
98766,RVJ,RAVLI JN,CSMT,CST-MUMBAI,2,10
98767,CSMT,CST-MUMBAI,RVJ,RAVLI JN,2,10
98768,RVJ,RAVLI JN,CSMT,CST-MUMBAI,2,10
98769,CSMT,CST-MUMBAI,RVJ,RAVLI JN,2,10
98770,RVJ,RAVLI JN,CSMT,CST-MUMBAI,2,10
98771,CSMT,CST-MUMBAI,RVJ,RAVLI JN,2,10
98772,RVJ,RAVLI JN,CSMT,CST-MUMBAI,2,10
98773,CSMT,CST-MUMBAI,RVJ,RAVLI JN,2,10
98774,RVJ,RAVLI JN,CSMT,CST-MUMBAI,2,10
98775,CSMT,CST-MUMBAI,RVJ,RAVLI JN,2,10
98776,RVJ,RAVLI JN,CSMT,CST-MUMBAI,2,10
98777,CSMT,CST-MUMBAI,RVJ,RAVLI JN,2,10
98778,RVJ,RAVLI JN,CSMT,CST-MUMBAI,2,10
98779,CSMT,CST-MUMBAI,RVJ,RAVLI JN,2,10
98780,RVJ,RAVLI JN,CSMT,CST-MUMBAI,2,10
98781,CSMT,CST-MUMBAI,RVJ,RAVLI JN,2,10
98782,RVJ,RAVLI JN,CSMT,CST-MUMBAI,2,10
98783,CSMT,CST-MUMBAI,RVJ,RAVLI JN,2,10
98784,RVJ,RAVLI JN,CSMT,CST-MUMBAI,2,10
98785,CSMT,CST-MUMBAI,RVJ,RAVLI JN,2,10
98800,RVJ,RAVLI JN,CSMT,CST-MUMBAI,2,10
98801,CSMT,CST-MUMBAI,RVJ,RAVLI JN,2,10
98802,RVJ,RAVLI JN,CSMT,CST-MUMBAI,2,10
98803,CSMT,CST-MUMBAI,RVJ,RAVLI JN,2,10
98804,RVJ,RAVLI JN,CSMT,CST-MUMBAI,2,10
98805,CSMT,CST-MUMBAI,RVJ,RAVLI JN,2,10
98806,RVJ,RAVLI JN,CSMT,CST-MUMBAI,2,10
98807,CSMT,CST-MUMBAI,RVJ,RAVLI JN,2,10
98808,RVJ,RAVLI JN,CSMT,CST-MUMBAI,2,10
98809,CSMT,CST-MUMBAI,RVJ,RAVLI JN,2,10
98810,RVJ,RAVLI JN,CSMT,CST-MUMBAI,2,10
98811,CSMT,CST-MUMBAI,RVJ,RAVLI JN,2,10
98812,RVJ,RAVLI JN,CSMT,CST-MUMBAI,2,10
98813,CSMT,CST-MUMBAI,RVJ,RAVLI JN,2,10
98814,RVJ,RAVLI JN,CSMT,CST-MUMBAI,2,10
98815,CSMT,CST-MUMBAI,RVJ,RAVLI JN,2,10
98816,RVJ,RAVLI JN,CSMT,CST-MUMBAI,2,10
98817,CSMT,CST-MUMBAI,RVJ,RAVLI JN,2,10
98818,RVJ,RAVLI JN,CSMT,CST-MUMBAI,2,10
98819,CSMT,CST-MUMBAI,RVJ,RAVLI JN,2,10
98820,RVJ,RAVLI JN,CSMT,CST-MUMBAI,2,10
98821,CSMT,CST-MUMBAI,RVJ,RAVLI JN,2,10
98822,RVJ,RAVLI JN,CSMT,CST-MUMBAI,2,10
98823,CSMT,CST-MUMBAI,RVJ,RAVLI JN,2,10
98824,RVJ,RAVLI JN,CSMT,CST-MUMBAI,2,10
98825,CSMT,CST-MUMBAI,RVJ,RAVLI JN,2,10
98826,RVJ,RAVLI JN,CSMT,CST-MUMBAI,2,10
98827,CSMT,CST-MUMBAI,RVJ,RAVLI JN,2,10
98828,RVJ,RAVLI JN,CSMT,CST-MUMBAI,2,10
98829,CSMT,CST-MUMBAI,RVJ,RAVLI JN,2,10
98830,RVJ,RAVLI JN,CSMT,CST-MUMBAI,2,10
98831,CSMT,CST-MUMBAI,RVJ,RAVLI JN,2,10
98832,RVJ,RAVLI JN,CSMT,CST-MUMBAI,2,10
98833,CSMT,CST-MUMBAI,RVJ,RAVLI JN,2,10
98834,RVJ,RAVLI JN,CSMT,CST-MUMBAI,2,10
98835,CSMT,CST-MUMBAI,RVJ,RAVLI JN,2,10
98836,RVJ,RAVLI JN,CSMT,CST-MUMBAI,2,10
98837,CSMT,CST-MUMBAI,RVJ,RAVLI JN,2,10
98838,RVJ,RAVLI JN,CSMT,CST-MUMBAI,2,10
98839,CSMT,CST-MUMBAI,RVJ,RAVLI JN,2,10
98840,RVJ,RAVLI JN,CSMT,CST-MUMBAI,2,10
98841,CSMT,CST-MUMBAI,RVJ,RAVLI JN,2,10
98842,RVJ,RAVLI JN,CSMT,CST-MUMBAI,2,10
98843,CSMT,CST-MUMBAI,RVJ,RAVLI JN,2,10
98844,RVJ,RAVLI JN,CSMT,CST-MUMBAI,2,10
98845,CSMT,CST-MUMBAI,RVJ,RAVLI JN,2,10
98846,RVJ,RAVLI JN,CSMT,CST-MUMBAI,2,10
98847,CSMT,CST-MUMBAI,RVJ,RAVLI JN,2,10
98848,RVJ,RAVLI JN,CSMT,CST-MUMBAI,2,10
98849,CSMT,CST-MUMBAI,RVJ,RAVLI JN,2,10
98850,RVJ,RAVLI JN,CSMT,CST-MUMBAI,2,10
98851,CSMT,CST-MUMBAI,RVJ,RAVLI JN,2,10
98852,RVJ,RAVLI JN,CSMT,CST-MUMBAI,2,10
98853,CSMT,CST-MUMBAI,RVJ,RAVLI JN,2,10
98854,RVJ,RAVLI JN,CSMT,CST-MUMBAI,2,10
98855,CSMT,CST-MUMBAI,RVJ,RAVLI JN,2,10
98856,RVJ,RAVLI JN,CSMT,CST-MUMBAI,2,10
98857,CSMT,CST-MUMBAI,RVJ,RAVLI JN,2,10
98858,RVJ,RAVLI JN,CSMT,CST-MUMBAI,2,10
98859,CSMT,CST-MUMBAI,RVJ,RAVLI JN,2,10
98860,RVJ,RAVLI JN,CSMT,CST-MUMBAI,2,10
98861,CSMT,CST-MUMBAI,RVJ,RAVLI JN,2,10
98862,RVJ,RAVLI JN,CSMT,CST-MUMBAI,2,10
98863,CSMT,CST-MUMBAI,RVJ,RAVLI JN,2,10
98864,RVJ,RAVLI JN,CSMT,CST-MUMBAI,2,10
98865,CSMT,CST-MUMBAI,RVJ,RAVLI JN,2,10
98866,RVJ,RAVLI JN,CSMT,CST-MUMBAI,2,10
98867,CSMT,CST-MUMBAI,RVJ,RAVLI JN,2,10
98868,RVJ,RAVLI JN,CSMT,CST-MUMBAI,2,10
98869,CSMT,CST-MUMBAI,RVJ,RAVLI JN,2,10
98870,RVJ,RAVLI JN,CSMT,CST-MUMBAI,2,10
98871,CSMT,CST-MUMBAI,RVJ,RAVLI JN,2,10
98872,RVJ,RAVLI JN,CSMT,CST-MUMBAI,2,10
98873,CSMT,CST-MUMBAI,RVJ,RAVLI JN,2,10
98874,RVJ,RAVLI JN,CSMT,CST-MUMBAI,2,10
98875,CSMT,CST-MUMBAI,RVJ,RAVLI JN,2,10
98876,RVJ,RAVLI JN,CSMT,CST-MUMBAI,2,10
98877,CSMT,CST-MUMBAI,RVJ,RAVLI JN,2,10
98878,RVJ,RAVLI JN,CSMT,CST-MUMBAI,2,10
98879,CSMT,CST-MUMBAI,RVJ,RAVLI JN,2,10
98880,RVJ,RAVLI JN,CSMT,CST-MUMBAI,2,10
98881,CSMT,CST-MUMBAI,RVJ,RAVLI JN,2,10
98882,RVJ,RAVLI JN,CSMT,CST-MUMBAI,2,10
98883,CSMT,CST-MUMBAI,RVJ,RAVLI JN,2,10
98884,RVJ,RAVLI JN,CSMT,CST-MUMBAI,2,10
98885,CSMT,CST-MUMBAI,RVJ,RAVLI JN,2,10
98886,RVJ,RAVLI JN,CSMT,CST-MUMBAI,2,10
98887,CSMT,CST-MUMBAI,RVJ,RAVLI JN,2,10
98900,RVJ,RAVLI JN,PNVL,PANVEL,2,40
98901,PNVL,PANVEL,VDLR,MUMBAI VADAL,2,39
98902,RVJ,RAVLI JN,PNVL,PANVEL,2,40
98903,PNVL,PANVEL,VDLR,MUMBAI VADAL,2,39
98904,RVJ,RAVLI JN,PNVL,PANVEL,2,40
98905,PNVL,PANVEL,VDLR,MUMBAI VADAL,2,39
98906,RVJ,RAVLI JN,PNVL,PANVEL,2,40
98907,PNVL,PANVEL,VDLR,MUMBAI VADAL,2,39
98908,RVJ,RAVLI JN,PNVL,PANVEL,2,40
98909,PNVL,PANVEL,VDLR,MUMBAI VADAL,2,39
98910,RVJ,RAVLI JN,PNVL,PANVEL,2,40
98911,PNVL,PANVEL,VDLR,MUMBAI VADAL,2,39
98912,RVJ,RAVLI JN,PNVL,PANVEL,2,40
98913,PNVL,PANVEL,RVJ,RAVLI JN,3,40
98914,RVJ,RAVLI JN,PNVL,PANVEL,2,40
98915,PNVL,PANVEL,RVJ,RAVLI JN,2,40
98916,RVJ,RAVLI JN,PNVL,PANVEL,2,40
98917,PNVL,PANVEL,RVJ,RAVLI JN,3,40
99000,PNVL,PANVEL,TNA,THANE,2,34
99001,TNA,THANE,PNVL,PANVEL,2,34
99002,PNVL,PANVEL,TNA,THANE,2,34
99003,TNA,THANE,PNVL,PANVEL,2,34
99004,PNVL,PANVEL,TNA,THANE,2,34
99005,TNA,THANE,PNVL,PANVEL,2,34
99006,PNVL,PANVEL,TNA,THANE,2,34
99007,TNA,THANE,PNVL,PANVEL,2,34
99008,PNVL,PANVEL,TNA,THANE,2,34
99009,TNA,THANE,PNVL,PANVEL,2,34
99010,PNVL,PANVEL,TNA,THANE,2,34
99011,TNA,THANE,PNVL,PANVEL,2,34
99012,PNVL,PANVEL,TNA,THANE,2,34
99013,TNA,THANE,PNVL,PANVEL,2,34
99014,PNVL,PANVEL,TNA,THANE,2,34
99015,TNA,THANE,PNVL,PANVEL,2,34
99016,PNVL,PANVEL,TNA,THANE,2,34
99017,TNA,THANE,PNVL,PANVEL,2,34
99018,PNVL,PANVEL,TNA,THANE,2,34
99019,TNA,THANE,PNVL,PANVEL,2,34
99020,PNVL,PANVEL,TNA,THANE,2,34
99021,TNA,THANE,PNVL,PANVEL,2,34
99022,PNVL,PANVEL,TNA,THANE,2,34
99023,TNA,THANE,PNVL,PANVEL,2,34
99024,PNVL,PANVEL,TNA,THANE,2,34
99025,TNA,THANE,PNVL,PANVEL,2,34
99026,PNVL,PANVEL,TNA,THANE,2,34
99027,TNA,THANE,PNVL,PANVEL,2,34
99028,PNVL,PANVEL,TNA,THANE,2,34
99029,TNA,THANE,PNVL,PANVEL,2,34
99030,PNVL,PANVEL,TNA,THANE,2,34
99031,TNA,THANE,PNVL,PANVEL,2,34
99032,PNVL,PANVEL,TNA,THANE,2,34
99033,TNA,THANE,PNVL,PANVEL,2,34
99034,PNVL,PANVEL,TNA,THANE,2,34
99035,TNA,THANE,PNVL,PANVEL,2,34
99036,PNVL,PANVEL,TNA,THANE,2,34
99037,TNA,THANE,PNVL,PANVEL,2,34
99038,PNVL,PANVEL,TNA,THANE,2,34
99039,TNA,THANE,PNVL,PANVEL,2,34
99040,PNVL,PANVEL,TNA,THANE,2,34
99041,TNA,THANE,PNVL,PANVEL,2,34
99042,PNVL,PANVEL,TNA,THANE,2,34
99100,BEPR,BELAPUR C.B.,TNA,THANE,2,23
99101,TNA,THANE,BEPR,BELAPUR C.B.,2,23
99102,BEPR,BELAPUR C.B.,TNA,THANE,2,23
99103,TNA,THANE,BEPR,BELAPUR C.B.,2,23
99104,BEPR,BELAPUR C.B.,TNA,THANE,2,23
99105,TNA,THANE,BEPR,BELAPUR C.B.,2,23
99107,TNA,THANE,BEPR,BELAPUR C.B.,2,23
99200,NEU,NERUL,TNA,THANE,2,20
99201,TNA,THANE,NEU,NERUL,2,20
99202,NEU,NERUL,TNA,THANE,2,20
99203,TNA,THANE,NEU,NERUL,2,20
99204,NEU,NERUL,TNA,THANE,2,20
99205,TNA,THANE,NEU,NERUL,2,20
99206,NEU,NERUL,TNA,THANE,2,20
99207,TNA,THANE,NEU,NERUL,2,20
99208,NEU,NERUL,TNA,THANE,2,20
99209,TNA,THANE,NEU,NERUL,2,20
99210,NEU,NERUL,TNA,THANE,2,20
99211,TNA,THANE,NEU,NERUL,2,20
99212,NEU,NERUL,TNA,THANE,2,20
99213,TNA,THANE,NEU,NERUL,2,20
99214,NEU,NERUL,TNA,THANE,2,20
99215,TNA,THANE,NEU,NERUL,2,20
99216,NEU,NERUL,TNA,THANE,2,20
99217,TNA,THANE,NEU,NERUL,2,20
99218,NEU,NERUL,TNA,THANE,2,20
99219,TNA,THANE,NEU,NERUL,2,20
99220,NEU,NERUL,TNA,THANE,2,20
99221,TNA,THANE,NEU,NERUL,2,20
99222,NEU,NERUL,TNA,THANE,2,20
99223,TNA,THANE,NEU,NERUL,2,20
99224,NEU,NERUL,TNA,THANE,2,20
99225,TNA,THANE,NEU,NERUL,2,20
99226,NEU,NERUL,TNA,THANE,2,20
99227,TNA,THANE,NEU,NERUL,2,20
99228,NEU,NERUL,TNA,THANE,2,20
99229,TNA,THANE,NEU,NERUL,2,20
99230,NEU,NERUL,TNA,THANE,2,20
99231,TNA,THANE,NEU,NERUL,2,20
99232,NEU,NERUL,TNA,THANE,2,20
99233,TNA,THANE,NEU,NERUL,2,20
99234,NEU,NERUL,TNA,THANE,2,20
99235,TNA,THANE,NEU,NERUL,2,20
99236,NEU,NERUL,TNA,THANE,2,20
99237,TNA,THANE,NEU,NERUL,2,20
99238,NEU,NERUL,TNA,THANE,2,20
99239,TNA,THANE,NEU,NERUL,2,20
99240,NEU,NERUL,TNA,THANE,2,20
99241,TNA,THANE,NEU,NERUL,2,20
99242,NEU,NERUL,TNA,THANE,2,20
99243,TNA,THANE,NEU,NERUL,2,20
99244,NEU,NERUL,TNA,THANE,2,20
99245,TNA,THANE,NEU,NERUL,2,20
99246,NEU,NERUL,TNA,THANE,2,20
99247,TNA,THANE,NEU,NERUL,2,20
99248,NEU,NERUL,TNA,THANE,2,20
99249,TNA,THANE,NEU,NERUL,2,20
99250,NEU,NERUL,TNA,THANE,2,20
99251,TNA,THANE,NEU,NERUL,2,20
99252,NEU,NERUL,TNA,THANE,2,20
99253,TNA,THANE,NEU,NERUL,2,20
99254,NEU,NERUL,TNA,THANE,2,20
99255,TNA,THANE,NEU,NERUL,2,20
99400,VSH,VASHI,TNA,THANE,2,18
99401,TNA,THANE,VSH,VASHI,2,18
99402,VSH,VASHI,TNA,THANE,2,18
99403,TNA,THANE,VSH,VASHI,2,18
99404,VSH,VASHI,TNA,THANE,2,18
99405,TNA,THANE,VSH,VASHI,2,18
99406,VSH,VASHI,TNA,THANE,2,18
99407,TNA,THANE,VSH,VASHI,2,18
99408,VSH,VASHI,TNA,THANE,2,18
99409,TNA,THANE,VSH,VASHI,2,18
99410,VSH,VASHI,TNA,THANE,2,18
99411,TNA,THANE,VSH,VASHI,2,18
99412,VSH,VASHI,TNA,THANE,2,18
99413,TNA,THANE,VSH,VASHI,2,18
99414,VSH,VASHI,TNA,THANE,2,18
99415,TNA,THANE,VSH,VASHI,2,18
99416,VSH,VASHI,TNA,THANE,2,18
99417,TNA,THANE,VSH,VASHI,2,18
99418,VSH,VASHI,TNA,THANE,2,18
99419,TNA,THANE,VSH,VASHI,2,18
99420,VSH,VASHI,TNA,THANE,2,18
99421,TNA,THANE,VSH,VASHI,2,18
99422,VSH,VASHI,TNA,THANE,2,18
99423,TNA,THANE,VSH,VASHI,2,18
99424,VSH,VASHI,TNA,THANE,2,18
99425,TNA,THANE,VSH,VASHI,2,18
99426,VSH,VASHI,TNA,THANE,2,18
99427,TNA,THANE,VSH,VASHI,2,18
99428,VSH,VASHI,TNA,THANE,2,18
99429,TNA,THANE,VSH,VASHI,2,18
99430,VSH,VASHI,TNA,THANE,2,18
99431,TNA,THANE,VSH,VASHI,2,18
99432,VSH,VASHI,TNA,THANE,2,18
99433,TNA,THANE,VSH,VASHI,2,18
99434,VSH,VASHI,TNA,THANE,2,18
99435,TNA,THANE,VSH,VASHI,2,18
99436,VSH,VASHI,TNA,THANE,2,18
99437,TNA,THANE,VSH,VASHI,2,18
99438,VSH,VASHI,TNA,THANE,2,18
99439,TNA,THANE,VSH,VASHI,2,18
99440,VSH,VASHI,TNA,THANE,2,18
99441,TNA,THANE,VSH,VASHI,2,18
99442,VSH,VASHI,TNA,THANE,2,18
99443,TNA,THANE,VSH,VASHI,2,18
99444,VSH,VASHI,TNA,THANE,2,18
99445,TNA,THANE,VSH,VASHI,2,18
99446,VSH,VASHI,TNA,THANE,2,18
99447,TNA,THANE,VSH,VASHI,2,18
99448,VSH,VASHI,TNA,THANE,2,18
99449,TNA,THANE,VSH,VASHI,2,18
99450,VSH,VASHI,TNA,THANE,2,18
99451,TNA,THANE,VSH,VASHI,2,18
99452,VSH,VASHI,TNA,THANE,2,18
99453,TNA,THANE,VSH,VASHI,2,18
99454,VSH,VASHI,TNA,THANE,2,18
99455,TNA,THANE,VSH,VASHI,2,18
99456,VSH,VASHI,TNA,THANE,2,18
99457,TNA,THANE,VSH,VASHI,2,18
99458,VSH,VASHI,TNA,THANE,2,18
99459,TNA,THANE,VSH,VASHI,2,18
99460,VSH,VASHI,TNA,THANE,2,18
99461,TNA,THANE,VSH,VASHI,2,18
99462,VSH,VASHI,TNA,THANE,2,18
99463,TNA,THANE,VSH,VASHI,2,18
99464,VSH,VASHI,TNA,THANE,2,18
99465,TNA,THANE,VSH,VASHI,2,18
99466,VSH,VASHI,TNA,THANE,2,18
99467,TNA,THANE,VSH,VASHI,2,18
99468,VSH,VASHI,TNA,THANE,2,18
99469,TNA,THANE,VSH,VASHI,2,18
99470,VSH,VASHI,TNA,THANE,2,18
99471,TNA,THANE,VSH,VASHI,2,18
99472,VSH,VASHI,TNA,THANE,2,18
99473,TNA,THANE,VSH,VASHI,2,18
99474,VSH,VASHI,TNA,THANE,2,18
99475,TNA,THANE,VSH,VASHI,2,18
99476,VSH,VASHI,TNA,THANE,2,18
99477,TNA,THANE,VSH,VASHI,2,18
99478,VSH,VASHI,TNA,THANE,2,18
99479,TNA,THANE,VSH,VASHI,2,18
99480,VSH,VASHI,TNA,THANE,2,18
99481,TNA,THANE,VSH,VASHI,2,18
99482,VSH,VASHI,TNA,THANE,2,18
99483,TNA,THANE,VSH,VASHI,2,18
99484,VSH,VASHI,TNA,THANE,2,18
99485,TNA,THANE,VSH,VASHI,2,18
99486,VSH,VASHI,TNA,THANE,2,18
99487,TNA,THANE,VSH,VASHI,2,18
99488,VSH,VASHI,TNA,THANE,2,18
99489,TNA,THANE,VSH,VASHI,2,18
99490,VSH,VASHI,TNA,THANE,2,18
99491,TNA,THANE,VSH,VASHI,2,18
99492,VSH,VASHI,TNA,THANE,2,18
99493,TNA,THANE,VSH,VASHI,2,18
99494,VSH,VASHI,TNA,THANE,2,18
99495,TNA,THANE,VSH,VASHI,2,18
99496,VSH,VASHI,TNA,THANE,2,18
99497,TNA,THANE,VSH,VASHI,2,18
99498,VSH,VASHI,TNA,THANE,2,18
99499,TNA,THANE,VSH,VASHI,2,18
99500,VSH,VASHI,TNA,THANE,2,18
99501,TNA,THANE,VSH,VASHI,2,18
99502,VSH,VASHI,TNA,THANE,2,18
99503,TNA,THANE,VSH,VASHI,2,18
99801,LNL,LONAVLA,PUNE,PUNE JN.,17,63
99802,PUNE,PUNE JN.,LNL,LONAVLA,17,63
99803,LNL,LONAVLA,PUNE,PUNE JN.,17,63
99804,PUNE,PUNE JN.,LNL,LONAVLA,17,63
99805,LNL,LONAVLA,PUNE,PUNE JN.,17,63
99806,PUNE,PUNE JN.,LNL,LONAVLA,17,63
99807,LNL,LONAVLA,PUNE,PUNE JN.,17,63
99808,PUNE,PUNE JN.,LNL,LONAVLA,17,63
99809,LNL,LONAVLA,PUNE,PUNE JN.,17,63
99810,PUNE,PUNE JN.,LNL,LONAVLA,17,63
99811,LNL,LONAVLA,PUNE,PUNE JN.,17,63
99812,PUNE,PUNE JN.,LNL,LONAVLA,17,63
99813,LNL,LONAVLA,PUNE,PUNE JN.,17,63
99814,SVJR,SHIVAJINAGAR,LNL,LONAVLA,16,61
99815,LNL,LONAVLA,PUNE,PUNE JN.,17,63
99816,PUNE,PUNE JN.,LNL,LONAVLA,17,63
99817,LNL,LONAVLA,PUNE,PUNE JN.,17,63
99818,PUNE,PUNE JN.,LNL,LONAVLA,17,63
99819,LNL,LONAVLA,PUNE,PUNE JN.,17,63
99820,PUNE,PUNE JN.,LNL,LONAVLA,17,63
99821,LNL,LONAVLA,PUNE,PUNE JN.,17,63
99822,PUNE,PUNE JN.,LNL,LONAVLA,17,63
99823,LNL,LONAVLA,SVJR,SHIVAJINAGAR,12,61
99824,PUNE,PUNE JN.,LNL,LONAVLA,17,63
99825,LNL,LONAVLA,PUNE,PUNE JN.,17,63
99826,PUNE,PUNE JN.,LNL,LONAVLA,17,63
99827,LNL,LONAVLA,PUNE,PUNE JN.,17,63
99828,PUNE,PUNE JN.,LNL,LONAVLA,17,63
99829,LNL,LONAVLA,PUNE,PUNE JN.,17,63
99830,PUNE,PUNE JN.,LNL,LONAVLA,17,63
99831,LNL,LONAVLA,PUNE,PUNE JN.,17,63
99832,SVJR,SHIVAJINAGAR,LNL,LONAVLA,16,61
99833,LNL,LONAVLA,PUNE,PUNE JN.,17,63
99834,PUNE,PUNE JN.,LNL,LONAVLA,17,63
99835,LNL,LONAVLA,PUNE,PUNE JN.,17,63
99836,PUNE,PUNE JN.,LNL,LONAVLA,17,63
99901,TGN,TALEGAON,PUNE,PUNE JN.,12,34
99902,PUNE,PUNE JN.,TGN,TALEGAON,12,34
99903,TGN,TALEGAON,PUNE,PUNE JN.,12,34
99904,PUNE,PUNE JN.,TGN,TALEGAON,12,34
99905,TGN,TALEGAON,SVJR,SHIVAJINAGAR,11,31
99906,PUNE,PUNE JN.,TGN,TALEGAON,12,34
99907,TGN,TALEGAON,PUNE,PUNE JN.,12,34
99908,PUNE,PUNE JN.,TGN,TALEGAON,12,34
